B,0.44897329807281494,0.5328460931777954,1.148546076024104e-07,0.536238431930542,0.580837070941925,0.010385848581790924,0.6110507249832153,0.5751633644104004,0.013633345253765583,0.6719119548797607,0.5766096711158752,0.005114639177918434,0.720522403717041,0.6117168664932251,-0.004289695527404547,0.6423302888870239,0.4764808416366577,0.05136428400874138,0.7016186714172363,0.46913444995880127,0.03677799552679062,0.7371094226837158,0.49899688363075256,0.017017673701047897,0.7585745453834534,0.5308474898338318,0.002880383748561144,0.638554573059082,0.4406486749649048,0.030140969902276993,0.7051857113838196,0.3978602886199951,0.005151683464646339,0.743593156337738,0.433130145072937,-0.021626725792884827,0.7609407901763916,0.4837920069694519,-0.036194246262311935,0.6260005831718445,0.40340450406074524,0.004179433919489384,0.6956315040588379,0.34567174315452576,-0.022418048232793808,0.7321369647979736,0.3904261589050293,-0.043833084404468536,0.7465471029281616,0.45356547832489014,-0.05261693894863129,0.6086222529411316,0.36977478861808777,-0.022117801010608673,0.6720345616340637,0.3355816602706909,-0.042590852826833725,0.7124460935592651,0.36651411652565,-0.05479830503463745,0.7377379536628723,0.4176905155181885,-0.060868024826049805
B,0.4540793001651764,0.4882449805736542,5.105079026179737e-07,0.5396503806114197,0.5268138647079468,0.018552012741565704,0.6106857657432556,0.5154902935028076,0.025649042800068855,0.6689000129699707,0.5158191919326782,0.019467363134026527,0.7195714116096497,0.5358807444572449,0.012826979160308838,0.627199113368988,0.4040331542491913,0.07203959673643112,0.6831961870193481,0.38820916414260864,0.0617804192006588,0.7204700112342834,0.4265027344226837,0.04176124557852745,0.7431064248085022,0.46943163871765137,0.027051450684666634,0.6227290630340576,0.3762894570827484,0.04816629737615585,0.6908456087112427,0.3344985842704773,0.02859908528625965,0.7316460013389587,0.3787350058555603,5.371464430936612e-05,0.7484431862831116,0.4401322603225708,-0.01702108234167099,0.6132907271385193,0.3526589870452881,0.019434571266174316,0.6879003643989563,0.297811895608902,-0.0015377585077658296,0.7301356792449951,0.3475939631462097,-0.024216491729021072,0.7475951313972473,0.41627979278564453,-0.03585917130112648,0.6013177633285522,0.3407971262931824,-0.009183166548609734,0.6661267280578613,0.3280496597290039,-0.02690502256155014,0.7079281806945801,0.36783668398857117,-0.04091431945562363,0.7349560856819153,0.4230804145336151,-0.049095261842012405
B,0.4585462808609009,0.47811681032180786,4.6287547661449935e-07,0.5375485420227051,0.5151045322418213,0.011099339462816715,0.6095229387283325,0.5105343461036682,0.015175880864262581,0.6712998151779175,0.5192505121231079,0.007599025033414364,0.7248241901397705,0.5443171858787537,-0.0003787392925005406,0.6236912608146667,0.41173258423805237,0.0668230652809143,0.6793960928916931,0.40012049674987793,0.056913115084171295,0.7183915376663208,0.42802122235298157,0.03691700100898743,0.7467074990272522,0.4604271352291107,0.022032419219613075,0.6228367686271667,0.3800116777420044,0.04716034606099129,0.6891409754753113,0.346293568611145,0.028117595240473747,0.7299209237098694,0.38392263650894165,-0.0005639286246150732,0.7516590356826782,0.4390043616294861,-0.01776399463415146,0.6163181662559509,0.35022950172424316,0.022255510091781616,0.6883546710014343,0.30505940318107605,0.0018276592018082738,0.7282201647758484,0.3523761034011841,-0.020058216527104378,0.7474682927131653,0.41780680418014526,-0.031073981896042824,0.6076393127441406,0.3272821307182312,-0.0032668933272361755,0.6719497442245483,0.31310540437698364,-0.01979091577231884,0.7095969319343567,0.35162538290023804,-0.0313994474709034,0.7342300415039062,0.40495121479034424,-0.037750404328107834
B,0.45435675978660583,0.4670509099960327,3.8486584230668086e-07,0.5350984334945679,0.5076301097869873,0.013835319317877293,0.6019597053527832,0.49834030866622925,0.02047218196094036,0.6619847416877747,0.5026750564575195,0.014541388489305973,0.7100096344947815,0.525977373123169,0.008401970379054546,0.6132301688194275,0.4067918062210083,0.07072772085666656,0.6677152514457703,0.38954615592956543,0.06120774522423744,0.6985630989074707,0.4180648624897003,0.04173044115304947,0.7162750959396362,0.4509618282318115,0.027714015915989876,0.6123616099357605,0.375030517578125,0.05030737444758415,0.6786362528800964,0.3427649736404419,0.029964225366711617,0.7118785381317139,0.38776713609695435,0.0004920760984532535,0.7240421772003174,0.4472520649433136,-0.016185956075787544,0.6054972410202026,0.3445419669151306,0.024588096886873245,0.6766952276229858,0.30496761202812195,0.002364864107221365,0.7111923694610596,0.3608733117580414,-0.021488608792424202,0.7232111096382141,0.43071049451828003,-0.032851602882146835,0.5962666869163513,0.3193022310733795,-0.0014013713225722313,0.66120845079422,0.3163749873638153,-0.01957244612276554,0.6980388164520264,0.36212533712387085,-0.03380591422319412,0.7205561995506287,0.4202095568180084,-0.041795454919338226
B,0.46217235922813416,0.4643021523952484,3.7453747836480034e-07,0.5420116186141968,0.49987149238586426,0.017119094729423523,0.6073243021965027,0.4826368987560272,0.026047488674521446,0.6629582643508911,0.4808299243450165,0.022303003817796707,0.7063008546829224,0.4998813271522522,0.01785285584628582,0.6136528253555298,0.3974054157733917,0.06234138086438179,0.6677350997924805,0.39125964045524597,0.05082613602280617,0.6960627436637878,0.4264724552631378,0.03235193341970444,0.713774561882019,0.4631519317626953,0.01884585991501808,0.6109940409660339,0.36507993936538696,0.04055028408765793,0.6778156757354736,0.3445811867713928,0.01724649779498577,0.7076340317726135,0.39468714594841003,-0.009907149709761143,0.7190859317779541,0.45473217964172363,-0.024656973779201508,0.6026173233985901,0.3338662385940552,0.014283978380262852,0.6763917207717896,0.30207234621047974,-0.011608906090259552,0.7089514136314392,0.35745978355407715,-0.034496109932661057,0.7219282984733582,0.4245046079158783,-0.04489133879542351,0.5904488563537598,0.308526873588562,-0.011604154482483864,0.6553763151168823,0.3177563548088074,-0.035014424473047256,0.6915969848632812,0.3659772276878357,-0.0516488142311573,0.7156246304512024,0.42364582419395447,-0.06087293103337288
B,0.4719712734222412,0.46781980991363525,4.5253085545482463e-07,0.5514971017837524,0.4995802044868469,0.014452768489718437,0.6178945302963257,0.4796775281429291,0.02255842462182045,0.6750563979148865,0.4751279056072235,0.01871154084801674,0.7190749645233154,0.4965370297431946,0.014945996925234795,0.6193041801452637,0.3817673921585083,0.06228284165263176,0.6739823222160339,0.36230844259262085,0.050371382385492325,0.7065200805664062,0.39743486046791077,0.031077217310667038,0.7243673801422119,0.44167983531951904,0.01779361627995968,0.6136600971221924,0.3527732193470001,0.042540211230516434,0.6789572238922119,0.3203947842121124,0.02025465853512287,0.7166827917098999,0.3658856451511383,-0.006138288881629705,0.733689546585083,0.42586755752563477,-0.01997891254723072,0.6042755842208862,0.3264738917350769,0.018063757568597794,0.6789593696594238,0.2935669720172882,-0.006879889871925116,0.7193601131439209,0.3497809171676636,-0.029057325795292854,0.7373762130737305,0.4176928400993347,-0.03858952969312668,0.5935544371604919,0.30880028009414673,-0.0063854665495455265,0.6619769930839539,0.3245616853237152,-0.028547096997499466,0.6996936798095703,0.37584006786346436,-0.04388732463121414,0.7233669757843018,0.4331297278404236,-0.051605191081762314
B,0.4726238250732422,0.4643968343734741,4.0127085298991005e-07,0.5510600209236145,0.49616721272468567,0.014638961292803288,0.6187498569488525,0.47828784584999084,0.02338578552007675,0.6768157482147217,0.4759700298309326,0.019829673692584038,0.7214629054069519,0.4994601309299469,0.016255458816885948,0.6178516149520874,0.3918871283531189,0.06567304581403732,0.669928252696991,0.37474188208580017,0.05597614869475365,0.7033402323722839,0.40189793705940247,0.03836594894528389,0.725334882736206,0.43528422713279724,0.025722643360495567,0.613621711730957,0.36124804615974426,0.04599941149353981,0.6764747500419617,0.33367496728897095,0.023806273937225342,0.7156254053115845,0.3773646652698517,-0.002665380947291851,0.7364779114723206,0.43480417132377625,-0.01648786850273609,0.6049783825874329,0.3301406800746918,0.02131962589919567,0.6775155067443848,0.30316394567489624,-0.005118976812809706,0.7169411182403564,0.35881268978118896,-0.02922089211642742,0.7349463701248169,0.4257248044013977,-0.03933576121926308,0.5955179333686829,0.30308693647384644,-0.003164007794111967,0.6628965139389038,0.32105618715286255,-0.027279607951641083,0.7003803253173828,0.3714536726474762,-0.04497285932302475,0.7245163917541504,0.4281487464904785,-0.05405525490641594
B,0.4959585666656494,0.4597527086734772,4.733270486667607e-07,0.5713777542114258,0.49559488892555237,0.009610113687813282,0.6399458050727844,0.47153714299201965,0.016472406685352325,0.6966609954833984,0.46327218413352966,0.013213655911386013,0.7426837086677551,0.4800996780395508,0.009927763603627682,0.6426329612731934,0.3802586495876312,0.05241250619292259,0.6968153119087219,0.36500969529151917,0.04158065468072891,0.7310789227485657,0.39703911542892456,0.024201147258281708,0.7517601251602173,0.43636059761047363,0.012035289779305458,0.6365855932235718,0.3523632287979126,0.03690885752439499,0.7019825577735901,0.3283836543560028,0.018737155944108963,0.7400242686271667,0.366482675075531,-0.004369491245597601,0.7610754370689392,0.417496919631958,-0.017270537093281746,0.6269906759262085,0.32599425315856934,0.016966743394732475,0.6989807486534119,0.3022828996181488,-0.004201198928058147,0.7387981414794922,0.35165145993232727,-0.02382900007069111,0.7585569024085999,0.412774920463562,-0.03262729570269585,0.6145727634429932,0.3046618402004242,-0.003199233440682292,0.6809036135673523,0.31973573565483093,-0.02190645970404148,0.7199977040290833,0.3641514778137207,-0.03522590547800064,0.7454265356063843,0.41665664315223694,-0.04191679507493973
B,0.514400839805603,0.46609848737716675,4.1390217120351736e-07,0.590782642364502,0.49404826760292053,0.01273207925260067,0.6607834100723267,0.4695861339569092,0.021226489916443825,0.715246319770813,0.468148410320282,0.01931798830628395,0.7536919713020325,0.4962882101535797,0.017226390540599823,0.6585299968719482,0.37910735607147217,0.049758587032556534,0.7119755148887634,0.36676108837127686,0.03758789226412773,0.7428456544876099,0.4027290642261505,0.020326368510723114,0.7589823603630066,0.4478316307067871,0.008533334359526634,0.6513767838478088,0.35043400526046753,0.032889675348997116,0.7159810662269592,0.3301529884338379,0.013589170761406422,0.7526202201843262,0.37171176075935364,-0.008405139669775963,0.7704824209213257,0.42648079991340637,-0.020363979041576385,0.6410099267959595,0.3236396610736847,0.01194421760737896,0.7120012640953064,0.3046928346157074,-0.00955690536648035,0.75009685754776,0.3544465899467468,-0.029199201613664627,0.7673163414001465,0.41619476675987244,-0.03825772553682327,0.6282093524932861,0.3032609224319458,-0.00895622931420803,0.6933876276016235,0.322740375995636,-0.029225442558526993,0.7325794696807861,0.36855554580688477,-0.044321972876787186,0.7581263184547424,0.4224306344985962,-0.05248260125517845
B,0.5140662789344788,0.4620705246925354,3.8749803366044944e-07,0.5897704362869263,0.49184155464172363,0.009697581641376019,0.6631829142570496,0.46918007731437683,0.017614569514989853,0.7193657159805298,0.46757298707962036,0.015790414065122604,0.7572931051254272,0.49770477414131165,0.013632277026772499,0.6629685163497925,0.39151257276535034,0.047771405428647995,0.7148604393005371,0.3806644082069397,0.03470207750797272,0.7451745867729187,0.41314491629600525,0.017139902338385582,0.7629547119140625,0.45271870493888855,0.005312079563736916,0.6566621661186218,0.3592498302459717,0.032878000289201736,0.7182435989379883,0.342901349067688,0.010550453327596188,0.7532621026039124,0.38627955317497253,-0.012654232792556286,0.7726885676383972,0.4416115880012512,-0.0243022870272398,0.6460607647895813,0.3268757164478302,0.01369942631572485,0.7136812806129456,0.310801237821579,-0.011283197440207005,0.7504003047943115,0.3617671728134155,-0.03280217945575714,0.7688962817192078,0.4243190884590149,-0.04175814986228943,0.6326000690460205,0.29871901869773865,-0.005496486555784941,0.6965968608856201,0.32082265615463257,-0.028155162930488586,0.7344745397567749,0.36762166023254395,-0.044948555529117584,0.7605693936347961,0.42209431529045105,-0.05365651473402977
B,0.5363670587539673,0.4652850329875946,4.832836566492915e-07,0.6144970059394836,0.4957982301712036,0.014181459322571754,0.6815672516822815,0.4720604717731476,0.022903727367520332,0.7362270355224609,0.47614988684654236,0.020740563049912453,0.7755143642425537,0.5027066469192505,0.018617454916238785,0.6758788824081421,0.3803462088108063,0.057059191167354584,0.7314993739128113,0.37067365646362305,0.04670442268252373,0.7641397714614868,0.4048594534397125,0.029584404081106186,0.7823094129562378,0.4469662308692932,0.01791992224752903,0.6710240244865417,0.35354363918304443,0.039946455508470535,0.7391365170478821,0.33480048179626465,0.022505929693579674,0.7768915891647339,0.3760376274585724,-0.0006342627457343042,0.7955085635185242,0.42962849140167236,-0.013527443632483482,0.6628470420837402,0.3287750482559204,0.018554234877228737,0.7365497350692749,0.3139520287513733,-0.0013881191844120622,0.7758046388626099,0.3668391704559326,-0.022738374769687653,0.7926124930381775,0.42919760942459106,-0.032886803150177,0.6537860035896301,0.30875352025032043,-0.002583150751888752,0.7210964560508728,0.32660892605781555,-0.01989300362765789,0.7596732974052429,0.3737644553184509,-0.03414943814277649,0.7842901945114136,0.4285169243812561,-0.041933316737413406
B,0.5585424304008484,0.4775038957595825,4.035877054775483e-07,0.6394791603088379,0.5085464715957642,0.015628427267074585,0.7048850059509277,0.48873192071914673,0.026358190923929214,0.7595207691192627,0.49156367778778076,0.02565750479698181,0.7951575517654419,0.5233176350593567,0.025236129760742188,0.7043550610542297,0.41682347655296326,0.06349650025367737,0.7573516368865967,0.4139823019504547,0.05354887247085571,0.7846851348876953,0.446542888879776,0.0364144966006279,0.799290657043457,0.4854704737663269,0.024862509220838547,0.6990489363670349,0.3824782967567444,0.046412646770477295,0.7628153562545776,0.36328867077827454,0.027891047298908234,0.7969342470169067,0.4012017548084259,0.00393143855035305,0.8141756653785706,0.45243126153945923,-0.008461365476250648,0.6895347833633423,0.3495086133480072,0.024654773995280266,0.7571094632148743,0.33357277512550354,0.001939578098244965,0.7922576665878296,0.3835445046424866,-0.022323861718177795,0.8082865476608276,0.44390860199928284,-0.03333583101630211,0.6778091192245483,0.3214855492115021,0.0034188800491392612,0.738835334777832,0.3490285277366638,-0.01692543551325798,0.7725148797035217,0.3959169089794159,-0.034319616854190826,0.7958005666732788,0.44897010922431946,-0.043982334434986115
B,0.5593432188034058,0.48096999526023865,5.136473646416562e-07,0.637367844581604,0.5108247399330139,0.018798599019646645,0.7057263851165771,0.48489221930503845,0.031007083132863045,0.760062575340271,0.48882099986076355,0.031150568276643753,0.7986736297607422,0.5189641714096069,0.03170357644557953,0.6975572109222412,0.39874809980392456,0.07242345809936523,0.7556401491165161,0.39391329884529114,0.06545937061309814,0.7855680584907532,0.43186962604522705,0.0488584041595459,0.8005312085151672,0.476529985666275,0.03723769262433052,0.6941885352134705,0.36707958579063416,0.05354103818535805,0.7652169466018677,0.35425299406051636,0.03822017088532448,0.7998307943344116,0.39886409044265747,0.013274076394736767,0.8129767179489136,0.4563850164413452,-0.00037020648596808314,0.6878093481063843,0.33755698800086975,0.02996591292321682,0.7640947699546814,0.32832974195480347,0.013535994105041027,0.8006749153137207,0.3824159801006317,-0.009571005590260029,0.8139036893844604,0.4455260634422302,-0.02153991162776947,0.6818047165870667,0.31643879413604736,0.006658497266471386,0.7464902997016907,0.34629008173942566,-0.007941015064716339,0.7812044620513916,0.39613446593284607,-0.023431997746229172,0.8031352758407593,0.45162034034729004,-0.03288790211081505
B,0.5610569715499878,0.48434096574783325,4.814162366528763e-07,0.6421680450439453,0.5095396041870117,0.019562816247344017,0.7128467559814453,0.4842712879180908,0.03034004382789135,0.7698690295219421,0.4918566346168518,0.028606422245502472,0.8097715377807617,0.5231532454490662,0.027232086285948753,0.6990453600883484,0.39201948046684265,0.06720492243766785,0.7570021152496338,0.38441702723503113,0.05565298721194267,0.7906185388565063,0.42336922883987427,0.036781325936317444,0.8076680898666382,0.4694579839706421,0.024272184818983078,0.694459080696106,0.360598623752594,0.04613533243536949,0.7680352926254272,0.3437735140323639,0.024082211777567863,0.8060867786407471,0.39951786398887634,-0.0022179519291967154,0.8195456862449646,0.4651351273059845,-0.014997369609773159,0.6862146258354187,0.33312278985977173,0.02065572701394558,0.7653635740280151,0.32377126812934875,-0.0034635334741324186,0.8057523369789124,0.38756367564201355,-0.02748841606080532,0.8213151693344116,0.4543861448764801,-0.03798855468630791,0.6782379150390625,0.3134010434150696,-0.003998204600065947,0.7485630512237549,0.34792765974998474,-0.024893349036574364,0.7840192914009094,0.40458962321281433,-0.04100319743156433,0.8059672713279724,0.4613887369632721,-0.049450624734163284
B,0.5588830709457397,0.48172423243522644,4.2379835463179916e-07,0.6372883915901184,0.515064001083374,0.015304864384233952,0.706791341304779,0.4922778904438019,0.0247843936085701,0.7664968967437744,0.4955833852291107,0.022596880793571472,0.807579517364502,0.5262988805770874,0.020488057285547256,0.7027541995048523,0.4099089503288269,0.0630321353673935,0.7582579851150513,0.3996034860610962,0.05378709360957146,0.7922068238258362,0.43221068382263184,0.03672957420349121,0.8109949827194214,0.47097235918045044,0.024726049974560738,0.6986207962036133,0.37568289041519165,0.04461823031306267,0.7675764560699463,0.35561883449554443,0.024129727855324745,0.8054706454277039,0.40431836247444153,-0.0013935278402641416,0.8205044865608215,0.4638616144657135,-0.01418190635740757,0.6894370317459106,0.3425528407096863,0.02173236571252346,0.7644919157028198,0.3270084261894226,-0.0022197002544999123,0.80442214012146,0.3841991424560547,-0.026741189882159233,0.8206966519355774,0.44757986068725586,-0.03762529790401459,0.6784971952438354,0.3155747056007385,-0.0005029456224292517,0.7480931282043457,0.3446916341781616,-0.021579355001449585,0.7837851047515869,0.397558331489563,-0.038152553141117096,0.8052465915679932,0.45261332392692566,-0.04699648916721344
B,0.5706172585487366,0.48374027013778687,3.9694469933237997e-07,0.6484290957450867,0.5231562852859497,0.025441797450184822,0.7209416627883911,0.5054240822792053,0.04482521861791611,0.7793426513671875,0.513312816619873,0.050512563437223434,0.8185206651687622,0.5453804731369019,0.05638696253299713,0.7088468074798584,0.4119620621204376,0.09185072034597397,0.7685179114341736,0.4271227717399597,0.0930100679397583,0.8008164763450623,0.468951940536499,0.08025728911161423,0.8168928027153015,0.5087765455245972,0.07098979502916336,0.7085075378417969,0.3787750005722046,0.0719798281788826,0.7774463891983032,0.3760148584842682,0.0633857399225235,0.8152509331703186,0.42531612515449524,0.040238380432128906,0.8326047658920288,0.48109257221221924,0.027637721970677376,0.7043445110321045,0.3483785390853882,0.047249045222997665,0.7826564311981201,0.3344135582447052,0.034168973565101624,0.820417582988739,0.3913646936416626,0.011108082719147205,0.8348618745803833,0.453375905752182,-0.0003875187539961189,0.7015731930732727,0.3236379325389862,0.02335469424724579,0.7737274765968323,0.3358350396156311,0.009693823754787445,0.8103408813476562,0.3846287429332733,-0.005053204949945211,0.8315557837486267,0.43958526849746704,-0.013368150219321251
B,0.574884295463562,0.48363885283470154,3.6616165743907914e-07,0.6567886471748352,0.5270172357559204,0.029022211208939552,0.7258906960487366,0.5138903856277466,0.04932238906621933,0.7846989631652832,0.5257216095924377,0.05458221584558487,0.8229809403419495,0.5630974769592285,0.05942117050290108,0.7110569477081299,0.4155413806438446,0.10108824819326401,0.7693332433700562,0.41495293378829956,0.10724198818206787,0.803346574306488,0.4475080966949463,0.09724228829145432,0.8206934928894043,0.48000743985176086,0.08880221098661423,0.7114194631576538,0.3829236626625061,0.07895974814891815,0.7773556709289551,0.3688584566116333,0.07368604838848114,0.8147391080856323,0.4163431227207184,0.050377245992422104,0.8294496536254883,0.47165337204933167,0.036731019616127014,0.7081466317176819,0.3516467809677124,0.05198926478624344,0.782320499420166,0.3302878141403198,0.04303060472011566,0.8201330304145813,0.38830050826072693,0.020000098273158073,0.8327327370643616,0.45252421498298645,0.00725305313244462,0.7069020867347717,0.32355624437332153,0.02582036517560482,0.7747572660446167,0.32525283098220825,0.015791678801178932,0.8098534345626831,0.3723927140235901,0.0016839021118357778,0.8285542130470276,0.42760658264160156,-0.007199210114777088
B,0.5769731998443604,0.48884329199790955,3.503416223793465e-07,0.6605319380760193,0.5281362533569336,0.02520431950688362,0.7284495830535889,0.5143356323242188,0.04167334735393524,0.7860817909240723,0.5270017385482788,0.04385014623403549,0.8236560821533203,0.5635285973548889,0.04532432183623314,0.7138512134552002,0.4186740517616272,0.08860309422016144,0.7717632055282593,0.4142759442329407,0.08983289450407028,0.8046987056732178,0.4468459188938141,0.07813140749931335,0.8214796185493469,0.4794648289680481,0.06884206086397171,0.7129338979721069,0.387523889541626,0.06695277243852615,0.7787037491798401,0.367173433303833,0.055806126445531845,0.8138405680656433,0.41640353202819824,0.03137112408876419,0.8258215188980103,0.4724188446998596,0.0178400706499815,0.707780122756958,0.3564046025276184,0.040707066655159,0.7812225222587585,0.3269759714603424,0.026520727202296257,0.81881183385849,0.38611626625061035,0.0030196213629096746,0.8314673900604248,0.4513991177082062,-0.008943328633904457,0.7032510638237,0.3277904987335205,0.015264210291206837,0.7719492316246033,0.3229011297225952,0.001691444544121623,0.8077502250671387,0.3693099021911621,-0.012960370630025864,0.8266168832778931,0.4243370294570923,-0.021688319742679596
B,0.5818066000938416,0.486800879240036,4.1221866808882623e-07,0.6667557954788208,0.5324377417564392,0.03458016365766525,0.7318238615989685,0.5219590067863464,0.05640215426683426,0.7895583510398865,0.5352842211723328,0.061017345637083054,0.8271691799163818,0.5745036602020264,0.06439094245433807,0.7146363258361816,0.41888800263404846,0.11390514671802521,0.7718006372451782,0.4127715826034546,0.12429262697696686,0.8062719702720642,0.4404263198375702,0.11604110896587372,0.8255314230918884,0.46754300594329834,0.10754531621932983,0.7161242365837097,0.3881346881389618,0.08806062489748001,0.7814544439315796,0.36977508664131165,0.08342105895280838,0.8192749619483948,0.41747769713401794,0.05733560398221016,0.8321095108985901,0.47246721386909485,0.04167738929390907,0.713370680809021,0.3557448387145996,0.0574030801653862,0.7871280908584595,0.3330583870410919,0.04787062108516693,0.8239719867706299,0.39533546566963196,0.02050023525953293,0.8342638611793518,0.4609529972076416,0.0049798255786299706,0.7130752801895142,0.32499438524246216,0.02823488414287567,0.7821695804595947,0.3269059956073761,0.01746652089059353,0.8148174285888672,0.3778592050075531,0.0007448664400726557,0.8297845125198364,0.43510040640830994,-0.010303975082933903
B,0.5969793200492859,0.5053437352180481,4.744783836940769e-07,0.6771001815795898,0.5487438440322876,0.02781755104660988,0.7426952123641968,0.5388497710227966,0.045908328145742416,0.7996014356613159,0.5480799674987793,0.048435378819704056,0.838590145111084,0.5881686210632324,0.049705870449543,0.7294431328773499,0.4302345812320709,0.10879705101251602,0.7797489762306213,0.4234740138053894,0.11984725296497345,0.813392698764801,0.44900333881378174,0.1114136129617691,0.8328132033348083,0.47416120767593384,0.10342578589916229,0.7308655381202698,0.39717110991477966,0.08702489733695984,0.787926435470581,0.37468647956848145,0.0884738638997078,0.8253970146179199,0.4144754111766815,0.06531402468681335,0.8431810736656189,0.46304288506507874,0.051096703857183456,0.7291136980056763,0.36255788803100586,0.06029273197054863,0.7936381697654724,0.3317781686782837,0.059625547379255295,0.8308452367782593,0.38447922468185425,0.0380856990814209,0.8459463119506836,0.44536375999450684,0.02518138475716114,0.7276220917701721,0.33111372590065,0.033872731029987335,0.7896008491516113,0.315673828125,0.03404426574707031,0.8226074576377869,0.35775819420814514,0.025864867493510246,0.8398687243461609,0.41163402795791626,0.02028822712600231
B,0.6001379489898682,0.5310994386672974,5.467260848490696e-07,0.6800466775894165,0.5665856003761292,0.02948612906038761,0.7479514479637146,0.5503009557723999,0.045696407556533813,0.8063573241233826,0.5595979690551758,0.047449517995119095,0.8478832840919495,0.5997730493545532,0.049478016793727875,0.7159022688865662,0.41402965784072876,0.09582599997520447,0.7780142426490784,0.4058774709701538,0.10439905524253845,0.8222323656082153,0.4329647123813629,0.09855648875236511,0.8447434306144714,0.46213677525520325,0.09367967396974564,0.7116954326629639,0.3791608214378357,0.0739317238330841,0.7852990627288818,0.34945449233055115,0.07338923960924149,0.8318730592727661,0.3981613218784332,0.05744447559118271,0.8524800539016724,0.4543663263320923,0.049389585852622986,0.7113494873046875,0.35430222749710083,0.048228126019239426,0.7916297912597656,0.3134181499481201,0.04714945703744888,0.8401440382003784,0.37077438831329346,0.032453861087560654,0.8606432676315308,0.4362786114215851,0.024665389209985733,0.7187401652336121,0.3403375446796417,0.02309090830385685,0.790223240852356,0.3176741600036621,0.02217181958258152,0.8327139616012573,0.36161887645721436,0.016050323843955994,0.8559740781784058,0.41591522097587585,0.012661054730415344
B,0.5976529121398926,0.546791672706604,5.256647455098573e-07,0.6753531694412231,0.572578489780426,0.020150883123278618,0.7419279217720032,0.5467996597290039,0.03159874305129051,0.8021817207336426,0.554550290107727,0.03183796629309654,0.8427546620368958,0.593795895576477,0.03358381614089012,0.6962096095085144,0.3897622227668762,0.07033141702413559,0.7755147814750671,0.3809780180454254,0.07342881709337234,0.82813960313797,0.4124411642551422,0.06752551347017288,0.8538608551025391,0.4508213996887207,0.06355827301740646,0.6912479400634766,0.355699360370636,0.05503944307565689,0.7817623019218445,0.3259952962398529,0.05306002497673035,0.832740068435669,0.37575823068618774,0.04376370087265968,0.855313241481781,0.430889368057251,0.040747977793216705,0.6981370449066162,0.3454102873802185,0.036502327769994736,0.7898698449134827,0.30877017974853516,0.033317681401968,0.8416233062744141,0.36057329177856445,0.02307632379233837,0.8625200986862183,0.4186498820781708,0.01928851753473282,0.7193995118141174,0.35442420840263367,0.017856035381555557,0.8021110892295837,0.3448997735977173,0.01358970906585455,0.8454060554504395,0.38583603501319885,0.007326455786824226,0.866007924079895,0.4338664412498474,0.0050966572016477585
B,0.6034018993377686,0.5445906519889832,2.8186920530970383e-07,0.6784934997558594,0.5673494935035706,0.021933749318122864,0.7459196448326111,0.5433346033096313,0.031582947820425034,0.8073949217796326,0.5524243712425232,0.028502799570560455,0.8456853628158569,0.5886117219924927,0.025436101481318474,0.7059393525123596,0.3929530680179596,0.06706568598747253,0.7811276316642761,0.3868168890476227,0.06720157712697983,0.8289180397987366,0.4221968948841095,0.057570457458496094,0.8501602411270142,0.46297985315322876,0.05076433718204498,0.7017080783843994,0.3614829182624817,0.048517271876335144,0.7851816415786743,0.3378804922103882,0.044199246913194656,0.8342722058296204,0.3900713324546814,0.03176330402493477,0.8515530228614807,0.44885650277137756,0.02602490782737732,0.7086301445960999,0.35024482011795044,0.027200331911444664,0.7942836284637451,0.31838881969451904,0.020531773567199707,0.8428895473480225,0.37086620926856995,0.009049671702086926,0.8591235280036926,0.4305988848209381,0.004995588678866625,0.7281252145767212,0.35549721121788025,0.006111260503530502,0.8090764284133911,0.344603955745697,0.00017675709386821836,0.8478607535362244,0.38600507378578186,-0.004704775754362345,0.8629855513572693,0.43856126070022583,-0.0056877778843045235
B,0.6131973266601562,0.5532479286193848,5.825620519317454e-07,0.6970978379249573,0.572076678276062,0.011155560612678528,0.7573346495628357,0.5367279052734375,0.01570683903992176,0.8141151070594788,0.5395128726959229,0.0102671654894948,0.852239727973938,0.5784329771995544,0.006219028495252132,0.6960590481758118,0.3731250762939453,0.046139005571603775,0.7849107384681702,0.3584041893482208,0.038097042590379715,0.8397347927093506,0.3956597149372101,0.02743919938802719,0.8669857382774353,0.4427306056022644,0.021938573569059372,0.6912367939949036,0.34151405096054077,0.032887913286685944,0.7925634384155273,0.3145245313644409,0.023197680711746216,0.8474524617195129,0.3679426908493042,0.013945178128778934,0.8708494901657104,0.42718690633773804,0.011847062967717648,0.7010203003883362,0.3371593654155731,0.01638093590736389,0.8069323897361755,0.31461894512176514,0.004109680186957121,0.8600757718086243,0.3746300935745239,-0.005539173725992441,0.8783776164054871,0.4383608400821686,-0.006477429065853357,0.725265622138977,0.3521729111671448,-0.0005927886231802404,0.8176857233047485,0.3520646095275879,-0.011799580417573452,0.8604282736778259,0.3975657820701599,-0.01831226795911789,0.8791665434837341,0.44980427622795105,-0.018697304651141167
B,0.6118075847625732,0.5534834265708923,3.613696435422753e-07,0.6929924488067627,0.5702210664749146,0.010122746229171753,0.7598333358764648,0.5324046611785889,0.011674150824546814,0.8205162286758423,0.5380281805992126,0.0026917699724435806,0.8556914925575256,0.581012487411499,-0.005580324213951826,0.7039079070091248,0.37117114663124084,0.04616153985261917,0.7853505611419678,0.36064809560775757,0.03767479211091995,0.8349136710166931,0.40082693099975586,0.02328554354608059,0.8565859794616699,0.44573184847831726,0.013869079761207104,0.6988044381141663,0.343041330575943,0.030734747648239136,0.7948719263076782,0.32051706314086914,0.02107672579586506,0.8451212048530579,0.3757937252521515,0.008970058523118496,0.8618906736373901,0.434797078371048,0.00394386425614357,0.7073362469673157,0.33930638432502747,0.012029621750116348,0.8063831925392151,0.3072475790977478,0.0017319486942142248,0.8548491597175598,0.36020228266716003,-0.005845463369041681,0.8706179261207581,0.4179346263408661,-0.0064818644896149635,0.7285988330841064,0.3558780252933502,-0.007580257952213287,0.8180404901504517,0.3474908769130707,-0.014038249850273132,0.857100248336792,0.3866870403289795,-0.015927450731396675,0.8732760548591614,0.4339158535003662,-0.01449313759803772
B,0.6094353795051575,0.5557451248168945,4.923359711028752e-07,0.6883310079574585,0.5737908482551575,0.0058791860938072205,0.7538073062896729,0.5354971885681152,0.007257313933223486,0.8153954744338989,0.5367257595062256,-0.00045406990102492273,0.8537562489509583,0.5786459445953369,-0.006782147102057934,0.6959826350212097,0.37439239025115967,0.04339020699262619,0.7820516228675842,0.361225962638855,0.037852875888347626,0.8352270722389221,0.4000318646430969,0.02662540227174759,0.8594417572021484,0.44067704677581787,0.01954098604619503,0.6906487345695496,0.34298568964004517,0.032801929861307144,0.7897042036056519,0.32064658403396606,0.027415035292506218,0.8432087898254395,0.37382179498672485,0.01874517649412155,0.8635124564170837,0.42775437235832214,0.015324237756431103,0.7004252672195435,0.33890366554260254,0.01889204792678356,0.8016400337219238,0.3089778423309326,0.012055184692144394,0.850996196269989,0.36078158020973206,0.005433134268969297,0.867497980594635,0.4157451391220093,0.004747108556330204,0.7242254018783569,0.3553042411804199,0.0037600435316562653,0.8155323266983032,0.349507600069046,0.00023432458692695946,0.8551712036132812,0.3885498642921448,-0.0011610282817855477,0.8716528415679932,0.4346109628677368,0.00039530597859993577
B,0.5837782025337219,0.5581408739089966,3.1224624308379134e-07,0.660678505897522,0.5709742307662964,0.01422385685145855,0.7207136154174805,0.5367946624755859,0.0164933018386364,0.7799139022827148,0.5373401641845703,0.007824607193470001,0.8277317881584167,0.5593885183334351,0.0004686932370532304,0.674030601978302,0.3624361753463745,0.050493597984313965,0.7697176337242126,0.3508574068546295,0.04510112106800079,0.8185264468193054,0.39970800280570984,0.03284730762243271,0.8360782861709595,0.4555847644805908,0.025640450417995453,0.6692389845848083,0.3444361388683319,0.034413423389196396,0.7737087607383728,0.3206704258918762,0.03151069954037666,0.8223550319671631,0.37404531240463257,0.02008924074470997,0.8393035531044006,0.4332430958747864,0.01309946272522211,0.680551290512085,0.35080593824386597,0.015475821681320667,0.7846531271934509,0.32190483808517456,0.01126172672957182,0.8323102593421936,0.37638258934020996,0.002599968109279871,0.8480343818664551,0.435597687959671,-0.0014535225927829742,0.7082192897796631,0.3793894648551941,-0.0037623820826411247,0.7982836961746216,0.3646497428417206,-0.004679364152252674,0.8350696563720703,0.404781699180603,-0.004602344706654549,0.8491144180297852,0.45345184206962585,-0.0035678879357874393
B,0.5421887636184692,0.5580428242683411,1.7394722817698494e-07,0.6158231496810913,0.5724450349807739,0.01815531961619854,0.6809028387069702,0.5368887186050415,0.026505831629037857,0.7388291358947754,0.5353912711143494,0.024906234815716743,0.7806233167648315,0.5575827360153198,0.024076120927929878,0.6476106643676758,0.3744935691356659,0.05040017515420914,0.7345683574676514,0.36040934920310974,0.04792940989136696,0.7823537588119507,0.4104389548301697,0.038704026490449905,0.8009781241416931,0.4617612361907959,0.032949142158031464,0.6405441164970398,0.35336917638778687,0.034069210290908813,0.7392777800559998,0.32667267322540283,0.0321270115673542,0.7878730893135071,0.38220351934432983,0.022150110453367233,0.8036442399024963,0.43959736824035645,0.01614765077829361,0.6454998850822449,0.35507065057754517,0.015433024615049362,0.7447571158409119,0.32881608605384827,0.009993907995522022,0.7925518751144409,0.3844345510005951,-1.5706267731729895e-05,0.8078309297561646,0.4389181137084961,-0.004814346320927143,0.6621938347816467,0.3772776126861572,-0.0025391040835529566,0.7481380701065063,0.3614846169948578,-0.005403986666351557,0.78697669506073,0.3994293808937073,-0.007380696013569832,0.8019214272499084,0.4449707269668579,-0.007932813838124275
B,0.4988301992416382,0.5573825836181641,5.154476525603968e-07,0.5684313774108887,0.5785695910453796,-0.05126623436808586,0.6497751474380493,0.5485209822654724,-0.06581593304872513,0.7208546996116638,0.543888509273529,-0.07009672373533249,0.769137978553772,0.5628359317779541,-0.06920896470546722,0.6313130259513855,0.3928573429584503,-0.03097628988325596,0.7236716747283936,0.3732571303844452,-0.041853297501802444,0.7663292288780212,0.4241725206375122,-0.05155911669135094,0.7804601192474365,0.4767286479473114,-0.05446626618504524,0.6194871068000793,0.3656191825866699,-0.003929737955331802,0.7154344320297241,0.3368953466415405,-0.013476776890456676,0.7600273489952087,0.3882584571838379,-0.023672811686992645,0.77251136302948,0.44983768463134766,-0.027080683037638664,0.6146120429039001,0.3636823892593384,0.018877116963267326,0.703789472579956,0.3413447141647339,0.011296682991087437,0.7441737055778503,0.3879910707473755,-0.0038245334289968014,0.7584795355796814,0.44024357199668884,-0.010650110431015491,0.6172941327095032,0.37877315282821655,0.037939831614494324,0.6937703490257263,0.3640650808811188,0.03176341950893402,0.7290551662445068,0.3939875662326813,0.020931949838995934,0.7452015280723572,0.4341522753238678,0.016233880072832108
B,0.4919975996017456,0.5714271068572998,5.556540827456047e-07,0.5582346320152283,0.6050569415092468,-0.04107719287276268,0.6412428021430969,0.5637075901031494,-0.05115097761154175,0.7129911780357361,0.5456148982048035,-0.052798472344875336,0.7573593258857727,0.559747040271759,-0.049144163727760315,0.6234502792358398,0.40905943512916565,-0.027290502563118935,0.7202139496803284,0.3747166693210602,-0.03944287821650505,0.7678090929985046,0.41911599040031433,-0.04762878641486168,0.7843022346496582,0.4719438850879669,-0.04847874492406845,0.6090638041496277,0.37005043029785156,-0.005398381967097521,0.7138562202453613,0.32344871759414673,-0.016428861767053604,0.7603238821029663,0.3792649507522583,-0.023675700649619102,0.7724722623825073,0.44409963488578796,-0.023211445659399033,0.6030986309051514,0.35853102803230286,0.013238524086773396,0.6991982460021973,0.3204551339149475,0.004373619332909584,0.7430684566497803,0.37211304903030396,-0.007985846139490604,0.7565719485282898,0.427897572517395,-0.012089542113244534,0.6066822409629822,0.3669991195201874,0.028838707134127617,0.6866550445556641,0.3477068841457367,0.019006209447979927,0.727655291557312,0.3825867176055908,0.008428240194916725,0.746121883392334,0.4249535799026489,0.005000113043934107
B,0.455519437789917,0.5790330767631531,2.990025222970871e-07,0.5329483151435852,0.6005989909172058,-0.013572142459452152,0.6139206290245056,0.5625953674316406,-0.019388839602470398,0.6821883320808411,0.5448789000511169,-0.026437370106577873,0.7320953011512756,0.5573080778121948,-0.029575306922197342,0.5953739881515503,0.3974451720714569,0.0047716256231069565,0.6929770708084106,0.3723093867301941,-0.013298723846673965,0.7398403286933899,0.4249792993068695,-0.02917877398431301,0.7550557255744934,0.481166809797287,-0.03588579595088959,0.5840862989425659,0.37156933546066284,0.004945860244333744,0.692843496799469,0.33867719769477844,-0.012569122016429901,0.7415574789047241,0.3990195095539093,-0.0259401835501194,0.755648136138916,0.4619264006614685,-0.030445445328950882,0.5826340317726135,0.37086692452430725,0.0018686274997889996,0.6856170892715454,0.33427655696868896,-0.013268698006868362,0.734577476978302,0.3892737030982971,-0.024513835087418556,0.7515127658843994,0.4467288851737976,-0.02748377062380314,0.5900944471359253,0.389802485704422,-0.0027662867214530706,0.6777825355529785,0.363595575094223,-0.01404410507529974,0.7218666076660156,0.39848288893699646,-0.01989370957016945,0.7426031231880188,0.44110211730003357,-0.020262833684682846
B,0.4492354393005371,0.5753936171531677,4.467324572487996e-07,0.5268136262893677,0.596126914024353,-0.029665157198905945,0.6095370650291443,0.5600482821464539,-0.041454214602708817,0.6783857941627502,0.5449187755584717,-0.04962550476193428,0.7301930785179138,0.5542488098144531,-0.05219266936182976,0.5940876603126526,0.40115976333618164,-0.016862327232956886,0.6972917318344116,0.36817482113838196,-0.03615386784076691,0.7436619997024536,0.421761155128479,-0.05029986426234245,0.7570750713348389,0.4775998592376709,-0.05435984581708908,0.5810637474060059,0.37271398305892944,-0.006005275994539261,0.6927260160446167,0.3223435878753662,-0.023610569536685944,0.7385317087173462,0.38427120447158813,-0.03450305387377739,0.747108519077301,0.44917649030685425,-0.03617598116397858,0.5770977139472961,0.37013572454452515,0.0015247463015839458,0.6799547672271729,0.31860560178756714,-0.013771182857453823,0.7247834801673889,0.37533053755760193,-0.024229684844613075,0.736060619354248,0.43453851342201233,-0.02568092755973339,0.5827982425689697,0.3880763053894043,0.006624165456742048,0.6695368885993958,0.35741734504699707,-0.005692089442163706,0.7111241817474365,0.3957809507846832,-0.012204093858599663,0.7276990413665771,0.4416406750679016,-0.012112995609641075
B,0.42289191484451294,0.5809965133666992,2.5592848373889865e-07,0.5214676856994629,0.5888044834136963,0.024841157719492912,0.591606855392456,0.5555047988891602,0.025990137830376625,0.6524101495742798,0.5484345555305481,0.01211793627589941,0.6937491297721863,0.5746793746948242,-0.0016753764357417822,0.5588003396987915,0.3893110752105713,0.051739197224378586,0.643643856048584,0.3635421097278595,0.03631864860653877,0.6934121251106262,0.41584324836730957,0.01686830446124077,0.7109772562980652,0.470297634601593,0.004827613476663828,0.5485278367996216,0.37208303809165955,0.024302994832396507,0.6511453986167908,0.3312835693359375,0.007854576222598553,0.6982976198196411,0.39255931973457336,-0.009151674807071686,0.7076038122177124,0.45280587673187256,-0.01813892461359501,0.547396719455719,0.37665224075317383,-0.005801288411021233,0.6499792337417603,0.3266696333885193,-0.020838402211666107,0.6981924772262573,0.38933834433555603,-0.029549546539783478,0.7084495425224304,0.4522092938423157,-0.03197268396615982,0.5554046034812927,0.40413588285446167,-0.03558489680290222,0.648166298866272,0.3803626596927643,-0.043266523629426956,0.6923206448554993,0.4215601086616516,-0.043801650404930115,0.7087137699127197,0.4682953357696533,-0.043059732764959335
B,0.4254033863544464,0.5896711349487305,3.553094245489774e-07,0.5227612257003784,0.5977452993392944,0.023547662422060966,0.5910587310791016,0.5655869245529175,0.025193393230438232,0.6511491537094116,0.5630878806114197,0.010342479683458805,0.6945135593414307,0.5938773155212402,-0.005446070805191994,0.5648609399795532,0.4263882040977478,0.06740293651819229,0.633713960647583,0.4013001322746277,0.05644787475466728,0.6793034076690674,0.4354288578033447,0.03846686705946922,0.6980859041213989,0.47570011019706726,0.026692908257246017,0.5540092587471008,0.40126290917396545,0.03987135365605354,0.6371948719024658,0.3547891080379486,0.023746881633996964,0.6817600727081299,0.4042137563228607,0.004221110139042139,0.6934136748313904,0.4613175392150879,-0.00530421594157815,0.5459402799606323,0.3896927535533905,0.0083482526242733,0.6335458755493164,0.3356642425060272,-0.008387045934796333,0.6800670623779297,0.39279457926750183,-0.02112913504242897,0.6929526329040527,0.457793653011322,-0.024808870628476143,0.5448880195617676,0.39583665132522583,-0.023140959441661835,0.6304556131362915,0.37913835048675537,-0.03422617167234421,0.677862286567688,0.4189678728580475,-0.0393894761800766,0.7012432813644409,0.4676157832145691,-0.04095223918557167
B,0.4340534508228302,0.579865574836731,4.558120849651459e-07,0.5301477909088135,0.5926333665847778,0.018974855542182922,0.5982088446617126,0.5605590343475342,0.021183228120207787,0.6587169170379639,0.5615946054458618,0.008189081214368343,0.6985175013542175,0.596817135810852,-0.004585592076182365,0.571953296661377,0.4340098798274994,0.06635480374097824,0.6394511461257935,0.4070165753364563,0.05537526682019234,0.6816360950469971,0.4417034387588501,0.038245659321546555,0.6980394721031189,0.48172110319137573,0.02685217745602131,0.5623336434364319,0.40378883481025696,0.0421057753264904,0.6429470777511597,0.3573480546474457,0.023054640740156174,0.6834467053413391,0.409238338470459,0.0021825521253049374,0.6917695999145508,0.4686534106731415,-0.007019960321485996,0.5548918843269348,0.38721317052841187,0.01336202584207058,0.6399109959602356,0.33025842905044556,-0.006252026651054621,0.6850865483283997,0.3874329626560211,-0.021349191665649414,0.6968440413475037,0.4532668888568878,-0.025778859853744507,0.5536559820175171,0.3879674971103668,-0.0156390480697155,0.6376003623008728,0.38230112195014954,-0.02936394140124321,0.6826298236846924,0.4259907901287079,-0.03755565360188484,0.7045215368270874,0.47758689522743225,-0.040827348828315735
B,0.4246465563774109,0.5835195779800415,3.506006294173858e-07,0.5217954516410828,0.5972638130187988,0.025957902893424034,0.5886431336402893,0.5610853433609009,0.034066300839185715,0.6481938362121582,0.557982325553894,0.02642965503036976,0.6903808116912842,0.5892951488494873,0.017230387777090073,0.5737753510475159,0.44889742136001587,0.0703434944152832,0.6362568140029907,0.4152217507362366,0.062466271221637726,0.6769454479217529,0.4422350227832794,0.04583714157342911,0.6971263885498047,0.4736090898513794,0.033622246235609055,0.562673807144165,0.420805960893631,0.04325706511735916,0.6384302377700806,0.36833661794662476,0.0254692193120718,0.6811319589614868,0.41151437163352966,0.0019523820374161005,0.6931480765342712,0.4675387442111969,-0.010212701745331287,0.5490775108337402,0.4022160470485687,0.012540735304355621,0.6295763850212097,0.3415434956550598,-0.005868264473974705,0.6762768626213074,0.39504238963127136,-0.02364487387239933,0.691791832447052,0.45870280265808105,-0.030954619869589806,0.5370734930038452,0.39899584650993347,-0.017526261508464813,0.6181267499923706,0.38440465927124023,-0.03246982395648956,0.665036141872406,0.4233775734901428,-0.04324493929743767,0.69106125831604,0.4713154137134552,-0.04884450137615204
B,0.4182025194168091,0.5836513042449951,4.036799907680688e-07,0.5084702968597412,0.5965122580528259,0.024086909368634224,0.5773017406463623,0.5582399964332581,0.03205917403101921,0.6380771398544312,0.5531257390975952,0.02569229155778885,0.6814055442810059,0.58038729429245,0.01953636109828949,0.5574018955230713,0.4264580011367798,0.06618338078260422,0.622369110584259,0.4021930694580078,0.05571599677205086,0.6628281474113464,0.4380156695842743,0.03856980800628662,0.6811804175376892,0.47751882672309875,0.026922067627310753,0.5475262999534607,0.3997541666030884,0.04053221270442009,0.6298588514328003,0.36276301741600037,0.021456552669405937,0.6725330948829651,0.4148728549480438,0.0003405256138648838,0.6852033138275146,0.4715501070022583,-0.009639725089073181,0.5377709865570068,0.3858412206172943,0.011093742214143276,0.6256868243217468,0.3368304669857025,-0.00953840184956789,0.672161877155304,0.3972664475440979,-0.02516465075314045,0.6881847977638245,0.4615629017353058,-0.0306918416172266,0.5315641164779663,0.38837772607803345,-0.017795411869883537,0.6139004826545715,0.3892351984977722,-0.03492436930537224,0.6586683988571167,0.436832457780838,-0.044803086668252945,0.6837944984436035,0.487721711397171,-0.04916493594646454
B,0.4153398275375366,0.5888832211494446,3.508176007471775e-07,0.5059040784835815,0.5964372754096985,0.021951019763946533,0.5745524764060974,0.5624781250953674,0.02463386580348015,0.6340053081512451,0.5556244850158691,0.013792210258543491,0.6794806718826294,0.5762399435043335,0.003528134198859334,0.5546100735664368,0.42178550362586975,0.053029466420412064,0.62141352891922,0.3987749218940735,0.03882281854748726,0.664790689945221,0.43902426958084106,0.020236486569046974,0.6836630702018738,0.48154398798942566,0.00829522218555212,0.5426758527755737,0.3959565758705139,0.027410414069890976,0.6319140195846558,0.36160582304000854,0.009256010875105858,0.6749566197395325,0.41564103960990906,-0.008236410096287727,0.6847469806671143,0.47133830189704895,-0.016714949160814285,0.5321162343025208,0.38440778851509094,-0.0014435435878112912,0.6264976263046265,0.3460618853569031,-0.019656455144286156,0.6714398264884949,0.4073621928691864,-0.030186211690306664,0.6832073926925659,0.46909472346305847,-0.03353976085782051,0.5244655013084412,0.3909526765346527,-0.02999970316886902,0.6107010245323181,0.3996146321296692,-0.04512133449316025,0.6564273834228516,0.44514286518096924,-0.0514645092189312,0.6801084280014038,0.490549236536026,-0.05354521423578262
B,0.413115918636322,0.5878956913948059,3.2239958613899944e-07,0.506176769733429,0.5944142937660217,0.02638711780309677,0.5757133364677429,0.560286283493042,0.032566022127866745,0.6348099708557129,0.5546602606773376,0.024034887552261353,0.6793947815895081,0.575620710849762,0.015717677772045135,0.5570052862167358,0.4229327142238617,0.06082697585225105,0.6218200922012329,0.3996296226978302,0.047750432044267654,0.665434718132019,0.4404837489128113,0.029298972338438034,0.6853970885276794,0.484992653131485,0.017356451600790024,0.5455049276351929,0.3954816162586212,0.03337879851460457,0.6326764225959778,0.36223140358924866,0.01572728157043457,0.6758201122283936,0.4186447560787201,-0.0022538844496011734,0.6852354407310486,0.4778963625431061,-0.010618889704346657,0.5339477062225342,0.3819182217121124,0.002663400024175644,0.6276143789291382,0.34513571858406067,-0.01579906977713108,0.6720496416091919,0.4075220227241516,-0.027131780982017517,0.6834800243377686,0.4704175293445587,-0.03048688732087612,0.5245934128761292,0.3856733441352844,-0.027411427348852158,0.6105334758758545,0.39677056670188904,-0.04413982108235359,0.6564935445785522,0.4440157413482666,-0.05178198590874672,0.6805411577224731,0.49112001061439514,-0.054098911583423615
B,0.40869396924972534,0.5839219093322754,4.0409383927908493e-07,0.5044060945510864,0.5912772417068481,0.016356423497200012,0.5709675550460815,0.5640143156051636,0.015108630992472172,0.6295833587646484,0.5608166456222534,0.00044188305037096143,0.67522794008255,0.5833294987678528,-0.013647327199578285,0.5513529777526855,0.42281514406204224,0.04990868642926216,0.6184354424476624,0.4102664589881897,0.03084065020084381,0.6618716716766357,0.45167672634124756,0.008216893300414085,0.6820108890533447,0.49742045998573303,-0.006022477988153696,0.5403674244880676,0.39559563994407654,0.025829384103417397,0.6313650608062744,0.3764416575431824,0.0010063074296340346,0.6722152233123779,0.43353867530822754,-0.021101344376802444,0.6833401322364807,0.49285268783569336,-0.031049786135554314,0.5311669111251831,0.383426308631897,-0.002143224235624075,0.6265159845352173,0.3589637279510498,-0.025887759402394295,0.6681443452835083,0.421049028635025,-0.03971269726753235,0.6807416677474976,0.48556095361709595,-0.04329802468419075,0.5239648818969727,0.38895249366760254,-0.030341027304530144,0.6087859869003296,0.40978240966796875,-0.04776204749941826,0.6521980166435242,0.45573243498802185,-0.05557075887918472,0.6766334176063538,0.5029274821281433,-0.05766555294394493
B,0.40872615575790405,0.5796705484390259,4.4099795104557415e-07,0.5056436657905579,0.5846824049949646,0.02273772843182087,0.5713760852813721,0.5564642548561096,0.024649260565638542,0.6277738809585571,0.5576163530349731,0.011663457378745079,0.672874927520752,0.5819409489631653,-0.001239330624230206,0.5510138869285583,0.42061394453048706,0.05830433592200279,0.6165114045143127,0.4082894027233124,0.0420759879052639,0.6592338681221008,0.44915771484375,0.021005813032388687,0.681029200553894,0.49395695328712463,0.007195046171545982,0.5398320555686951,0.392924427986145,0.030888276174664497,0.6298898458480835,0.3756517767906189,0.008617118932306767,0.6698751449584961,0.4328049421310425,-0.012302094139158726,0.6820245385169983,0.4912933111190796,-0.0220392607152462,0.5297516584396362,0.3790004253387451,-0.0002615849953144789,0.6260191798210144,0.359214723110199,-0.022058697417378426,0.6675191521644592,0.4220922589302063,-0.03516581282019615,0.681082010269165,0.48602935671806335,-0.038957659155130386,0.521388828754425,0.38194960355758667,-0.0312166940420866,0.6069392561912537,0.40792930126190186,-0.048267584294080734,0.6515436768531799,0.4564440846443176,-0.055975694209337234,0.677989661693573,0.5042857527732849,-0.05827717110514641
B,0.41059786081314087,0.5812983512878418,4.437309826244018e-07,0.507227897644043,0.5862303376197815,0.0230129174888134,0.5721968412399292,0.5558651089668274,0.025687366724014282,0.6290410757064819,0.5563552975654602,0.013729858212172985,0.6742246747016907,0.579582154750824,0.0020278345327824354,0.5492286682128906,0.41770538687705994,0.0576021708548069,0.6163252592086792,0.4084851145744324,0.04067235440015793,0.6600821614265442,0.4513264298439026,0.019058920443058014,0.6823065280914307,0.497466504573822,0.005086093209683895,0.5385645627975464,0.3897387385368347,0.03035440854728222,0.6306542158126831,0.3756154179573059,0.008610216900706291,0.6713813543319702,0.4332484304904938,-0.01166514027863741,0.6845879554748535,0.490802139043808,-0.02117525413632393,0.5289366841316223,0.3769679069519043,-0.0005797077319584787,0.6270748376846313,0.3594238758087158,-0.021985551342368126,0.6682756543159485,0.42218950390815735,-0.03430674225091934,0.6817902326583862,0.4848894476890564,-0.03776710107922554,0.5211023092269897,0.38164931535720825,-0.03130239620804787,0.6078823208808899,0.4095848798751831,-0.04856139421463013,0.6521815061569214,0.45847803354263306,-0.05570145323872566,0.6783879995346069,0.505986750125885,-0.057456858456134796
B,0.40845829248428345,0.5715709924697876,4.05271578074462e-07,0.5082474946975708,0.5784640908241272,0.026987645775079727,0.5702930092811584,0.5524845123291016,0.032184287905693054,0.6249155402183533,0.5524868965148926,0.021370507776737213,0.6713348627090454,0.5707851648330688,0.01048155315220356,0.5504624247550964,0.42065560817718506,0.06879937648773193,0.6167130470275879,0.41230839490890503,0.05534304678440094,0.6593528985977173,0.4513702690601349,0.03449750319123268,0.6818820834159851,0.49433523416519165,0.02051626518368721,0.5395605564117432,0.39216887950897217,0.03980458900332451,0.6302474737167358,0.3801203966140747,0.02072197198867798,0.6690921783447266,0.43516865372657776,-0.0007767213392071426,0.682373583316803,0.4907812774181366,-0.011459000408649445,0.5304133892059326,0.3783489167690277,0.007050992455333471,0.6281264424324036,0.3646087348461151,-0.012204164639115334,0.6677085161209106,0.4259797930717468,-0.02503536269068718,0.6810256838798523,0.486858993768692,-0.029059771448373795,0.5236056447029114,0.38109296560287476,-0.025302112102508545,0.6102486848831177,0.4093245267868042,-0.040021367371082306,0.6527012586593628,0.4571616053581238,-0.04593391343951225,0.6777201890945435,0.503252387046814,-0.04714983329176903
B,0.4128033518791199,0.566068172454834,4.792269692188711e-07,0.5103591680526733,0.5773627758026123,0.027533214539289474,0.5721806883811951,0.5516521334648132,0.033327408134937286,0.6285102963447571,0.553859531879425,0.02314160391688347,0.6722939014434814,0.5775272846221924,0.012742671184241772,0.5507235527038574,0.41924571990966797,0.06992650032043457,0.616504430770874,0.4136301279067993,0.057720497250556946,0.6594566106796265,0.4551038444042206,0.037720512598752975,0.6830388903617859,0.4985617399215698,0.023797322064638138,0.5414339303970337,0.3898172974586487,0.041238170117139816,0.633760929107666,0.38149702548980713,0.02285776287317276,0.6725993156433105,0.438752144575119,0.001977832056581974,0.6852937936782837,0.4951629340648651,-0.008615704253315926,0.5329292416572571,0.37443530559539795,0.008883237838745117,0.6320095658302307,0.3662850260734558,-0.009273267351090908,0.6709028482437134,0.4295458197593689,-0.021482501178979874,0.6827678680419922,0.4904843866825104,-0.025506313890218735,0.5260677337646484,0.3752652406692505,-0.023073861375451088,0.6120442748069763,0.40898895263671875,-0.03748451545834541,0.6541091799736023,0.458963006734848,-0.04366999492049217,0.6792749166488647,0.5061624646186829,-0.045287661254405975
B,0.41622427105903625,0.5668115615844727,4.6479740944960213e-07,0.5109983086585999,0.5794839859008789,0.022900313138961792,0.5744484663009644,0.553375780582428,0.02707698941230774,0.6312332153320312,0.5569207668304443,0.01641509123146534,0.6750578880310059,0.5816483497619629,0.005791746079921722,0.5530750751495361,0.4178951382637024,0.06469419598579407,0.6180866956710815,0.4115987718105316,0.05102557688951492,0.6596989035606384,0.4530983865261078,0.03047124855220318,0.6816489696502686,0.4963849186897278,0.016537679359316826,0.5431788563728333,0.3888503909111023,0.0381007045507431,0.6335934400558472,0.38011854887008667,0.01851559244096279,0.6713299751281738,0.43693381547927856,-0.002436729846522212,0.6838316917419434,0.4922977685928345,-0.012703062035143375,0.5340228080749512,0.3741421401500702,0.007520200219005346,0.6310948729515076,0.3642140030860901,-0.01274173241108656,0.6699488162994385,0.4273797869682312,-0.025749515742063522,0.68239426612854,0.48859119415283203,-0.029628679156303406,0.5265536308288574,0.3759962320327759,-0.022901155054569244,0.6122740507125854,0.4075067937374115,-0.03933127596974373,0.6548048257827759,0.457492470741272,-0.046380288898944855,0.6804222464561462,0.504861056804657,-0.04816431924700737
B,0.4184924364089966,0.5604696273803711,3.988132846188819e-07,0.511870801448822,0.5750494003295898,0.025401204824447632,0.5729892253875732,0.5512955188751221,0.031639136373996735,0.6280845999717712,0.5504300594329834,0.022972675040364265,0.671214759349823,0.5674179196357727,0.014407706446945667,0.5583284497261047,0.4229104220867157,0.0666188895702362,0.6224058270454407,0.41592589020729065,0.054295863956213,0.6623871326446533,0.45697343349456787,0.03470330685377121,0.6830831170082092,0.49860063195228577,0.02148071676492691,0.5486315488815308,0.3929697871208191,0.04002976790070534,0.63680100440979,0.38360100984573364,0.021953711286187172,0.6734354496002197,0.4408642649650574,0.001966659678146243,0.6845231056213379,0.49584877490997314,-0.007915636524558067,0.5388186573982239,0.3763212561607361,0.009716818109154701,0.633745014667511,0.36570990085601807,-0.009419231675565243,0.6710101366043091,0.42893311381340027,-0.02188684605062008,0.6816266775131226,0.48943060636520386,-0.025716109201312065,0.52970290184021,0.3749822974205017,-0.020095421001315117,0.6139838099479675,0.40748780965805054,-0.036644916981458664,0.6556209325790405,0.45743587613105774,-0.044161826372146606,0.6803438663482666,0.5044012069702148,-0.0462399460375309
B,0.42267751693725586,0.5597826838493347,4.235491815052228e-07,0.5147877931594849,0.5756630897521973,0.021150602027773857,0.578557014465332,0.5508214235305786,0.025379635393619537,0.6354150772094727,0.5535575747489929,0.015825092792510986,0.6778913736343384,0.579460620880127,0.006426206789910793,0.5635971426963806,0.4237251281738281,0.058471810072660446,0.6257397532463074,0.4215729236602783,0.044741272926330566,0.6641993522644043,0.4619433879852295,0.02574245259165764,0.6852038502693176,0.5013502836227417,0.012723077088594437,0.5544345378875732,0.3926571011543274,0.03357952833175659,0.6404754519462585,0.38989320397377014,0.01316764671355486,0.6748803853988647,0.44526413083076477,-0.006083590444177389,0.6868532299995422,0.49645400047302246,-0.015189150348305702,0.543889582157135,0.37509188055992126,0.004831166937947273,0.6373195648193359,0.37030699849128723,-0.01756061241030693,0.6720681190490723,0.43364304304122925,-0.030645383521914482,0.6831097602844238,0.4934502840042114,-0.03428984805941582,0.5337318778038025,0.37280774116516113,-0.0235309861600399,0.616827130317688,0.41020774841308594,-0.04281825199723244,0.657180666923523,0.4616617262363434,-0.05166054144501686,0.6826530694961548,0.5094110369682312,-0.05442079156637192
B,0.42491671442985535,0.5581333637237549,4.4790866127186746e-07,0.5139858722686768,0.5752788186073303,0.017777185887098312,0.578413724899292,0.55033278465271,0.020765433087944984,0.6350257396697998,0.552134096622467,0.010867581702768803,0.6775738000869751,0.5733894109725952,0.001252854010090232,0.5637072324752808,0.42194700241088867,0.05491624027490616,0.6249438524246216,0.41967612504959106,0.04032357782125473,0.6636252999305725,0.4590305685997009,0.020580414682626724,0.6854141354560852,0.49846726655960083,0.00693721417337656,0.5542867183685303,0.3922696113586426,0.031897567212581635,0.6390179395675659,0.38772422075271606,0.009825171902775764,0.6743391156196594,0.4425370991230011,-0.010904080234467983,0.6873446106910706,0.49473655223846436,-0.02085259184241295,0.5440946221351624,0.37508368492126465,0.004949131514877081,0.6354299783706665,0.3697080612182617,-0.018595656380057335,0.672241747379303,0.43254223465919495,-0.032924823462963104,0.6855587959289551,0.4930422604084015,-0.037238478660583496,0.5344635248184204,0.37317007780075073,-0.021784136071801186,0.6160650253295898,0.40992122888565063,-0.04145335406064987,0.6569169163703918,0.4604850709438324,-0.05102962628006935,0.6830863356590271,0.5081161260604858,-0.054351672530174255
B,0.4281577467918396,0.5583654046058655,4.338680525961536e-07,0.5148817300796509,0.5770492553710938,0.015342752449214458,0.5789663791656494,0.5536982417106628,0.017108028754591942,0.6355474591255188,0.5544325113296509,0.006493602879345417,0.6780815124511719,0.574367344379425,-0.003725385759025812,0.5653743743896484,0.42549997568130493,0.0513761080801487,0.6253191232681274,0.42151209712028503,0.03554616495966911,0.6632051467895508,0.4609624147415161,0.015373652800917625,0.6841163635253906,0.5009491443634033,0.0017232298851013184,0.5561639070510864,0.39598897099494934,0.029569827020168304,0.6394404768943787,0.38865578174591064,0.00704234279692173,0.6742202639579773,0.4425654113292694,-0.013360506854951382,0.6868977546691895,0.4945167303085327,-0.023097064346075058,0.5459575653076172,0.3786036968231201,0.003653312800452113,0.6362322568893433,0.371751070022583,-0.020633826032280922,0.6725886464118958,0.43413063883781433,-0.03478335961699486,0.6856731176376343,0.49459582567214966,-0.038828857243061066,0.5359660983085632,0.37620216608047485,-0.022178705781698227,0.6169528961181641,0.4117773473262787,-0.04252595454454422,0.6576566696166992,0.4621385633945465,-0.052305590361356735,0.6835311651229858,0.5099068284034729,-0.05563390627503395
B,0.4316677153110504,0.5536137819290161,4.580966219691618e-07,0.5161619186401367,0.5756058692932129,0.011661469005048275,0.5821536779403687,0.5546866059303284,0.012414942495524883,0.6396152377128601,0.556023895740509,0.0017097957897931337,0.68077152967453,0.5734614133834839,-0.008330509066581726,0.5695541501045227,0.4279288649559021,0.04763319343328476,0.6292560696601868,0.4205838143825531,0.030685333535075188,0.6664884686470032,0.46113860607147217,0.009859914891421795,0.6859023571014404,0.5021321177482605,-0.003977818414568901,0.5606416463851929,0.39802128076553345,0.02822701260447502,0.643547534942627,0.38907915353775024,0.004089865367859602,0.6783982515335083,0.4452532231807709,-0.017477434128522873,0.6888318061828613,0.4990004599094391,-0.027634741738438606,0.5501894950866699,0.37896084785461426,0.004555657971650362,0.6395536661148071,0.3719218373298645,-0.02123216912150383,0.6745225787162781,0.4353426992893219,-0.03637615218758583,0.6849507093429565,0.49537768959999084,-0.04054531827569008,0.5395114421844482,0.37361249327659607,-0.019181696698069572,0.6191972494125366,0.4112322926521301,-0.040598753839731216,0.6583605408668518,0.4617471396923065,-0.05132201313972473,0.6820178031921387,0.5090727210044861,-0.054975710809230804
B,0.43062329292297363,0.5525947213172913,4.7525168156425934e-07,0.5152713656425476,0.5745635628700256,0.012327546253800392,0.5822824239730835,0.5532488226890564,0.01316863764077425,0.6386968493461609,0.5561689138412476,0.002904048189520836,0.6804883480072021,0.5730379223823547,-0.006714668590575457,0.5693155527114868,0.42126429080963135,0.046962760388851166,0.6290945410728455,0.41806429624557495,0.02993554249405861,0.6665508151054382,0.45892131328582764,0.00861441995948553,0.6869033575057983,0.5006484985351562,-0.005785562563687563,0.559531033039093,0.39220038056373596,0.026955340057611465,0.6426265239715576,0.38779908418655396,0.002580868313089013,0.6786556243896484,0.4427312910556793,-0.02005859464406967,0.6910375952720642,0.49745017290115356,-0.031109580770134926,0.5482943654060364,0.3754017949104309,0.0029982447158545256,0.6372949481010437,0.37239551544189453,-0.022103849798440933,0.6738813519477844,0.43404388427734375,-0.037553150206804276,0.6869480609893799,0.49342191219329834,-0.04233020916581154,0.5374554991722107,0.37401726841926575,-0.020966894924640656,0.6161549687385559,0.4100751280784607,-0.041464511305093765,0.6561217308044434,0.45885342359542847,-0.05163728818297386,0.681928277015686,0.5050487518310547,-0.0551866851747036
B,0.4314960837364197,0.5511139631271362,5.004652052775782e-07,0.517104983329773,0.5744462609291077,0.014996322803199291,0.5827123522758484,0.5552845597267151,0.017956826835870743,0.6399845480918884,0.5586269497871399,0.008938601240515709,0.6814524531364441,0.5738506317138672,0.00043664200347848237,0.568168580532074,0.42411932349205017,0.05539808049798012,0.6284401416778564,0.42048975825309753,0.04039924219250679,0.6668218374252319,0.4607667028903961,0.019216347485780716,0.6876546144485474,0.5029147267341614,0.004864803981035948,0.5594086647033691,0.39438146352767944,0.034733809530735016,0.6429935097694397,0.3890335261821747,0.01215321198105812,0.6799774765968323,0.4441293478012085,-0.01114831492304802,0.6929394602775574,0.4994756579399109,-0.022578902542591095,0.5494613647460938,0.37652647495269775,0.009947084821760654,0.6389176249504089,0.37433692812919617,-0.013528639450669289,0.676337480545044,0.4361437261104584,-0.02968619391322136,0.6899155378341675,0.4953038990497589,-0.03501910716295242,0.5400872230529785,0.37321752309799194,-0.01470776367932558,0.6185960173606873,0.4117366373538971,-0.034062258899211884,0.6573877334594727,0.46179643273353577,-0.04411090537905693,0.6825323104858398,0.50906902551651,-0.04748237505555153
B,0.43061840534210205,0.5504438877105713,5.065081722932518e-07,0.5155557990074158,0.572126030921936,0.013261130079627037,0.5823545455932617,0.5512678623199463,0.014209667220711708,0.6394855976104736,0.5553017854690552,0.004001293797045946,0.6816176176071167,0.5702558755874634,-0.005453582853078842,0.5649392008781433,0.41542065143585205,0.04708891361951828,0.6270765066146851,0.4137960970401764,0.030206944793462753,0.6659257411956787,0.45675140619277954,0.008953469805419445,0.686968982219696,0.5001860857009888,-0.0053746080957353115,0.5553246736526489,0.38695767521858215,0.026830939576029778,0.6424424052238464,0.38453009724617004,0.0028157897759228945,0.6795467734336853,0.4422691762447357,-0.0192254651337862,0.6921042203903198,0.49753376841545105,-0.029884517192840576,0.5455027222633362,0.372472882270813,0.0028043389320373535,0.6382777094841003,0.3726975619792938,-0.02163335494697094,0.6753929257392883,0.43639153242111206,-0.03581793233752251,0.6880928874015808,0.49517545104026794,-0.03984369710087776,0.5370519161224365,0.37411245703697205,-0.021169591695070267,0.6172394752502441,0.4127894639968872,-0.04126844182610512,0.656383216381073,0.4630056321620941,-0.05042709410190582,0.680827796459198,0.508941113948822,-0.053146008402109146
B,0.4334293007850647,0.5521556735038757,4.410623830608529e-07,0.5194283723831177,0.5752128958702087,0.014395633712410927,0.582870602607727,0.555629312992096,0.01585965044796467,0.6385926008224487,0.5571774244308472,0.005469547584652901,0.6807042360305786,0.5732285380363464,-0.004379051737487316,0.5664278268814087,0.4190796911716461,0.05029554292559624,0.627174973487854,0.4189477860927582,0.03344837203621864,0.665399432182312,0.4614207148551941,0.011829759925603867,0.6859248280525208,0.5027956366539001,-0.0026463789399713278,0.5576386451721191,0.3908306956291199,0.02892148308455944,0.6432406902313232,0.3873540759086609,0.005458867643028498,0.6774705648422241,0.44354045391082764,-0.016250478103756905,0.6889277696609497,0.4960525333881378,-0.026591215282678604,0.5489731431007385,0.3763037323951721,0.00346922455355525,0.6400519609451294,0.3763922452926636,-0.020978420972824097,0.6755920648574829,0.4391081929206848,-0.03534995764493942,0.6879010200500488,0.497414767742157,-0.03939672186970711,0.5414447784423828,0.37741148471832275,-0.021922605112195015,0.6210269927978516,0.4151746332645416,-0.04185321182012558,0.6598764657974243,0.46472591161727905,-0.050991956144571304,0.6846264004707336,0.5111725330352783,-0.05370532348752022
B,0.4338761866092682,0.5492712259292603,4.3460465803946136e-07,0.5193156599998474,0.5745629668235779,0.015418186783790588,0.5838898420333862,0.5539568066596985,0.018565770238637924,0.6400041580200195,0.5574513673782349,0.010170540772378445,0.6807647347450256,0.5742303133010864,0.0020260363817214966,0.5680403113365173,0.4221387207508087,0.05049189552664757,0.6279993057250977,0.42397385835647583,0.03490027040243149,0.6658910512924194,0.4644542932510376,0.01390400342643261,0.6869496703147888,0.5046236515045166,-0.0005226716166362166,0.5593593120574951,0.3936082124710083,0.029298968613147736,0.6438823938369751,0.39071303606033325,0.0059374189004302025,0.6788389086723328,0.4454883933067322,-0.01645912602543831,0.6908366680145264,0.4983171224594116,-0.027366027235984802,0.5497771501541138,0.37826284766197205,0.004365043248981237,0.6400343179702759,0.3791819214820862,-0.02033846639096737,0.6760666966438293,0.44130539894104004,-0.03604767471551895,0.6890703439712524,0.4992400109767914,-0.041028887033462524,0.5411103367805481,0.3771350383758545,-0.020197441801428795,0.6206899285316467,0.4156355559825897,-0.04105465114116669,0.6600819826126099,0.46584832668304443,-0.051446352154016495,0.6858429908752441,0.5124304294586182,-0.0550982765853405
B,0.4359833598136902,0.5502974390983582,4.722568291981588e-07,0.5190438032150269,0.5748928785324097,0.012552003376185894,0.5844103693962097,0.5528903007507324,0.014494476839900017,0.6404793858528137,0.5558400750160217,0.00576764065772295,0.6813105344772339,0.5722591876983643,-0.002478979527950287,0.5682631134986877,0.4214582145214081,0.04534333199262619,0.6286320090293884,0.4230954349040985,0.02894699014723301,0.6669603586196899,0.4648423194885254,0.00812637060880661,0.6881309151649475,0.5070922374725342,-0.00601327046751976,0.5593156814575195,0.39296209812164307,0.02592037431895733,0.6431752443313599,0.3900056481361389,0.0017733536660671234,0.6799978613853455,0.4463605284690857,-0.02022561989724636,0.6933465600013733,0.5014783143997192,-0.030684618279337883,0.5498008728027344,0.3771619498729706,0.0028053743299096823,0.6393824219703674,0.37800806760787964,-0.022234737873077393,0.6766625642776489,0.44055724143981934,-0.03766912966966629,0.6907826066017151,0.49897903203964233,-0.0424276627600193,0.5411627292633057,0.37574630975723267,-0.020122410729527473,0.6191089749336243,0.41507917642593384,-0.041314564645290375,0.6579678654670715,0.4656936824321747,-0.05175505951046944,0.6831943988800049,0.5124801993370056,-0.05528057739138603
B,0.4402303993701935,0.5531491041183472,4.311607995077793e-07,0.5217613577842712,0.576840877532959,0.01373731903731823,0.5848072171211243,0.555995762348175,0.016828101128339767,0.6398032307624817,0.5552367568016052,0.008689244277775288,0.6810555458068848,0.5670256614685059,0.0010577639332041144,0.5701410174369812,0.42796915769577026,0.04934000223875046,0.6290794610977173,0.42470866441726685,0.03346756845712662,0.667006254196167,0.4666793644428253,0.012942717410624027,0.6875961422920227,0.5095241665840149,-0.0006305315182544291,0.5622665286064148,0.39881548285484314,0.02959960326552391,0.6448432207107544,0.39228764176368713,0.007035879418253899,0.6803921461105347,0.447977215051651,-0.014324689283967018,0.6926578283309937,0.5024341940879822,-0.02449370175600052,0.5530503988265991,0.3814662992954254,0.0058679040521383286,0.6424952149391174,0.3799223303794861,-0.01841130666434765,0.6784459352493286,0.4420746862888336,-0.03378180414438248,0.691021203994751,0.500695526599884,-0.03854306414723396,0.5435786247253418,0.37778517603874207,-0.01762324571609497,0.6219122409820557,0.4155658483505249,-0.038805387914180756,0.6608277559280396,0.46618980169296265,-0.04944629967212677,0.6855571866035461,0.5139427185058594,-0.05296763405203819
B,0.44655025005340576,0.5629817247390747,4.108851214823517e-07,0.5268511176109314,0.5864710211753845,0.010642193257808685,0.5867419838905334,0.5684003829956055,0.01123847533017397,0.641114354133606,0.5689828991889954,0.0005851225578226149,0.6831748485565186,0.5797683000564575,-0.009384880773723125,0.5769885778427124,0.44454100728034973,0.04770207032561302,0.6329394578933716,0.4394579231739044,0.03054458275437355,0.6686715483665466,0.47790807485580444,0.00926976278424263,0.6871461868286133,0.5186195373535156,-0.0043120780028402805,0.5693545341491699,0.41542690992355347,0.028766119852662086,0.6464611887931824,0.40342119336128235,0.004885065834969282,0.6794118881225586,0.4558332562446594,-0.01703535206615925,0.6909506320953369,0.509445309638977,-0.02714776247739792,0.5601156949996948,0.39534279704093933,0.005312707275152206,0.6450356245040894,0.38699448108673096,-0.020686177536845207,0.6786534190177917,0.4468527138233185,-0.037066683173179626,0.6899756789207458,0.5068238377571106,-0.04193885251879692,0.5495534539222717,0.3873486816883087,-0.01817619800567627,0.6268730759620667,0.421739399433136,-0.039957381784915924,0.6660366654396057,0.47153714299201965,-0.05102797597646713,0.6910448670387268,0.521148145198822,-0.05478488281369209
B,0.44444704055786133,0.557220995426178,3.983728049661295e-07,0.5229905843734741,0.5839648842811584,0.011230101808905602,0.585444986820221,0.5660962462425232,0.012504324316978455,0.6391809582710266,0.5663199424743652,0.0031583334784954786,0.6809937953948975,0.5741903185844421,-0.00569856446236372,0.5797336101531982,0.44217580556869507,0.04359249770641327,0.6351361870765686,0.43663489818573,0.027814850211143494,0.6699208617210388,0.47513675689697266,0.008249650709331036,0.6879326105117798,0.5129461288452148,-0.004708976950496435,0.5709300637245178,0.4131399393081665,0.02496683970093727,0.6475573778152466,0.40173429250717163,0.0019547375850379467,0.6815930008888245,0.45516490936279297,-0.019236894324421883,0.6918798685073853,0.5080629587173462,-0.029364440590143204,0.5596916675567627,0.3930504620075226,0.0024888645857572556,0.6436718702316284,0.3860355019569397,-0.02278047613799572,0.6787735223770142,0.4477262794971466,-0.03890645131468773,0.6902399063110352,0.5065726637840271,-0.04411258175969124,0.5473291277885437,0.38596290349960327,-0.019716955721378326,0.622787594795227,0.4214220941066742,-0.04188716411590576,0.6612849831581116,0.4718168079853058,-0.05357466638088226,0.6847904324531555,0.5196900367736816,-0.05791288614273071
B,0.4414229989051819,0.5606070756912231,3.902939056388277e-07,0.519935131072998,0.5901108980178833,0.012074627913534641,0.5843650102615356,0.5723600387573242,0.014385812915861607,0.6403681039810181,0.5752982497215271,0.0056517599150538445,0.681337833404541,0.5909225344657898,-0.0024818340316414833,0.5809680819511414,0.4511970579624176,0.04799264669418335,0.6368277668952942,0.4458761513233185,0.03347083553671837,0.669678270816803,0.48467832803726196,0.014500784687697887,0.686561107635498,0.5247960090637207,0.0019763244781643152,0.5731319785118103,0.4224613904953003,0.02898225001990795,0.6477048397064209,0.4128052592277527,0.0067174313589930534,0.680773913860321,0.46457892656326294,-0.01476485189050436,0.692346453666687,0.5194451808929443,-0.02494373545050621,0.5625182390213013,0.4007789194583893,0.005813070572912693,0.6447510123252869,0.39537709951400757,-0.0185892041772604,0.6787751913070679,0.45498302578926086,-0.03587554395198822,0.6911332011222839,0.5156618356704712,-0.0418546088039875,0.5507580041885376,0.39039987325668335,-0.01717325858771801,0.6255168318748474,0.42497172951698303,-0.03806474804878235,0.663650631904602,0.475737988948822,-0.04998070374131203,0.688380777835846,0.5266737341880798,-0.054723236709833145
B,0.4408499598503113,0.5563399791717529,4.4086820594202436e-07,0.516566276550293,0.5861413478851318,0.00960540771484375,0.5821491479873657,0.5696327686309814,0.009896505624055862,0.6373592019081116,0.5735034346580505,-0.0001151866526925005,0.6794957518577576,0.588270366191864,-0.0094724977388978,0.580079197883606,0.4447482228279114,0.04232887923717499,0.6358895301818848,0.4355587363243103,0.024510430172085762,0.6711269617080688,0.47422829270362854,0.0038376785814762115,0.6888242363929749,0.5152022838592529,-0.009550544433295727,0.5721541047096252,0.4156683385372162,0.024352112784981728,0.6486436128616333,0.4059264659881592,-0.0007355683483183384,0.6834192872047424,0.46053048968315125,-0.023134922608733177,0.6939027309417725,0.5161445736885071,-0.03356323391199112,0.5619866251945496,0.39507362246513367,0.002290771808475256,0.6443538069725037,0.3909512162208557,-0.023078536614775658,0.6792117953300476,0.45308971405029297,-0.039247725158929825,0.6906342506408691,0.5135323405265808,-0.04427637532353401,0.5505334734916687,0.38785260915756226,-0.01986793614923954,0.622041642665863,0.4219810962677002,-0.04121438413858414,0.6585057973861694,0.4729596972465515,-0.0526781864464283,0.6805626153945923,0.5226959586143494,-0.056840043514966965
B,0.4378187954425812,0.5592217445373535,4.454388431440748e-07,0.5167691707611084,0.5857993364334106,0.01340579241514206,0.5829334259033203,0.5665123462677002,0.015869589522480965,0.6388024687767029,0.5716334581375122,0.006876678206026554,0.6795019507408142,0.5890278816223145,-0.0015887945191934705,0.5741385221481323,0.4442162811756134,0.04889734461903572,0.6309299468994141,0.43607452511787415,0.033335573971271515,0.6668076515197754,0.47487959265708923,0.013735737651586533,0.6862015724182129,0.5159438252449036,0.0007565156556665897,0.5671822428703308,0.4155479669570923,0.02901606075465679,0.6438292264938354,0.4062953293323517,0.004836214706301689,0.6802854537963867,0.46118149161338806,-0.01757950894534588,0.692724883556366,0.5183746218681335,-0.02798704244196415,0.5581609606742859,0.3947460651397705,0.005033640656620264,0.6418140530586243,0.39007604122161865,-0.02003461681306362,0.6778440475463867,0.4533643126487732,-0.037244342267513275,0.6902685165405273,0.516530454158783,-0.0428713895380497,0.5488919615745544,0.38576018810272217,-0.018789933994412422,0.6220886707305908,0.4202874004840851,-0.03992792218923569,0.6595380306243896,0.4728240370750427,-0.052077144384384155,0.682722806930542,0.5248093008995056,-0.05684846639633179
B,0.43774092197418213,0.5606401562690735,4.486744842324697e-07,0.5185697078704834,0.5871521234512329,0.011908764019608498,0.5852035284042358,0.5697417855262756,0.013276671059429646,0.6408810615539551,0.5751706957817078,0.0033621429465711117,0.6806252002716064,0.5912148952484131,-0.005823864135891199,0.5750240683555603,0.44428330659866333,0.0471138097345829,0.6329724788665771,0.4361124038696289,0.030838696286082268,0.6681190133094788,0.47601041197776794,0.01117540430277586,0.6865711212158203,0.5175960659980774,-0.0016915200976654887,0.5674932599067688,0.4151008129119873,0.027855055406689644,0.6451318264007568,0.4054882824420929,0.00355009944178164,0.6805557012557983,0.46126243472099304,-0.018416069447994232,0.6919587850570679,0.5183048844337463,-0.028509795665740967,0.5584161281585693,0.39501845836639404,0.004408771172165871,0.6425231099128723,0.3900027871131897,-0.020849021151661873,0.6775248050689697,0.4532991945743561,-0.03726429119706154,0.6889289617538452,0.5158778429031372,-0.042282771319150925,0.5494267344474792,0.3872397840023041,-0.019038904458284378,0.623148500919342,0.4217109680175781,-0.039823953062295914,0.6602558493614197,0.47309762239456177,-0.051161088049411774,0.6828832626342773,0.5237966179847717,-0.055317435413599014
B,0.4393690228462219,0.5584767460823059,4.393022834392468e-07,0.518719494342804,0.5844950079917908,0.009752202779054642,0.5839157700538635,0.5669438242912292,0.009978244081139565,0.6388359069824219,0.5713114738464355,-0.0005210871458984911,0.6794429421424866,0.5866426229476929,-0.010382082313299179,0.5758652687072754,0.4422692656517029,0.042941074818372726,0.6333508491516113,0.43430769443511963,0.025333257392048836,0.6681665182113647,0.47402557730674744,0.005002329126000404,0.6863746047019958,0.5146626830101013,-0.008248099125921726,0.5677297115325928,0.41382211446762085,0.02448338456451893,0.644756555557251,0.40367549657821655,-0.0016855946741998196,0.6800426244735718,0.4597134292125702,-0.02437729388475418,0.6911092400550842,0.5166025161743164,-0.034697238355875015,0.5579903721809387,0.3943309783935547,0.0018216376192867756,0.640965461730957,0.3896516263484955,-0.02536778151988983,0.6764302849769592,0.4532058835029602,-0.04271349683403969,0.6883329749107361,0.5158149003982544,-0.047921936959028244,0.5480956435203552,0.3869746923446655,-0.02087474800646305,0.6207811236381531,0.42155352234840393,-0.043268606066703796,0.658376157283783,0.4724978506565094,-0.055686336010694504,0.6815224289894104,0.5225891470909119,-0.060371045023202896
B,0.4436405599117279,0.5662955641746521,4.1503486158944725e-07,0.527140200138092,0.5871657729148865,0.016649756580591202,0.5899807810783386,0.5694912672042847,0.01981589011847973,0.643679141998291,0.5780907273292542,0.010306582786142826,0.6847763061523438,0.5950632095336914,0.0013682662975043058,0.574316143989563,0.43772926926612854,0.05449805408716202,0.6339598894119263,0.43475741147994995,0.03682866320014,0.6667249202728271,0.4799455404281616,0.014965375885367393,0.6804965734481812,0.5260378122329712,0.0015623432118445635,0.5667706727981567,0.4105163812637329,0.032649219036102295,0.6463637351989746,0.40635961294174194,0.00995427556335926,0.6794527769088745,0.46557238698005676,-0.011845042929053307,0.6879509687423706,0.52428138256073,-0.022100282832980156,0.5585044026374817,0.3940909504890442,0.006476137321442366,0.6453964710235596,0.3953227400779724,-0.017132801935076714,0.6780523657798767,0.46026375889778137,-0.03222253918647766,0.6857114434242249,0.5221225023269653,-0.036607589572668076,0.5515418648719788,0.39055392146110535,-0.019596418365836143,0.6282389760017395,0.4288923442363739,-0.03941624239087105,0.6639838218688965,0.48254379630088806,-0.049065086990594864,0.6841133236885071,0.5334776043891907,-0.05188225209712982
B,0.44410648941993713,0.5587233901023865,5.076611842014245e-07,0.5304319262504578,0.5865980386734009,0.012829354032874107,0.5944230556488037,0.5682529211044312,0.011051439680159092,0.648162841796875,0.5798893570899963,-0.002398288808763027,0.6905019283294678,0.5970798134803772,-0.013825901784002781,0.5550621151924133,0.3878985643386841,0.0410909466445446,0.6388404965400696,0.40458935499191284,0.018892519176006317,0.6768310070037842,0.46856778860092163,-0.004989911336451769,0.6863712072372437,0.5280587673187256,-0.018581915646791458,0.548008918762207,0.36602920293807983,0.020702656358480453,0.6565600633621216,0.3846427798271179,-0.0011011363239958882,0.6896845102310181,0.4619472622871399,-0.019154183566570282,0.6940391063690186,0.5245391130447388,-0.02750532142817974,0.5499997735023499,0.37064799666404724,-0.003371566766873002,0.6639401912689209,0.38493767380714417,-0.02396360971033573,0.6941890120506287,0.46181192994117737,-0.03126026690006256,0.6936138868331909,0.5242248177528381,-0.03114314004778862,0.5594964027404785,0.3970243036746979,-0.027940697968006134,0.6513054370880127,0.4391091465950012,-0.04187639430165291,0.6820640563964844,0.49544695019721985,-0.04349558427929878,0.6904829144477844,0.5431292653083801,-0.041353411972522736
B,0.4427947402000427,0.5604182481765747,2.0314456605774467e-07,0.5259490013122559,0.5843479037284851,0.015186060220003128,0.5894258618354797,0.5640788078308105,0.012968759983778,0.6438406109809875,0.5758177638053894,-0.001062913564965129,0.6875690221786499,0.5943071246147156,-0.012444306164979935,0.556114673614502,0.37480098009109497,0.03843003138899803,0.6498318314552307,0.3911122679710388,0.014558397233486176,0.6812653541564941,0.46604371070861816,-0.009346473030745983,0.6816900968551636,0.5326620936393738,-0.021502813324332237,0.553250253200531,0.35863196849823,0.017240632325410843,0.6642127633094788,0.3750717043876648,-0.0006250094738788903,0.6903337836265564,0.4556863009929657,-0.01463952474296093,0.6866469979286194,0.5196423530578613,-0.020811552181839943,0.5597370862960815,0.36927151679992676,-0.007576065603643656,0.6735262274742126,0.3808307349681854,-0.024488389492034912,0.697249174118042,0.4555920660495758,-0.029188968241214752,0.6913410425186157,0.5179674029350281,-0.027706647291779518,0.5748025178909302,0.4031032919883728,-0.032828785479068756,0.6673449873924255,0.43933045864105225,-0.04361612722277641,0.69478440284729,0.4971092939376831,-0.043516404926776886,0.699535071849823,0.5474988222122192,-0.04028772562742233
B,0.44028496742248535,0.5624830722808838,2.289352920570309e-07,0.5283315777778625,0.5852137804031372,0.01756967045366764,0.5911421775817871,0.5647024512290955,0.015439617447555065,0.6447378396987915,0.5742102265357971,0.0005382013041526079,0.6884492635726929,0.5940390229225159,-0.012426106259226799,0.5569140911102295,0.3761768937110901,0.03957001864910126,0.6497917771339417,0.38881075382232666,0.01602131873369217,0.6853529214859009,0.4594486355781555,-0.007995297200977802,0.6894614696502686,0.5253013968467712,-0.020306473597884178,0.5530067682266235,0.360235333442688,0.016845297068357468,0.6639007329940796,0.37354132533073425,-0.00024843390565365553,0.6956573128700256,0.4508325159549713,-0.015281163156032562,0.6952394247055054,0.5166187286376953,-0.022364417091012,0.5584562420845032,0.37086641788482666,-0.009062168188393116,0.6723383069038391,0.3838900923728943,-0.024526601657271385,0.7009345293045044,0.45788711309432983,-0.030214862897992134,0.6981440782546997,0.521159291267395,-0.02972428686916828,0.5727097392082214,0.404236376285553,-0.035201720893383026,0.6660253405570984,0.4395714998245239,-0.0432952418923378,0.694904088973999,0.49529048800468445,-0.04195079207420349,0.7001321911811829,0.5455241799354553,-0.038145311176776886
B,0.4625585079193115,0.5694255828857422,1.4281899041179713e-07,0.5319689512252808,0.5789793133735657,0.017045199871063232,0.5946947336196899,0.5565468072891235,0.015682881698012352,0.6517699956893921,0.5658773183822632,0.003232761984691024,0.6952176094055176,0.588607668876648,-0.006232832558453083,0.5698952674865723,0.361977756023407,0.04043848067522049,0.6738082766532898,0.3887619972229004,0.024589214473962784,0.6976174712181091,0.4583149552345276,0.008039472624659538,0.6893893480300903,0.5174190998077393,0.0005006029387004673,0.5764548778533936,0.35263803601264954,0.019723886623978615,0.6925604343414307,0.36770889163017273,0.01178637333214283,0.7143371105194092,0.43801170587539673,0.003254862269386649,0.7055149078369141,0.4980919063091278,-0.00022931600688025355,0.5911878347396851,0.3730009198188782,-0.0036470757331699133,0.7046968340873718,0.39057180285453796,-0.011074054054915905,0.7241338491439819,0.46371644735336304,-0.012278891168534756,0.7137051224708557,0.5221421122550964,-0.00989142432808876,0.614573061466217,0.41880854964256287,-0.027179693803191185,0.7040829062461853,0.44278591871261597,-0.027375221252441406,0.7224555015563965,0.4987654983997345,-0.02072996273636818,0.7170937061309814,0.547771155834198,-0.014273939654231071
B,0.47919702529907227,0.5836107730865479,1.7113140415858652e-07,0.5582810640335083,0.5864179730415344,0.014109543524682522,0.613990306854248,0.556586742401123,0.011046357452869415,0.6690407395362854,0.562720000743866,-0.003445844165980816,0.7149002552032471,0.5839347839355469,-0.01510121114552021,0.5755872130393982,0.3621000647544861,0.04205410182476044,0.6736046671867371,0.38455653190612793,0.02483094297349453,0.7022777199745178,0.45123788714408875,0.004665831103920937,0.7001515030860901,0.507658839225769,-0.0062959445640444756,0.5839360356330872,0.3536568582057953,0.022323336452245712,0.6998766660690308,0.371046245098114,0.011652199551463127,0.7233113050460815,0.4438318610191345,-0.0010452077258378267,0.716277539730072,0.5026382207870483,-0.007410204038023949,0.6017687916755676,0.37335628271102905,-0.0004236348031554371,0.7148046493530273,0.3957008123397827,-0.008693152107298374,0.7344406247138977,0.47032809257507324,-0.012314998544752598,0.7248642444610596,0.5280512571334839,-0.011749879457056522,0.6284783482551575,0.4164266586303711,-0.023814383894205093,0.7182968258857727,0.44994813203811646,-0.022948959842324257,0.7365565896034241,0.5030490756034851,-0.016962531954050064,0.7311155796051025,0.5481947660446167,-0.011519627645611763
B,0.48158320784568787,0.5841599702835083,1.4202014142483677e-07,0.5555595755577087,0.5805568695068359,0.02032330259680748,0.6075090169906616,0.5543703436851501,0.01905040256679058,0.658637285232544,0.5609065294265747,0.005816181655973196,0.7007541060447693,0.5774182081222534,-0.005579185672104359,0.5741062164306641,0.360645592212677,0.04154741019010544,0.6755895018577576,0.381489098072052,0.02417152188718319,0.7079732418060303,0.4519599974155426,0.004168450832366943,0.7088327407836914,0.5127778649330139,-0.006205843761563301,0.5836315155029297,0.3529375195503235,0.019510798156261444,0.7015568614006042,0.37073519825935364,0.010479814372956753,0.7281040549278259,0.4465785324573517,-0.0020417911000549793,0.722782552242279,0.5097336173057556,-0.008858191780745983,0.602083146572113,0.3731141686439514,-0.004583642818033695,0.7162315249443054,0.39937150478363037,-0.011952584609389305,0.7379862070083618,0.4764827489852905,-0.01640770025551319,0.7286221981048584,0.5364994406700134,-0.016516169533133507,0.628803014755249,0.4147733449935913,-0.02843123860657215,0.7178636789321899,0.4491191804409027,-0.026605887338519096,0.736160397529602,0.5042955875396729,-0.020610816776752472,0.7302885055541992,0.5514763593673706,-0.015127596445381641
B,0.472894549369812,0.5768795609474182,1.262130666646044e-07,0.5670509338378906,0.5951918363571167,0.02359762229025364,0.6307374835014343,0.566735029220581,0.027583947405219078,0.6827983260154724,0.5694011449813843,0.01914963684976101,0.7238278388977051,0.5790761113166809,0.012604715302586555,0.5924968719482422,0.3710459768772125,0.04880765825510025,0.6917043328285217,0.3907778263092041,0.03338963910937309,0.7296276688575745,0.45984259247779846,0.01453372836112976,0.7330930233001709,0.5250765085220337,0.0052447146736085415,0.5920079946517944,0.3587891757488251,0.026941072195768356,0.7071018218994141,0.3739384412765503,0.021061191335320473,0.7401045560836792,0.4500791132450104,0.011295411735773087,0.7393485307693481,0.5133868455886841,0.006419491954147816,0.6022658944129944,0.37562796473503113,0.0026905310805886984,0.7155540585517883,0.3914128541946411,-0.004446366801857948,0.7459863424301147,0.4651952385902405,-0.007812305819243193,0.7418853044509888,0.5268509984016418,-0.006963929161429405,0.6210806369781494,0.41349104046821594,-0.021190667524933815,0.7102421522140503,0.4494625926017761,-0.023020941764116287,0.7358518242835999,0.5054038166999817,-0.019680561497807503,0.7364171147346497,0.5559044480323792,-0.015164360404014587
B,0.4628838896751404,0.5685781836509705,2.3169104679254815e-07,0.5627833604812622,0.5869727730751038,0.025625692680478096,0.6313022971153259,0.5646529793739319,0.02499227225780487,0.6872128844261169,0.5708349943161011,0.009684372693300247,0.7353601455688477,0.5891862511634827,-0.004941547755151987,0.6019891500473022,0.3825228810310364,0.045292407274246216,0.6957279443740845,0.3967124819755554,0.019789928570389748,0.7362059354782104,0.459751695394516,-0.00634037097916007,0.7475202679634094,0.5231117010116577,-0.020775094628334045,0.592056155204773,0.3650584816932678,0.015406036749482155,0.7088808417320251,0.3838411271572113,-0.008817549794912338,0.7440705895423889,0.4633612334728241,-0.02922670729458332,0.7462007403373718,0.5324524641036987,-0.03848607838153839,0.5898737907409668,0.3739461898803711,-0.016709931194782257,0.7075325846672058,0.38294968008995056,-0.03914448246359825,0.7395519018173218,0.46418318152427673,-0.04624321684241295,0.740784227848053,0.5308545827865601,-0.045134395360946655,0.596008837223053,0.4055730700492859,-0.048031941056251526,0.6904862523078918,0.4355853796005249,-0.06211946904659271,0.7230570912361145,0.4905340075492859,-0.061174578964710236,0.7346422672271729,0.5381922125816345,-0.056397516280412674
B,0.4628814458847046,0.5693770051002502,2.0381226306653843e-07,0.5679877400398254,0.586044192314148,0.028690310195088387,0.6369112133979797,0.5639265775680542,0.02936646342277527,0.6939569711685181,0.5689388513565063,0.0149841895326972,0.7431109547615051,0.5875145792961121,0.0009728630539029837,0.6111980080604553,0.38791412115097046,0.047100719064474106,0.6993266344070435,0.4041663408279419,0.023347157984972,0.7368021011352539,0.46594053506851196,-0.001404059468768537,0.7469073534011841,0.5250942707061768,-0.015663938596844673,0.598477840423584,0.36812835931777954,0.015277579426765442,0.7135295867919922,0.392447292804718,-0.008908308111131191,0.7430288195610046,0.47128593921661377,-0.028181085363030434,0.7413539290428162,0.5358148813247681,-0.036501262336969376,0.5916358232498169,0.3759855329990387,-0.018603505566716194,0.7070615291595459,0.38546228408813477,-0.040828507393598557,0.7377038598060608,0.4640050232410431,-0.04669589176774025,0.7387085556983948,0.5276694297790527,-0.04501064121723175,0.5919222831726074,0.4076862931251526,-0.05152055621147156,0.6835888028144836,0.4301522970199585,-0.06687784194946289,0.7175924777984619,0.4845602214336395,-0.06604460626840591,0.7314662337303162,0.5328594446182251,-0.061323925852775574
B,0.46766892075538635,0.5755200386047363,2.2893495099651773e-07,0.5695996880531311,0.59086012840271,0.020651964470744133,0.6400861144065857,0.5684040188789368,0.017330478876829147,0.6980208158493042,0.5738607048988342,0.00044587207958102226,0.7485211491584778,0.5947747230529785,-0.01609029248356819,0.6214319467544556,0.4017642140388489,0.037340328097343445,0.7040535807609558,0.416465699672699,0.008265664801001549,0.7380029559135437,0.47998034954071045,-0.01991320215165615,0.7469140291213989,0.5376842021942139,-0.03611759468913078,0.6067571640014648,0.3794209361076355,0.00827471911907196,0.7161620855331421,0.4012407660484314,-0.022330692037940025,0.7460817694664001,0.48005491495132446,-0.045574821531772614,0.7456375360488892,0.5457842946052551,-0.05594191327691078,0.5946526527404785,0.3812754154205322,-0.023530004546046257,0.7057918310165405,0.3877253830432892,-0.05199752375483513,0.7378154993057251,0.4667789041996002,-0.062030330300331116,0.741156816482544,0.5326269865036011,-0.06211721524596214,0.5873825550079346,0.4061984419822693,-0.054746683686971664,0.6779037117958069,0.42912447452545166,-0.07469901442527771,0.7130392789840698,0.48227983713150024,-0.07717786729335785,0.7284485697746277,0.5299301147460938,-0.07445133477449417
B,0.46926677227020264,0.5711507797241211,2.859265180177317e-07,0.5698972940444946,0.5893327593803406,0.0209455918520689,0.6414285898208618,0.5694246888160706,0.01768236979842186,0.6992673873901367,0.5781374573707581,0.0007893441361375153,0.7488910555839539,0.6028347015380859,-0.01581411436200142,0.6240418553352356,0.40173035860061646,0.03848380222916603,0.7034827470779419,0.41337770223617554,0.01036054827272892,0.7387307286262512,0.4744231104850769,-0.017725640907883644,0.7496465444564819,0.531807005405426,-0.03428678587079048,0.609329104423523,0.3798471987247467,0.009294399991631508,0.7160476446151733,0.39879804849624634,-0.02062021568417549,0.7470501661300659,0.4746670424938202,-0.04407425969839096,0.7474889159202576,0.5394809246063232,-0.05477069318294525,0.5971757173538208,0.38111886382102966,-0.02258285880088806,0.7052679657936096,0.3869105577468872,-0.04920043796300888,0.73880934715271,0.46212145686149597,-0.05933716520667076,0.7428804636001587,0.5256150364875793,-0.06004893779754639,0.5895711779594421,0.4055214524269104,-0.05403967201709747,0.6783396005630493,0.430682897567749,-0.07282722741365433,0.7137005925178528,0.4836771786212921,-0.07551246881484985,0.7289876937866211,0.5315172672271729,-0.07316682487726212
B,0.4680706858634949,0.56742262840271,3.0042494358895055e-07,0.5675712823867798,0.5888327360153198,0.02355455979704857,0.6403250694274902,0.5679101347923279,0.023445280268788338,0.6978980302810669,0.5758944153785706,0.009434608742594719,0.7443525791168213,0.6008099317550659,-0.004136864095926285,0.6161842942237854,0.3907265067100525,0.043137479573488235,0.7020552158355713,0.40153735876083374,0.01792953908443451,0.7387715578079224,0.46605199575424194,-0.008549879305064678,0.7487192153930664,0.5246005654335022,-0.024069299921393394,0.6035783886909485,0.37159502506256104,0.013533358462154865,0.7155094742774963,0.38565582036972046,-0.01258213259279728,0.7482927441596985,0.46299251914024353,-0.03462701290845871,0.7479629516601562,0.5258157253265381,-0.04495803266763687,0.5954855680465698,0.37772080302238464,-0.018412122502923012,0.7059910297393799,0.3785836696624756,-0.04111328348517418,0.7412332892417908,0.4540688991546631,-0.050149619579315186,0.7437820434570312,0.5152908563613892,-0.05094299465417862,0.59327632188797,0.4066619873046875,-0.04987641051411629,0.6853742599487305,0.4259294867515564,-0.06519736349582672,0.7216247916221619,0.47965359687805176,-0.06609140336513519,0.7350023984909058,0.5274096727371216,-0.06322001665830612
B,0.46944573521614075,0.5600706338882446,2.2069519900469459e-07,0.5693607330322266,0.5825867056846619,0.029388876631855965,0.64044189453125,0.5584606528282166,0.03442041203379631,0.6975842118263245,0.567256510257721,0.02396172471344471,0.7406694293022156,0.5918065905570984,0.014254841022193432,0.6097331047058105,0.3827464282512665,0.05703859403729439,0.6968307495117188,0.3955264985561371,0.037700146436691284,0.7351751327514648,0.459475040435791,0.014740378595888615,0.7437295317649841,0.5198149085044861,0.0012621368514373899,0.600638210773468,0.36297494173049927,0.02649214118719101,0.7118229269981384,0.3787146508693695,0.006570952944457531,0.7445046901702881,0.456743448972702,-0.01202266663312912,0.743026852607727,0.5215780138969421,-0.020788859575986862,0.5984997153282166,0.3701064884662628,-0.006698709912598133,0.7126896381378174,0.374575674533844,-0.02435588464140892,0.7467694878578186,0.45077192783355713,-0.031571365892887115,0.7469161152839661,0.5147438049316406,-0.031918253749608994,0.6044137477874756,0.4006483256816864,-0.039322637021541595,0.6992015838623047,0.42334437370300293,-0.05112144723534584,0.7348478436470032,0.47866755723953247,-0.05126374587416649,0.7462204694747925,0.5296650528907776,-0.04849422350525856
B,0.4668325185775757,0.5591669678688049,2.3436469120952097e-07,0.567664623260498,0.5831652283668518,0.026871006935834885,0.6375226974487305,0.5629693269729614,0.027524791657924652,0.6947875618934631,0.5710296630859375,0.012671728618443012,0.7408484220504761,0.5961118340492249,-0.0014215840492397547,0.6080541610717773,0.3807207942008972,0.05135912820696831,0.6997446417808533,0.39582470059394836,0.028606301173567772,0.7375649809837341,0.4622272253036499,0.004168397281318903,0.7449702620506287,0.5237817168235779,-0.009664447046816349,0.5986136198043823,0.3616652488708496,0.0207366980612278,0.7139840126037598,0.38264355063438416,-0.0011648422805592418,0.745566725730896,0.46329158544540405,-0.019867703318595886,0.7432004809379578,0.5289265513420105,-0.02847348339855671,0.5967438220977783,0.3695276975631714,-0.01268345583230257,0.7131078243255615,0.3803352117538452,-0.0314505435526371,0.7451657652854919,0.4593227207660675,-0.03748414292931557,0.7442898750305176,0.5245840549468994,-0.036757491528987885,0.6032182574272156,0.40148723125457764,-0.045788347721099854,0.6981996893882751,0.4259818196296692,-0.057059336453676224,0.7329326272010803,0.4816841781139374,-0.05598228797316551,0.7441117763519287,0.5330032706260681,-0.05218738317489624
B,0.47927364706993103,0.5501011610031128,4.12742508615338e-07,0.5756268501281738,0.579736590385437,0.028517967090010643,0.6425392031669617,0.5586328506469727,0.03271292522549629,0.699097752571106,0.5697692632675171,0.021346990019083023,0.741797685623169,0.5961881875991821,0.010758137330412865,0.6096647381782532,0.3605623245239258,0.061460673809051514,0.705994725227356,0.37807565927505493,0.052260491997003555,0.7476517558097839,0.4381150007247925,0.0377679243683815,0.7567468881607056,0.4968603849411011,0.02997160144150257,0.6079262495040894,0.3453841805458069,0.03530820459127426,0.7228900194168091,0.3656851649284363,0.03110635094344616,0.7591428160667419,0.4375303387641907,0.020730512216687202,0.7625607252120972,0.5027961134910583,0.015593551099300385,0.6164824962615967,0.36040693521499634,0.007011830806732178,0.7314214706420898,0.3913252651691437,0.005386220756918192,0.7638027667999268,0.46210384368896484,0.0023664734326303005,0.7629109621047974,0.523160994052887,0.0023469661828130484,0.6355183124542236,0.4008031189441681,-0.021286997944116592,0.7289947867393494,0.43533843755722046,-0.014575615525245667,0.7580353021621704,0.48761072754859924,-0.007605594117194414,0.7619143128395081,0.5374132394790649,-0.002061935141682625
B,0.5064462423324585,0.5487021207809448,3.773315881971939e-07,0.5945988893508911,0.5729814171791077,0.028987975791096687,0.6533554196357727,0.5528705716133118,0.035259392112493515,0.7101172208786011,0.5617647767066956,0.02676832117140293,0.7566648125648499,0.5825777053833008,0.01921406388282776,0.6182652115821838,0.35165002942085266,0.0684909075498581,0.7103146910667419,0.37965264916419983,0.06418663263320923,0.7521909475326538,0.4397035837173462,0.04997633025050163,0.7665932178497314,0.4961813688278198,0.04109879583120346,0.6240490078926086,0.3374887704849243,0.044578030705451965,0.7346647381782532,0.3594413697719574,0.04624704271554947,0.768519401550293,0.4258648753166199,0.035321950912475586,0.7746943235397339,0.48787787556648254,0.028448976576328278,0.640126645565033,0.3552693724632263,0.018627217039465904,0.7494755387306213,0.3866015374660492,0.0214811023324728,0.777519166469574,0.45525598526000977,0.01801673322916031,0.7775070667266846,0.5160172581672668,0.016751009970903397,0.665615439414978,0.39810919761657715,-0.007157943211495876,0.7521994113922119,0.4371517300605774,0.002973435213789344,0.7764855027198792,0.48730963468551636,0.010517828166484833,0.7787977457046509,0.535641074180603,0.015940824523568153
B,0.5170344114303589,0.5415222644805908,3.3258405096603383e-07,0.6087074279785156,0.5691143274307251,0.02546241506934166,0.665656566619873,0.5490847826004028,0.027592448517680168,0.7207237482070923,0.5578632354736328,0.01579812914133072,0.7640371322631836,0.5798057317733765,0.0051023708656430244,0.6240838170051575,0.35193008184432983,0.05780424177646637,0.7128522396087646,0.3755171000957489,0.04833630472421646,0.7520179748535156,0.43494170904159546,0.03142843768000603,0.7623631954193115,0.49069923162460327,0.021198377013206482,0.6287112236022949,0.3376673460006714,0.0343555249273777,0.7382663488388062,0.36123228073120117,0.03272604942321777,0.7698105573654175,0.42800965905189514,0.022234657779335976,0.7727832794189453,0.48531317710876465,0.015677735209465027,0.6433202028274536,0.3541829586029053,0.008793448098003864,0.7531972527503967,0.38550543785095215,0.008925391361117363,0.778710663318634,0.45124727487564087,0.006755562499165535,0.7769988775253296,0.5064043998718262,0.006306014023721218,0.6674423217773438,0.395112544298172,-0.016829313710331917,0.7552423477172852,0.4409002363681793,-0.00885262805968523,0.7803560495376587,0.489309698343277,-0.0015781087568029761,0.7847206592559814,0.533320963382721,0.0036096747498959303
B,0.5215161442756653,0.5428892374038696,2.8340107860458374e-07,0.6083424687385559,0.5672499537467957,0.025275452062487602,0.663632869720459,0.5465563535690308,0.028134314343333244,0.7163166999816895,0.5583091974258423,0.01744137704372406,0.7601472735404968,0.5811170339584351,0.007533547002822161,0.621553361415863,0.35095885396003723,0.054763905704021454,0.704635739326477,0.37401366233825684,0.04404010996222496,0.7421099543571472,0.4337371289730072,0.026203179731965065,0.7511276602745056,0.48816370964050293,0.015284741297364235,0.6272409558296204,0.3379274904727936,0.03128870204091072,0.7327289581298828,0.36248481273651123,0.027095265686511993,0.7677161693572998,0.432281494140625,0.014374086633324623,0.7714810967445374,0.49286574125289917,0.006353271659463644,0.6427072882652283,0.35469692945480347,0.005875572562217712,0.749765157699585,0.38853147625923157,0.002420187694951892,0.77927565574646,0.45764124393463135,-0.0027101640589535236,0.7789885401725769,0.5157274603843689,-0.004545269533991814,0.6675443649291992,0.39377203583717346,-0.01924324408173561,0.753698468208313,0.43921056389808655,-0.01501655112951994,0.779937744140625,0.489494264125824,-0.010289947502315044,0.7845561504364014,0.5353260636329651,-0.0065289451740682125
B,0.5197006464004517,0.5411483645439148,2.1996469001805963e-07,0.6061122417449951,0.5719221830368042,0.02358456887304783,0.6659058332443237,0.5493475198745728,0.027038291096687317,0.7182163000106812,0.562160849571228,0.017124924808740616,0.7617349624633789,0.5804798603057861,0.008342527784407139,0.6328584551811218,0.354880690574646,0.05337255075573921,0.7174351215362549,0.3742562532424927,0.0402907133102417,0.7535340785980225,0.43650874495506287,0.022051624953746796,0.7598891258239746,0.498365193605423,0.01218385063111782,0.6359207630157471,0.34173595905303955,0.03012208826839924,0.7409844398498535,0.3703703284263611,0.02391393855214119,0.7723104953765869,0.4448852241039276,0.012342779897153378,0.772882878780365,0.5106121301651001,0.006522640585899353,0.6480385661125183,0.35750436782836914,0.00443618418648839,0.7551590800285339,0.39088714122772217,-0.0020622718147933483,0.7815980911254883,0.4640038311481476,-0.004244066309183836,0.7782554626464844,0.5268402695655823,-0.0022764927707612514,0.6674832701683044,0.3963790535926819,-0.021297382190823555,0.7533153891563416,0.4403434097766876,-0.022466517984867096,0.7816511988639832,0.4933890104293823,-0.0182602908462286,0.788550615310669,0.5430549383163452,-0.012797128409147263
B,0.5094121694564819,0.5513781309127808,3.043016931769671e-07,0.6024076342582703,0.576260507106781,0.023121757432818413,0.6668079495429993,0.5517125129699707,0.026503724977374077,0.7213811874389648,0.5630953311920166,0.016573654487729073,0.7642498016357422,0.5850716829299927,0.008409795351326466,0.6311098337173462,0.35914745926856995,0.05168432369828224,0.7217951416969299,0.37941837310791016,0.033430375158786774,0.7608485817909241,0.4463663101196289,0.011029970832169056,0.7688625454902649,0.5110560655593872,-0.0015465982723981142,0.6297881603240967,0.34642544388771057,0.026370497420430183,0.7429155111312866,0.3716481328010559,0.012485171668231487,0.7773504257202148,0.4499739110469818,-0.0032259528525173664,0.7791747450828552,0.5174270272254944,-0.01109135802835226,0.6373347043991089,0.36055949330329895,-0.0016942225629463792,0.7527268528938293,0.3928144574165344,-0.013205678202211857,0.7819654941558838,0.46845224499702454,-0.017561081796884537,0.7794981598854065,0.5298402905464172,-0.01673812046647072,0.651586651802063,0.398112952709198,-0.029940389096736908,0.7458181977272034,0.44206443428993225,-0.03455372154712677,0.7755052447319031,0.49612969160079956,-0.031416866928339005,0.7823863625526428,0.5438696146011353,-0.026707373559474945
B,0.508538544178009,0.5821467041969299,2.1951802864350611e-07,0.6017552018165588,0.5882098078727722,0.025517599657177925,0.6703052520751953,0.5593414902687073,0.024747977033257484,0.7257156372070312,0.5661634802818298,0.009639211930334568,0.7709043025970459,0.5900929570198059,-0.004664329346269369,0.6342790126800537,0.3832203149795532,0.03921999782323837,0.7271718382835388,0.39492714405059814,0.010817371308803558,0.7653327584266663,0.46170613169670105,-0.015855582430958748,0.7752354741096497,0.526729941368103,-0.030402900651097298,0.6228970885276794,0.36702650785446167,0.008358366787433624,0.7402099370956421,0.3838573694229126,-0.019262589514255524,0.7748411893844604,0.466968834400177,-0.03853577375411987,0.7761209011077881,0.5362105369567871,-0.046471476554870605,0.6195870041847229,0.37798118591308594,-0.024952152743935585,0.7370551824569702,0.3799128830432892,-0.05033881217241287,0.7706950902938843,0.4620668888092041,-0.056722242385149,0.7728742957115173,0.5295758843421936,-0.05475384742021561,0.6239503026008606,0.41337400674819946,-0.057486534118652344,0.7213711142539978,0.43582987785339355,-0.07454202324151993,0.7560279965400696,0.49198684096336365,-0.07475011050701141,0.7675430774688721,0.541414737701416,-0.07085538655519485
B,0.5047990679740906,0.5823575854301453,1.7319109701929847e-07,0.6039444208145142,0.5889229774475098,0.025908805429935455,0.6718950867652893,0.5611037015914917,0.025219442322850227,0.7277001738548279,0.5683466792106628,0.010570244863629341,0.7730098366737366,0.5887717604637146,-0.003345195669680834,0.6360478401184082,0.3824487030506134,0.037230234593153,0.7285724878311157,0.39575275778770447,0.009747957810759544,0.7669181823730469,0.4615653157234192,-0.01642492040991783,0.7777692079544067,0.5250183343887329,-0.030971186235547066,0.6234973073005676,0.36613065004348755,0.006760184653103352,0.7398667335510254,0.3867139220237732,-0.019217748194932938,0.7736896276473999,0.46910443902015686,-0.03746529668569565,0.7754219770431519,0.537635862827301,-0.04519648104906082,0.6193375587463379,0.37809592485427856,-0.025790894404053688,0.7350432276725769,0.3850337862968445,-0.04996079206466675,0.7682291865348816,0.4661112129688263,-0.05608564242720604,0.7713053822517395,0.5331612825393677,-0.054311834275722504,0.6242155432701111,0.414381742477417,-0.05745065584778786,0.7192803621292114,0.4355427920818329,-0.0739806741476059,0.7532302737236023,0.4911099374294281,-0.07385554164648056,0.7658470869064331,0.5416337251663208,-0.06965471059083939
B,0.5055412650108337,0.5896982550621033,1.4626625954861083e-07,0.6036756038665771,0.5952938199043274,0.020523646846413612,0.674052357673645,0.5669379234313965,0.014561370015144348,0.7302844524383545,0.5705801844596863,-0.0039413017220795155,0.7759814858436584,0.5903021097183228,-0.022113146260380745,0.6410771012306213,0.3899209201335907,0.02356545440852642,0.7323471307754517,0.40709027647972107,-0.009395010769367218,0.7677440047264099,0.47710683941841125,-0.03926027938723564,0.775946855545044,0.5414077639579773,-0.05620753765106201,0.6255199909210205,0.3760142922401428,-0.006536989472806454,0.7428959012031555,0.3963632583618164,-0.03967336565256119,0.774799644947052,0.480884313583374,-0.062357835471630096,0.7734247446060181,0.5500422120094299,-0.07238106429576874,0.6166955828666687,0.3898431360721588,-0.038406483829021454,0.7289063930511475,0.3889634907245636,-0.06809332966804504,0.7645806074142456,0.46957868337631226,-0.0767761692404747,0.7690204977989197,0.5356892943382263,-0.07626239955425262,0.6153072118759155,0.42781203985214233,-0.06930430978536606,0.7070192694664001,0.4405243694782257,-0.08943555504083633,0.7440493106842041,0.4915909767150879,-0.09039606899023056,0.758739173412323,0.5380660891532898,-0.08702391386032104
B,0.5080006122589111,0.6063130497932434,1.7031851484716753e-07,0.6064699292182922,0.6074360013008118,0.015908123925328255,0.6742092967033386,0.577358603477478,0.0064701964147388935,0.7262017130851746,0.5732071399688721,-0.014553057961165905,0.7698003649711609,0.5921100974082947,-0.035425327718257904,0.6457403302192688,0.40058988332748413,0.013402258045971394,0.7343727350234985,0.41922807693481445,-0.023112252354621887,0.7685279846191406,0.49288809299468994,-0.05488007888197899,0.7774884700775146,0.5566496849060059,-0.07330495864152908,0.6280114054679871,0.38472992181777954,-0.015800008550286293,0.7430903911590576,0.409738153219223,-0.05130353197455406,0.7730264663696289,0.49680426716804504,-0.07468825578689575,0.7708469033241272,0.5639088749885559,-0.08540286123752594,0.6146501302719116,0.39882147312164307,-0.046780556440353394,0.7261273860931396,0.4000717103481293,-0.07923439890146255,0.7582646012306213,0.4830493927001953,-0.08764339983463287,0.7613784074783325,0.548450767993927,-0.08692517131567001,0.6063603162765503,0.43954867124557495,-0.07703855633735657,0.6957641839981079,0.45836976170539856,-0.0994415283203125,0.7323710322380066,0.5114666223526001,-0.10051649808883667,0.7475857138633728,0.5576676726341248,-0.09712601453065872
B,0.5086084008216858,0.6041938662528992,1.3263809250929626e-07,0.6077084541320801,0.6057662963867188,0.020240088924765587,0.6741536855697632,0.5772937536239624,0.01255723088979721,0.7259519696235657,0.5735758543014526,-0.007456878200173378,0.7720136046409607,0.5899953842163086,-0.027896806597709656,0.6493275165557861,0.4079936146736145,0.01641126535832882,0.7360485792160034,0.4245154857635498,-0.016901716589927673,0.7698861956596375,0.49434900283813477,-0.04615972936153412,0.7799414396286011,0.5547956228256226,-0.06335745751857758,0.6305015683174133,0.39324119687080383,-0.01441579032689333,0.7442049980163574,0.4125514030456543,-0.04763608053326607,0.7754132151603699,0.4962974190711975,-0.06949692219495773,0.7740973830223083,0.561531126499176,-0.07968837022781372,0.615642786026001,0.4058917462825775,-0.04648071900010109,0.7252628803253174,0.4035099148750305,-0.07687753438949585,0.7600193619728088,0.4859177768230438,-0.08407870680093765,0.7640905380249023,0.5509359240531921,-0.08300483971834183,0.6064428687095642,0.4431697726249695,-0.07741782069206238,0.6944757699966431,0.45303109288215637,-0.09858767688274384,0.7316671013832092,0.5041313767433167,-0.09873287379741669,0.7463954091072083,0.5497891306877136,-0.09492481499910355
B,0.5115350484848022,0.603847086429596,1.567260028423334e-07,0.6096436381340027,0.6067535877227783,0.019049284979701042,0.6761693954467773,0.5762137770652771,0.011706443503499031,0.7286046743392944,0.5727895498275757,-0.007716991472989321,0.774642288684845,0.5913277864456177,-0.02735486440360546,0.6495018005371094,0.406084805727005,0.016321396455168724,0.7372413873672485,0.4245654046535492,-0.017617788165807724,0.7705882787704468,0.4948289394378662,-0.046906497329473495,0.7790693640708923,0.5547165870666504,-0.06391284614801407,0.6306028366088867,0.3920045495033264,-0.013907907530665398,0.7451565861701965,0.41258731484413147,-0.048804279416799545,0.7759250402450562,0.4968763291835785,-0.07105473428964615,0.7738761305809021,0.5619714856147766,-0.08093667775392532,0.6157958507537842,0.40459704399108887,-0.045583706349134445,0.7260295748710632,0.4031587839126587,-0.07739192247390747,0.7600839734077454,0.4865652620792389,-0.08478458225727081,0.7633756399154663,0.5512512922286987,-0.08335163444280624,0.6061283946037292,0.4417014420032501,-0.07620356976985931,0.6940788626670837,0.4523622989654541,-0.09858346730470657,0.7313125729560852,0.5040178894996643,-0.09918967634439468,0.7461339235305786,0.549564778804779,-0.09543575346469879
B,0.5127531290054321,0.6021667122840881,1.4677920034955605e-07,0.6106389164924622,0.6056965589523315,0.02010246552526951,0.6778472661972046,0.5768217444419861,0.012737899087369442,0.7299816608428955,0.5739198923110962,-0.006894036196172237,0.7749177813529968,0.5910181999206543,-0.02709457091987133,0.651684045791626,0.4064132273197174,0.01541473064571619,0.7392410039901733,0.42614975571632385,-0.018261978402733803,0.7730996012687683,0.4973158538341522,-0.047518290579319,0.7830613851547241,0.5572423934936523,-0.06471341103315353,0.6322385668754578,0.39187970757484436,-0.015555192716419697,0.7465200424194336,0.4149073660373688,-0.05039152130484581,0.7782982587814331,0.5002691745758057,-0.0728694349527359,0.7768876552581787,0.5665169358253479,-0.0831284299492836,0.6169362664222717,0.4044456481933594,-0.04771866649389267,0.7264845371246338,0.40464550256729126,-0.07968134433031082,0.7619944214820862,0.48858752846717834,-0.08752789348363876,0.7660813927650452,0.5540914535522461,-0.08650016784667969,0.6073027849197388,0.4412830173969269,-0.07869092375040054,0.6959850192070007,0.450974702835083,-0.10120704770088196,0.7337048053741455,0.503118097782135,-0.10188238322734833,0.7483248710632324,0.5497632026672363,-0.09825396537780762
B,0.5177428722381592,0.6026763319969177,1.8615422447965102e-07,0.6135278344154358,0.6049013137817383,0.015047124586999416,0.6802071928977966,0.5780734419822693,0.004064479842782021,0.7325840592384338,0.5754984021186829,-0.01794428564608097,0.7804834842681885,0.5951282978057861,-0.04015987738966942,0.6579457521438599,0.40840908885002136,0.00796949490904808,0.7441460490226746,0.42615628242492676,-0.026441732421517372,0.776820719242096,0.4981742203235626,-0.055430781096220016,0.7870503067970276,0.5579692125320435,-0.07246440649032593,0.6378239989280701,0.39361506700515747,-0.020378166809678078,0.7514013051986694,0.4165555238723755,-0.05562116578221321,0.7813754081726074,0.5026512145996094,-0.07742121070623398,0.7796816229820251,0.5678797960281372,-0.08741272240877151,0.6215428709983826,0.4056320786476135,-0.050030242651700974,0.7308857440948486,0.4063502252101898,-0.08226580917835236,0.7650303840637207,0.4901811480522156,-0.08977147936820984,0.7694729566574097,0.5559443235397339,-0.08872804790735245,0.6105216145515442,0.4419170320034027,-0.07878346741199493,0.6970005631446838,0.45294588804244995,-0.10125020146369934,0.7347940802574158,0.5025843381881714,-0.10225457698106766,0.7510136365890503,0.5470972657203674,-0.09899113327264786
B,0.5188327431678772,0.5981639623641968,1.403177947167933e-07,0.6155255436897278,0.6039564609527588,0.020680934190750122,0.6825940012931824,0.5778729319572449,0.013470425270497799,0.7339603900909424,0.5759589672088623,-0.005983665119856596,0.7790544033050537,0.5931711792945862,-0.025774968788027763,0.6556420922279358,0.4052795171737671,0.017037684097886086,0.7407055497169495,0.4215618371963501,-0.015716318041086197,0.7734773755073547,0.49051186442375183,-0.04404781013727188,0.7820752859115601,0.5501507520675659,-0.06043369695544243,0.6371925473213196,0.39226454496383667,-0.013822492212057114,0.7523930072784424,0.4144788682460785,-0.0475681871175766,0.780724287033081,0.49694710969924927,-0.06871576607227325,0.7771511077880859,0.559943437576294,-0.07811086624860764,0.6234721541404724,0.4051804542541504,-0.045971449464559555,0.7340555191040039,0.40591180324554443,-0.07670159637928009,0.7671745419502258,0.4874649941921234,-0.0834445208311081,0.7700291275978088,0.5507164597511292,-0.08195964992046356,0.6150940656661987,0.4413403868675232,-0.07692521065473557,0.7022308707237244,0.45102691650390625,-0.0988268256187439,0.7395932674407959,0.5010894536972046,-0.09946654736995697,0.7554337978363037,0.5455194115638733,-0.09593857079744339
B,0.520729660987854,0.5967193245887756,1.0604303923855696e-07,0.6173722147941589,0.6053864359855652,0.020554274320602417,0.6862131357192993,0.5791176557540894,0.014454887248575687,0.7406971454620361,0.581571102142334,-0.004207427613437176,0.7859390377998352,0.6017740368843079,-0.023303227499127388,0.6608609557151794,0.4126339852809906,0.019667064771056175,0.7464226484298706,0.42967554926872253,-0.011404778808355331,0.7768160104751587,0.5007354021072388,-0.03820960223674774,0.7834292650222778,0.558742880821228,-0.053865958005189896,0.6428666710853577,0.39622965455055237,-0.010187167674303055,0.7548712491989136,0.41690993309020996,-0.041412971913814545,0.7818565368652344,0.501258909702301,-0.06074091047048569,0.7776904106140137,0.5640496015548706,-0.06938901543617249,0.6291987895965576,0.4047778248786926,-0.041679348796606064,0.7381991744041443,0.4045562148094177,-0.07087201625108719,0.7687128782272339,0.4871227741241455,-0.07741571217775345,0.7698129415512085,0.5509663224220276,-0.07612423598766327,0.6216301321983337,0.4365825057029724,-0.07212509959936142,0.708136260509491,0.4472498297691345,-0.09401845186948776,0.7437703609466553,0.4994281828403473,-0.09578416496515274,0.7577751278877258,0.5459342002868652,-0.09323324263095856
B,0.5185626149177551,0.5917094349861145,1.6727662455195969e-07,0.6098893284797668,0.6037825345993042,0.01754944585263729,0.6803768873214722,0.5772165060043335,0.016203375533223152,0.7355493903160095,0.5806990265846252,0.002528582466766238,0.7806824445724487,0.6016342639923096,-0.01054663397371769,0.6615069508552551,0.42072731256484985,0.03656227886676788,0.7408329844474792,0.42122331261634827,0.00939713791012764,0.7735654711723328,0.4864966571331024,-0.017259687185287476,0.7802526950836182,0.5428237915039062,-0.03232492879033089,0.6468319296836853,0.40095674991607666,0.011131776496767998,0.7464898824691772,0.4049217402935028,-0.017363687977194786,0.7795140743255615,0.4844348728656769,-0.04001994431018829,0.7807260751724243,0.5496956706047058,-0.05031920224428177,0.6359635591506958,0.40143242478370667,-0.017298366874456406,0.7367934584617615,0.3975837528705597,-0.043063223361968994,0.7720491290092468,0.4720768332481384,-0.05452166870236397,0.7762107253074646,0.5360621213912964,-0.0561375766992569,0.6298252940177917,0.4214378893375397,-0.04551810026168823,0.7146933674812317,0.4361475706100464,-0.06493214517831802,0.7515659928321838,0.48708751797676086,-0.07051892578601837,0.7668254971504211,0.5354893207550049,-0.0703662782907486
B,0.5168574452400208,0.5662117004394531,8.575018739520601e-08,0.6057153940200806,0.5885105133056641,0.01938682422041893,0.6779468655586243,0.5705240964889526,0.023305093869566917,0.734043300151825,0.5803656578063965,0.013869570568203926,0.7763568758964539,0.6050004363059998,0.004650427959859371,0.6768914461135864,0.44801732897758484,0.05094899609684944,0.741392970085144,0.41984522342681885,0.03162867948412895,0.7699114084243774,0.47196438908576965,0.009575320407748222,0.7727903127670288,0.5243803858757019,-0.002855008002370596,0.6679702401161194,0.42569318413734436,0.027016017585992813,0.746776819229126,0.39122438430786133,0.005023197270929813,0.7745935916900635,0.4576580822467804,-0.017233822494745255,0.7696542739868164,0.5185546875,-0.02794925682246685,0.6558847427368164,0.4111669063568115,-0.0006798722897656262,0.7403412461280823,0.38099396228790283,-0.023852819576859474,0.7700451016426086,0.45074981451034546,-0.03920359164476395,0.7665261626243591,0.5146051049232483,-0.04335815832018852,0.6436271071434021,0.40742138028144836,-0.027816275134682655,0.7205590009689331,0.40929797291755676,-0.04674742743372917,0.7530978322029114,0.462171345949173,-0.05587524175643921,0.7602797150611877,0.515080451965332,-0.05858567729592323
B,0.5181459188461304,0.5421173572540283,1.0821656104553767e-07,0.6044149398803711,0.5753200054168701,0.02332935854792595,0.6734016537666321,0.5643752217292786,0.02874106355011463,0.729254961013794,0.5769610404968262,0.01918930746614933,0.7711755037307739,0.6119239926338196,0.009208901785314083,0.6787036061286926,0.45194724202156067,0.06023852154612541,0.7432450652122498,0.42273807525634766,0.045322760939598083,0.7659702897071838,0.47135406732559204,0.025679005309939384,0.7657896876335144,0.5167278051376343,0.013871884904801846,0.6742139458656311,0.42927733063697815,0.03349224105477333,0.7512376308441162,0.3867061138153076,0.011262130923569202,0.7746201753616333,0.45297321677207947,-0.012748468667268753,0.7641660571098328,0.5142867565155029,-0.02420019917190075,0.6654603481292725,0.41081762313842773,0.0030865659937262535,0.7476298809051514,0.3677099347114563,-0.019413961097598076,0.7724820971488953,0.43964046239852905,-0.03602469712495804,0.7627134323120117,0.5052714347839355,-0.04101957008242607,0.6561846733093262,0.4008861184120178,-0.02650090865790844,0.7307227849960327,0.39187613129615784,-0.043452102690935135,0.7592443227767944,0.4471513628959656,-0.05191127583384514,0.7607830166816711,0.5021724700927734,-0.05482756346464157
B,0.516065239906311,0.5458290576934814,1.6832498772600957e-07,0.6014971137046814,0.581119179725647,0.027268685400485992,0.6713683009147644,0.5654922723770142,0.033907581120729446,0.728710949420929,0.5754269957542419,0.023876463994383812,0.77104651927948,0.6121334433555603,0.012960562482476234,0.6747871041297913,0.45193707942962646,0.068613201379776,0.7405508160591125,0.4235674738883972,0.053664810955524445,0.7652119398117065,0.4699327349662781,0.03300389274954796,0.7649171352386475,0.513390064239502,0.020571133121848106,0.6716259121894836,0.4301091134548187,0.03910325840115547,0.7487983703613281,0.38921719789505005,0.015594136901199818,0.7734600901603699,0.4562546908855438,-0.011021718382835388,0.7620512843132019,0.5193928480148315,-0.023858901113271713,0.6645697951316833,0.4109725058078766,0.0058642104268074036,0.747713565826416,0.3670722544193268,-0.015723835676908493,0.7726956009864807,0.44155094027519226,-0.033268775790929794,0.7615206241607666,0.5098662972450256,-0.0390322282910347,0.656633734703064,0.4007037878036499,-0.026538359001278877,0.7322891354560852,0.39094823598861694,-0.04130963236093521,0.7606744766235352,0.44643959403038025,-0.04936389997601509,0.760602593421936,0.5032529234886169,-0.05232612416148186
B,0.5158873200416565,0.5070791244506836,1.4764557931812305e-07,0.5982128977775574,0.5599702596664429,0.028892889618873596,0.6723001599311829,0.5570037364959717,0.04025169461965561,0.7297184467315674,0.5712084770202637,0.03532607853412628,0.7691547870635986,0.6095272898674011,0.027717869728803635,0.6930007934570312,0.47736790776252747,0.07033441215753555,0.7536842226982117,0.48216065764427185,0.06356745213270187,0.7782730460166931,0.5286133885383606,0.047644589096307755,0.7848869562149048,0.5712448954582214,0.03549419343471527,0.6933090686798096,0.4408420920372009,0.041676949709653854,0.7635561227798462,0.424214243888855,0.025902140885591507,0.7883198857307434,0.48308876156806946,0.0020710378885269165,0.7837076187133789,0.5444797277450562,-0.011593007482588291,0.687664806842804,0.4037765562534332,0.009821144863963127,0.7588195204734802,0.373467355966568,-0.007159009575843811,0.7803099751472473,0.43443435430526733,-0.02560322917997837,0.7744702100753784,0.4959660768508911,-0.03477407619357109,0.6786323189735413,0.37288379669189453,-0.021153010427951813,0.7417187094688416,0.3598730266094208,-0.03598232939839363,0.7612699270248413,0.4105072617530823,-0.04553796723484993,0.7577967643737793,0.47020387649536133,-0.050824761390686035
B,0.5236737728118896,0.4889911413192749,2.8448798161662125e-07,0.5968135595321655,0.5486271381378174,0.023251166567206383,0.6704495549201965,0.5485227108001709,0.030886707827448845,0.729132354259491,0.568170428276062,0.022326407954096794,0.7717196941375732,0.6104767322540283,0.010981084778904915,0.6945641040802002,0.47001031041145325,0.06626378744840622,0.7545633316040039,0.48004597425460815,0.053824201226234436,0.7746737003326416,0.5323175191879272,0.03390050306916237,0.7789561748504639,0.5800099968910217,0.01953979581594467,0.6983235478401184,0.43791642785072327,0.037741776555776596,0.7705358266830444,0.4288955628871918,0.01604938693344593,0.7926235795021057,0.4950367212295532,-0.011612992733716965,0.7860268950462341,0.560434103012085,-0.02687123604118824,0.6947433948516846,0.40117964148521423,0.005184563808143139,0.7728701233863831,0.37978312373161316,-0.01644892245531082,0.7880144119262695,0.4498822093009949,-0.03586079925298691,0.7778942584991455,0.5171230435371399,-0.044572558254003525,0.6856067180633545,0.3678678572177887,-0.027171071618795395,0.7507081031799316,0.3589855134487152,-0.04564972221851349,0.7663208246231079,0.4157730042934418,-0.055926933884620667,0.7581391334533691,0.47978949546813965,-0.06087452918291092
B,0.5260590314865112,0.49030664563179016,2.684971036615025e-07,0.595796525478363,0.5486125349998474,0.016381533816456795,0.6727938055992126,0.5494226217269897,0.02330167591571808,0.7328045964241028,0.5665443539619446,0.016198404133319855,0.7743041515350342,0.6062078475952148,0.006996093783527613,0.6988670825958252,0.47414395213127136,0.05788733810186386,0.7571278214454651,0.4872882664203644,0.04342173412442207,0.7767468690872192,0.5423635244369507,0.022732267156243324,0.7792961597442627,0.5924512147903442,0.008175676688551903,0.7023796439170837,0.4411390721797943,0.033856797963380814,0.7715553045272827,0.43485620617866516,0.010433347895741463,0.7898754477500916,0.5000250935554504,-0.017341136932373047,0.7808113694190979,0.5634952187538147,-0.032462283968925476,0.699117124080658,0.4038611650466919,0.005514855962246656,0.7747116684913635,0.38445475697517395,-0.018046248704195023,0.7883684635162354,0.4497922658920288,-0.03809492662549019,0.7765393257141113,0.5132143497467041,-0.04695333167910576,0.6901065707206726,0.368998646736145,-0.02311241813004017,0.7536946535110474,0.36105987429618835,-0.04396558925509453,0.768958330154419,0.4149552583694458,-0.05584213137626648,0.7597507238388062,0.47748544812202454,-0.061462514102458954
B,0.5278459787368774,0.4888593852519989,2.560749976510124e-07,0.5958154201507568,0.5475586652755737,0.016720077022910118,0.6726589202880859,0.5487440228462219,0.023920973762869835,0.7320964336395264,0.5653895139694214,0.017257610335946083,0.7731924653053284,0.6047740578651428,0.008640380576252937,0.6991813778877258,0.4729824364185333,0.05715737119317055,0.7568210959434509,0.48368194699287415,0.043133899569511414,0.7766247391700745,0.5365173816680908,0.023208443075418472,0.7789821028709412,0.5853773355484009,0.009139998815953732,0.7025797963142395,0.4395869970321655,0.032996766269207,0.7725301384925842,0.4287620186805725,0.010049567557871342,0.7908487319946289,0.4909904897212982,-0.016953563317656517,0.7815311551094055,0.552661120891571,-0.031690191477537155,0.6988878846168518,0.4026530683040619,0.004581919871270657,0.7752649188041687,0.38082265853881836,-0.019587598741054535,0.788139820098877,0.44484785199165344,-0.039814651012420654,0.7754748463630676,0.5075076818466187,-0.04871944338083267,0.6894955635070801,0.36892247200012207,-0.02390962652862072,0.7532987594604492,0.3610718250274658,-0.0455712229013443,0.7680474519729614,0.41532063484191895,-0.05803007632493973,0.7580534815788269,0.4782242178916931,-0.06407298892736435
B,0.5300085544586182,0.4884461760520935,2.8488236125667754e-07,0.599198043346405,0.5464820861816406,0.014807631261646748,0.6761325597763062,0.5468659400939941,0.02152085490524769,0.7359387278556824,0.5627387762069702,0.01466468907892704,0.777172863483429,0.6022951602935791,0.006140649784356356,0.7030233144760132,0.46596086025238037,0.05707789584994316,0.7592312097549438,0.4734814167022705,0.04365721717476845,0.7783864140510559,0.5273850560188293,0.02391764335334301,0.7827023267745972,0.5779080986976624,0.009724503383040428,0.7070484161376953,0.43375954031944275,0.03411415219306946,0.772132933139801,0.42411163449287415,0.011193991638720036,0.7907000184059143,0.48935800790786743,-0.015698619186878204,0.7849776744842529,0.5543119311332703,-0.030302321538329124,0.7045745253562927,0.398637056350708,0.00678030401468277,0.7748901844024658,0.377709299325943,-0.01680903695523739,0.7873199582099915,0.4448355436325073,-0.03675462305545807,0.7769556045532227,0.512277364730835,-0.04551863297820091,0.6965116858482361,0.3668785095214844,-0.02102835290133953,0.7554035782814026,0.3601040840148926,-0.04191242530941963,0.7715110182762146,0.41480711102485657,-0.05428870767354965,0.7659590244293213,0.48017337918281555,-0.06022382155060768
B,0.5328783392906189,0.48182597756385803,3.0080383339736727e-07,0.6033387780189514,0.541440486907959,0.019282717257738113,0.6771537065505981,0.5428141951560974,0.027620799839496613,0.7377351522445679,0.5584142804145813,0.02133580669760704,0.778672456741333,0.6005356907844543,0.013238045386970043,0.7011837959289551,0.46174752712249756,0.06564585119485855,0.7583814859390259,0.4659745395183563,0.053929176181554794,0.778537392616272,0.5157592296600342,0.03508732467889786,0.7836273312568665,0.5625283718109131,0.02142062410712242,0.7059906721115112,0.42864102125167847,0.04066497087478638,0.7726308703422546,0.4178256392478943,0.018765181303024292,0.7937901616096497,0.4811556041240692,-0.008065295405685902,0.7906922698020935,0.5460721850395203,-0.02245541661977768,0.7045066952705383,0.39288175106048584,0.011244571767747402,0.7754228115081787,0.37177181243896484,-0.01133660040795803,0.7905811071395874,0.4366229176521301,-0.03132172301411629,0.7838131785392761,0.5041455030441284,-0.04004817083477974,0.6978316903114319,0.3610825836658478,-0.018376434221863747,0.755767822265625,0.3562936782836914,-0.03792356327176094,0.7742214202880859,0.4095349609851837,-0.050374265760183334,0.7734225988388062,0.4736308157444,-0.056640200316905975
B,0.5324046611785889,0.48191168904304504,2.5052375463019416e-07,0.6035423278808594,0.5405430793762207,0.01903107762336731,0.6775861978530884,0.5391360521316528,0.02787923812866211,0.7369548082351685,0.5544956922531128,0.02233661152422428,0.7765250205993652,0.5980455875396729,0.015213045291602612,0.6977068185806274,0.45452627539634705,0.06557060033082962,0.7546387910842896,0.4506511688232422,0.05550386384129524,0.7738454937934875,0.4935125708580017,0.03869292885065079,0.7771034836769104,0.5354638695716858,0.026575924828648567,0.7013558745384216,0.4236523509025574,0.040999431163072586,0.7677454352378845,0.4048300087451935,0.020167414098978043,0.7887487411499023,0.463356614112854,-0.0055136349983513355,0.7845311760902405,0.5241495966911316,-0.019010059535503387,0.6983402967453003,0.3905426561832428,0.011977754533290863,0.771414577960968,0.3608330190181732,-0.011043848469853401,0.7867456674575806,0.4246952533721924,-0.03182509168982506,0.7782686352729797,0.4912630021572113,-0.040719807147979736,0.6913498640060425,0.36142367124557495,-0.01699761673808098,0.7539160251617432,0.35220664739608765,-0.03692179545760155,0.7734499573707581,0.4045158624649048,-0.04995540902018547,0.7717164754867554,0.46712952852249146,-0.05666462704539299
B,0.5387577414512634,0.4748862385749817,3.088618427682377e-07,0.6107056736946106,0.5334566831588745,0.01491368468850851,0.6828842759132385,0.5319908857345581,0.02210167981684208,0.7407315969467163,0.5470718145370483,0.016229992732405663,0.7785035967826843,0.5888700485229492,0.009223492816090584,0.7067571878433228,0.4489167034626007,0.05859927088022232,0.7608680725097656,0.4442024230957031,0.047234907746315,0.7806597948074341,0.4882999062538147,0.028796223923563957,0.785287618637085,0.5340302586555481,0.015184939838945866,0.7087245583534241,0.41636189818382263,0.03641130402684212,0.7744199633598328,0.3918784260749817,0.01359949354082346,0.7972567081451416,0.4483693242073059,-0.01358188595622778,0.7948862314224243,0.5123986005783081,-0.028063373640179634,0.7039270401000977,0.38414308428764343,0.010053484700620174,0.7746937274932861,0.34798306226730347,-0.013836026191711426,0.7946375608444214,0.4111718535423279,-0.034832533448934555,0.790303111076355,0.4826374053955078,-0.043949805200099945,0.6936190128326416,0.35744708776474,-0.01660119742155075,0.7540526986122131,0.3554774522781372,-0.03713066130876541,0.7775717377662659,0.40764176845550537,-0.05057746544480324,0.782005786895752,0.4704244136810303,-0.05761842057108879
B,0.5401799082756042,0.4703768789768219,3.639001704414113e-07,0.6085777282714844,0.5282249450683594,0.01269750576466322,0.6818163990974426,0.5259850025177002,0.019755840301513672,0.7417318224906921,0.5399544835090637,0.014311900362372398,0.7802213430404663,0.580621063709259,0.007572032976895571,0.7075603604316711,0.45169293880462646,0.056510765105485916,0.7625377178192139,0.4589287340641022,0.043634574860334396,0.7856550216674805,0.5071232318878174,0.023914121091365814,0.7949711084365845,0.5565728545188904,0.009498054161667824,0.7109673023223877,0.4187334477901459,0.03570794314146042,0.7764832973480225,0.40883052349090576,0.01145876757800579,0.8002075552940369,0.46818527579307556,-0.016703827306628227,0.8012436032295227,0.535244882106781,-0.031771041452884674,0.7074768543243408,0.38432222604751587,0.010485104285180569,0.777208149433136,0.36067724227905273,-0.013983694836497307,0.7974522113800049,0.42272046208381653,-0.0351887010037899,0.7955291271209717,0.49369198083877563,-0.04439703747630119,0.6981068849563599,0.3529713451862335,-0.015305766835808754,0.7559947371482849,0.3530280590057373,-0.036105670034885406,0.7801936864852905,0.4028567671775818,-0.049863822758197784,0.7870320081710815,0.4655176103115082,-0.05706224590539932
B,0.54271000623703,0.4752700924873352,4.5215264776743425e-07,0.6134616732597351,0.5294111371040344,0.014014748856425285,0.6876163482666016,0.5221725702285767,0.022673219442367554,0.7470201253890991,0.5327373743057251,0.018670445308089256,0.7862589359283447,0.5695074796676636,0.013675530441105366,0.7137306928634644,0.4473590850830078,0.06031118705868721,0.7707653045654297,0.4550057649612427,0.04850005730986595,0.7965611815452576,0.5050492882728577,0.028912939131259918,0.8089771270751953,0.5564078092575073,0.014174820855259895,0.7149062156677246,0.41433823108673096,0.03916144743561745,0.7836687564849854,0.40604761242866516,0.016573598608374596,0.8117094039916992,0.4628150761127472,-0.01157134585082531,0.8170789480209351,0.526177704334259,-0.027456406503915787,0.7094393968582153,0.3803722858428955,0.01346204336732626,0.7831171751022339,0.36026087403297424,-0.009844434447586536,0.805145800113678,0.4231403172016144,-0.030928881838917732,0.8037106990814209,0.4936879277229309,-0.040449630469083786,0.6981390714645386,0.3503887355327606,-0.012863421812653542,0.7594946026802063,0.35610195994377136,-0.03433401882648468,0.7854112386703491,0.40592801570892334,-0.049228571355342865,0.7935119867324829,0.46725261211395264,-0.05727723613381386
B,0.5396974682807922,0.4746071696281433,4.149485448579071e-07,0.612476646900177,0.5295674800872803,0.014894770458340645,0.6875025629997253,0.5234121084213257,0.023734435439109802,0.7484971284866333,0.5347868204116821,0.019227463752031326,0.7875861525535583,0.5745672583580017,0.01340792328119278,0.7064687013626099,0.4480174779891968,0.062204040586948395,0.7649086117744446,0.4593416154384613,0.04962613433599472,0.7910695672035217,0.5098100900650024,0.0297376811504364,0.8049452304840088,0.5598919987678528,0.014964870177209377,0.7085193395614624,0.4149170517921448,0.0402294285595417,0.7781012058258057,0.41092628240585327,0.015452849678695202,0.8062134385108948,0.47191524505615234,-0.013800482265651226,0.8122483491897583,0.5390243530273438,-0.02976328320801258,0.7044621706008911,0.37982696294784546,0.013544349931180477,0.7796770930290222,0.36378777027130127,-0.011822530999779701,0.8029847741127014,0.42784762382507324,-0.0344453826546669,0.8033010959625244,0.4988628923892975,-0.04434148967266083,0.6958374977111816,0.34752097725868225,-0.013594754971563816,0.7580298781394958,0.3538024127483368,-0.035735536366701126,0.7851430177688599,0.4042512774467468,-0.05132065713405609,0.7944943904876709,0.46653419733047485,-0.05974505841732025
B,0.5465770959854126,0.47946301102638245,4.3718495135181e-07,0.6180282831192017,0.5303359627723694,0.012274246662855148,0.6922057271003723,0.5208386778831482,0.018433909863233566,0.7523226141929626,0.5302470922470093,0.012246101163327694,0.7929134368896484,0.5664886832237244,0.0051826718263328075,0.7146086692810059,0.44045987725257874,0.05362464860081673,0.7753027081489563,0.4409896731376648,0.039491940289735794,0.8024387955665588,0.4890267550945282,0.019641492515802383,0.815428614616394,0.5379205346107483,0.0050324564799666405,0.7140402793884277,0.4083639085292816,0.03265542536973953,0.7853900194168091,0.39105224609375,0.007141837850213051,0.8134499788284302,0.44837161898612976,-0.020933879539370537,0.8178543448448181,0.511049211025238,-0.03622208163142204,0.7072028517723083,0.37601181864738464,0.007283761631697416,0.784157395362854,0.3493351340293884,-0.018057703971862793,0.8081433176994324,0.4145995080471039,-0.038571786135435104,0.8078091144561768,0.4859597384929657,-0.04736506566405296,0.6954873204231262,0.3485737442970276,-0.018725749105215073,0.7587347030639648,0.35471487045288086,-0.04129718244075775,0.7875359058380127,0.40545928478240967,-0.056528009474277496,0.7985393404960632,0.46578437089920044,-0.06472654640674591
B,0.5440332889556885,0.47691935300827026,4.256467036611866e-07,0.6172658801078796,0.5292174816131592,0.013223587535321712,0.6940361261367798,0.5233217477798462,0.020177675411105156,0.7561475038528442,0.535351574420929,0.014497032389044762,0.7945959568023682,0.5798541307449341,0.007603773847222328,0.713548481464386,0.4493778645992279,0.05798289552330971,0.7731441855430603,0.4575248658657074,0.045049406588077545,0.8016872406005859,0.5042071342468262,0.02543526515364647,0.8183215856552124,0.5509778261184692,0.010684650391340256,0.7145595550537109,0.41407400369644165,0.03748922049999237,0.7849045395851135,0.4034291207790375,0.012711743824183941,0.8130849003791809,0.4597892463207245,-0.015048693865537643,0.8199212551116943,0.5228586792945862,-0.0301178190857172,0.7091118693351746,0.3774641156196594,0.01244664192199707,0.7849936485290527,0.3602546155452728,-0.012852213345468044,0.808601438999176,0.42534205317497253,-0.03411748260259628,0.8095082640647888,0.49699512124061584,-0.04324722662568092,0.6992080807685852,0.3447534143924713,-0.013104704208672047,0.7604599595069885,0.3587844669818878,-0.035846322774887085,0.7896924018859863,0.41119861602783203,-0.05216193571686745,0.8028260469436646,0.47293931245803833,-0.061136938631534576
B,0.5431661009788513,0.47557520866394043,4.544300793440925e-07,0.615493893623352,0.5298978686332703,0.014659947715699673,0.6919566988945007,0.5229448080062866,0.023499270901083946,0.753800094127655,0.5339945554733276,0.01937544345855713,0.7950437068939209,0.5720833539962769,0.014122738502919674,0.7126256227493286,0.4463646113872528,0.061414193361997604,0.772850513458252,0.45674964785575867,0.04953116551041603,0.8016209602355957,0.5054921507835388,0.030243834480643272,0.8179541826248169,0.554006040096283,0.015525777824223042,0.7140911221504211,0.41211998462677,0.039787910878658295,0.7857027053833008,0.40546199679374695,0.015784965828061104,0.8157386779785156,0.46492964029312134,-0.012898796238005161,0.824007511138916,0.5303646326065063,-0.028811799362301826,0.7087730169296265,0.3770468235015869,0.013563688844442368,0.7857643365859985,0.3589046895503998,-0.011636908166110516,0.8099647164344788,0.4231308102607727,-0.03364415094256401,0.8114954233169556,0.49441564083099365,-0.043444421142339706,0.6989803314208984,0.3462863862514496,-0.013078627176582813,0.7612394094467163,0.35570287704467773,-0.03648551180958748,0.7896233201026917,0.4067125916481018,-0.05286981910467148,0.8012788891792297,0.4685777425765991,-0.061820752918720245
B,0.5442158579826355,0.4773414134979248,4.233948232013063e-07,0.6192421317100525,0.5301214456558228,0.019210757687687874,0.6954155564308167,0.5220587253570557,0.02883402816951275,0.756192684173584,0.5338336825370789,0.02426830306649208,0.7967004179954529,0.5729945302009583,0.018444238230586052,0.7123952507972717,0.44033658504486084,0.06544306874275208,0.7728062868118286,0.44773560762405396,0.053894247859716415,0.7994540333747864,0.49725550413131714,0.034729212522506714,0.8139680027961731,0.5461339950561523,0.020019395276904106,0.713360071182251,0.40720587968826294,0.04091610759496689,0.7864741683006287,0.39796218276023865,0.01660071685910225,0.814742922782898,0.46023714542388916,-0.01210710033774376,0.8197709918022156,0.5274887084960938,-0.027843231335282326,0.7080616354942322,0.3737371265888214,0.012031124904751778,0.786706805229187,0.35775259137153625,-0.013137021102011204,0.8108282685279846,0.4278099238872528,-0.034769825637340546,0.811443567276001,0.5017958283424377,-0.04434288665652275,0.698819637298584,0.3460959494113922,-0.01691664196550846,0.7628374099731445,0.36085203289985657,-0.03993029147386551,0.791348934173584,0.4162462055683136,-0.05601286515593529,0.8030437231063843,0.4797721207141876,-0.06491455435752869
B,0.5442612171173096,0.47764015197753906,4.197180771825515e-07,0.619683563709259,0.5309551358222961,0.020584704354405403,0.6951038837432861,0.5221089124679565,0.030581330880522728,0.7568352222442627,0.534601628780365,0.025661060586571693,0.7953277826309204,0.5789377689361572,0.019363779574632645,0.7088348865509033,0.4400794208049774,0.07166577875614166,0.7686598896980286,0.4456302225589752,0.06216335669159889,0.7964791655540466,0.4920222759246826,0.04418598860502243,0.8131558895111084,0.5372275114059448,0.03000655770301819,0.710776686668396,0.40740612149238586,0.04670286178588867,0.782647967338562,0.3963485360145569,0.02292650379240513,0.8097084164619446,0.4579429626464844,-0.005755343474447727,0.8139340281486511,0.5247368812561035,-0.021206801757216454,0.7062965631484985,0.3731142282485962,0.01709764637053013,0.784899115562439,0.3577902019023895,-0.0080870371311903,0.8072049021720886,0.42845669388771057,-0.03056139498949051,0.8061132431030273,0.5028161406517029,-0.04040427878499031,0.6985200047492981,0.3436679244041443,-0.012489850632846355,0.7621443271636963,0.3618681728839874,-0.03518218919634819,0.7911309003829956,0.4185520112514496,-0.0524321123957634,0.8040125966072083,0.4824904799461365,-0.06237436458468437
B,0.5441234111785889,0.4781742990016937,4.329748719555937e-07,0.6200582385063171,0.5317642688751221,0.020039107650518417,0.6953379511833191,0.522655725479126,0.030135946348309517,0.7568482160568237,0.5343924164772034,0.025673409923911095,0.7957632541656494,0.5769867897033691,0.019939377903938293,0.7094955444335938,0.44157811999320984,0.07021263986825943,0.768989086151123,0.4486553966999054,0.060679707676172256,0.7971630096435547,0.4954349994659424,0.042654551565647125,0.8140423893928528,0.5412677526473999,0.028428351506590843,0.7110788822174072,0.40800997614860535,0.04586154222488403,0.7828805446624756,0.39847779273986816,0.022143376991152763,0.810751736164093,0.46044936776161194,-0.006541998591274023,0.8156430125236511,0.528190553188324,-0.022069137543439865,0.706139326095581,0.3732541799545288,0.016944414004683495,0.7850139141082764,0.35764920711517334,-0.008200815878808498,0.8085663318634033,0.42758625745773315,-0.030773725360631943,0.8086557984352112,0.5024152994155884,-0.040787991136312485,0.6977563500404358,0.3436490595340729,-0.011934440582990646,0.7620528936386108,0.36267226934432983,-0.03505178913474083,0.7916612029075623,0.4195142388343811,-0.052555572241544724,0.805208146572113,0.4841054677963257,-0.06262587755918503
B,0.5443267822265625,0.48493847250938416,3.648905817499326e-07,0.6200011968612671,0.53465735912323,0.018858062103390694,0.6948027610778809,0.5248854160308838,0.027524108067154884,0.7551993131637573,0.537351667881012,0.022102078422904015,0.7929330468177795,0.5815261006355286,0.015592961572110653,0.7062459588050842,0.43914157152175903,0.06449682265520096,0.765670120716095,0.44032952189445496,0.05365651100873947,0.7913190126419067,0.4877472519874573,0.03578078746795654,0.8045551776885986,0.5342221856117249,0.02223377674818039,0.7076191902160645,0.4094651937484741,0.04091138392686844,0.7794802188873291,0.39803358912467957,0.01627809926867485,0.8050909638404846,0.4623752534389496,-0.011419328860938549,0.8071439266204834,0.5309417843818665,-0.025805765762925148,0.7036662101745605,0.3772695064544678,0.013051585294306278,0.7832600474357605,0.3592242896556854,-0.012245901860296726,0.8074144124984741,0.4303067922592163,-0.03410293161869049,0.8076016306877136,0.5052197575569153,-0.043455906212329865,0.6964619159698486,0.34863728284835815,-0.014737947843968868,0.76192706823349,0.3645787835121155,-0.03742743283510208,0.7913404703140259,0.42319822311401367,-0.05398516356945038,0.8036298155784607,0.4888143539428711,-0.06311953812837601
B,0.5441857576370239,0.4873937666416168,3.695415102811239e-07,0.61702960729599,0.537752628326416,0.015688929706811905,0.6926373243331909,0.5291386842727661,0.02298029512166977,0.7551098465919495,0.5401360988616943,0.017131034284830093,0.7926851511001587,0.5832086205482483,0.010394168086349964,0.7067668437957764,0.44757965207099915,0.059186626225709915,0.7662190198898315,0.4486420154571533,0.047724757343530655,0.7923815250396729,0.4960837960243225,0.029827922582626343,0.8063079714775085,0.5411473512649536,0.01618235744535923,0.708676278591156,0.4150749444961548,0.037698376923799515,0.7797413468360901,0.40067994594573975,0.012606696225702763,0.8044435381889343,0.46450990438461304,-0.014350898563861847,0.8051649928092957,0.5317763090133667,-0.02827410213649273,0.7045349478721619,0.3811003267765045,0.011976876296103,0.7822781801223755,0.3602604269981384,-0.013662407174706459,0.8058851957321167,0.431593656539917,-0.03498387709259987,0.8043392300605774,0.5064583420753479,-0.043910104781389236,0.696468710899353,0.35112160444259644,-0.013858956284821033,0.7605653405189514,0.3684392273426056,-0.03653602674603462,0.7903385162353516,0.4268127679824829,-0.05327409505844116,0.8024011254310608,0.4920685291290283,-0.06268040835857391
B,0.5433751940727234,0.48644551634788513,3.9799556361685973e-07,0.6181467175483704,0.5378032326698303,0.01739245466887951,0.6930139064788818,0.5294399857521057,0.02515127696096897,0.7544028162956238,0.5403479337692261,0.019037261605262756,0.7931022644042969,0.5832628011703491,0.011884999461472034,0.7078295946121216,0.4473167657852173,0.06422007828950882,0.7666559219360352,0.4504344165325165,0.053114596754312515,0.7925390601158142,0.4970678985118866,0.03476402163505554,0.8065352439880371,0.542154848575592,0.02073507383465767,0.7094485759735107,0.41467973589897156,0.04127560555934906,0.7806747555732727,0.4025253653526306,0.016085470095276833,0.8053304553031921,0.4659840762615204,-0.012189374305307865,0.8062005639076233,0.5337345600128174,-0.026898354291915894,0.7048870325088501,0.38073909282684326,0.013932470232248306,0.7834756970405579,0.36353641748428345,-0.01205171924084425,0.8057525157928467,0.435126930475235,-0.0341210663318634,0.803954005241394,0.5102412104606628,-0.043373484164476395,0.6965159177780151,0.3520664870738983,-0.01342714112251997,0.7609427571296692,0.3709794878959656,-0.03609965369105339,0.790167510509491,0.4288378357887268,-0.05285166949033737,0.802467405796051,0.4937475621700287,-0.06222637742757797
B,0.5387774705886841,0.5134508013725281,2.800756817578076e-07,0.6134514808654785,0.5558324456214905,0.01610752008855343,0.6914828419685364,0.5429034233093262,0.02375149540603161,0.7516373991966248,0.5486658811569214,0.01946413144469261,0.7902349233627319,0.5850046873092651,0.014803369529545307,0.709831953048706,0.4608139395713806,0.047253694385290146,0.7669650316238403,0.4551360011100769,0.03125865384936333,0.7911648154258728,0.5042232871055603,0.012600285932421684,0.8004632592201233,0.5536675453186035,4.477551919990219e-05,0.7087295055389404,0.4301140010356903,0.025994878262281418,0.7778641581535339,0.4106198251247406,-0.0009354721405543387,0.8038086891174316,0.47260770201683044,-0.02532164938747883,0.8064748048782349,0.5382522344589233,-0.03699725493788719,0.7009562849998474,0.39980703592300415,0.0011913407361134887,0.7746201753616333,0.373049259185791,-0.02693743258714676,0.798332929611206,0.4427638649940491,-0.04651767015457153,0.797749400138855,0.5165504813194275,-0.05344097316265106,0.6882095336914062,0.37474900484085083,-0.02328145131468773,0.7525983452796936,0.3872402608394623,-0.04846470430493355,0.7832534909248352,0.44604071974754333,-0.06430027633905411,0.7963370084762573,0.5125102400779724,-0.07196987420320511
B,0.5270354151725769,0.5352609753608704,2.4029606038311613e-07,0.6040180921554565,0.5731189250946045,0.01803612895309925,0.6758098602294922,0.5636351108551025,0.022581230849027634,0.733686089515686,0.5698330998420715,0.014469953253865242,0.7757481932640076,0.6035921573638916,0.006217127200216055,0.6961714029312134,0.46326854825019836,0.051529716700315475,0.7533944845199585,0.4447556138038635,0.03478018566966057,0.7776232957839966,0.48849010467529297,0.01443681214004755,0.7829331755638123,0.5331635475158691,0.001540313009172678,0.6916144490242004,0.43705910444259644,0.028535014018416405,0.7627996206283569,0.4101124703884125,0.004563244059681892,0.7881354093551636,0.465948224067688,-0.019553929567337036,0.7858476042747498,0.5252225399017334,-0.031844716519117355,0.6816158294677734,0.4121987819671631,0.001796820550225675,0.7574759125709534,0.38505300879478455,-0.022300684824585915,0.7844095230102539,0.4516540467739105,-0.040137145668268204,0.7841334939002991,0.5209262371063232,-0.047046735882759094,0.667305588722229,0.3956407308578491,-0.02458922006189823,0.7336633801460266,0.41102784872055054,-0.044850993901491165,0.7651088237762451,0.4666583836078644,-0.05740347504615784,0.7774049043655396,0.526804506778717,-0.06340514123439789
B,0.5199880599975586,0.5416355729103088,3.2310452979800175e-07,0.5974393486976624,0.5812530517578125,0.021059518679976463,0.6712071299552917,0.5683237314224243,0.027390705421566963,0.7312647700309753,0.5765681862831116,0.01998273655772209,0.7735298275947571,0.6116926074028015,0.012477720156311989,0.6841331124305725,0.45850327610969543,0.059539493173360825,0.7444145083427429,0.44575268030166626,0.04521613568067551,0.7712981700897217,0.49013927578926086,0.026071425527334213,0.779723048210144,0.5335817933082581,0.01361064426600933,0.6801611185073853,0.43039852380752563,0.03440551832318306,0.756164014339447,0.40813031792640686,0.010147730819880962,0.7847670912742615,0.469292551279068,-0.0144840432330966,0.7839073538780212,0.5325844287872314,-0.025956526398658752,0.6708265542984009,0.40678074955940247,0.005455404054373503,0.7523052096366882,0.3841639459133148,-0.019488872960209846,0.7811198234558105,0.4569037854671478,-0.03809306025505066,0.7819938659667969,0.5285825729370117,-0.044628359377384186,0.6591919660568237,0.39486756920814514,-0.022898679599165916,0.7292764782905579,0.41676974296569824,-0.04448079317808151,0.7614918947219849,0.476502925157547,-0.05795591324567795,0.7749588489532471,0.5376141667366028,-0.06404430419206619
B,0.5190451145172119,0.5399749279022217,2.8951095032425656e-07,0.5977188348770142,0.5797331929206848,0.020078226923942566,0.669722318649292,0.5676007866859436,0.025330938398838043,0.729520320892334,0.5757590532302856,0.017023157328367233,0.7731924057006836,0.609313428401947,0.00861506536602974,0.684956967830658,0.4586859941482544,0.060262471437454224,0.7427846789360046,0.444844514131546,0.04710133746266365,0.7687253952026367,0.485184907913208,0.028329795226454735,0.7760902643203735,0.5253896117210388,0.015836412087082863,0.6808681488037109,0.42988166213035583,0.0357302762567997,0.7549967169761658,0.4049344062805176,0.013621441088616848,0.7815887331962585,0.45933136343955994,-0.009884505532681942,0.7805019021034241,0.5168882608413696,-0.021201960742473602,0.6714128851890564,0.4055182933807373,0.0071615311317145824,0.7517129182815552,0.381643682718277,-0.016413945704698563,0.7794836163520813,0.4494854509830475,-0.03395647555589676,0.780051052570343,0.517688512802124,-0.040273163467645645,0.6594042778015137,0.3925800621509552,-0.0209624245762825,0.7292469143867493,0.41641783714294434,-0.041591838002204895,0.7618796825408936,0.4744997024536133,-0.05443925783038139,0.7762802243232727,0.5330684185028076,-0.06041039526462555
B,0.514227569103241,0.5420836806297302,3.0748500989830063e-07,0.5955116748809814,0.5806822776794434,0.021733874455094337,0.66875159740448,0.5689895153045654,0.02723729982972145,0.7265641093254089,0.5787267088890076,0.01950402371585369,0.7683406472206116,0.6148933172225952,0.011863994412124157,0.6792724132537842,0.44730910658836365,0.05602746829390526,0.7393938302993774,0.4394761919975281,0.04193449765443802,0.7672241926193237,0.4838113784790039,0.02337072789669037,0.7755370736122131,0.5260539054870605,0.011230791918933392,0.6728162169456482,0.4178948998451233,0.03082977421581745,0.7511274218559265,0.40562906861305237,0.008670815266668797,0.7802456617355347,0.4653594493865967,-0.013116216287016869,0.7809697389602661,0.5244038105010986,-0.023324590176343918,0.6623844504356384,0.39718374609947205,0.0021625047083944082,0.7467873096466064,0.38282379508018494,-0.020355211570858955,0.7776622176170349,0.4525546431541443,-0.03612944856286049,0.7813577055931091,0.5194790959358215,-0.041691239923238754,0.6510000824928284,0.39175498485565186,-0.02589353360235691,0.7232642769813538,0.4188828468322754,-0.04513625055551529,0.7567103505134583,0.4766593277454376,-0.05611608922481537,0.7718935608863831,0.5333957672119141,-0.06086235120892525
B,0.501605749130249,0.5466707944869995,3.8190950135685853e-07,0.5912731885910034,0.5794990062713623,0.030146582052111626,0.6637781858444214,0.562720775604248,0.03895649313926697,0.7218175530433655,0.5738189220428467,0.03273984417319298,0.7624351978302002,0.6085269451141357,0.02637508139014244,0.6560598611831665,0.410502165555954,0.06760305166244507,0.7287828326225281,0.4182623028755188,0.05462852120399475,0.7628809213638306,0.47320735454559326,0.03475658595561981,0.7737833261489868,0.5249131321907043,0.021490726619958878,0.6490139365196228,0.3858974277973175,0.037921369075775146,0.7464113831520081,0.3970774710178375,0.01707376167178154,0.7785887718200684,0.46707624197006226,-0.0063639795407652855,0.7791665196418762,0.529958188533783,-0.017620369791984558,0.6421368718147278,0.3799903392791748,0.005503260064870119,0.7404617071151733,0.3818410038948059,-0.012959198094904423,0.7743855714797974,0.45654332637786865,-0.026768673211336136,0.7776479125022888,0.5211341381072998,-0.031581878662109375,0.6369767189025879,0.3947727084159851,-0.026038695126771927,0.7184432744979858,0.4222108721733093,-0.040195733308792114,0.7526461482048035,0.4786454737186432,-0.04690978676080704,0.7669088244438171,0.5312082171440125,-0.04913441464304924
B,0.49695542454719543,0.5446925163269043,2.8539267304950044e-07,0.5876985788345337,0.5704756379127502,0.020975906401872635,0.6582580208778381,0.553199291229248,0.021214406937360764,0.71036696434021,0.5636534690856934,0.009616706520318985,0.7539200186729431,0.5881960391998291,0.00016080145724117756,0.6364203691482544,0.36911845207214355,0.039427246898412704,0.7273373007774353,0.38087964057922363,0.01625785604119301,0.7615553140640259,0.4509293735027313,-0.007603714242577553,0.7640180587768555,0.5146772861480713,-0.020676089450716972,0.6303209662437439,0.3551159203052521,0.01411551795899868,0.7440130114555359,0.36949336528778076,-0.006295941770076752,0.7724254131317139,0.450014591217041,-0.02403445355594158,0.7659724354743958,0.5121628046035767,-0.03267846629023552,0.6298525333404541,0.3713754415512085,-0.013541888445615768,0.7419872879981995,0.3739852011203766,-0.030531039461493492,0.7717419266700745,0.45088714361190796,-0.03623126074671745,0.7663761377334595,0.5105710625648499,-0.03649583086371422,0.6340895891189575,0.4126960337162018,-0.04093720763921738,0.7211335301399231,0.435494601726532,-0.051540642976760864,0.750943124294281,0.4883420169353485,-0.05070856586098671,0.7558419108390808,0.5339095592498779,-0.047809898853302
B,0.5007092952728271,0.5439506769180298,1.1043831449342179e-07,0.5594494342803955,0.5383859872817993,0.02087356150150299,0.6251318454742432,0.5082812309265137,0.01823538728058338,0.6805863380432129,0.49855202436447144,0.005738956853747368,0.7186214923858643,0.48796164989471436,-0.0052957478910684586,0.6275098919868469,0.348398894071579,0.016380364075303078,0.7304739356040955,0.3655235767364502,-0.0014274909626692533,0.7589588165283203,0.4334453344345093,-0.014588084071874619,0.7515842318534851,0.48700734972953796,-0.01977667026221752,0.6308585405349731,0.3465777635574341,-0.005502455402165651,0.7431801557540894,0.36726459860801697,-0.014368646778166294,0.7658247351646423,0.4473344087600708,-0.018832629546523094,0.7554632425308228,0.503332257270813,-0.02082977630198002,0.6372131109237671,0.3734242916107178,-0.028032641857862473,0.7426434755325317,0.3909425437450409,-0.035838402807712555,0.7649438381195068,0.46846747398376465,-0.031581878662109375,0.7567033171653748,0.523500919342041,-0.028014248237013817,0.6465035080909729,0.4209071695804596,-0.04939526319503784,0.7313705682754517,0.4418984055519104,-0.05211080238223076,0.7522512674331665,0.4946494996547699,-0.04425625130534172,0.7482635974884033,0.5371482968330383,-0.03763369470834732
B,0.4860188961029053,0.518232524394989,9.18463385346513e-08,0.5383924841880798,0.42801979184150696,0.005132695659995079,0.6154736876487732,0.3840641379356384,-0.009733372367918491,0.6858950853347778,0.4022462069988251,-0.028930585831403732,0.7289065718650818,0.44230756163597107,-0.04691724106669426,0.6430611610412598,0.337358295917511,-0.028565900400280952,0.755018949508667,0.3742211163043976,-0.05740012973546982,0.7646815180778503,0.4243932068347931,-0.07398013770580292,0.7455974221229553,0.4452067017555237,-0.08144188672304153,0.6417257189750671,0.3981274366378784,-0.04646923765540123,0.7560755610466003,0.43443727493286133,-0.062487535178661346,0.7624861598014832,0.4770723283290863,-0.06423069536685944,0.7428243160247803,0.4925912916660309,-0.06602450460195541,0.6395426392555237,0.46667614579200745,-0.06381724774837494,0.7433305978775024,0.4960145652294159,-0.0715421661734581,0.7509196400642395,0.5269113779067993,-0.05949532240629196,0.7348042130470276,0.5383742451667786,-0.05173177644610405,0.6354799270629883,0.5356130599975586,-0.08149930089712143,0.7201184630393982,0.548087477684021,-0.07774540036916733,0.736575186252594,0.5668846368789673,-0.06105543673038483,0.7344154715538025,0.5767403841018677,-0.04928688704967499
B,0.4733419418334961,0.5545124411582947,-1.5858499580190255e-07,0.527557373046875,0.457655668258667,0.011949494481086731,0.6131388545036316,0.41045355796813965,0.0043981606140732765,0.6800801753997803,0.4385029375553131,-0.00971081294119358,0.7186923027038574,0.4863032400608063,-0.0212040264159441,0.6469624638557434,0.36976754665374756,-0.010559001937508583,0.7635194063186646,0.41017448902130127,-0.03526809811592102,0.7580485343933105,0.44290122389793396,-0.047869257628917694,0.7268399596214294,0.4504414498806,-0.05089734494686127,0.6493924856185913,0.44030752778053284,-0.031651441007852554,0.7750012874603271,0.4708341062068939,-0.04697991535067558,0.7634222507476807,0.49593284726142883,-0.04752479866147041,0.7278223633766174,0.4995073080062866,-0.044676318764686584,0.6493001580238342,0.5167378187179565,-0.05237223207950592,0.76435387134552,0.5424339771270752,-0.05775386095046997,0.7457645535469055,0.5569278597831726,-0.04239986091852188,0.7105744481086731,0.5535916686058044,-0.03053242340683937,0.6428757905960083,0.5931954383850098,-0.07303797453641891,0.7367396354675293,0.592481255531311,-0.0647243931889534,0.720909595489502,0.595267117023468,-0.04199453070759773,0.6918636560440063,0.5920310616493225,-0.025310266762971878
B,0.47097283601760864,0.5792722105979919,-1.2399659965467436e-07,0.5290900468826294,0.4817262589931488,0.010057450272142887,0.6192953586578369,0.4383619427680969,0.0013294138479977846,0.6939030289649963,0.4645153284072876,-0.01314324326813221,0.7390196919441223,0.5073437690734863,-0.024893060326576233,0.6495630741119385,0.40606755018234253,-0.02029944211244583,0.7753509879112244,0.4466415047645569,-0.04840785264968872,0.7748464345932007,0.4840247333049774,-0.06242594122886658,0.7427425384521484,0.49676087498664856,-0.06497812271118164,0.6468868255615234,0.48393750190734863,-0.040036119520664215,0.7803829312324524,0.5209777355194092,-0.05712055042386055,0.7713530659675598,0.5441327095031738,-0.05781190097332001,0.7343019247055054,0.5453858971595764,-0.055345457047224045,0.641721785068512,0.5644041895866394,-0.05895022675395012,0.7614140510559082,0.5972470641136169,-0.06519068032503128,0.7455041408538818,0.6054112315177917,-0.04999111220240593,0.7082464098930359,0.5967423915863037,-0.038759466260671616,0.6321650147438049,0.6392278075218201,-0.07780078053474426,0.7280055284500122,0.6456000804901123,-0.07037686556577682,0.7157424092292786,0.6412402391433716,-0.0481017641723156,0.6856200695037842,0.631257176399231,-0.031850382685661316
B,0.46702417731285095,0.584605872631073,-1.7017016773479554e-07,0.5299170017242432,0.48178425431251526,0.010197874158620834,0.6230760216712952,0.4410991668701172,0.0015735543565824628,0.6960499286651611,0.47357869148254395,-0.012999660335481167,0.7396327257156372,0.5207064151763916,-0.024598997086286545,0.6514309644699097,0.41179829835891724,-0.019633887335658073,0.776483952999115,0.4501228332519531,-0.04860992357134819,0.7703477740287781,0.4828772246837616,-0.06375301629304886,0.7359534502029419,0.49181559681892395,-0.06702125817537308,0.6476390957832336,0.49249738454818726,-0.03994493559002876,0.7785054445266724,0.5222095847129822,-0.05696961656212807,0.7646856307983398,0.5409645438194275,-0.05776548385620117,0.7251058220863342,0.5420586466789246,-0.05539217218756676,0.6402196288108826,0.5758111476898193,-0.05963682383298874,0.7572637796401978,0.5996994972229004,-0.06448324769735336,0.739014744758606,0.605051577091217,-0.047437600791454315,0.7007126808166504,0.598438024520874,-0.03539206087589264,0.6288614869117737,0.6527481079101562,-0.07958097755908966,0.7255907654762268,0.6557440161705017,-0.07039884477853775,0.7105510234832764,0.6492214798927307,-0.046136800199747086,0.6769688129425049,0.640726625919342,-0.028925595805048943
B,0.49836471676826477,0.6312316060066223,4.948099672219541e-07,0.5808810591697693,0.6363587379455566,0.04432601481676102,0.6446888446807861,0.6090466976165771,0.054342228919267654,0.6986448764801025,0.6101376414299011,0.046981457620859146,0.7483547329902649,0.6306178569793701,0.04034881293773651,0.614105761051178,0.411543607711792,0.07401526719331741,0.7129517197608948,0.42137059569358826,0.07168057560920715,0.7598360776901245,0.48142117261886597,0.062031909823417664,0.7792192101478577,0.5375962853431702,0.0549066886305809,0.6152951121330261,0.40614083409309387,0.037866946309804916,0.7299274802207947,0.40944966673851013,0.035349030047655106,0.771923303604126,0.48352888226509094,0.025257442146539688,0.7834427356719971,0.5517306327819824,0.01836211420595646,0.6237815618515015,0.43080979585647583,0.000813281221780926,0.7335882186889648,0.4177006781101227,0.0033403043635189533,0.779326856136322,0.4893838167190552,0.0031819629948586226,0.7936987280845642,0.5536366105079651,0.0003115668660029769,0.640247106552124,0.4831286370754242,-0.03504731133580208,0.7270762324333191,0.4752228558063507,-0.03169867768883705,0.7663963437080383,0.5186387896537781,-0.026195857673883438,0.7837951183319092,0.5644471645355225,-0.0240497849881649
B,0.4793124198913574,0.588760495185852,4.161899482824083e-07,0.5760916471481323,0.6108566522598267,0.020153990015387535,0.646390974521637,0.5896579623222351,0.018622230738401413,0.7111693620681763,0.6027398109436035,0.002939069177955389,0.7693129777908325,0.6228952407836914,-0.012170571833848953,0.6161525249481201,0.4002322852611542,0.05443581938743591,0.7156550288200378,0.4155069589614868,0.03399239853024483,0.7641531229019165,0.4781718850135803,0.008766801096498966,0.7826471924781799,0.5443947911262512,-0.005943401716649532,0.6126620769500732,0.38104361295700073,0.029452791437506676,0.7329974174499512,0.3953203558921814,0.012150079011917114,0.7742533683776855,0.4753493666648865,-0.007761344779282808,0.7842468023300171,0.5484838485717773,-0.017993098124861717,0.6170710325241089,0.39091813564300537,0.001177287776954472,0.7380548119544983,0.3992282748222351,-0.01283047255128622,0.7755868434906006,0.4774501621723175,-0.020139340311288834,0.7808285355567932,0.5469247102737427,-0.020944686606526375,0.6290391087532043,0.42560067772865295,-0.02748948149383068,0.7240258455276489,0.4545941948890686,-0.033623285591602325,0.7599934339523315,0.5075728893280029,-0.03222828730940819,0.773470938205719,0.5578561425209045,-0.028550758957862854
B,0.49582818150520325,0.5799140334129333,3.0394494388019666e-07,0.5975848436355591,0.6044424772262573,0.03173019364476204,0.6617677211761475,0.5872701406478882,0.037579577416181564,0.7200310230255127,0.5970187783241272,0.02507384866476059,0.7772863507270813,0.6143670082092285,0.012134458869695663,0.6352773904800415,0.4132785499095917,0.08146606385707855,0.7140180468559265,0.4181740880012512,0.06898541003465652,0.7538648247718811,0.4721011817455292,0.0461418516933918,0.7686364054679871,0.5277910232543945,0.03122810833156109,0.6313623785972595,0.3918818235397339,0.05008842051029205,0.7310018539428711,0.3950119614601135,0.03554399311542511,0.7669884562492371,0.46736839413642883,0.011495083570480347,0.7737971544265747,0.539165198802948,-0.001931068953126669,0.6333339214324951,0.39495185017585754,0.015228355303406715,0.7383529543876648,0.40331000089645386,0.0019124426180496812,0.7716338634490967,0.4783925414085388,-0.009677897207438946,0.7748398780822754,0.547463059425354,-0.013503320515155792,0.642681896686554,0.4226647913455963,-0.019337158650159836,0.7318100333213806,0.44885653257369995,-0.02619525045156479,0.7689078450202942,0.5042534470558167,-0.02705731987953186,0.7831671237945557,0.5598918795585632,-0.02553190104663372
B,0.5072700381278992,0.5750501155853271,2.9534410828091495e-07,0.6010787487030029,0.6029900908470154,0.033664628863334656,0.6635799407958984,0.5893245935440063,0.04383903741836548,0.7217550873756409,0.5973572731018066,0.03623781353235245,0.7751427292823792,0.6130118370056152,0.02814440056681633,0.643229603767395,0.4274771511554718,0.08794750273227692,0.7152391076087952,0.4339618980884552,0.0810302272439003,0.7534101605415344,0.4852762222290039,0.06246180087327957,0.7675634026527405,0.5383968353271484,0.05009756609797478,0.6395743489265442,0.4018810987472534,0.058118779212236404,0.7332215905189514,0.4035598337650299,0.04775581881403923,0.7653635144233704,0.47200995683670044,0.02636285312473774,0.7690182328224182,0.5391325354576111,0.014646610245108604,0.6393699049949646,0.3977047801017761,0.024678479880094528,0.7401233911514282,0.4053840637207031,0.012658391147851944,0.7713398337364197,0.47811177372932434,0.0005056834779679775,0.7725523710250854,0.5465449094772339,-0.0036710104905068874,0.644637405872345,0.41385769844055176,-0.007914295420050621,0.7315876483917236,0.4441465139389038,-0.016882507130503654,0.767044186592102,0.49905532598495483,-0.020472684875130653,0.7806283831596375,0.5535442233085632,-0.020458165556192398
B,0.5242606997489929,0.5457186102867126,2.5399623382327263e-07,0.6170803308486938,0.5711107850074768,0.03644770383834839,0.6794192790985107,0.5548431277275085,0.04975683614611626,0.7343161106109619,0.5615462064743042,0.044334154576063156,0.7806882262229919,0.5864521265029907,0.03686325624585152,0.6756414175033569,0.46109506487846375,0.08936332166194916,0.7384655475616455,0.4588218629360199,0.08612169325351715,0.7724649906158447,0.4973263442516327,0.07092468440532684,0.7886689901351929,0.539500892162323,0.059962932020425797,0.6733537912368774,0.4331573247909546,0.05941316485404968,0.7443954348564148,0.4215530753135681,0.04810674861073494,0.7809945940971375,0.4752003252506256,0.02396497130393982,0.795090913772583,0.5366021394729614,0.010331344790756702,0.6705881357192993,0.4100039601325989,0.02614157274365425,0.7447466850280762,0.39800727367401123,0.013313814997673035,0.7812032103538513,0.45799654722213745,-0.00627594068646431,0.7948776483535767,0.5213027596473694,-0.01562548615038395,0.6707639098167419,0.3945385813713074,-0.005604343954473734,0.7409515976905823,0.3996168076992035,-0.013577544130384922,0.7770031094551086,0.4497929811477661,-0.02101201005280018,0.7954899072647095,0.5078610777854919,-0.024704309180378914
B,0.5501101016998291,0.5170717835426331,3.0649084692413453e-07,0.6347256302833557,0.5480160713195801,0.029604047536849976,0.695904552936554,0.5321340560913086,0.04424116015434265,0.7498513460159302,0.535199761390686,0.04311881586909294,0.7861762642860413,0.5653496980667114,0.04064539447426796,0.7008005380630493,0.45229020714759827,0.08037719875574112,0.7505044937133789,0.43805867433547974,0.07617779821157455,0.7762589454650879,0.47223901748657227,0.061274249106645584,0.7899245023727417,0.5126175284385681,0.05019937828183174,0.6984161734580994,0.4266388416290283,0.05464192479848862,0.757021963596344,0.4023193418979645,0.04197759926319122,0.7896618843078613,0.4431692957878113,0.019209837540984154,0.8045109510421753,0.49605029821395874,0.005623263772577047,0.692747175693512,0.3969467282295227,0.02480361983180046,0.7577058672904968,0.3788829743862152,0.006510828621685505,0.790743350982666,0.4340340495109558,-0.0154789499938488,0.801663875579834,0.49771803617477417,-0.026332635432481766,0.6868285536766052,0.3684435784816742,-0.003741509048268199,0.7489354610443115,0.3821527361869812,-0.019638098776340485,0.7794203162193298,0.43107181787490845,-0.032616760581731796,0.7951218485832214,0.48655202984809875,-0.040034711360931396
B,0.559274435043335,0.5193352103233337,3.726315753738163e-07,0.6352981925010681,0.5488834977149963,0.022390911355614662,0.6971246600151062,0.5304617285728455,0.031555209308862686,0.7505911588668823,0.537041187286377,0.0265255905687809,0.7908405065536499,0.5672054290771484,0.020542843267321587,0.7014747858047485,0.45544198155403137,0.06611330807209015,0.7536054253578186,0.4440363049507141,0.05621328577399254,0.7798205614089966,0.48276856541633606,0.03855881094932556,0.794796347618103,0.5249820947647095,0.025746705010533333,0.6994664669036865,0.42852023243904114,0.042205605655908585,0.7601397037506104,0.4076802134513855,0.023414649069309235,0.7921231985092163,0.45575082302093506,-0.0013619440142065287,0.8057109117507935,0.5136466026306152,-0.01570070907473564,0.6934618949890137,0.39804860949516296,0.014276356436312199,0.7605334520339966,0.37836480140686035,-0.006269355770200491,0.7922718524932861,0.4361996054649353,-0.025950521230697632,0.8032711744308472,0.5019152760505676,-0.03526417165994644,0.6861262917518616,0.37139344215393066,-0.01315465196967125,0.7482993006706238,0.38537123799324036,-0.03043326735496521,0.7808230519294739,0.4355788230895996,-0.04243197292089462,0.799767255783081,0.492377907037735,-0.04909772425889969
B,0.5656861066818237,0.4889664053916931,3.9646374716539867e-07,0.6400308609008789,0.5249391794204712,0.025011705234646797,0.6995333433151245,0.5066685676574707,0.04065575823187828,0.7557054758071899,0.5080627202987671,0.041857991367578506,0.7960237860679626,0.5333940386772156,0.042241815477609634,0.707575261592865,0.43286412954330444,0.0863397866487503,0.7555124759674072,0.426751971244812,0.08633897453546524,0.7834283709526062,0.4621198773384094,0.07264668494462967,0.8037019968032837,0.5000589489936829,0.06106574460864067,0.7076005935668945,0.4050481617450714,0.06376979500055313,0.766457200050354,0.3895128667354584,0.054254766553640366,0.8001424670219421,0.428666353225708,0.030476439744234085,0.8185449242591858,0.4787169396877289,0.01529677864164114,0.7035096883773804,0.37330538034439087,0.0363488607108593,0.769007682800293,0.3596712648868561,0.020040815696120262,0.8028281927108765,0.41289040446281433,-0.0039027996826916933,0.8156984448432922,0.47476762533187866,-0.01691812090575695,0.697843074798584,0.34302064776420593,0.009655834175646305,0.7580255270004272,0.3569866120815277,-0.0067198071628808975,0.7860850095748901,0.4039069414138794,-0.021992506459355354,0.800993800163269,0.4591153562068939,-0.0314156748354435
B,0.5708247423171997,0.49138155579566956,4.295111750707292e-07,0.6436738967895508,0.5276835560798645,0.017989812418818474,0.7071273326873779,0.5074640512466431,0.02892041765153408,0.7624747157096863,0.5103925466537476,0.027417507022619247,0.8019863367080688,0.5403428673744202,0.024800201877951622,0.7132551074028015,0.43748340010643005,0.06680449098348618,0.7643285393714905,0.43688514828681946,0.05994992330670357,0.7932080030441284,0.4792890250682831,0.04291006550192833,0.812217652797699,0.5242214798927307,0.029788287356495857,0.7124608755111694,0.409770667552948,0.04703975096344948,0.7744058966636658,0.3984419107437134,0.032022591680288315,0.8077236413955688,0.44390106201171875,0.007030978798866272,0.8235870599746704,0.49920889735221863,-0.00840690080076456,0.7075779438018799,0.3763355612754822,0.022887583822011948,0.7753405570983887,0.3608485460281372,0.004963258281350136,0.8088024854660034,0.4135800898075104,-0.017049165442585945,0.8217645883560181,0.47529882192611694,-0.028691964223980904,0.7005624175071716,0.34385502338409424,-0.0010940853971987963,0.7613559365272522,0.3556936979293823,-0.01759754680097103,0.7911350131034851,0.40055161714553833,-0.03131859377026558,0.8069888353347778,0.4534510374069214,-0.03960263729095459
B,0.5710636377334595,0.4906355142593384,4.068321288741572e-07,0.6448203325271606,0.5258352160453796,0.016526438295841217,0.7084888815879822,0.5067310929298401,0.02579372748732567,0.7631258368492126,0.511349618434906,0.02268175221979618,0.8038305044174194,0.5415412187576294,0.018520710989832878,0.7143683433532715,0.43338289856910706,0.06379170715808868,0.7655213475227356,0.4301392436027527,0.05441464111208916,0.7942322492599487,0.4712858200073242,0.03594091162085533,0.8128824234008789,0.514864444732666,0.02218540385365486,0.713577151298523,0.4062469005584717,0.04363536462187767,0.7734765410423279,0.39347726106643677,0.025053763762116432,0.806296706199646,0.4435400068759918,-0.0012915675761178136,0.8208308219909668,0.5027477145195007,-0.016755910590291023,0.7084958553314209,0.37453290820121765,0.019003884866833687,0.7744277715682983,0.3586463928222656,-0.0012787508312612772,0.807624876499176,0.4148556888103485,-0.023197432979941368,0.8197818994522095,0.4792851209640503,-0.034082215279340744,0.7011670470237732,0.3446837067604065,-0.005655612330883741,0.7608832120895386,0.35489797592163086,-0.022983493283391,0.7908141016960144,0.400392085313797,-0.036140456795692444,0.8063576817512512,0.45400646328926086,-0.04368824511766434
B,0.5758258104324341,0.4947535991668701,3.6530269653667347e-07,0.6554134488105774,0.533234715461731,0.028642946854233742,0.7206013798713684,0.5141273140907288,0.04687865078449249,0.7732561230659485,0.5170685648918152,0.05027514696121216,0.8097572326660156,0.5484095811843872,0.0526888445019722,0.7244654893875122,0.4364129304885864,0.08442185819149017,0.7771037220954895,0.4349551200866699,0.08267179131507874,0.8043100833892822,0.47759854793548584,0.06862252205610275,0.819469690322876,0.5244399905204773,0.05743281915783882,0.7230943441390991,0.41001826524734497,0.059785325080156326,0.7849403619766235,0.3948078751564026,0.04806176573038101,0.8178165555000305,0.44375425577163696,0.023913035169243813,0.8301182985305786,0.5022013783454895,0.00961823295801878,0.7170034646987915,0.380496621131897,0.03091418370604515,0.7836582064628601,0.36275714635849,0.016003189608454704,0.8157109022140503,0.4199562668800354,-0.005663488060235977,0.8261760473251343,0.4838874340057373,-0.017098374664783478,0.7094822525978088,0.35393181443214417,0.0028027216903865337,0.7704017758369446,0.3655693233013153,-0.01212705671787262,0.8006720542907715,0.4127643406391144,-0.026331914588809013,0.8167668581008911,0.46696287393569946,-0.03506320342421532
B,0.5787672996520996,0.49063587188720703,3.978317408837029e-07,0.6555957198143005,0.5308120846748352,0.02251802198588848,0.7209508419036865,0.5123052597045898,0.03684139624238014,0.7769200205802917,0.5156674981117249,0.037541624158620834,0.816842257976532,0.5439610481262207,0.037231702357530594,0.7274466753005981,0.4433210492134094,0.0750645101070404,0.7784994840621948,0.44659873843193054,0.06979430466890335,0.8067737817764282,0.4888930320739746,0.05344339832663536,0.8257940411567688,0.5323885083198547,0.04047347605228424,0.7274283170700073,0.41352829337120056,0.05326610431075096,0.7891221046447754,0.40694326162338257,0.03786425292491913,0.8205941915512085,0.45610472559928894,0.011926684528589249,0.8350419998168945,0.5140146017074585,-0.0036121513694524765,0.7231488823890686,0.3797394931316376,0.027088545262813568,0.7902782559394836,0.3672947287559509,0.008940348401665688,0.8215653300285339,0.4210996627807617,-0.013920348137617111,0.8336313962936401,0.4843105673789978,-0.025964325293898582,0.7168474197387695,0.34737539291381836,0.0013259982224553823,0.7753785252571106,0.36412134766578674,-0.0156511552631855,0.8062295317649841,0.40934833884239197,-0.03092581033706665,0.8250455260276794,0.46373501420021057,-0.04038963466882706
B,0.5879326462745667,0.48236486315727234,4.1298969222225423e-07,0.6604821085929871,0.5247758030891418,0.021555010229349136,0.7239250540733337,0.50745689868927,0.03561205789446831,0.7804434895515442,0.5094713568687439,0.03629909083247185,0.8222200870513916,0.5355176329612732,0.03621299937367439,0.7320566773414612,0.43500831723213196,0.07759574055671692,0.7823557257652283,0.44359123706817627,0.07436968386173248,0.8113335371017456,0.4865955114364624,0.05913946032524109,0.8308465480804443,0.5285070538520813,0.04689877852797508,0.7342787981033325,0.40682733058929443,0.05648105591535568,0.7958081960678101,0.4066937267780304,0.04359219968318939,0.8270497918128967,0.45792514085769653,0.018733546137809753,0.8405291438102722,0.5153230428695679,0.0036886855959892273,0.7326619625091553,0.3743680417537689,0.030815504491329193,0.800413191318512,0.36753344535827637,0.015069498680531979,0.83206707239151,0.4240458607673645,-0.006770607549697161,0.8431897759437561,0.4877423346042633,-0.018457194790244102,0.7292293310165405,0.3431716859340668,0.00539642246440053,0.7886711359024048,0.3599121868610382,-0.009232546202838421,0.8170919418334961,0.4077146649360657,-0.022647079080343246,0.8319156169891357,0.4638274908065796,-0.03076321817934513
B,0.5877538919448853,0.48515480756759644,3.811331339420576e-07,0.6607904434204102,0.5264326333999634,0.020330272614955902,0.7263882756233215,0.5061910152435303,0.034677669405937195,0.7819855213165283,0.507671594619751,0.03621035814285278,0.8234795928001404,0.5341588854789734,0.03701027110219002,0.7340896725654602,0.437563419342041,0.07368442416191101,0.7857593894004822,0.44387948513031006,0.06941784918308258,0.8142906427383423,0.4859160780906677,0.054294586181640625,0.8333836793899536,0.5283175706863403,0.042282722890377045,0.7363035082817078,0.4102034866809845,0.053547751158475876,0.7971868515014648,0.4088878035545349,0.03924621641635895,0.8284447193145752,0.4603680372238159,0.01387141365557909,0.8426167368888855,0.5192667841911316,-0.00133531226310879,0.7339954972267151,0.37754952907562256,0.028916580602526665,0.7999272346496582,0.36801207065582275,0.01201547496020794,0.830498456954956,0.4235398769378662,-0.01076572760939598,0.8414523005485535,0.48759543895721436,-0.02293556183576584,0.7292430400848389,0.34483933448791504,0.004522679373621941,0.7862135767936707,0.358342707157135,-0.011342091485857964,0.8161673545837402,0.4032479226589203,-0.026281237602233887,0.8335223197937012,0.4583244025707245,-0.035614974796772
B,0.5854954123497009,0.48889026045799255,3.5540611520445964e-07,0.6604389548301697,0.5277814269065857,0.019001580774784088,0.7273581027984619,0.5079388618469238,0.03262143209576607,0.7818284034729004,0.5122493505477905,0.03361444175243378,0.8224047422409058,0.5391342043876648,0.034297775477170944,0.731561541557312,0.4278215765953064,0.07063810527324677,0.7841159701347351,0.42155957221984863,0.0635538175702095,0.811623752117157,0.46172958612442017,0.04734412580728531,0.8280084729194641,0.505517303943634,0.035108838230371475,0.7310225367546082,0.4032496213912964,0.05009414628148079,0.7918357849121094,0.3878578543663025,0.03288979455828667,0.8241503238677979,0.43807268142700195,0.007036183495074511,0.83896803855896,0.4959249496459961,-0.008095885626971722,0.7261922359466553,0.37520116567611694,0.024740073829889297,0.7936381101608276,0.3554849624633789,0.0035535767674446106,0.8248790502548218,0.4142514169216156,-0.019899073988199234,0.835394024848938,0.4794832468032837,-0.03141605481505394,0.7205079793930054,0.34786736965179443,-0.00033400938264094293,0.7798649668693542,0.35703045129776,-0.020068516954779625,0.809116005897522,0.4043295979499817,-0.03608274459838867,0.825294017791748,0.4589919447898865,-0.04540472850203514
B,0.5658574104309082,0.4841844439506531,2.519295208003314e-07,0.6373782157897949,0.5241900682449341,0.01342686079442501,0.7028607726097107,0.5105562210083008,0.024465491995215416,0.757717490196228,0.5084959864616394,0.024608563631772995,0.8020079731941223,0.5276737809181213,0.024266604334115982,0.7181398868560791,0.445193886756897,0.05983647331595421,0.7702918648719788,0.438621461391449,0.05213210731744766,0.7996295094490051,0.4664504826068878,0.03749779239296913,0.8210126757621765,0.4968695044517517,0.02673957683146,0.7197368741035461,0.41618725657463074,0.04248777776956558,0.7822759747505188,0.4041293263435364,0.025516852736473083,0.8119527101516724,0.4436003565788269,0.002676034113392234,0.829569935798645,0.4917091429233551,-0.010243975557386875,0.7167009711265564,0.38359349966049194,0.020436370745301247,0.7810965180397034,0.3733653724193573,-0.0021512361709028482,0.8105779886245728,0.4272857904434204,-0.024329842999577522,0.822782576084137,0.4897940158843994,-0.03433419018983841,0.7107539176940918,0.3507469594478607,-0.001406792551279068,0.7696124911308289,0.3604101538658142,-0.021459603682160378,0.7979417443275452,0.4071683883666992,-0.035918980836868286,0.8133642673492432,0.4643913507461548,-0.04348590970039368
B,0.5696867108345032,0.4817332625389099,3.7324690538298455e-07,0.6369727849960327,0.5212070345878601,0.007096209097653627,0.7044209837913513,0.5093175768852234,0.013607030734419823,0.7593998312950134,0.5092618465423584,0.01058269664645195,0.8045543432235718,0.529085636138916,0.007253070827573538,0.7236341238021851,0.4413982629776001,0.04637061804533005,0.7771689891815186,0.44192031025886536,0.03232759237289429,0.8064662218093872,0.4808889627456665,0.014103984460234642,0.8257830142974854,0.5220731496810913,0.0017128793988376856,0.7242068648338318,0.41558727622032166,0.030783291906118393,0.7910478711128235,0.4147184491157532,0.009935813024640083,0.8208105564117432,0.46157461404800415,-0.014158816076815128,0.8363838195800781,0.513646125793457,-0.027698606252670288,0.7210585474967957,0.3844371438026428,0.010422121733427048,0.7894044518470764,0.37940049171447754,-0.013485914096236229,0.8172799944877625,0.43683838844299316,-0.03401946648955345,0.8276993036270142,0.4991436004638672,-0.043183453381061554,0.7141202092170715,0.35094594955444336,-0.010325252078473568,0.7724037170410156,0.3596557080745697,-0.030780602246522903,0.7982953786849976,0.4089580178260803,-0.04364809766411781,0.810297429561615,0.4667975604534149,-0.0500679649412632
B,0.5380111932754517,0.49095943570137024,3.820571805590589e-07,0.6010711193084717,0.5254960656166077,0.0009419791749678552,0.6755377054214478,0.5124354958534241,0.004019198007881641,0.7353806495666504,0.5095096826553345,-0.00020883974502794445,0.7824021577835083,0.5280961394309998,-0.004263006616383791,0.6935204267501831,0.4490842819213867,0.030784526839852333,0.7514761686325073,0.44075000286102295,0.012344547547399998,0.7869670391082764,0.4734877049922943,-0.00690271332859993,0.8116456270217896,0.5111562013626099,-0.019155588001012802,0.6921665072441101,0.41792502999305725,0.018637120723724365,0.7580388188362122,0.40556973218917847,-0.005467599257826805,0.7914947867393494,0.44681793451309204,-0.027554579079151154,0.8127485513687134,0.49745264649391174,-0.03947441279888153,0.6866104006767273,0.38480034470558167,0.0019040863262489438,0.7540695071220398,0.37363287806510925,-0.02505485899746418,0.7853517532348633,0.42708322405815125,-0.04304815083742142,0.7988206148147583,0.48934584856033325,-0.0497484989464283,0.6769310235977173,0.35202106833457947,-0.015575340017676353,0.7396873235702515,0.3660847544670105,-0.03805097937583923,0.7709943652153015,0.4146305024623871,-0.05044355243444443,0.7887998819351196,0.47064340114593506,-0.05591915175318718
B,0.49282100796699524,0.49984318017959595,2.3158315798355034e-07,0.5521264672279358,0.5332692265510559,0.003378035733476281,0.6233243346214294,0.5223556756973267,0.008407262153923512,0.6804003119468689,0.5157114267349243,0.005638744216412306,0.7272883653640747,0.5208272933959961,0.002879423089325428,0.6453713774681091,0.4452601373195648,0.038702789694070816,0.7008388042449951,0.4341612160205841,0.023119686171412468,0.7304109930992126,0.46630120277404785,0.005208775866776705,0.7464927434921265,0.5026814341545105,-0.00626518065109849,0.6443135738372803,0.4178745150566101,0.02592526562511921,0.7084334492683411,0.40369677543640137,0.007003693375736475,0.736960768699646,0.4432772397994995,-0.01300755888223648,0.7516032457351685,0.48941177129745483,-0.024505145847797394,0.6384343504905701,0.38882941007614136,0.008196968585252762,0.7043296694755554,0.37914973497390747,-0.014316403307020664,0.7326366305351257,0.4296534061431885,-0.03021947108209133,0.7436866760253906,0.4856233298778534,-0.03683742508292198,0.6272804141044617,0.3608117997646332,-0.010219193063676357,0.6850038766860962,0.3712727427482605,-0.029316240921616554,0.7124794721603394,0.41610121726989746,-0.039433788508176804,0.7271153330802917,0.46715694665908813,-0.04398973286151886
B,0.48653680086135864,0.5042296648025513,3.3482788808214536e-07,0.5469582080841064,0.5329004526138306,0.00279454467818141,0.6193240284919739,0.5204015374183655,0.006297453306615353,0.6771032810211182,0.5169710516929626,0.0019460312323644757,0.724646270275116,0.5253956317901611,-0.0018658299231901765,0.6364084482192993,0.439902663230896,0.036456525325775146,0.691230297088623,0.42505237460136414,0.0216071717441082,0.720802903175354,0.4545532166957855,0.004323478788137436,0.7385756969451904,0.48816829919815063,-0.007038871757686138,0.6322579383850098,0.4118998646736145,0.02313375659286976,0.6952425241470337,0.39175909757614136,0.0027640408370643854,0.725248396396637,0.4290271997451782,-0.017822152003645897,0.7415154576301575,0.4741460978984833,-0.02919699065387249,0.6240586042404175,0.38380560278892517,0.005290532484650612,0.6915932893753052,0.36774206161499023,-0.018500106409192085,0.7205426096916199,0.42104801535606384,-0.03389868885278702,0.7323026061058044,0.4798749089241028,-0.03974347934126854,0.6126629114151001,0.3588036298751831,-0.013303211890161037,0.6750503778457642,0.36887791752815247,-0.03408198431134224,0.7057243585586548,0.4164886474609375,-0.04464203491806984,0.7236608862876892,0.4701516032218933,-0.04907457157969475
B,0.433758944272995,0.5121153593063354,2.0628675656553241e-07,0.49001261591911316,0.5446919798851013,0.0036991091910749674,0.5638247132301331,0.5296350121498108,0.01002123299986124,0.62152099609375,0.5200048685073853,0.008845399133861065,0.6676620841026306,0.5143309235572815,0.008470404893159866,0.5873970985412598,0.44306373596191406,0.041028931736946106,0.6430861949920654,0.4283265769481659,0.027202894911170006,0.6718420386314392,0.4599960148334503,0.010215207003057003,0.685383677482605,0.4988690912723541,-0.0006452819216065109,0.5834331512451172,0.4154241681098938,0.028584469109773636,0.6450373530387878,0.3968374729156494,0.011917957104742527,0.6749683022499084,0.4349191188812256,-0.007099437527358532,0.6897757649421692,0.4814315140247345,-0.01814247854053974,0.574006199836731,0.3895210921764374,0.011225180700421333,0.6396533846855164,0.37708592414855957,-0.010041155852377415,0.6694830060005188,0.4272765815258026,-0.02525942027568817,0.6810911893844604,0.48319607973098755,-0.03162543475627899,0.5602650046348572,0.3688378930091858,-0.006862540729343891,0.6203688979148865,0.38243067264556885,-0.02618725225329399,0.6507085561752319,0.4266098141670227,-0.03656671568751335,0.6680114269256592,0.47667303681373596,-0.04119524732232094
B,0.4056813716888428,0.532768964767456,2.6571444777800934e-07,0.46578261256217957,0.5593380928039551,0.002488433150574565,0.538262128829956,0.5407178401947021,0.005353553686290979,0.5954501628875732,0.5361707806587219,0.0007961298688314855,0.6379927396774292,0.5429725050926208,-0.0032397517934441566,0.5594056248664856,0.4417850077152252,0.03171040490269661,0.6112530827522278,0.4210004508495331,0.013792529702186584,0.6396616697311401,0.45645639300346375,-0.0063897427171468735,0.653642475605011,0.49883875250816345,-0.019318610429763794,0.5507574081420898,0.41745084524154663,0.01866290159523487,0.6109866499900818,0.3941099941730499,-0.003568067913874984,0.6406322121620178,0.43768543004989624,-0.02450232394039631,0.6547108888626099,0.4882458746433258,-0.03571544215083122,0.5372821092605591,0.39630651473999023,0.0013451759004965425,0.6031911969184875,0.37675929069519043,-0.02298359014093876,0.6355989575386047,0.4315512180328369,-0.03788891062140465,0.6489649415016174,0.49237263202667236,-0.043136175721883774,0.5190645456314087,0.3824470639228821,-0.016821714118123055,0.5829526782035828,0.3928769826889038,-0.038544923067092896,0.6175307631492615,0.43694576621055603,-0.04947398230433464,0.6379033327102661,0.4870637357234955,-0.053913988173007965
B,0.3623715043067932,0.5397520661354065,2.133775893753409e-07,0.4234200119972229,0.5669128894805908,0.005144719500094652,0.4938851296901703,0.5499460697174072,0.009890035726130009,0.5488935112953186,0.5425072908401489,0.007139470428228378,0.5884791016578674,0.5436854958534241,0.004896699450910091,0.515460729598999,0.45266062021255493,0.03423382341861725,0.5684909224510193,0.43356984853744507,0.01856495998799801,0.5986825227737427,0.46436402201652527,0.0007233648211695254,0.6129514575004578,0.501944363117218,-0.010733271017670631,0.5073895454406738,0.4268006682395935,0.020998643711209297,0.5699892044067383,0.4040122628211975,0.0016365095507353544,0.6000691652297974,0.4436735510826111,-0.016956742852926254,0.61311936378479,0.48929864168167114,-0.02696538157761097,0.4935954213142395,0.4045058786869049,0.0036631939001381397,0.5600268244743347,0.3838613033294678,-0.01975342072546482,0.5900453925132751,0.43411722779273987,-0.03425278514623642,0.6009763479232788,0.4893288314342499,-0.039402492344379425,0.4749221205711365,0.38961783051490784,-0.014010741375386715,0.5367449522018433,0.4024103879928589,-0.035877473652362823,0.5697467923164368,0.4440564811229706,-0.04747343435883522,0.5890129804611206,0.49098333716392517,-0.05237272009253502
B,0.3403337597846985,0.550609827041626,2.421302838229167e-07,0.40274739265441895,0.5762514472007751,0.0015614134026691318,0.47414112091064453,0.556444525718689,0.0035705959890037775,0.5310153961181641,0.5495447516441345,-0.0014612638624385,0.5729228258132935,0.5635105967521667,-0.005775410681962967,0.49351611733436584,0.4665476679801941,0.029726417735219002,0.5455418229103088,0.44312164187431335,0.012741191312670708,0.5749084949493408,0.4753725230693817,-0.0058349245227873325,0.590154767036438,0.5122890472412109,-0.017745712772011757,0.48531657457351685,0.44144147634506226,0.01744813472032547,0.5464015007019043,0.4103633165359497,-0.005638369359076023,0.576582133769989,0.45207712054252625,-0.026052743196487427,0.5892268419265747,0.5004129409790039,-0.03612789511680603,0.4713735580444336,0.4191438853740692,0.0011286594672128558,0.5376707911491394,0.3880271017551422,-0.02374206855893135,0.569730818271637,0.44057708978652954,-0.03872779384255409,0.5819776058197021,0.49984806776046753,-0.04349678009748459,0.45259350538253784,0.4030957818031311,-0.01596430316567421,0.5148932933807373,0.40712815523147583,-0.03801751509308815,0.55058753490448,0.4467698931694031,-0.04993853718042374,0.5721536874771118,0.49288737773895264,-0.054974596947431564
B,0.3404078483581543,0.5499732494354248,3.134544499516778e-07,0.4042704999446869,0.5744949579238892,0.00388632551766932,0.47676050662994385,0.5524091720581055,0.006777516566216946,0.5338812470436096,0.5492810606956482,0.001701369765214622,0.5757013559341431,0.5681828260421753,-0.002658010693266988,0.49181124567985535,0.46091902256011963,0.03478294983506203,0.545059084892273,0.4416047930717468,0.018351638689637184,0.5724836587905884,0.4771156311035156,-0.00030744916875846684,0.5849635004997253,0.5181807279586792,-0.012282785028219223,0.48409026861190796,0.4352394938468933,0.02115662395954132,0.5460085868835449,0.4066818952560425,-0.001583075150847435,0.5761359333992004,0.450463205575943,-0.022671399638056755,0.5891768336296082,0.5028536319732666,-0.03305452689528465,0.47147202491760254,0.41328558325767517,0.003428706433624029,0.5394041538238525,0.38431811332702637,-0.02141040936112404,0.5722585320472717,0.4396594762802124,-0.037631649523973465,0.5863161087036133,0.5027263760566711,-0.043264567852020264,0.4556618332862854,0.3993721902370453,-0.014879089780151844,0.5195198059082031,0.4090898036956787,-0.03715667128562927,0.553949236869812,0.45536941289901733,-0.0494903139770031,0.5750220417976379,0.5074463486671448,-0.05467837303876877
B,0.3188960552215576,0.5637760758399963,2.864638304345135e-07,0.3865375220775604,0.589070200920105,0.007512831594794989,0.45742833614349365,0.5667507648468018,0.009986361488699913,0.5120848417282104,0.560834527015686,0.003947731107473373,0.5549684166908264,0.5777364373207092,-0.0018081703456118703,0.47502899169921875,0.4791874289512634,0.037429314106702805,0.526445209980011,0.4647662043571472,0.024001237004995346,0.5567355155944824,0.49537193775177,0.006948238238692284,0.574405312538147,0.5273371934890747,-0.004854040220379829,0.4666939973831177,0.4499460458755493,0.021527884528040886,0.5299479961395264,0.4220724105834961,0.0009226668043993413,0.5600745677947998,0.4638528525829315,-0.019652921706438065,0.5717790722846985,0.5119810104370117,-0.030123697593808174,0.45250171422958374,0.4252748489379883,0.0021279361099004745,0.519629955291748,0.3946770131587982,-0.020367471501231194,0.5503872036933899,0.44873976707458496,-0.03581760451197624,0.5625287294387817,0.5081758499145508,-0.04153112322092056,0.43508604168891907,0.4123469591140747,-0.017459988594055176,0.49748995900154114,0.42061325907707214,-0.036761362105607986,0.5313549637794495,0.4640023708343506,-0.047613389790058136,0.5519964098930359,0.5121415257453918,-0.052471354603767395
B,0.318528950214386,0.5635802149772644,3.395749388346303e-07,0.38482043147087097,0.5856775045394897,0.007087744306772947,0.4552953541278839,0.5616239905357361,0.008701485581696033,0.5111986994743347,0.558080792427063,0.001148751936852932,0.5560056567192078,0.5764981508255005,-0.005908418912440538,0.47236961126327515,0.47543400526046753,0.03904537111520767,0.5257881283760071,0.45999521017074585,0.0238034725189209,0.5553950667381287,0.4921380281448364,0.005623829085379839,0.5706037878990173,0.5269163846969604,-0.0065808785147964954,0.465401291847229,0.44725528359413147,0.022521983832120895,0.5301157236099243,0.41800689697265625,6.120682519394904e-05,0.5594685673713684,0.46125054359436035,-0.021279042586684227,0.5682994723320007,0.5111762881278992,-0.03174128755927086,0.4523581266403198,0.4234725534915924,0.0020947852171957493,0.5211942791938782,0.392045259475708,-0.021794404834508896,0.5514139533042908,0.4476652443408966,-0.03707363083958626,0.5611664056777954,0.50858074426651,-0.042240601032972336,0.43591535091400146,0.4100618064403534,-0.018740708008408546,0.49833810329437256,0.4196418225765228,-0.03934512659907341,0.5309833288192749,0.46646109223365784,-0.05035381764173508,0.5496437549591064,0.517846405506134,-0.05488581582903862
B,0.2899623513221741,0.5515005588531494,2.039095505779187e-07,0.3612363338470459,0.5778303146362305,0.0047108205035328865,0.43143773078918457,0.5603013634681702,0.005864474922418594,0.4873344302177429,0.556583046913147,-0.0012976303696632385,0.5314242839813232,0.5709752440452576,-0.008341928943991661,0.454210102558136,0.4836970865726471,0.0321110375225544,0.5054307579994202,0.4694066047668457,0.01518708374351263,0.5340501666069031,0.5039633512496948,-0.0038554759230464697,0.5507999658584595,0.5403181910514832,-0.01678021438419819,0.44714900851249695,0.45535019040107727,0.016614926978945732,0.5088798999786377,0.4257041811943054,-0.009494376368820667,0.536573588848114,0.47510331869125366,-0.03216676041483879,0.5451775789260864,0.5304351449012756,-0.04295894131064415,0.43329542875289917,0.4302064776420593,-0.002582735614851117,0.4983592927455902,0.39677372574806213,-0.029584340751171112,0.5277769565582275,0.45297694206237793,-0.045400407165288925,0.53757244348526,0.515681266784668,-0.050138793885707855,0.41417640447616577,0.41163572669029236,-0.022250225767493248,0.4725920259952545,0.4119851589202881,-0.044502902776002884,0.5049239993095398,0.4511754810810089,-0.055789001286029816,0.5237036943435669,0.49829283356666565,-0.06027085334062576
B,0.29358959197998047,0.5494673848152161,3.6052128393748717e-07,0.362501323223114,0.5759491324424744,0.00023587921168655157,0.43322259187698364,0.5612698793411255,-0.0005649134982377291,0.4866190254688263,0.5571278929710388,-0.009238341823220253,0.5294972062110901,0.5722917318344116,-0.017380060628056526,0.45363232493400574,0.4902057349681854,0.02810300886631012,0.5070601105690002,0.4842779040336609,0.008760442957282066,0.5349092483520508,0.5223843455314636,-0.011526447720825672,0.5509311556816101,0.5609293580055237,-0.024942582473158836,0.4474584758281708,0.4598052501678467,0.013927045278251171,0.5117601752281189,0.43743637204170227,-0.015167728066444397,0.5391466021537781,0.4863336980342865,-0.040084533393383026,0.5491506457328796,0.5397185683250427,-0.052107859402894974,0.43555977940559387,0.43169426918029785,-0.0043279980309307575,0.500886857509613,0.3981073200702667,-0.033409878611564636,0.5282854437828064,0.4551679491996765,-0.05075446516275406,0.5374152064323425,0.5199565887451172,-0.05620443448424339,0.41834118962287903,0.4088633954524994,-0.02341936156153679,0.4756416976451874,0.4086221158504486,-0.04654911532998085,0.5082924365997314,0.4503266513347626,-0.05860006809234619,0.5283867716789246,0.5018822550773621,-0.06365498155355453
B,0.28030213713645935,0.5500484108924866,3.026600836619764e-07,0.34527936577796936,0.5772613883018494,0.004723818507045507,0.4169222116470337,0.5588988065719604,0.005207194481045008,0.4727734327316284,0.5563345551490784,-0.0023594193626195192,0.5163164138793945,0.5757320523262024,-0.009484278038144112,0.43841153383255005,0.4679296314716339,0.033048417419195175,0.4910517632961273,0.45051687955856323,0.017859451472759247,0.5144853591918945,0.4868254065513611,-7.05874408595264e-05,0.5253905057907104,0.5225956439971924,-0.012247061356902122,0.4300128221511841,0.43989938497543335,0.017593862488865852,0.4932262897491455,0.4092484712600708,-0.004740272182971239,0.5178201198577881,0.45685112476348877,-0.025819886475801468,0.5220859050750732,0.5092011094093323,-0.03634555637836456,0.4157337546348572,0.41774624586105347,-0.0014040382811799645,0.48301962018013,0.3804202079772949,-0.024214964359998703,0.5110687017440796,0.4352492094039917,-0.03863223269581795,0.5186991095542908,0.49602261185646057,-0.04372912645339966,0.39739879965782166,0.4065316915512085,-0.020965630188584328,0.45770224928855896,0.4073393940925598,-0.04014583304524422,0.48920774459838867,0.45010435581207275,-0.04977557435631752,0.5056312084197998,0.4995788335800171,-0.053748968988657
B,0.27701079845428467,0.5548859238624573,3.158334891395498e-07,0.34329453110694885,0.5796282291412354,0.002468385500833392,0.4138837158679962,0.5664256811141968,-0.000534629391040653,0.4710601270198822,0.5680592060089111,-0.01180215273052454,0.5177897810935974,0.587909460067749,-0.022127272561192513,0.43416810035705566,0.4648837745189667,0.03243361413478851,0.48909398913383484,0.4431619346141815,0.013655328191816807,0.5143431425094604,0.4811769127845764,-0.006986710708588362,0.5231865644454956,0.5204307436943054,-0.019938023760914803,0.42538195848464966,0.43843019008636475,0.017291918396949768,0.49164262413978577,0.4070441722869873,-0.008250835351645947,0.5186475515365601,0.4558550715446472,-0.03194022923707962,0.5213344097137451,0.5101144909858704,-0.04335199296474457,0.41138309240341187,0.4159168004989624,-0.0017866018461063504,0.47926032543182373,0.38384950160980225,-0.025916369631886482,0.5099688768386841,0.44173336029052734,-0.041278112679719925,0.5170990824699402,0.5040861368179321,-0.04628463461995125,0.3940160274505615,0.4034179747104645,-0.02172566018998623,0.45495226979255676,0.40651053190231323,-0.04132283106446266,0.48746854066848755,0.45096123218536377,-0.05120396986603737,0.5038990378379822,0.5011945366859436,-0.054705165326595306
B,0.27857327461242676,0.56194669008255,2.647205121775187e-07,0.3434939682483673,0.5894445776939392,0.0018020211718976498,0.4123572111129761,0.5808767080307007,-0.0013585550477728248,0.46827900409698486,0.5840529203414917,-0.012373272329568863,0.5144060254096985,0.5971598029136658,-0.022333424538373947,0.43707430362701416,0.47807303071022034,0.029484698548913002,0.49195414781570435,0.45340782403945923,0.010640470311045647,0.5181358456611633,0.48757028579711914,-0.0094904825091362,0.526652455329895,0.5246648192405701,-0.02178054116666317,0.42884063720703125,0.4512214660644531,0.015467684715986252,0.49330565333366394,0.4156777858734131,-0.009473809972405434,0.5199886560440063,0.4629381000995636,-0.03201833739876747,0.5223385691642761,0.5160488486289978,-0.04276677221059799,0.41467392444610596,0.42710965871810913,-0.002340778475627303,0.48050057888031006,0.39088499546051025,-0.025676999241113663,0.5100175142288208,0.4454421103000641,-0.03977123647928238,0.5160434246063232,0.5053836107254028,-0.044089771807193756,0.39661943912506104,0.41058349609375,-0.021006613969802856,0.4553565979003906,0.4093818664550781,-0.040180664509534836,0.4880036413669586,0.45054081082344055,-0.049410320818424225,0.5049866437911987,0.49845531582832336,-0.052357159554958344
B,0.28010159730911255,0.5622959733009338,3.302348545730638e-07,0.3450302481651306,0.5886952877044678,-0.002858605934306979,0.4130350351333618,0.5820462703704834,-0.007710820529609919,0.4687640964984894,0.585426390171051,-0.0191938579082489,0.5162902474403381,0.5976445078849792,-0.02952580526471138,0.4397546350955963,0.4820208251476288,0.026248568668961525,0.49415236711502075,0.4607585072517395,0.008163116872310638,0.5204131007194519,0.49228426814079285,-0.0116545669734478,0.5323346853256226,0.5261673927307129,-0.024338770657777786,0.43112629652023315,0.45304760336875916,0.014363088645040989,0.49465420842170715,0.4168330430984497,-0.01103012915700674,0.5204126238822937,0.4599910378456116,-0.03433327376842499,0.5249283909797668,0.5109986662864685,-0.045698098838329315,0.41619277000427246,0.4273964762687683,-0.0014871881576254964,0.4801764488220215,0.38776838779449463,-0.02604716643691063,0.5096634030342102,0.4397105574607849,-0.04125901311635971,0.5181999206542969,0.5002799034118652,-0.0461476668715477,0.39726242423057556,0.4095870852470398,-0.018440835177898407,0.4553646147251129,0.4050584137439728,-0.038368821144104004,0.4878932535648346,0.4441836178302765,-0.04793057590723038,0.5060528516769409,0.4921024441719055,-0.05109027400612831
B,0.27628758549690247,0.5711297392845154,4.250354947998858e-07,0.33800092339515686,0.6042791604995728,-0.0003351789782755077,0.4033169150352478,0.6058531403541565,-0.005534614436328411,0.45863020420074463,0.6119486689567566,-0.01891440525650978,0.5101431608200073,0.6088433265686035,-0.031234823167324066,0.4270453155040741,0.4801410436630249,0.03704911842942238,0.4842231273651123,0.4537884294986725,0.022900044918060303,0.5133418440818787,0.4870080053806305,0.003632415784522891,0.5257585644721985,0.5223725438117981,-0.008818943053483963,0.41926810145378113,0.453763872385025,0.022955428808927536,0.48645031452178955,0.41231101751327515,0.0029652549419552088,0.5193302631378174,0.4569947123527527,-0.021765997633337975,0.5260355472564697,0.511658251285553,-0.035362109541893005,0.40688785910606384,0.4320197105407715,0.004671222530305386,0.4748176336288452,0.39024490118026733,-0.013498712331056595,0.5106691122055054,0.44643068313598633,-0.030047178268432617,0.520386278629303,0.50938481092453,-0.03751878812909126,0.39262253046035767,0.4218919277191162,-0.01478409580886364,0.45638951659202576,0.41259440779685974,-0.02909022942185402,0.49186980724334717,0.4542338252067566,-0.03710484877228737,0.5082025527954102,0.5046815276145935,-0.04027695581316948
B,0.28255215287208557,0.5719550251960754,4.333081164986652e-07,0.34832581877708435,0.6079836487770081,-0.006322301458567381,0.41321855783462524,0.612424910068512,-0.011245936155319214,0.46749719977378845,0.6160345077514648,-0.02262580208480358,0.5166087746620178,0.6029291152954102,-0.03263453394174576,0.43573006987571716,0.48703616857528687,0.03413114696741104,0.48840421438217163,0.45877063274383545,0.02082238346338272,0.5177486538887024,0.48560744524002075,0.0017355947056785226,0.5326927900314331,0.5164998173713684,-0.010885593481361866,0.42777466773986816,0.45839303731918335,0.0240081287920475,0.4883612096309662,0.4099029004573822,0.0038668483030050993,0.5213199853897095,0.4471098482608795,-0.021803610026836395,0.5305100679397583,0.4990485906600952,-0.03619806841015816,0.4139616787433624,0.4334803819656372,0.009254029020667076,0.47618022561073303,0.38621604442596436,-0.01044614240527153,0.5123199224472046,0.43490809202194214,-0.02933552674949169,0.5240078568458557,0.49579542875289917,-0.0379757322371006,0.39832115173339844,0.4185009002685547,-0.006988394074141979,0.4585707187652588,0.4041922688484192,-0.023077405989170074,0.4943488538265228,0.43948549032211304,-0.03329566866159439,0.5127219557762146,0.4872620403766632,-0.037730466574430466
B,0.2826416492462158,0.5710585713386536,4.3099615254504897e-07,0.34730201959609985,0.6078127026557922,-0.004721302073448896,0.41314929723739624,0.611890435218811,-0.009085705503821373,0.46872690320014954,0.6161413788795471,-0.020451374351978302,0.5183592438697815,0.6014660596847534,-0.030598700046539307,0.43363749980926514,0.48758649826049805,0.03688732907176018,0.485670268535614,0.45880621671676636,0.023815399035811424,0.514780580997467,0.483918160200119,0.004975516349077225,0.5288197994232178,0.5131753087043762,-0.00727074733003974,0.42579570412635803,0.4591052532196045,0.025639589875936508,0.4860510230064392,0.41016337275505066,0.006261768285185099,0.518619954586029,0.445804238319397,-0.018960168585181236,0.527889609336853,0.4962572157382965,-0.0330156534910202,0.4123643636703491,0.4344119131565094,0.009644590318202972,0.4745573401451111,0.38571879267692566,-0.00963378231972456,0.509955108165741,0.43332332372665405,-0.027934469282627106,0.5212953090667725,0.49365442991256714,-0.036066632717847824,0.3971664607524872,0.4202217161655426,-0.007792215794324875,0.45905429124832153,0.4045462906360626,-0.02340042218565941,0.49511343240737915,0.4392269551753998,-0.03304590284824371,0.5128121376037598,0.48727068305015564,-0.03706272691488266
B,0.3042542338371277,0.580022931098938,3.2121192816703115e-07,0.374521404504776,0.6192315220832825,2.69272192099379e-07,0.4336296319961548,0.6216493248939514,0.0028493115678429604,0.484225332736969,0.6126867532730103,-0.0014761581551283598,0.5258177518844604,0.5908490419387817,-0.004609007854014635,0.4491233229637146,0.49598175287246704,0.04586603119969368,0.49932700395584106,0.46641242504119873,0.03669290989637375,0.5265658497810364,0.4895288944244385,0.02105945348739624,0.5378918051719666,0.5201521515846252,0.011456967331469059,0.4421182870864868,0.469005823135376,0.03553714603185654,0.5000591278076172,0.421215295791626,0.01947866752743721,0.5313779711723328,0.45329219102859497,-0.003165328875184059,0.5383243560791016,0.49884456396102905,-0.015333740040659904,0.4305919408798218,0.4444994330406189,0.020427772775292397,0.48958253860473633,0.3940163254737854,0.0030265406239777803,0.5236437916755676,0.43714475631713867,-0.015451733954250813,0.5316015481948853,0.49317675828933716,-0.02334815263748169,0.41761961579322815,0.4254935383796692,0.004353439901024103,0.4729832410812378,0.39669138193130493,-0.010662191547453403,0.5063955187797546,0.42873769998550415,-0.020710498094558716,0.5214228630065918,0.47734561562538147,-0.024526214227080345
B,0.31197381019592285,0.5886819362640381,3.5512437079887604e-07,0.3823464512825012,0.6278778910636902,-0.0006150771514512599,0.44162508845329285,0.6283388137817383,0.00243931426666677,0.48993608355522156,0.6150268316268921,-0.0016305347671732306,0.528420627117157,0.5867305994033813,-0.0044816285371780396,0.4499473571777344,0.5042204260826111,0.04841652512550354,0.4969760775566101,0.47729623317718506,0.040528953075408936,0.5267651677131653,0.4941405951976776,0.025531761348247528,0.5424231886863708,0.516839325428009,0.015958653762936592,0.4430502951145172,0.4754887819290161,0.03807492181658745,0.4985189437866211,0.4258247911930084,0.02146894484758377,0.5314628481864929,0.45314592123031616,-0.0015863146400079131,0.5419902801513672,0.4955343008041382,-0.013493405655026436,0.4321816563606262,0.4497508406639099,0.022782130166888237,0.4891792833805084,0.39485791325569153,0.004881843458861113,0.5234681367874146,0.43592119216918945,-0.013515390455722809,0.533691942691803,0.492421954870224,-0.020815469324588776,0.4199661910533905,0.43126219511032104,0.006348686758428812,0.4746544361114502,0.40143510699272156,-0.009031393565237522,0.5101733207702637,0.4330117106437683,-0.01964893750846386,0.5285863876342773,0.48248687386512756,-0.02378581091761589
B,0.312762975692749,0.5866191983222961,3.481394799109694e-07,0.3823006749153137,0.6272786259651184,0.0006529676029458642,0.44238555431365967,0.6277514100074768,0.003848790191113949,0.49172279238700867,0.6169805526733398,-0.0005855862982571125,0.5306346416473389,0.5921651124954224,-0.0038789676036685705,0.4519496262073517,0.5025980472564697,0.05076632648706436,0.4972760081291199,0.4740939736366272,0.043376754969358444,0.5258746147155762,0.49157536029815674,0.028155989944934845,0.5401149988174438,0.5147339701652527,0.01821710914373398,0.4450066089630127,0.47427359223365784,0.039481136947870255,0.4985291063785553,0.42295801639556885,0.02372140623629093,0.531435489654541,0.45007193088531494,0.0003807061293628067,0.5426338911056519,0.4924611449241638,-0.012001422233879566,0.43407079577445984,0.4485798180103302,0.023233022540807724,0.48972761631011963,0.3940969705581665,0.005701791495084763,0.5248629450798035,0.43526989221572876,-0.013150579296052456,0.5361124873161316,0.491472065448761,-0.020977260544896126,0.421802818775177,0.4303162097930908,0.005909045226871967,0.47634461522102356,0.4022669196128845,-0.009205926209688187,0.5119995474815369,0.43416666984558105,-0.01993631199002266,0.5309267640113831,0.48333072662353516,-0.024382952600717545
B,0.333558589220047,0.600104570388794,2.732063819621544e-07,0.4043043851852417,0.6399533152580261,0.011608063243329525,0.4653317630290985,0.6321160793304443,0.023055242374539375,0.5138363838195801,0.6138646006584167,0.02481423132121563,0.5488893985748291,0.5945063829421997,0.0273110531270504,0.469738632440567,0.51048743724823,0.06648502498865128,0.5137150883674622,0.4756546914577484,0.06471993774175644,0.5431429147720337,0.4898465871810913,0.05318397283554077,0.5552761554718018,0.5148829221725464,0.04570184275507927,0.46385085582733154,0.48387646675109863,0.05204114690423012,0.5164507031440735,0.4338650703430176,0.04238282889127731,0.5485224723815918,0.4585060179233551,0.02207985520362854,0.5589975714683533,0.4965756833553314,0.011330892331898212,0.45490577816963196,0.45938950777053833,0.03300366550683975,0.5100672245025635,0.4070567488670349,0.020409582182765007,0.5445879697799683,0.44614535570144653,0.002905720379203558,0.5551999807357788,0.4982394874095917,-0.004824077244848013,0.4450933039188385,0.4393409490585327,0.01363011822104454,0.4984484612941742,0.41013234853744507,0.0024715797044336796,0.5321781039237976,0.4406111240386963,-0.007024179212749004,0.5498681664466858,0.48687735199928284,-0.011250417679548264
B,0.3445504605770111,0.6009175181388855,2.6511207806834136e-07,0.41667869687080383,0.6415700912475586,0.008960485458374023,0.47641801834106445,0.6352691054344177,0.01856081932783127,0.5225273370742798,0.6137388944625854,0.01878284476697445,0.5525315999984741,0.580236554145813,0.0195478443056345,0.4795234501361847,0.513306200504303,0.06138097867369652,0.5229073166847229,0.47477251291275024,0.05642956495285034,0.5522443056106567,0.490069180727005,0.043026454746723175,0.5628088712692261,0.5174866914749146,0.034685876220464706,0.4733646512031555,0.4855158030986786,0.047237955033779144,0.5243846774101257,0.42916399240493774,0.03395244479179382,0.5569813251495361,0.4559022784233093,0.011666076257824898,0.5651516318321228,0.4983607232570648,0.00010578124783933163,0.46381086111068726,0.46045148372650146,0.028359057381749153,0.5181914567947388,0.40250468254089355,0.01231595128774643,0.5530027151107788,0.4435938000679016,-0.006812651641666889,0.5621025562286377,0.4984678030014038,-0.01493730116635561,0.45260491967201233,0.44168078899383545,0.009106065146625042,0.5058796405792236,0.41013312339782715,-0.0055181123316287994,0.5402750372886658,0.44208404421806335,-0.017015710473060608,0.5571057200431824,0.4909766912460327,-0.022124001756310463
B,0.3422079086303711,0.6018061637878418,3.0200820333448064e-07,0.4130977988243103,0.6421989798545837,0.001621896750293672,0.4741678535938263,0.6369441747665405,0.0068933297879993916,0.5236009359359741,0.615837574005127,0.004186216276139021,0.552725076675415,0.5791571140289307,0.002510795136913657,0.479014128446579,0.5140430927276611,0.05479995533823967,0.522826075553894,0.48255547881126404,0.048663605004549026,0.5505732297897339,0.4994181990623474,0.034580048173666,0.5604205131530762,0.5246109962463379,0.026101743802428246,0.4709573984146118,0.48393765091896057,0.04414105787873268,0.5204541683197021,0.42848289012908936,0.030125420540571213,0.5510488748550415,0.45514750480651855,0.008687903173267841,0.5605305433273315,0.49769097566604614,-0.0016286122845485806,0.46032872796058655,0.4581725001335144,0.02834782749414444,0.5119258761405945,0.39726942777633667,0.0125808734446764,0.5474517941474915,0.4358729422092438,-0.005297436844557524,0.5588082075119019,0.4919325113296509,-0.012174800038337708,0.44901344180107117,0.44027280807495117,0.011405960656702518,0.5019238591194153,0.40810441970825195,-0.0021795695647597313,0.5376384258270264,0.4374544024467468,-0.012406963855028152,0.556393027305603,0.48643243312835693,-0.01634710468351841
B,0.3528366684913635,0.5953141450881958,3.1275601486413507e-07,0.4223862886428833,0.6393143534660339,0.007237812038511038,0.48624247312545776,0.6327424645423889,0.018317891284823418,0.534656822681427,0.6083515286445618,0.020368613302707672,0.5607328414916992,0.568848192691803,0.023211747407913208,0.49096065759658813,0.5118563771247864,0.06672780215740204,0.5357500314712524,0.47757503390312195,0.06557781994342804,0.5663078427314758,0.4897155165672302,0.054410044103860855,0.5780031085014343,0.5123977065086365,0.047082021832466125,0.4867827296257019,0.48244360089302063,0.05404800549149513,0.5400283932685852,0.43365412950515747,0.04533101245760918,0.5739834308624268,0.4569481611251831,0.024431923404335976,0.5848696231842041,0.4935397207736969,0.012779980897903442,0.4780994653701782,0.4541580379009247,0.03600592538714409,0.5350356698036194,0.4066268801689148,0.022394899278879166,0.5681991577148438,0.4494641423225403,0.002690562279894948,0.574874758720398,0.502299427986145,-0.006599053740501404,0.46647608280181885,0.42863595485687256,0.017344901338219643,0.518977165222168,0.3999355733394623,0.0039743524976074696,0.5504517555236816,0.43167048692703247,-0.007904822006821632,0.5639593601226807,0.4790233075618744,-0.013906283304095268
B,0.35433751344680786,0.595618724822998,3.042023308807984e-07,0.42191195487976074,0.6397253274917603,-0.00017844262765720487,0.4863519072532654,0.6359434723854065,0.006574554834514856,0.5362973809242249,0.6140832901000977,0.006495705805718899,0.5612253546714783,0.5750723481178284,0.007524911779910326,0.4942151606082916,0.512069821357727,0.05144943296909332,0.5376556515693665,0.4827713072299957,0.04676578938961029,0.5678328275680542,0.49813902378082275,0.0342777818441391,0.5797004699707031,0.5213334560394287,0.026483602821826935,0.48763179779052734,0.48145994544029236,0.042311131954193115,0.5375444889068604,0.4314611256122589,0.030272355303168297,0.5703996419906616,0.4562873840332031,0.010135393589735031,0.581596851348877,0.4956815540790558,-0.00033863281714729965,0.4774603843688965,0.45441877841949463,0.0281402375549078,0.529450535774231,0.39855313301086426,0.013456449843943119,0.5641307234764099,0.43504032492637634,-0.003968041855841875,0.5742828845977783,0.4871525168418884,-0.01145134773105383,0.4647354781627655,0.43325504660606384,0.0126487473025918,0.5150129795074463,0.3997129797935486,-0.0010788229992613196,0.5494770407676697,0.42687350511550903,-0.011570987291634083,0.566988468170166,0.4738575518131256,-0.016205493360757828
B,0.35605958104133606,0.5944907069206238,3.205168752629106e-07,0.423600435256958,0.6394788026809692,-0.0009982687188312411,0.4883606731891632,0.6355938911437988,0.004916537553071976,0.5377821922302246,0.611814558506012,0.004028087016195059,0.5610396265983582,0.5711048245429993,0.0043005687184631824,0.4965546429157257,0.5118063688278198,0.05044874548912048,0.5409058332443237,0.48080044984817505,0.04439803212881088,0.5701398849487305,0.4968351721763611,0.03070039488375187,0.5798346996307373,0.5220590233802795,0.022250544279813766,0.4895871877670288,0.48074546456336975,0.04148527607321739,0.540320873260498,0.4284101128578186,0.027533823624253273,0.5729531645774841,0.45507633686065674,0.0060950773768126965,0.581858217716217,0.4973207414150238,-0.004809313453733921,0.47891533374786377,0.45391637086868286,0.02742163836956024,0.532039225101471,0.3953056335449219,0.011328219436109066,0.566585898399353,0.4339134693145752,-0.006943215616047382,0.5751731395721436,0.48838645219802856,-0.014603589661419392,0.4657685458660126,0.4335258901119232,0.012084712274372578,0.5170993804931641,0.4008368253707886,-0.0023198684211820364,0.5514197945594788,0.4288466274738312,-0.01336414273828268,0.5678577423095703,0.47619467973709106,-0.018306385725736618
B,0.35982972383499146,0.5971266627311707,3.4707611007434025e-07,0.4296171963214874,0.6431758403778076,0.006094178184866905,0.4916627109050751,0.6351918578147888,0.015988662838935852,0.5435046553611755,0.6144199371337891,0.016585133969783783,0.572503387928009,0.5726667046546936,0.017864862456917763,0.4962431490421295,0.512761116027832,0.06990328431129456,0.5412940382957458,0.4832227826118469,0.06914470344781876,0.5729224681854248,0.49936050176620483,0.05697775259613991,0.5852185487747192,0.5225621461868286,0.04887422174215317,0.49264243245124817,0.48311448097229004,0.057607050985097885,0.5452881455421448,0.4359169602394104,0.04924224317073822,0.5796603560447693,0.46258223056793213,0.027124647051095963,0.59096360206604,0.5033327341079712,0.014684467576444149,0.4850494861602783,0.45491987466812134,0.03974570333957672,0.5411639213562012,0.4087035655975342,0.02784685231745243,0.575985312461853,0.4504372775554657,0.00813409872353077,0.5841549634933472,0.5038403272628784,-0.001490579335950315,0.4746660590171814,0.4320768713951111,0.020869025960564613,0.5284731984138489,0.40559297800064087,0.009480300359427929,0.561922013759613,0.4365019202232361,-0.0015880843857303262,0.5766149163246155,0.4847717583179474,-0.007307802326977253
B,0.36838746070861816,0.5882949829101562,3.387061155990523e-07,0.439731240272522,0.6305351257324219,0.0029746845830231905,0.5029779672622681,0.6242409348487854,0.012031658552587032,0.5524436235427856,0.5966683030128479,0.012683606706559658,0.5784680843353271,0.5509114265441895,0.014316498301923275,0.5056039690971375,0.5077913403511047,0.06425303965806961,0.5498259663581848,0.4769998788833618,0.06026488542556763,0.5793019533157349,0.4944707453250885,0.0463414192199707,0.589521586894989,0.5201287269592285,0.037590861320495605,0.5009135603904724,0.4769595265388489,0.05384429544210434,0.5521495342254639,0.4295285642147064,0.04222749546170235,0.5855072140693665,0.4555220603942871,0.018902016803622246,0.5958411693572998,0.49631059169769287,0.005998380947858095,0.49222689867019653,0.44801798462867737,0.03769107162952423,0.5465825796127319,0.40105342864990234,0.02244875207543373,0.5801401138305664,0.4429939091205597,0.0011611328227445483,0.586696445941925,0.4974827766418457,-0.0088572409003973,0.4808107316493988,0.4227820038795471,0.020519746467471123,0.5333679914474487,0.3978433907032013,0.00697710644453764,0.56523597240448,0.42884621024131775,-0.005257310811430216,0.5789859294891357,0.47668132185935974,-0.011429847218096256
B,0.37103813886642456,0.5898231863975525,3.5670268516696524e-07,0.43814557790756226,0.6324273347854614,0.0031676494982093573,0.5037017464637756,0.6254943609237671,0.014149857684969902,0.5531312823295593,0.5984455943107605,0.017108233645558357,0.5752230286598206,0.5537583827972412,0.021075796335935593,0.5047333836555481,0.510125458240509,0.06751854717731476,0.5491112470626831,0.4852125942707062,0.0670168474316597,0.581359326839447,0.5021296739578247,0.05475842207670212,0.597319483757019,0.5248129367828369,0.046256404370069504,0.5016131401062012,0.4777429401874542,0.057788439095020294,0.5518012046813965,0.4370764493942261,0.04879475384950638,0.586296558380127,0.4624122977256775,0.025597838684916496,0.6004623174667358,0.5019554495811462,0.012280645780265331,0.49468594789505005,0.4476519227027893,0.04254563897848129,0.5482653975486755,0.40555059909820557,0.02999371662735939,0.5830920934677124,0.4455009400844574,0.008683620020747185,0.5925514101982117,0.4988129734992981,-0.0019913315773010254,0.4852280616760254,0.42191779613494873,0.02616206929087639,0.5370780229568481,0.39738452434539795,0.01483583077788353,0.569290041923523,0.4280226230621338,0.0031421638559550047,0.5848106741905212,0.47645923495292664,-0.0031114646699279547
B,0.3715202510356903,0.5887070894241333,3.546890923189494e-07,0.43918174505233765,0.6316505670547485,0.002735516056418419,0.5030752420425415,0.6251335740089417,0.012610210105776787,0.5525529980659485,0.5994447469711304,0.014391863718628883,0.5748533010482788,0.5553439855575562,0.017003623768687248,0.5039811730384827,0.5094738006591797,0.06487785279750824,0.5486383438110352,0.4840411841869354,0.06303071975708008,0.5810295343399048,0.5003781914710999,0.05020746961236,0.5966867208480835,0.5222382545471191,0.0415862500667572,0.500402569770813,0.4775617718696594,0.05490788817405701,0.5509865283966064,0.4350048005580902,0.044624678790569305,0.5857917666435242,0.4605708122253418,0.021508172154426575,0.5994012355804443,0.5002142786979675,0.008639168925583363,0.49309319257736206,0.44810038805007935,0.03947465494275093,0.5469613075256348,0.40409183502197266,0.026120275259017944,0.5820919275283813,0.4444623291492462,0.005308915860950947,0.5913677215576172,0.4979490637779236,-0.004637607838958502,0.4833681881427765,0.4233286678791046,0.022880299016833305,0.5353001952171326,0.395973801612854,0.011203928850591183,0.5682949423789978,0.42605432868003845,-0.0001593887573108077,0.5838950276374817,0.47460949420928955,-0.0059669530019164085
B,0.3749236464500427,0.5854803919792175,4.0660839317752107e-07,0.44522759318351746,0.6308762431144714,0.005717411637306213,0.507075846195221,0.6215406656265259,0.017141958698630333,0.5576974749565125,0.5919550061225891,0.01892312616109848,0.5776834487915039,0.5424158573150635,0.021386073902249336,0.5074634552001953,0.5131404399871826,0.07650700956583023,0.551450788974762,0.4872758686542511,0.07758131623268127,0.5835767388343811,0.5027835369110107,0.06568000465631485,0.6002838015556335,0.5237346887588501,0.05697751045227051,0.5046026110649109,0.47982290387153625,0.0649019181728363,0.5551543831825256,0.43746036291122437,0.05577051639556885,0.5905541777610779,0.46239110827445984,0.0312921367585659,0.6057984828948975,0.5020726919174194,0.017293693497776985,0.49767282605171204,0.4488699436187744,0.04736461862921715,0.553429901599884,0.40657755732536316,0.032687295228242874,0.5871089100837708,0.45030707120895386,0.008998123928904533,0.594687819480896,0.5072125196456909,-0.002545497613027692,0.48860761523246765,0.4223579168319702,0.028964096680283546,0.5426270365715027,0.4016196131706238,0.015212607569992542,0.5752067565917969,0.434710294008255,0.0009903571335598826,0.5908690690994263,0.4855978190898895,-0.006876816041767597
B,0.37413501739501953,0.5860870480537415,3.879464998135518e-07,0.44728872179985046,0.6317195296287537,0.006116520147770643,0.510790228843689,0.6202928423881531,0.01835087686777115,0.5602421164512634,0.590311586856842,0.020896686241030693,0.5791473388671875,0.5418374538421631,0.024281764402985573,0.5060290098190308,0.5096849203109741,0.07568823546171188,0.5509007573127747,0.4840708076953888,0.07592940330505371,0.5831782817840576,0.5005760788917542,0.0640578418970108,0.6001791954040527,0.5229880213737488,0.05539097636938095,0.5035350322723389,0.478269100189209,0.06339935958385468,0.5543282628059387,0.43721652030944824,0.05271655693650246,0.590389609336853,0.4639669358730316,0.027601689100265503,0.6065235733985901,0.5050659775733948,0.013263549655675888,0.49736732244491577,0.4485919773578644,0.04510657489299774,0.5539001822471619,0.40818896889686584,0.028281444683670998,0.588505744934082,0.45459938049316406,0.0030647176317870617,0.5975003838539124,0.513446033000946,-0.009231911040842533,0.48970749974250793,0.42237430810928345,0.026056179776787758,0.5434794425964355,0.4028688371181488,0.01027555763721466,0.5762782692909241,0.438405841588974,-0.005585447885096073,0.592815101146698,0.49122369289398193,-0.014509403146803379
B,0.37497133016586304,0.5855070352554321,3.9884969282866223e-07,0.4478473365306854,0.630863606929779,0.007424065377563238,0.5101941823959351,0.619586169719696,0.02073766104876995,0.5599173903465271,0.5899301171302795,0.024061299860477448,0.5803055763244629,0.5422410368919373,0.028172487393021584,0.506222128868103,0.5116668939590454,0.07942546159029007,0.5509555339813232,0.4871598780155182,0.08138088881969452,0.5839496850967407,0.5021880269050598,0.07037340849637985,0.602621853351593,0.5220920443534851,0.06205054372549057,0.5042507648468018,0.4797331690788269,0.06690175086259842,0.5555369853973389,0.439828097820282,0.05760857090353966,0.5920010805130005,0.46487388014793396,0.03271540254354477,0.6096827387809753,0.5038018226623535,0.01833927072584629,0.4985051453113556,0.448884516954422,0.04832560941576958,0.5560776591300964,0.41168585419654846,0.03195229172706604,0.5908561944961548,0.45776844024658203,0.006049751304090023,0.6007124781608582,0.5157127976417542,-0.006757063791155815,0.4914623200893402,0.42093637585639954,0.02916727587580681,0.5454479455947876,0.40537843108177185,0.013248353265225887,0.5776801705360413,0.4413059651851654,-0.003222058294340968,0.5944092273712158,0.4935397207736969,-0.012546228244900703
B,0.3765488564968109,0.5838738679885864,3.96949587866402e-07,0.4491879940032959,0.6303079724311829,0.005118831992149353,0.5114471912384033,0.6189764142036438,0.018181832507252693,0.5629661083221436,0.5887108445167542,0.02197895757853985,0.5806030035018921,0.5367212891578674,0.026140201836824417,0.5078487992286682,0.5155152678489685,0.07984214276075363,0.5519259572029114,0.4993947446346283,0.08405610173940659,0.5841749310493469,0.5129046440124512,0.07386378943920135,0.6045066714286804,0.5269564986228943,0.0651913657784462,0.5057326555252075,0.48173123598098755,0.06884029507637024,0.5548853874206543,0.44871392846107483,0.06160855293273926,0.5896400809288025,0.4704384505748749,0.03717302903532982,0.6085810661315918,0.503635048866272,0.02242116630077362,0.4993641972541809,0.44958603382110596,0.05169621482491493,0.5537135601043701,0.414048433303833,0.03656778857111931,0.5885080099105835,0.45621705055236816,0.011252105236053467,0.5997931957244873,0.5098961591720581,-0.0017876079073175788,0.49141353368759155,0.42018529772758484,0.03376944735646248,0.5430377125740051,0.40048304200172424,0.018391644582152367,0.5749146342277527,0.43396127223968506,0.002783555071800947,0.591920018196106,0.4847750961780548,-0.0063332440331578255
B,0.37858545780181885,0.5804135799407959,4.0737106132837653e-07,0.4495203495025635,0.6287702918052673,0.007818751037120819,0.5085783004760742,0.6205710768699646,0.021449273452162743,0.5604863166809082,0.5942796468734741,0.02519715391099453,0.5812186598777771,0.5428227186203003,0.028873510658740997,0.5056734085083008,0.515450656414032,0.0856606662273407,0.5489137768745422,0.5010108351707458,0.09107007086277008,0.580768346786499,0.5155404210090637,0.08015327155590057,0.599281907081604,0.5310524106025696,0.07122121006250381,0.5044190287590027,0.4813622832298279,0.07382922619581223,0.5534061193466187,0.4495927393436432,0.06936747580766678,0.5875420570373535,0.4722762703895569,0.044899508357048035,0.6036829352378845,0.5071732997894287,0.0298007745295763,0.4987317621707916,0.44866451621055603,0.0559590607881546,0.5525608658790588,0.4142617881298065,0.045361489057540894,0.5867849588394165,0.455834299325943,0.021862491965293884,0.5964261293411255,0.5079673528671265,0.00915154442191124,0.4909278154373169,0.4198254346847534,0.03728953376412392,0.5431543588638306,0.3992072343826294,0.026162251830101013,0.5740412473678589,0.43256232142448425,0.013287294656038284,0.5882828831672668,0.4822557866573334,0.0056848591193556786
B,0.3782883286476135,0.5803526639938354,3.9185729860946594e-07,0.4477086067199707,0.6295744180679321,0.006255858112126589,0.5089770555496216,0.6190804839134216,0.019401181489229202,0.5595240592956543,0.5918463468551636,0.023211438208818436,0.5799455046653748,0.5427308082580566,0.02751939743757248,0.5061980485916138,0.5118493437767029,0.07974962890148163,0.5488303899765015,0.49522557854652405,0.08346901088953018,0.5796252489089966,0.5095096826553345,0.07295109331607819,0.5966485738754272,0.5271356105804443,0.06471085548400879,0.5042487382888794,0.4788663387298584,0.06854420900344849,0.5527975559234619,0.44338515400886536,0.06146541237831116,0.5871167182922363,0.4679417610168457,0.03764762729406357,0.6022177338600159,0.5055544376373291,0.023884188383817673,0.4977691173553467,0.4482021629810333,0.051342107355594635,0.5512101650238037,0.4102824628353119,0.03802070766687393,0.5849608778953552,0.454420804977417,0.014018373563885689,0.593898594379425,0.5096396803855896,0.001962462440133095,0.4897401034832001,0.4215930700302124,0.033418234437704086,0.5416467785835266,0.4001503586769104,0.020442645996809006,0.5725836753845215,0.4341422915458679,0.006229975260794163,0.5876126289367676,0.4846516251564026,-0.0018742879619821906
B,0.37793779373168945,0.5817623138427734,3.958964498451678e-07,0.4472123980522156,0.6295814514160156,0.009121578186750412,0.5052129030227661,0.620300829410553,0.02155308797955513,0.5577237010002136,0.5968565940856934,0.023730825632810593,0.5798069834709167,0.5460237860679626,0.025973748415708542,0.503104567527771,0.511326253414154,0.08250251412391663,0.5465986132621765,0.49353206157684326,0.08723579347133636,0.5782433748245239,0.5078772902488708,0.07707014679908752,0.5938243269920349,0.5254508852958679,0.0690324604511261,0.5006324052810669,0.4778346121311188,0.0694410651922226,0.5504774451255798,0.4388888478279114,0.0646204799413681,0.5844120383262634,0.46383753418922424,0.04206341877579689,0.5980061888694763,0.5016382336616516,0.02862982451915741,0.4940820634365082,0.44684863090515137,0.05062025412917137,0.5490834712982178,0.40572503209114075,0.0399184413254261,0.5839172005653381,0.44966524839401245,0.017907649278640747,0.5925201177597046,0.5041822195053101,0.006282593589276075,0.4858400225639343,0.4214633107185364,0.031148137524724007,0.5398471355438232,0.39953702688217163,0.019893161952495575,0.5723097324371338,0.43493789434432983,0.007194891106337309,0.58689945936203,0.48621687293052673,-0.0002767285332083702
B,0.3796636760234833,0.5827592611312866,3.6753516496901284e-07,0.4481055736541748,0.63054358959198,0.007476963102817535,0.5063077211380005,0.6221833825111389,0.019385557621717453,0.558985710144043,0.5979043841362,0.021621080115437508,0.5798559188842773,0.5467492341995239,0.023935893550515175,0.5048146843910217,0.513660192489624,0.0777948796749115,0.5480532646179199,0.49540871381759644,0.08100565522909164,0.5800127983093262,0.5090816020965576,0.07019185274839401,0.5967519283294678,0.525107204914093,0.06173192709684372,0.5026627779006958,0.4803861081600189,0.06529061496257782,0.5525875687599182,0.44300878047943115,0.05901101604104042,0.5868976712226868,0.4674054980278015,0.03642476722598076,0.6016141176223755,0.5041581392288208,0.023020276799798012,0.4961877465248108,0.4493899345397949,0.0470958836376667,0.5506901144981384,0.4091152548789978,0.03514932841062546,0.5859090089797974,0.4515390992164612,0.013651007786393166,0.5962825417518616,0.5047028064727783,0.002507483819499612,0.4878055155277252,0.4234009385108948,0.02812836319208145,0.5407707691192627,0.4005398452281952,0.015637028962373734,0.5732549428939819,0.4345441162586212,0.0031635842751711607,0.5887629985809326,0.4849989116191864,-0.003939896356314421
B,0.37955063581466675,0.5794413089752197,3.6777382206309994e-07,0.4497471749782562,0.6276928186416626,0.011437343433499336,0.5067412257194519,0.6200375556945801,0.02567635476589203,0.5578820109367371,0.5979353189468384,0.029315494000911713,0.5820824503898621,0.5495613813400269,0.033115237951278687,0.5047603249549866,0.5133126378059387,0.08465446531772614,0.5484521985054016,0.49554574489593506,0.0899631530046463,0.5796508193016052,0.5099823474884033,0.0802251547574997,0.5955010652542114,0.5273337960243225,0.07236373424530029,0.5025201439857483,0.47994399070739746,0.0706263929605484,0.5531172156333923,0.4424818158149719,0.06581448763608932,0.5866342186927795,0.46712183952331543,0.0431223101913929,0.6010910272598267,0.5044612884521484,0.02965383604168892,0.49646326899528503,0.44834446907043457,0.0509524904191494,0.5517569184303284,0.41003119945526123,0.03968900069594383,0.5867797136306763,0.454199880361557,0.017406288534402847,0.5975030660629272,0.5084127187728882,0.005744257941842079,0.48898816108703613,0.4216770529747009,0.030863657593727112,0.5427259802818298,0.40456056594848633,0.01849941350519657,0.5747462511062622,0.44081568717956543,0.005301837343722582,0.5906804203987122,0.49131447076797485,-0.00226136134006083
B,0.3798031508922577,0.5794268846511841,3.830751609257277e-07,0.4468705356121063,0.6290549039840698,0.0036788491997867823,0.5054718255996704,0.6217557191848755,0.014271489344537258,0.559317409992218,0.5989491939544678,0.01621965505182743,0.5814245939254761,0.5481761693954468,0.018545694649219513,0.5045503973960876,0.5128178000450134,0.07190755009651184,0.5483224391937256,0.49618062376976013,0.07346847653388977,0.5795767903327942,0.5107730031013489,0.061894938349723816,0.5963214039802551,0.5280526876449585,0.05291275680065155,0.5017925500869751,0.4789343476295471,0.06119376793503761,0.5522844195365906,0.44074684381484985,0.05268643796443939,0.5864145159721375,0.46571630239486694,0.029473289847373962,0.600390613079071,0.5040438175201416,0.015760432928800583,0.49436068534851074,0.4484158456325531,0.0446520633995533,0.5492584705352783,0.4061318039894104,0.030003724619746208,0.5846989750862122,0.4496685862541199,0.007299959659576416,0.5949286222457886,0.5048547983169556,-0.00421000923961401,0.4851451516151428,0.42314860224723816,0.027232473716139793,0.5386195778846741,0.4023613929748535,0.012311697006225586,0.5717406272888184,0.4370028078556061,-0.0019191938918083906,0.58795565366745,0.48774391412734985,-0.0100896917283535
B,0.38100340962409973,0.5797496438026428,3.6811280779147637e-07,0.44707396626472473,0.6292086839675903,0.005122614558786154,0.5054672360420227,0.6223284602165222,0.015794787555933,0.5598077774047852,0.6000400185585022,0.01735544577240944,0.5788764357566833,0.5481148362159729,0.01927339658141136,0.5041802525520325,0.5127990245819092,0.0723860114812851,0.5479050874710083,0.49500444531440735,0.07353273034095764,0.5793072581291199,0.5094204545021057,0.061980001628398895,0.5963128209114075,0.5257799029350281,0.05294008553028107,0.5019970536231995,0.4795202910900116,0.060371797531843185,0.5526565313339233,0.43917569518089294,0.05083839222788811,0.5876016616821289,0.4644317626953125,0.027407512068748474,0.6025496125221252,0.5013629794120789,0.013702910393476486,0.4946928322315216,0.44908395409584045,0.04257696121931076,0.5509447455406189,0.40726935863494873,0.026009773835539818,0.5863058567047119,0.4536117613315582,0.002657243749126792,0.5959371328353882,0.5084673762321472,-0.008845258504152298,0.4861908555030823,0.42387646436691284,0.024136051535606384,0.5415859818458557,0.40355154871940613,0.007240935228765011,0.57414311170578,0.4408385753631592,-0.007873203605413437,0.5894142389297485,0.4924912452697754,-0.01644452102482319
B,0.380584716796875,0.5793819427490234,3.7927776475044084e-07,0.44743189215660095,0.6277707815170288,0.0072599127888679504,0.5045666694641113,0.6207222938537598,0.01810324937105179,0.5579587817192078,0.5999362468719482,0.019174128770828247,0.5819721817970276,0.5505033731460571,0.020529167726635933,0.5049335360527039,0.5108948945999146,0.07572285830974579,0.5482891201972961,0.492730975151062,0.0779000073671341,0.5795071721076965,0.5076042413711548,0.06702698022127151,0.5953261852264404,0.5255237221717834,0.05867568776011467,0.5023186206817627,0.4785817563533783,0.0628664642572403,0.553554117679596,0.4402100145816803,0.055230192840099335,0.5873340964317322,0.4653850793838501,0.032962340861558914,0.6020578742027283,0.5027739405632019,0.020098363980650902,0.4958457350730896,0.44853121042251587,0.04427582398056984,0.5520059466362,0.408348947763443,0.03038622811436653,0.5871379375457764,0.4535297155380249,0.008773107081651688,0.5976129770278931,0.5083348155021667,-0.0018822846468538046,0.4879430830478668,0.42384928464889526,0.02499164082109928,0.5433094501495361,0.40605467557907104,0.010631286539137363,0.5760353803634644,0.4424979090690613,-0.002826570300385356,0.591869056224823,0.49349245429039,-0.010302129201591015
B,0.3801819086074829,0.579347550868988,3.695454324770253e-07,0.4476704001426697,0.6279853582382202,0.00738000962883234,0.5047295093536377,0.6204960346221924,0.018274648115038872,0.5577970743179321,0.6000064611434937,0.019352471455931664,0.5818451046943665,0.5509671568870544,0.020609160885214806,0.505311906337738,0.5108222365379333,0.07537716627120972,0.5488759279251099,0.49298352003097534,0.0775139331817627,0.5800537467002869,0.5078733563423157,0.06657470762729645,0.5959182977676392,0.5253360867500305,0.058100465685129166,0.5025421977043152,0.47872692346572876,0.06228668987751007,0.553779661655426,0.4407472312450409,0.05440496653318405,0.5875551700592041,0.46628883481025696,0.031875837594270706,0.6019167900085449,0.5036076307296753,0.01880464144051075,0.4957464337348938,0.44889143109321594,0.04350675269961357,0.5516002774238586,0.4081871211528778,0.029434677213430405,0.586773693561554,0.4537934958934784,0.0075500537641346455,0.5969898700714111,0.5088278651237488,-0.0032790149562060833,0.4874500036239624,0.4243578612804413,0.02405162900686264,0.5424634218215942,0.4043990671634674,0.009522837586700916,0.5753288865089417,0.44059592485427856,-0.004076018463820219,0.5910637974739075,0.4918607771396637,-0.011676720343530178
B,0.3843146860599518,0.5802642107009888,3.490625033464312e-07,0.4493970274925232,0.6245752573013306,0.004736306611448526,0.5076143145561218,0.6195319890975952,0.015986179932951927,0.5598578453063965,0.6004101037979126,0.018936455249786377,0.5854902863502502,0.5564205646514893,0.02248402312397957,0.5086261630058289,0.5142055749893188,0.06997665017843246,0.5527209043502808,0.4982539713382721,0.07095741480588913,0.583119809627533,0.5134418606758118,0.05964859575033188,0.6009385585784912,0.5303407907485962,0.05105021968483925,0.5068458318710327,0.48223453760147095,0.059639912098646164,0.5578809380531311,0.4502025246620178,0.05112588778138161,0.5906245112419128,0.4728081524372101,0.028649987652897835,0.6061954498291016,0.5067719221115112,0.015454805456101894,0.5007435083389282,0.45160314440727234,0.04373733326792717,0.5560007691383362,0.41625726222991943,0.028955888003110886,0.5894014239311218,0.4573374390602112,0.0069908942095935345,0.6003806591033936,0.5092812180519104,-0.0037824746686965227,0.49335986375808716,0.42431724071502686,0.02714061364531517,0.5462428331375122,0.4086815118789673,0.012062028050422668,0.576399564743042,0.44271743297576904,-0.0015045504551380873,0.5920220613479614,0.49128419160842896,-0.008774379268288612
B,0.3914578855037689,0.5762766003608704,4.0918973809311865e-07,0.45563364028930664,0.6201504468917847,0.0038260514847934246,0.5126802921295166,0.6167240142822266,0.014788646250963211,0.5642231106758118,0.5993138551712036,0.017325330525636673,0.5923765897750854,0.5543982982635498,0.020393304526805878,0.5153326392173767,0.5097211599349976,0.07357625663280487,0.5577843189239502,0.49363088607788086,0.07520949840545654,0.5885909199714661,0.5087775588035583,0.06369433552026749,0.6063122749328613,0.5256802439689636,0.05483793094754219,0.5140870213508606,0.4802359342575073,0.0634814202785492,0.5651492476463318,0.45103079080581665,0.055884603410959244,0.5984784364700317,0.4731508195400238,0.032480549067258835,0.6142683029174805,0.5052943825721741,0.01829473301768303,0.5082124471664429,0.44960811734199524,0.04741579294204712,0.5640885829925537,0.41925784945487976,0.03322110325098038,0.5968450307846069,0.45993471145629883,0.010676562786102295,0.6062530875205994,0.5089597702026367,-0.0006818554829806089,0.5001664161682129,0.4205026924610138,0.030493848025798798,0.5531073212623596,0.4072365164756775,0.015811363235116005,0.5829766392707825,0.44056522846221924,0.002170391846448183,0.5976333618164062,0.48682209849357605,-0.005251308437436819
B,0.3889167308807373,0.5724961757659912,4.1609109757700935e-07,0.45232921838760376,0.6213856935501099,0.0036349266301840544,0.5104390382766724,0.6164244413375854,0.014735686592757702,0.5641651749610901,0.5974619388580322,0.017198530957102776,0.5901796817779541,0.5517445802688599,0.020335128530859947,0.5118153095245361,0.5108548402786255,0.07454106211662292,0.5552511811256409,0.49628356099128723,0.0774306133389473,0.5869031548500061,0.5108602643013,0.06725013256072998,0.6051751971244812,0.5280420780181885,0.05934297293424606,0.5105199813842773,0.47908705472946167,0.06463122367858887,0.56074458360672,0.4489150643348694,0.05778425559401512,0.5944464802742004,0.47241440415382385,0.03544984385371208,0.6116353273391724,0.5070912837982178,0.022317342460155487,0.5051856637001038,0.44810211658477783,0.04866062104701996,0.5595649480819702,0.4147076904773712,0.03458963707089424,0.5936070680618286,0.45667171478271484,0.011519471183419228,0.6045624017715454,0.5089478492736816,5.2631174185080454e-05,0.49862879514694214,0.41933873295783997,0.03180971369147301,0.5515791177749634,0.4049088954925537,0.01738680526614189,0.5826131105422974,0.43932169675827026,0.003055060748010874,0.5986242294311523,0.48852574825286865,-0.004908168222755194
B,0.3903197646141052,0.5718129873275757,4.2041213532684196e-07,0.45174074172973633,0.6211654543876648,0.0024997652508318424,0.5101010203361511,0.6176344752311707,0.013749388977885246,0.5637246966362,0.5997969508171082,0.016846437007188797,0.5898758769035339,0.5540170073509216,0.020644087344408035,0.5118358731269836,0.5123037695884705,0.07256878167390823,0.5552325248718262,0.49757447838783264,0.07525213062763214,0.5871143937110901,0.5118772387504578,0.06497997790575027,0.605955183506012,0.5283945798873901,0.05693171173334122,0.5111345052719116,0.4808434545993805,0.06335582584142685,0.5621227622032166,0.45200392603874207,0.0563078373670578,0.5964998006820679,0.4748578667640686,0.03359459340572357,0.6141399145126343,0.5083634257316589,0.019958453252911568,0.5062088370323181,0.4496508538722992,0.04812312498688698,0.5620192885398865,0.41880637407302856,0.03356267511844635,0.5958490371704102,0.46092185378074646,0.010385992005467415,0.6062644124031067,0.5120304226875305,-0.0012246874393895268,0.4997349679470062,0.41994211077690125,0.032015662640333176,0.5527548789978027,0.4061311185359955,0.016930481418967247,0.5831079483032227,0.44047796726226807,0.0025299449916929007,0.5984472632408142,0.4887711703777313,-0.005450938828289509
B,0.39214009046554565,0.5771035552024841,4.324895428453601e-07,0.452578067779541,0.6225830912590027,-0.0016039642505347729,0.5120185613632202,0.6185835599899292,0.007037665229290724,0.5660443305969238,0.6013311743736267,0.008874580264091492,0.5942460298538208,0.5568752288818359,0.011590695939958096,0.5130801796913147,0.5111568570137024,0.06322004646062851,0.5567638278007507,0.49611085653305054,0.062462445348501205,0.5885234475135803,0.5127478241920471,0.050053466111421585,0.607257604598999,0.5321905016899109,0.0411824993789196,0.5118317008018494,0.4811050593852997,0.05630984902381897,0.5617907643318176,0.4503364861011505,0.04718748480081558,0.596237063407898,0.47372129559516907,0.024522824212908745,0.6130584478378296,0.5091441869735718,0.011073325760662556,0.5063576698303223,0.4507554769515991,0.04347868636250496,0.5609577298164368,0.4171113669872284,0.028723446652293205,0.5950702428817749,0.4565008580684662,0.006735875736922026,0.6060107350349426,0.5071544051170349,-0.004123314283788204,0.4995124638080597,0.4224972128868103,0.02942732535302639,0.5519983172416687,0.4077797830104828,0.014881698414683342,0.5836257338523865,0.44122791290283203,0.0014398950152099133,0.5999202132225037,0.48940926790237427,-0.005740674212574959
B,0.3954286575317383,0.5747851133346558,4.4536085397339775e-07,0.45557138323783875,0.6200032234191895,-0.0021779246162623167,0.5154540538787842,0.6180129051208496,0.006555072031915188,0.5691960453987122,0.600333571434021,0.008709033951163292,0.5960971117019653,0.5545783638954163,0.011706703342497349,0.5183855295181274,0.5126110315322876,0.06371919065713882,0.5619127750396729,0.4983281195163727,0.06400614231824875,0.5935603976249695,0.5134787559509277,0.052285660058259964,0.6128829717636108,0.5312104225158691,0.04359136149287224,0.5171140432357788,0.4818776547908783,0.05745307728648186,0.5664275288581848,0.45464643836021423,0.04959506914019585,0.6003443598747253,0.47472667694091797,0.0269680954515934,0.6188740134239197,0.506854772567749,0.013233807869255543,0.5114327073097229,0.4505751430988312,0.04531065374612808,0.5648285150527954,0.42009198665618896,0.03162182867527008,0.5996377468109131,0.45597898960113525,0.009566896595060825,0.6127217411994934,0.5038874745368958,-0.0016718980623409152,0.5039589405059814,0.42042526602745056,0.031872522085905075,0.5563721656799316,0.4093663692474365,0.01786511205136776,0.5878775715827942,0.4410799741744995,0.004567429423332214,0.6052497029304504,0.48746755719184875,-0.0025696116499602795
B,0.39613378047943115,0.5694373846054077,4.632903198853455e-07,0.45720282196998596,0.6164596080780029,-0.0071858130395412445,0.5193144679069519,0.613430380821228,-0.0008056636434048414,0.572875440120697,0.5893115997314453,0.00022130129218567163,0.5965291261672974,0.5408323407173157,0.002099916571751237,0.5200515985488892,0.511349618434906,0.05391374230384827,0.5631000995635986,0.49539634585380554,0.05049162730574608,0.5948584079742432,0.5095518827438354,0.037485551089048386,0.6155325174331665,0.5266422033309937,0.028250038623809814,0.5176960229873657,0.47994282841682434,0.04988228529691696,0.5667967200279236,0.4513707756996155,0.03812875226140022,0.6009987592697144,0.47105059027671814,0.015242197550833225,0.6198679208755493,0.5028965473175049,0.0018902323208749294,0.5109663009643555,0.4479925036430359,0.03986357897520065,0.5640347003936768,0.41479727625846863,0.022258561104536057,0.59848552942276,0.45056113600730896,-0.00039172792457975447,0.6113595962524414,0.49857601523399353,-0.011141047812998295,0.502334713935852,0.41618967056274414,0.02838897705078125,0.5545649528503418,0.4030340313911438,0.011266943998634815,0.586192786693573,0.43491706252098083,-0.0032991867046803236,0.6035363078117371,0.4819200038909912,-0.010822594165802002
B,0.3949296474456787,0.5700105428695679,4.604285095410887e-07,0.45593440532684326,0.6164553165435791,-0.005334935151040554,0.5187926292419434,0.6128312945365906,0.0024123890325427055,0.5728193521499634,0.591247022151947,0.004571647848933935,0.5967727899551392,0.5453258752822876,0.007551597431302071,0.5158594846725464,0.5087563991546631,0.05789657682180405,0.5589754581451416,0.4955101013183594,0.05583387613296509,0.5916641354560852,0.5100151896476746,0.043184634298086166,0.6133462190628052,0.5268932580947876,0.03417235240340233,0.5147040486335754,0.4791238307952881,0.05328890308737755,0.5629948377609253,0.45334434509277344,0.043262481689453125,0.5987439751625061,0.47292906045913696,0.02043389156460762,0.6192018389701843,0.5048707127571106,0.006743551231920719,0.5091788172721863,0.4483177959918976,0.04266347363591194,0.5624766945838928,0.416782408952713,0.026653563603758812,0.5974082946777344,0.4512850046157837,0.0036704400554299355,0.6108343601226807,0.49862805008888245,-0.007726745214313269,0.5021816492080688,0.4169853925704956,0.030686723068356514,0.5539599061012268,0.40234532952308655,0.014964764937758446,0.5857928991317749,0.43374547362327576,0.0005923719727434218,0.6034855842590332,0.4806327819824219,-0.0071303993463516235
B,0.3982939124107361,0.567512571811676,4.807769187209487e-07,0.4592004418373108,0.6163221001625061,-0.0025767870247364044,0.5205901861190796,0.612946093082428,0.00548956822603941,0.574984610080719,0.590396523475647,0.006728778127580881,0.6005327105522156,0.5435106158256531,0.008616898208856583,0.5186493992805481,0.509860634803772,0.06309428066015244,0.5621334910392761,0.49432575702667236,0.06193064525723457,0.5947640538215637,0.5100940465927124,0.04976775869727135,0.6147596836090088,0.5295066833496094,0.04074188694357872,0.5173825025558472,0.4802864193916321,0.05651727691292763,0.5681618452072144,0.4519948959350586,0.046135395765304565,0.603640079498291,0.47438138723373413,0.02221202664077282,0.6222238540649414,0.5085309743881226,0.00788247399032116,0.5119056105613708,0.44906914234161377,0.04394669458270073,0.5679020881652832,0.41885891556739807,0.026594581082463264,0.6027074456214905,0.4597211480140686,0.0024533907417207956,0.6145492196083069,0.5101228356361389,-0.009505057707428932,0.5048107504844666,0.4180731177330017,0.030373556539416313,0.5586655735969543,0.4091794490814209,0.012931129895150661,0.5897541642189026,0.4441359043121338,-0.0027519676368683577,0.6060316562652588,0.4917924702167511,-0.011383803561329842
B,0.3981381356716156,0.5665183067321777,4.689143224823056e-07,0.4590578079223633,0.6159722805023193,-0.00026039601652882993,0.5166546702384949,0.6139927506446838,0.009076453745365143,0.571733832359314,0.5955496430397034,0.010782947763800621,0.5996021628379822,0.5491287112236023,0.012997720390558243,0.5168639421463013,0.5115343332290649,0.06986595690250397,0.5607539415359497,0.49985167384147644,0.0716695487499237,0.5927029848098755,0.5148749351501465,0.06069676950573921,0.6128240823745728,0.5315290689468384,0.05217419192194939,0.5159318447113037,0.481402724981308,0.06200094521045685,0.5667811632156372,0.45660457015037537,0.05398042872548103,0.6020328402519226,0.479800283908844,0.030503105372190475,0.6211611032485962,0.5142223834991455,0.016322694718837738,0.5109594464302063,0.44985878467559814,0.0479724146425724,0.5671240091323853,0.41972053050994873,0.03255774453282356,0.6023023724555969,0.46061739325523376,0.008347608149051666,0.6143622994422913,0.5118465423583984,-0.0038989109452813864,0.504469633102417,0.4187924861907959,0.03295943886041641,0.5582048296928406,0.40585821866989136,0.017018090933561325,0.58965003490448,0.4407426118850708,0.0017974062357097864,0.6061180233955383,0.49020734429359436,-0.00671157194301486
B,0.3976140022277832,0.5683239102363586,5.04957483826729e-07,0.46275120973587036,0.6182235479354858,0.003198461839929223,0.520673394203186,0.6126875877380371,0.014513012953102589,0.5754584074020386,0.5928773283958435,0.017121141776442528,0.6017199754714966,0.5461680293083191,0.019894754514098167,0.5169818997383118,0.5103347897529602,0.07849597185850143,0.5604279637336731,0.49702104926109314,0.08267789334058762,0.5928937792778015,0.5114462375640869,0.07255285233259201,0.612927258014679,0.5288635492324829,0.06447948515415192,0.5154606103897095,0.4805782735347748,0.06922208517789841,0.5661537647247314,0.4547494351863861,0.06347262859344482,0.6019349694252014,0.47797390818595886,0.039655257016420364,0.6212798953056335,0.5131208300590515,0.025177085772156715,0.5098002552986145,0.44854339957237244,0.05369465798139572,0.5655060410499573,0.4193207025527954,0.04048589989542961,0.6015837788581848,0.4608606696128845,0.015285294502973557,0.6142902970314026,0.5131711363792419,0.0020527481101453304,0.5025472044944763,0.4165506064891815,0.03735186532139778,0.5560749173164368,0.40408605337142944,0.023373281583189964,0.5886085629463196,0.438737690448761,0.00788564421236515,0.6063401103019714,0.4883229732513428,-0.0011442849645391107
B,0.39981380105018616,0.5687434673309326,4.775075126417505e-07,0.4631021022796631,0.6166607737541199,-0.0012967552756890655,0.5231717228889465,0.6132508516311646,0.007033339701592922,0.5770500898361206,0.5920721292495728,0.008082245476543903,0.6016174554824829,0.5440059304237366,0.009617800824344158,0.5190389752388,0.5116872191429138,0.06579834967851639,0.5617335438728333,0.49814414978027344,0.06508198380470276,0.5938165783882141,0.5134900808334351,0.05269816145300865,0.6138405203819275,0.5315962433815002,0.04351624473929405,0.5172451138496399,0.48142534494400024,0.0582830049097538,0.5679430961608887,0.45186904072761536,0.04813595116138458,0.6031569242477417,0.47376468777656555,0.024069769307971,0.6215589642524719,0.5080001354217529,0.009732498787343502,0.5113019347190857,0.44940853118896484,0.04472464695572853,0.5676400065422058,0.4170868396759033,0.027984149754047394,0.6027492880821228,0.45739707350730896,0.003889742773026228,0.6144993901252747,0.5088701844215393,-0.008074167184531689,0.5039463043212891,0.41774022579193115,0.03015764243900776,0.5574988126754761,0.4058230221271515,0.013598357327282429,0.5901728272438049,0.4410456120967865,-0.001744534238241613,0.6075299978256226,0.49039217829704285,-0.010268749669194221
B,0.3978351652622223,0.5697011351585388,4.774254307449155e-07,0.4614013433456421,0.6173796653747559,0.0009557502344250679,0.518928587436676,0.6140108108520508,0.010567490942776203,0.5739455223083496,0.5969838500022888,0.012298490852117538,0.60280442237854,0.5507649183273315,0.014422228559851646,0.517771303653717,0.5120531916618347,0.07094118744134903,0.561160683631897,0.4995417296886444,0.07261525094509125,0.5939261317253113,0.5126691460609436,0.0611434131860733,0.6148870587348938,0.5272491574287415,0.052196357399225235,0.5160127878189087,0.48086485266685486,0.062164824455976486,0.5666496753692627,0.4517376720905304,0.054012153297662735,0.6020167469978333,0.473125159740448,0.030351834371685982,0.6207221150398254,0.5067492723464966,0.016159145161509514,0.5099995732307434,0.4490346312522888,0.04737380892038345,0.5655805468559265,0.4129665791988373,0.032332200556993484,0.600726306438446,0.4525706171989441,0.009230404160916805,0.6128882765769958,0.5039882659912109,-0.0022225722204893827,0.5021438002586365,0.4191834628582001,0.0315859355032444,0.5562324523925781,0.4033140242099762,0.016116663813591003,0.5889332890510559,0.43799999356269836,0.0018733538454398513,0.6060850620269775,0.48765161633491516,-0.005867769010365009
B,0.39825379848480225,0.5683540105819702,4.762686103276792e-07,0.4615076780319214,0.6168540716171265,-0.0017663337057456374,0.5214360952377319,0.6128385663032532,0.006971297319978476,0.5766947865486145,0.5928318500518799,0.008600051514804363,0.6032689213752747,0.5460667610168457,0.0109285032376647,0.5191622972488403,0.5112115740776062,0.06667222827672958,0.5632343292236328,0.49775150418281555,0.06716477125883102,0.5944951772689819,0.5125216245651245,0.05543007329106331,0.6142891049385071,0.5298333764076233,0.046542391180992126,0.517021894454956,0.47973448038101196,0.059629179537296295,0.5672904849052429,0.45090892910957336,0.050128139555454254,0.6022425293922424,0.47241950035095215,0.026064280420541763,0.6207384467124939,0.5067662000656128,0.01172204315662384,0.5106584429740906,0.4472671449184418,0.046477511525154114,0.5661799311637878,0.4144808351993561,0.030438898131251335,0.6010655164718628,0.4537256360054016,0.006206085439771414,0.6128507852554321,0.50571608543396,-0.005913048051297665,0.5032145977020264,0.4156852066516876,0.03219669312238693,0.557060182094574,0.40412527322769165,0.015968363732099533,0.5899665355682373,0.4373869001865387,0.00040648283902555704,0.6077902317047119,0.48592865467071533,-0.008285184390842915
B,0.3988857865333557,0.5687224864959717,4.851083303947235e-07,0.4637504816055298,0.6166414022445679,0.001026087673380971,0.5235037207603455,0.6124436259269714,0.01125955581665039,0.5782620906829834,0.5930130481719971,0.013720400631427765,0.6042296886444092,0.5463351011276245,0.01669408567249775,0.5192273259162903,0.5124110579490662,0.0720459371805191,0.5622631311416626,0.4990677237510681,0.0741863027215004,0.5941948890686035,0.5125382542610168,0.06302393227815628,0.6148194670677185,0.528655469417572,0.05436190217733383,0.5174493789672852,0.4808228015899658,0.06405406445264816,0.567160964012146,0.45350149273872375,0.05649685859680176,0.6023213863372803,0.47332432866096497,0.03261375054717064,0.6219733953475952,0.5061902403831482,0.01816246658563614,0.5116791129112244,0.44827502965927124,0.050022076815366745,0.5670506954193115,0.41773566603660583,0.03573983162641525,0.6022225618362427,0.4558253288269043,0.011723172850906849,0.6150402426719666,0.5063098073005676,-0.0005911533371545374,0.5049304962158203,0.41688597202301025,0.035044703632593155,0.5587686896324158,0.4072640538215637,0.020396674051880836,0.5908349752426147,0.44086113572120667,0.00565740279853344,0.608444094657898,0.4888460338115692,-0.0026273666881024837
B,0.4018346965312958,0.5675996541976929,5.167373160475108e-07,0.466255247592926,0.6164777278900146,-0.00114819232840091,0.5264267325401306,0.6118180751800537,0.007477717939764261,0.5799823999404907,0.5890921354293823,0.008735802955925465,0.6073228120803833,0.5418277978897095,0.010420199483633041,0.5221908688545227,0.5112255811691284,0.06801649928092957,0.5658285021781921,0.4962231516838074,0.06882592290639877,0.5978243350982666,0.509377658367157,0.05721837654709816,0.6188399195671082,0.5248128175735474,0.048165518790483475,0.5194653868675232,0.4795941114425659,0.06057663634419441,0.5710812211036682,0.44929373264312744,0.0516853928565979,0.6066601872444153,0.4689578413963318,0.02748636156320572,0.62522292137146,0.5015377998352051,0.012720408849418163,0.5125646591186523,0.4469170868396759,0.04705486446619034,0.5694819688796997,0.41335412859916687,0.031372230499982834,0.6048721671104431,0.4521797001361847,0.006925022229552269,0.6171625852584839,0.5029436349868774,-0.005647019948810339,0.5044959187507629,0.4158608317375183,0.0325736440718174,0.5583154559135437,0.40460431575775146,0.016530487686395645,0.5910900235176086,0.43871834874153137,0.0008524886216036975,0.608657956123352,0.4869956970214844,-0.008153075352311134
B,0.40045782923698425,0.5661837458610535,4.963394530932419e-07,0.46746504306793213,0.6171332597732544,0.0058219945058226585,0.5249661207199097,0.6107584238052368,0.018511464819312096,0.578538179397583,0.5887981057167053,0.02177925407886505,0.6057720184326172,0.5421192646026611,0.025085484609007835,0.5206957459449768,0.5113944411277771,0.08264309167861938,0.5636016726493835,0.49628013372421265,0.08818117529153824,0.5965408682823181,0.5075147747993469,0.07858598232269287,0.6176906824111938,0.5209909081459045,0.07031423598527908,0.5182971954345703,0.47835996747016907,0.07184243947267532,0.5687651634216309,0.4472716748714447,0.06689813733100891,0.6043630242347717,0.4669650197029114,0.04332176595926285,0.6234695911407471,0.49909287691116333,0.02879970706999302,0.5119311809539795,0.4459068179130554,0.054895706474781036,0.5678410530090332,0.40982410311698914,0.041745543479919434,0.6027992367744446,0.44925767183303833,0.017487425357103348,0.6145763993263245,0.5003300905227661,0.004858750384300947,0.5040056705474854,0.4163164496421814,0.03730076923966408,0.5580621361732483,0.4029049277305603,0.022836821153759956,0.5904454588890076,0.43736135959625244,0.007582191843539476,0.6073621511459351,0.4860595762729645,-0.0013046705862507224
B,0.4000052511692047,0.5692630410194397,5.210532094679365e-07,0.4640543460845947,0.615289568901062,-0.0015529325464740396,0.5234858393669128,0.6134422421455383,0.005909960716962814,0.5783509016036987,0.594542384147644,0.006060934159904718,0.6059829592704773,0.5457834005355835,0.006639483850449324,0.5205803513526917,0.5099701881408691,0.06799359619617462,0.5646670460700989,0.49695324897766113,0.06855738908052444,0.5978344082832336,0.5099154114723206,0.056447483599185944,0.6200202703475952,0.5245031118392944,0.047336872667074203,0.5188863277435303,0.4787523150444031,0.06069161742925644,0.5701225996017456,0.45085471868515015,0.0535675548017025,0.6058409810066223,0.4701932370662689,0.03086979128420353,0.6263699531555176,0.5020473003387451,0.01689453050494194,0.5131641626358032,0.44655171036720276,0.04719112813472748,0.5696637034416199,0.41526150703430176,0.0339505560696125,0.605708122253418,0.4533512592315674,0.012089896947145462,0.6200318932533264,0.5033812522888184,0.0008252510451711714,0.5057147145271301,0.41622287034988403,0.03239671513438225,0.5601871609687805,0.4053369164466858,0.018864750862121582,0.593062698841095,0.4392988681793213,0.005770754534751177,0.6108098030090332,0.48748743534088135,-0.001444678520783782
B,0.4012265205383301,0.5693239569664001,5.184293740967405e-07,0.46392834186553955,0.6177413463592529,-0.003205046523362398,0.527037501335144,0.6152094602584839,0.004794076085090637,0.5825185179710388,0.5919157266616821,0.006198696326464415,0.6082228422164917,0.5421275496482849,0.008334304206073284,0.5226286053657532,0.5131741762161255,0.06413029134273529,0.5672037601470947,0.49924105405807495,0.06349232792854309,0.6009634733200073,0.5136553049087524,0.05121602118015289,0.6233455538749695,0.5305077433586121,0.0419977568089962,0.5206199884414673,0.48061081767082214,0.05807086080312729,0.5724496245384216,0.45168325304985046,0.04894178733229637,0.6085428595542908,0.4712817370891571,0.02563191018998623,0.6294777393341064,0.5037381649017334,0.01148913148790598,0.5147807598114014,0.4480953812599182,0.045888502150774,0.571919322013855,0.4166536033153534,0.030061917379498482,0.6073623895645142,0.45440584421157837,0.00731252133846283,0.6216213703155518,0.5038405656814575,-0.004095626063644886,0.5073785781860352,0.4175229072570801,0.03248942643404007,0.5620037913322449,0.4112034738063812,0.01645902544260025,0.5952233672142029,0.44572913646698,0.0018091789679601789,0.614493727684021,0.49314409494400024,-0.006272792350500822
B,0.40130284428596497,0.5707578063011169,4.867939651376219e-07,0.4646771550178528,0.6188826560974121,-0.004315156489610672,0.5268473029136658,0.6157713532447815,0.003172899130731821,0.582281231880188,0.5926627516746521,0.004303882364183664,0.606383740901947,0.5426923036575317,0.006179295014590025,0.5221899151802063,0.5122882127761841,0.0615357980132103,0.566058874130249,0.49824750423431396,0.06011858582496643,0.5984461307525635,0.5126607418060303,0.04758220165967941,0.619662880897522,0.5292306542396545,0.038185663521289825,0.5197771191596985,0.4799400269985199,0.05563288554549217,0.5701082944869995,0.44899290800094604,0.04468327760696411,0.6055334210395813,0.46954578161239624,0.021118193864822388,0.6250548362731934,0.502727746963501,0.007158647291362286,0.5134437680244446,0.4478682577610016,0.043588787317276,0.5693877935409546,0.41126543283462524,0.025694267824292183,0.6048033833503723,0.4497172236442566,0.0022644451819360256,0.6179165244102478,0.5009036064147949,-0.009065798483788967,0.5056260228157043,0.41762641072273254,0.030318645760416985,0.5598726272583008,0.4062526226043701,0.012432658113539219,0.5929954648017883,0.44099828600883484,-0.0030528560746461153,0.6111635565757751,0.4901275038719177,-0.011459873989224434
B,0.4016084671020508,0.5671215057373047,5.019993523092126e-07,0.46538203954696655,0.6165122985839844,-0.0004327436618041247,0.5258509516716003,0.6143040657043457,0.009074117988348007,0.5805341601371765,0.5927952527999878,0.011048433370888233,0.6094573736190796,0.5455134510993958,0.013679328374564648,0.523626983165741,0.513699471950531,0.07184034585952759,0.5675127506256104,0.50087571144104,0.07371450960636139,0.6004817485809326,0.5138048529624939,0.06220494583249092,0.6223399639129639,0.5279974341392517,0.05316106602549553,0.5221351385116577,0.4807525873184204,0.06430508196353912,0.5735325217247009,0.4529913067817688,0.05651332810521126,0.6090689301490784,0.47181203961372375,0.03251052275300026,0.6291633248329163,0.5034722089767456,0.018030419945716858,0.5168471336364746,0.4478026032447815,0.050581444054841995,0.5740102529525757,0.4170319736003876,0.035836111754179,0.6090572476387024,0.4540993869304657,0.012620139867067337,0.6223181486129761,0.5031036138534546,0.00098975480068475,0.5099287033081055,0.4174066185951233,0.0357465036213398,0.5648590922355652,0.4100664258003235,0.02049250155687332,0.5976748466491699,0.44390490651130676,0.006056215148419142,0.6159833669662476,0.4912240207195282,-0.0018101996975019574
B,0.4015747308731079,0.5696325302124023,5.133248350830399e-07,0.46650564670562744,0.6165305376052856,-0.0026035106275230646,0.5285466909408569,0.6137639880180359,0.005999299231916666,0.5824791789054871,0.5936260223388672,0.008055060170590878,0.6109685897827148,0.5473849773406982,0.010909211821854115,0.5252774953842163,0.5106617212295532,0.06626538187265396,0.56768399477005,0.4977102279663086,0.06532689183950424,0.6005006432533264,0.5126784443855286,0.051801227033138275,0.6230714917182922,0.529374361038208,0.04181915894150734,0.5238873362541199,0.4791325330734253,0.0601249523460865,0.5728278756141663,0.45175114274024963,0.05171975493431091,0.608809232711792,0.4696526825428009,0.02818775363266468,0.6300333738327026,0.5016241073608398,0.013582183048129082,0.5182895660400391,0.44694650173187256,0.04774320870637894,0.5724363327026367,0.416847288608551,0.03326015919446945,0.6083873510360718,0.45031866431236267,0.01131479162722826,0.624244213104248,0.4970036447048187,0.00011109639308415353,0.5108836889266968,0.4165794253349304,0.03398705646395683,0.5640815496444702,0.40908342599868774,0.019356517121195793,0.597294807434082,0.44080474972724915,0.006032715551555157,0.6172930002212524,0.48624712228775024,-0.0012017214903607965
B,0.40250030159950256,0.5693995356559753,5.28325870163826e-07,0.46511781215667725,0.6176789999008179,-0.0033928994089365005,0.5266634225845337,0.6152244806289673,0.0041498709470033646,0.5825338959693909,0.595276951789856,0.004956312943249941,0.6115311980247498,0.5472275018692017,0.006571722682565451,0.525134265422821,0.5119919180870056,0.06574046611785889,0.5683581829071045,0.49866631627082825,0.06472405791282654,0.6009827256202698,0.5135048627853394,0.05136876925826073,0.6223276257514954,0.5302888751029968,0.04141857475042343,0.5235928297042847,0.47912612557411194,0.059424933046102524,0.5735558867454529,0.44989681243896484,0.05029667168855667,0.6093333959579468,0.46850061416625977,0.02655899152159691,0.6298306584358215,0.5012245774269104,0.012074624188244343,0.5176910758018494,0.44627419114112854,0.046799447387456894,0.5730932354927063,0.4146726131439209,0.031456783413887024,0.6086913347244263,0.4501488208770752,0.00946666207164526,0.6236889958381653,0.4982233941555023,-0.0015863127773627639,0.5098229646682739,0.4164654612541199,0.03274132311344147,0.5640506148338318,0.4111778140068054,0.017034929245710373,0.597971498966217,0.44420021772384644,0.003102575894445181,0.6183258891105652,0.4905695617198944,-0.004479794297367334
B,0.4062563180923462,0.5676923990249634,5.253618837741669e-07,0.46734631061553955,0.6164969801902771,-0.004716617986559868,0.5290359258651733,0.6163603663444519,0.0030166490469127893,0.5848034024238586,0.5956296920776367,0.0043849823996424675,0.6133913993835449,0.548870861530304,0.006428886204957962,0.5296830534934998,0.5136898756027222,0.0663706585764885,0.5724579095840454,0.5024662017822266,0.0668734461069107,0.6046892404556274,0.515896737575531,0.05451638996601105,0.626579761505127,0.5307537317276001,0.04488519951701164,0.5283723473548889,0.48178374767303467,0.06121775135397911,0.578064501285553,0.4568740427494049,0.053137607872486115,0.6130201816558838,0.4737073481082916,0.02891799621284008,0.6339027881622314,0.5037604570388794,0.013740260154008865,0.5229650735855103,0.4484182596206665,0.049684789031744,0.5769971609115601,0.4209980368614197,0.03489905968308449,0.6125285029411316,0.45468786358833313,0.011043793521821499,0.6269758939743042,0.501150369644165,-0.0014741445193067193,0.5155483484268188,0.41590720415115356,0.03671090304851532,0.5675635933876038,0.4096946716308594,0.021278228610754013,0.5994772911071777,0.4410741329193115,0.0063358792103827,0.6180375218391418,0.4868156611919403,-0.0020908063743263483
B,0.41585177183151245,0.5609226226806641,5.069027224635647e-07,0.47147610783576965,0.6087180972099304,-0.007068048231303692,0.5356331467628479,0.6144089698791504,-0.0020414988975971937,0.5904708504676819,0.5938200354576111,-0.0025811479426920414,0.6218990087509155,0.5480216145515442,-0.002326393034309149,0.5413299798965454,0.5102893710136414,0.055256009101867676,0.5848990678787231,0.4977853298187256,0.0519433319568634,0.6157485246658325,0.5156883001327515,0.038869936019182205,0.6339384317398071,0.5373154878616333,0.029697902500629425,0.5403969287872314,0.47931110858917236,0.05072876438498497,0.5910859107971191,0.4536590874195099,0.03967701643705368,0.6233943104743958,0.4765174388885498,0.016562819480895996,0.6393316984176636,0.5120515823364258,0.0031268869061022997,0.5361613035202026,0.4472993314266205,0.04031937196850777,0.5892175436019897,0.4207077920436859,0.024708908051252365,0.6202371120452881,0.4578833281993866,0.004355220589786768,0.6306319832801819,0.5054032802581787,-0.005361528135836124,0.5287579298019409,0.41661325097084045,0.02825031988322735,0.5794888138771057,0.41132503747940063,0.01337850745767355,0.6093984246253967,0.4439118206501007,0.0011657322756946087,0.6251795887947083,0.48899519443511963,-0.004882377106696367
B,0.4193115234375,0.5657702684402466,4.6310910306601727e-07,0.47856569290161133,0.6100703477859497,-0.005770441144704819,0.5421762466430664,0.6130256652832031,0.0011314335279166698,0.5950031876564026,0.5972047448158264,0.0032619622070342302,0.6237514019012451,0.5583399534225464,0.006536947097629309,0.5416328310966492,0.5124110579490662,0.05194268375635147,0.5843002796173096,0.5020598769187927,0.04819310083985329,0.6156570315361023,0.5168024897575378,0.035529620945453644,0.6384721994400024,0.532589852809906,0.026800718158483505,0.5405248999595642,0.4828166365623474,0.04812398925423622,0.5907005667686462,0.4649699926376343,0.03759009763598442,0.6242139339447021,0.4844598174095154,0.016403978690505028,0.6457582712173462,0.5137009620666504,0.0037559682969003916,0.5353665947914124,0.4513587951660156,0.038568079471588135,0.5898795127868652,0.4319141209125519,0.0222703218460083,0.6228903532028198,0.46489226818084717,0.0011990271741524339,0.6380418539047241,0.5086674094200134,-0.009027342312037945,0.5290068984031677,0.41926053166389465,0.027695102617144585,0.5797919631004333,0.4169864058494568,0.01154971681535244,0.6101087927818298,0.44886887073516846,-0.002302787033841014,0.629368245601654,0.49326837062835693,-0.009466618299484253
B,0.43512284755706787,0.5611816048622131,5.390676278693718e-07,0.4903407394886017,0.608546257019043,-0.007753812707960606,0.5547304153442383,0.6181161403656006,-0.001627261284738779,0.6095224022865295,0.601089358329773,-0.000287046394078061,0.6395007371902466,0.5560582280158997,0.0021392512135207653,0.5608919858932495,0.5164104104042053,0.055505722761154175,0.6044796705245972,0.508269727230072,0.055735450237989426,0.6353116035461426,0.5200121402740479,0.04573241248726845,0.6578226685523987,0.532452404499054,0.03850538283586502,0.56123286485672,0.4870257079601288,0.05260966718196869,0.6089959144592285,0.4724770188331604,0.047036971896886826,0.6430626511573792,0.4885973036289215,0.027110697701573372,0.6662386059761047,0.5140408873558044,0.014636843465268612,0.5570468306541443,0.4542120695114136,0.04369736090302467,0.6083942651748657,0.43900683522224426,0.030973980203270912,0.6408126354217529,0.47024476528167725,0.010216684080660343,0.6561120748519897,0.5106498599052429,-0.0005012244218960404,0.5507395267486572,0.4191880226135254,0.03322348743677139,0.600373387336731,0.4160115718841553,0.019928133115172386,0.6284999251365662,0.4456937313079834,0.00766357546672225,0.6449512243270874,0.4875585436820984,0.001307706581428647
B,0.44876304268836975,0.556667685508728,5.302744057189557e-07,0.5032832026481628,0.6056698560714722,-0.007092473097145557,0.5661978721618652,0.6155331134796143,-0.0009158842731267214,0.6223410367965698,0.5985419154167175,0.00055622064974159,0.650907039642334,0.5553607940673828,0.0028269803151488304,0.5715754628181458,0.5252053141593933,0.053087763488292694,0.6154245734214783,0.5186725854873657,0.053353339433670044,0.6464288234710693,0.5281518697738647,0.04427611455321312,0.668863832950592,0.5389989018440247,0.037519022822380066,0.5715667605400085,0.4924642741680145,0.05060570687055588,0.6186327338218689,0.48130297660827637,0.042976755648851395,0.6504521369934082,0.4975077211856842,0.022184722125530243,0.6699897050857544,0.5219342708587646,0.009459249675273895,0.5675273537635803,0.45662254095077515,0.04261236637830734,0.6191890835762024,0.4451729655265808,0.02845730260014534,0.6493271589279175,0.476397842168808,0.006465618964284658,0.6588764190673828,0.5174623131752014,-0.004881748929619789,0.5615641474723816,0.41814473271369934,0.033430542796850204,0.6088958978652954,0.41770774126052856,0.018661577254533768,0.6368311643600464,0.44648298621177673,0.004020435735583305,0.6522268652915955,0.48773443698883057,-0.00406578229740262
B,0.4644790291786194,0.5568997263908386,5.396510687205591e-07,0.5146442651748657,0.6025058031082153,-0.011294012889266014,0.5753848552703857,0.6184976696968079,-0.0080729890614748,0.628841757774353,0.6075003743171692,-0.008130702190101147,0.6590240001678467,0.56778484582901,-0.00697523495182395,0.5827659368515015,0.5238537192344666,0.041537098586559296,0.6246852874755859,0.5191372036933899,0.035970963537693024,0.6546455025672913,0.5360309481620789,0.02358924224972725,0.675195574760437,0.555342435836792,0.015895970165729523,0.5834150910377502,0.49369752407073975,0.04114048182964325,0.6289674639701843,0.4848889112472534,0.03133579343557358,0.6600427627563477,0.5051050782203674,0.012033862061798573,0.6796134114265442,0.534548282623291,0.0005760002532042563,0.5811213254928589,0.459272563457489,0.0351790226995945,0.6290956139564514,0.45151445269584656,0.02146209217607975,0.6585382223129272,0.4821758270263672,0.004321913700550795,0.6707764267921448,0.5223471522331238,-0.0037380491849035025,0.5765513181686401,0.42144477367401123,0.027331652119755745,0.6205617785453796,0.42429518699645996,0.014335262589156628,0.6486718654632568,0.45404964685440063,0.00373335019685328,0.6657314896583557,0.4956120252609253,-0.0011561226565390825
B,0.47680002450942993,0.5480514764785767,5.229447310739488e-07,0.5243380069732666,0.5959046483039856,-0.00853032898157835,0.5819332599639893,0.6164851188659668,-0.005742187611758709,0.6334772109985352,0.6157643795013428,-0.0068777184933424,0.6686922907829285,0.5878798365592957,-0.006852645892649889,0.5970231294631958,0.5270067453384399,0.041557226330041885,0.6386851072311401,0.5242751240730286,0.038519080728292465,0.666422426700592,0.5428091287612915,0.02913683094084263,0.6835206747055054,0.5653743743896484,0.02338237315416336,0.597464382648468,0.4954727292060852,0.03925430402159691,0.6417422890663147,0.49013468623161316,0.034072890877723694,0.6697644591331482,0.5112814903259277,0.01839727722108364,0.6880322098731995,0.5415749549865723,0.00849322509020567,0.5949758291244507,0.46013492345809937,0.03180203214287758,0.6407757997512817,0.45390400290489197,0.02228582836687565,0.6699580550193787,0.48302388191223145,0.009000655263662338,0.684161901473999,0.5214489698410034,0.002148944418877363,0.5886710286140442,0.42309266328811646,0.02250014804303646,0.6321282982826233,0.4247082769870758,0.012155690230429173,0.6594850420951843,0.451969712972641,0.0049253422766923904,0.6760735511779785,0.4907225966453552,0.0020739114843308926
B,0.477895587682724,0.5456464886665344,5.084174290459487e-07,0.5226882100105286,0.5915862917900085,-0.014920195564627647,0.5811622738838196,0.6132790446281433,-0.01497652754187584,0.631856381893158,0.6118417978286743,-0.016684934496879578,0.6674288511276245,0.5867803692817688,-0.016908256337046623,0.5964712500572205,0.5272880792617798,0.025082271546125412,0.6391118168830872,0.5243125557899475,0.014917943626642227,0.6684309840202332,0.5432506799697876,0.00204496830701828,0.6878089308738708,0.566658616065979,-0.005377302877604961,0.595576286315918,0.495974600315094,0.02538502961397171,0.640925943851471,0.49153509736061096,0.014215058647096157,0.6692519783973694,0.5117228627204895,-0.0016421168111264706,0.6885324716567993,0.5413191318511963,-0.011425874195992947,0.5916696190834045,0.46109434962272644,0.020411789417266846,0.6380822658538818,0.4565800428390503,0.0055211796425282955,0.6671056747436523,0.48243483901023865,-0.007250022143125534,0.682140588760376,0.5182303190231323,-0.012892436236143112,0.5839252471923828,0.42365866899490356,0.0132894366979599,0.6280034780502319,0.42389416694641113,-0.0013016911689192057,0.656839907169342,0.44986116886138916,-0.00955813005566597,0.6746721863746643,0.4887886643409729,-0.01267084851861
B,0.4980292320251465,0.5550942420959473,5.53647168999305e-07,0.5438652038574219,0.5980408787727356,-0.01277280692011118,0.6012497544288635,0.6148785948753357,-0.012685472145676613,0.6491695642471313,0.6123791933059692,-0.014585900120437145,0.6827260255813599,0.5908247828483582,-0.015269811265170574,0.6112183928489685,0.5294485092163086,0.023262549191713333,0.6539736390113831,0.5209808945655823,0.013202658854424953,0.6843607425689697,0.5362662672996521,0.0009721044334582984,0.705195963382721,0.5565522313117981,-0.005956936627626419,0.6098054051399231,0.5000030398368835,0.022677598521113396,0.6548798680305481,0.4917021691799164,0.012805425561964512,0.6850917935371399,0.5106327533721924,-0.0013612479669973254,0.707149863243103,0.5391598343849182,-0.010233056731522083,0.6063446998596191,0.4665548801422119,0.017257237806916237,0.6513700485229492,0.4591265916824341,0.0041244118474423885,0.6826536655426025,0.48561105132102966,-0.006785823497921228,0.7015191316604614,0.5211855173110962,-0.011597547680139542,0.5991125106811523,0.42967575788497925,0.009825986810028553,0.6425313353538513,0.4294338524341583,-0.0025644947309046984,0.6718071103096008,0.45617911219596863,-0.008825737982988358,0.6914665699005127,0.49375686049461365,-0.010894770734012127
B,0.51872718334198,0.5562465190887451,6.042120048732613e-07,0.5694520473480225,0.6058477163314819,-0.008404781110584736,0.6297708749771118,0.6232154369354248,-0.0038617367390543222,0.6746518015861511,0.611028790473938,-0.0019031583797186613,0.7006524205207825,0.5794638395309448,0.0015558102168142796,0.6285850405693054,0.5384934544563293,0.03368955850601196,0.6723999977111816,0.5324410796165466,0.029110433533787727,0.7070475220680237,0.5428341031074524,0.020569875836372375,0.732003390789032,0.5559487342834473,0.01577863097190857,0.6288509964942932,0.5058529376983643,0.03312015160918236,0.6763819456100464,0.5029990673065186,0.027209216728806496,0.7101534605026245,0.5203227400779724,0.01344845350831747,0.7353923320770264,0.5441397428512573,0.0049388292245566845,0.6279219388961792,0.4714619815349579,0.027899406850337982,0.6749799251556396,0.4681341052055359,0.0177459754049778,0.7074702978134155,0.4929453134536743,0.004698360804468393,0.7272994518280029,0.5240654945373535,-0.0017075965879485011,0.624028205871582,0.4329226613044739,0.02127370610833168,0.6673909425735474,0.43557751178741455,0.01146051473915577,0.697799801826477,0.4623642563819885,0.003627397585660219,0.7192167043685913,0.4977954924106598,0.00011932013876503333
B,0.5287243723869324,0.5557934641838074,5.951253001512669e-07,0.59278804063797,0.6118656396865845,0.009843410924077034,0.6507938504219055,0.6230474710464478,0.02764681726694107,0.6933587789535522,0.6078711748123169,0.03765099123120308,0.7149664163589478,0.5757366418838501,0.04806714132428169,0.6363569498062134,0.527825653553009,0.08580191433429718,0.67771977186203,0.5221207737922668,0.09706758707761765,0.7108802795410156,0.5355929136276245,0.09268128126859665,0.7323695421218872,0.5522120594978333,0.08892568945884705,0.6351472735404968,0.4967442750930786,0.07816959172487259,0.67901611328125,0.4891311228275299,0.0831257700920105,0.7126468420028687,0.5070292949676514,0.06390833109617233,0.7336852550506592,0.5357729196548462,0.05129293352365494,0.6342111825942993,0.46534252166748047,0.06548373401165009,0.6810424327850342,0.4574483036994934,0.06378975510597229,0.7159266471862793,0.48567017912864685,0.04340243712067604,0.7347148060798645,0.5232330560684204,0.03117629885673523,0.6327627897262573,0.4330225884914398,0.052535753697156906,0.6779616475105286,0.4358713626861572,0.048391371965408325,0.7098780870437622,0.46368587017059326,0.03741879388689995,0.7323741912841797,0.501788854598999,0.03076663613319397
B,0.5223324298858643,0.5570284128189087,6.237851835066976e-07,0.5864286422729492,0.614364504814148,0.011741031892597675,0.6481757760047913,0.6238445043563843,0.029071524739265442,0.6914517879486084,0.6028354167938232,0.037374407052993774,0.7123109102249146,0.5649439096450806,0.04541202634572983,0.6353935599327087,0.5287567377090454,0.0949133038520813,0.6740878820419312,0.5221938490867615,0.10849203914403915,0.7090421319007874,0.531715989112854,0.10347940772771835,0.7319039106369019,0.5439152717590332,0.0981561616063118,0.6331223249435425,0.49662309885025024,0.08523447066545486,0.6792781949043274,0.483910471200943,0.08950325846672058,0.7130625247955322,0.49966537952423096,0.06637226790189743,0.7324967384338379,0.5268304347991943,0.05114191025495529,0.6308203339576721,0.46267375349998474,0.07029299437999725,0.6808384656906128,0.45268693566322327,0.06806239485740662,0.7167888283729553,0.48133331537246704,0.04387384653091431,0.7341395616531372,0.5191530585289001,0.028948063030838966,0.6268714070320129,0.4298260807991028,0.05532456561923027,0.6750686764717102,0.43733707070350647,0.05110824480652809,0.7057482004165649,0.4653920531272888,0.037943385541439056,0.7260276079177856,0.5015603303909302,0.029051674529910088
B,0.5224320888519287,0.5551930069923401,5.770399411630933e-07,0.58653724193573,0.6093043684959412,0.006855694577097893,0.648303747177124,0.6193773746490479,0.0223088301718235,0.6898128986358643,0.5990490913391113,0.03033686988055706,0.711342990398407,0.5650141835212708,0.03875703364610672,0.6375804543495178,0.5298053622245789,0.08363378793001175,0.6785803437232971,0.5259388089179993,0.09418733417987823,0.7110777497291565,0.5383406281471252,0.08868903666734695,0.7329279780387878,0.5522238612174988,0.08393348008394241,0.6355995535850525,0.4989781081676483,0.07688122987747192,0.681205153465271,0.49380671977996826,0.0793989971280098,0.7126898169517517,0.510276734828949,0.057528890669345856,0.7315009832382202,0.5368272662162781,0.043495386838912964,0.6335453987121582,0.4650990962982178,0.06494733691215515,0.6834693551063538,0.4604478180408478,0.06200510635972023,0.7169254422187805,0.4885289669036865,0.03930772840976715,0.732196569442749,0.5260879397392273,0.025743193924427032,0.6301556825637817,0.42873862385749817,0.052600350230932236,0.6772617697715759,0.4323306679725647,0.04780830815434456,0.7081658244132996,0.4595491886138916,0.035329245030879974,0.7284257411956787,0.49753838777542114,0.027561599388718605
B,0.5183473825454712,0.5526721477508545,5.166930350242183e-07,0.5759501457214355,0.6043288707733154,-0.0032152293715626,0.6373844742774963,0.6174540519714355,0.005134424194693565,0.6804774403572083,0.6017136573791504,0.008971953764557838,0.7072267532348633,0.5728324055671692,0.01419101282954216,0.6335996389389038,0.5286027193069458,0.055089887231588364,0.6744776368141174,0.5264570116996765,0.05597216635942459,0.7068107724189758,0.5411901473999023,0.047924190759658813,0.7280548810958862,0.5575499534606934,0.04272407293319702,0.6314375996589661,0.49862080812454224,0.05218789726495743,0.6780152916908264,0.49296584725379944,0.046850644052028656,0.7079571485519409,0.5136259198188782,0.02811267226934433,0.7257988452911377,0.5424056053161621,0.01722762919962406,0.6289355158805847,0.4662547707557678,0.044348400086164474,0.6792569160461426,0.457658976316452,0.03508766368031502,0.7120271325111389,0.48775243759155273,0.016916345804929733,0.7268605828285217,0.5262119174003601,0.00776127353310585,0.6255035400390625,0.43077415227890015,0.03546294942498207,0.6725623607635498,0.4323931932449341,0.026029381901025772,0.7039797306060791,0.46250787377357483,0.015110792592167854,0.7239624261856079,0.5032895803451538,0.009553982876241207
B,0.5174979567527771,0.5463912487030029,4.934059347760922e-07,0.5631546378135681,0.59834885597229,-0.008135534822940826,0.6262823939323425,0.6134332418441772,-0.0028002746403217316,0.6736727952957153,0.6034906506538391,-0.0004037856706418097,0.7021237015724182,0.5761173963546753,0.0033273145090788603,0.629774272441864,0.5315176248550415,0.037527088075876236,0.670542299747467,0.527981162071228,0.03498055785894394,0.7021976113319397,0.5406474471092224,0.02757733128964901,0.7235072255134583,0.5582615733146667,0.023102357983589172,0.6296587586402893,0.4993640184402466,0.03685174137353897,0.6755093336105347,0.49539661407470703,0.029991695657372475,0.7053532600402832,0.5145114064216614,0.015276839956641197,0.7256281971931458,0.5420095324516296,0.006952858064323664,0.6283777952194214,0.4649433493614197,0.03150390833616257,0.6771771907806396,0.4636088013648987,0.019913041964173317,0.7096790075302124,0.49500584602355957,0.004020840860903263,0.7268115878105164,0.5343437790870667,-0.0037149079144001007,0.6266101002693176,0.4281572103500366,0.024971069768071175,0.672455370426178,0.44057798385620117,0.013062474317848682,0.7005601525306702,0.4750508666038513,0.0022072787396609783,0.7177528142929077,0.5183743834495544,-0.0033177167642861605
B,0.48797762393951416,0.5339189171791077,3.957274543608946e-07,0.522347092628479,0.581423282623291,-0.017098184674978256,0.5780092477798462,0.6106444597244263,-0.019905665889382362,0.6242135167121887,0.6153871417045593,-0.023166023194789886,0.6571286916732788,0.5973173379898071,-0.02475401945412159,0.6045262217521667,0.5253739953041077,0.01221350859850645,0.6441186666488647,0.5236202478408813,-0.0008886990835890174,0.671148419380188,0.5412097573280334,-0.014295186847448349,0.6896826028823853,0.563113808631897,-0.02198517695069313,0.605269730091095,0.4954281449317932,0.012987902387976646,0.6495650410652161,0.4925280213356018,0.00013421234325505793,0.6749590635299683,0.512011706829071,-0.013494799844920635,0.6940563917160034,0.5401527881622314,-0.02192348800599575,0.6016334295272827,0.46159887313842773,0.00884176790714264,0.6451433300971985,0.46291354298591614,-0.007956810295581818,0.6706352233886719,0.490702360868454,-0.019304830580949783,0.6849775314331055,0.5255225300788879,-0.024171186611056328,0.5927086472511292,0.4256766736507416,0.0026263920590281487,0.6329623460769653,0.43370404839515686,-0.012910299934446812,0.6584628820419312,0.46374228596687317,-0.020935378968715668,0.6747336387634277,0.5032925605773926,-0.024303484708070755
B,0.4918915927410126,0.5514185428619385,5.119124466546054e-07,0.5266123414039612,0.5963413119316101,-0.018910082057118416,0.5844696164131165,0.6139340996742249,-0.019615260884165764,0.6335465908050537,0.6101229190826416,-0.020256277173757553,0.6668203473091125,0.585018515586853,-0.019519468769431114,0.6042049527168274,0.5262405276298523,0.015098736621439457,0.6434794664382935,0.5222111940383911,0.0039114984683692455,0.6713420152664185,0.538442075252533,-0.008754403330385685,0.6900925040245056,0.55936598777771,-0.016009198501706123,0.6025038361549377,0.49431487917900085,0.01813448779284954,0.6457974314689636,0.48956409096717834,0.007246316876262426,0.6736475229263306,0.5071887373924255,-0.006463201716542244,0.6936194896697998,0.5337963104248047,-0.015161864459514618,0.5974881052970886,0.46028345823287964,0.015988532453775406,0.6414205431938171,0.4571164846420288,0.00012941441673319787,0.6701066493988037,0.4826725721359253,-0.011954193003475666,0.685262143611908,0.5157154202461243,-0.017271405085921288,0.5885129570960999,0.42427730560302734,0.011690765619277954,0.6308754086494446,0.42851459980010986,-0.004859842360019684,0.6579460501670837,0.4546154737472534,-0.013982784003019333,0.6747998595237732,0.4907691478729248,-0.01778438501060009
B,0.4582301378250122,0.5478975772857666,4.393599510876811e-07,0.49422985315322876,0.5921820402145386,-0.018311144784092903,0.5537390112876892,0.609449565410614,-0.0193905271589756,0.6027982234954834,0.5991828441619873,-0.020235229283571243,0.6348987221717834,0.569451630115509,-0.019466115161776543,0.5698403716087341,0.5237792134284973,0.014189975336194038,0.6087773442268372,0.5142306089401245,0.003273516660556197,0.6403917074203491,0.5243552923202515,-0.008894379250705242,0.6621089577674866,0.540289044380188,-0.015845883637666702,0.5686909556388855,0.49206364154815674,0.01754041202366352,0.6119271516799927,0.48326432704925537,0.008087501861155033,0.6395881772041321,0.49732518196105957,-0.004134743474423885,0.661345899105072,0.520318865776062,-0.012174129486083984,0.5639871954917908,0.4572065770626068,0.015819741412997246,0.6067652106285095,0.45402148365974426,0.0019175236811861396,0.6350538730621338,0.47681015729904175,-0.00924675166606903,0.6516578197479248,0.5077535510063171,-0.014608322642743587,0.5541002750396729,0.42086952924728394,0.011890464462339878,0.5946881175041199,0.42890554666519165,-0.002111715031787753,0.6217448115348816,0.4559105634689331,-0.010607751086354256,0.6389258503913879,0.4920485019683838,-0.014605676755309105
B,0.44555944204330444,0.5655194520950317,5.005129537494213e-07,0.4836474061012268,0.6028016209602356,-0.016957273706793785,0.5418175458908081,0.6117516756057739,-0.016061019152402878,0.590022623538971,0.601078987121582,-0.015983054414391518,0.6220729351043701,0.5736351609230042,-0.014293829910457134,0.5514636039733887,0.5203261375427246,0.02370953932404518,0.5894814133644104,0.5142357349395752,0.014963100664317608,0.620570719242096,0.5262869000434875,0.0033406855072826147,0.6422023177146912,0.5429388284683228,-0.0033444322180002928,0.5506223440170288,0.4906991720199585,0.026154741644859314,0.5917754769325256,0.48457714915275574,0.0173468180000782,0.6212986707687378,0.49917951226234436,0.004153496120125055,0.6450357437133789,0.5232270956039429,-0.004021805711090565,0.5470950603485107,0.4581383466720581,0.023149535059928894,0.589991569519043,0.45195305347442627,0.009149928577244282,0.6190289855003357,0.4751105308532715,-0.0028313815128058195,0.6362892985343933,0.5084050297737122,-0.008002342656254768,0.5399737358093262,0.4235498011112213,0.01780681684613228,0.5814357995986938,0.42709240317344666,0.003153582103550434,0.607865035533905,0.4539802074432373,-0.005298742558807135,0.6245958209037781,0.4918122887611389,-0.008542328141629696
B,0.44176968932151794,0.5685581564903259,5.158119620318757e-07,0.4832170605659485,0.6069936156272888,-0.017373643815517426,0.5441007614135742,0.6123909950256348,-0.017544148489832878,0.5937328338623047,0.5992062091827393,-0.018567508086562157,0.6238828897476196,0.5664024949073792,-0.018100976943969727,0.5486425161361694,0.5145946741104126,0.022039392963051796,0.5892936587333679,0.5052621960639954,0.012309498153626919,0.6218295693397522,0.5191800594329834,-0.0002807517594192177,0.6437535285949707,0.5383636355400085,-0.007480176165699959,0.5458381175994873,0.4856368601322174,0.023990649729967117,0.5914278030395508,0.47208666801452637,0.012662704102694988,0.6238306760787964,0.4907839894294739,-0.002742988523095846,0.6471437811851501,0.5189674496650696,-0.011760243214666843,0.5397462844848633,0.4550417363643646,0.020686699077486992,0.5869823098182678,0.43960630893707275,0.0052378359250724316,0.6203920841217041,0.4670952558517456,-0.00900562945753336,0.6397994756698608,0.5049682855606079,-0.015333174727857113,0.5299917459487915,0.4232621490955353,0.015182724222540855,0.5755032300949097,0.41892141103744507,-0.00017343784566037357,0.6061318516731262,0.4464549422264099,-0.009892046451568604,0.6259244084358215,0.48603713512420654,-0.013943204656243324
B,0.41628849506378174,0.5731710195541382,4.385507850201975e-07,0.465535432100296,0.6111157536506653,-0.009987804107367992,0.5252453684806824,0.6115409135818481,-0.004538879729807377,0.5704665780067444,0.592797040939331,-0.0017360844649374485,0.597943127155304,0.5580307841300964,0.002496502362191677,0.5222707986831665,0.5168421268463135,0.03734622150659561,0.5620958209037781,0.510211706161499,0.031849343329668045,0.5946899056434631,0.5238482356071472,0.020392904058098793,0.618066668510437,0.5401033163070679,0.013382082805037498,0.5196207761764526,0.4872289001941681,0.036716263741254807,0.5638599991798401,0.47453582286834717,0.02822188287973404,0.5960455536842346,0.4917755126953125,0.012453628703951836,0.6207311749458313,0.5193841457366943,0.0029105939902365208,0.5131180882453918,0.455157071352005,0.030697889626026154,0.56109219789505,0.4390207827091217,0.016357464715838432,0.5939630270004272,0.46450304985046387,0.00017803774971980602,0.6134706735610962,0.5024040341377258,-0.007344237063080072,0.5039616823196411,0.4214728772640228,0.023027963936328888,0.5507669448852539,0.4189580976963043,0.008291654288768768,0.5825009346008301,0.4454435110092163,-0.0028157581109553576,0.60420823097229,0.4854392111301422,-0.008018448017537594
B,0.3946496248245239,0.5683125853538513,4.4774179741580156e-07,0.44762128591537476,0.613820493221283,-0.0018765090499073267,0.5100475549697876,0.6108415126800537,0.006545149255543947,0.5595994591712952,0.5970003008842468,0.009370466694235802,0.589211106300354,0.5583774447441101,0.013052619062364101,0.514272153377533,0.5104562640190125,0.05460706725716591,0.5530236959457397,0.4962178170681,0.054360564798116684,0.5832374095916748,0.5083398818969727,0.04371243342757225,0.601563572883606,0.5274341702461243,0.03601932153105736,0.5103611946105957,0.48021289706230164,0.04848781228065491,0.553980827331543,0.45218080282211304,0.04081772267818451,0.5858457088470459,0.47097718715667725,0.02068401500582695,0.6035704612731934,0.5049029588699341,0.009047572501003742,0.5016983151435852,0.44901686906814575,0.03734365850687027,0.5512924194335938,0.41969406604766846,0.02394428662955761,0.5849457383155823,0.45202165842056274,0.0043160622008144855,0.6016794443130493,0.49673959612846375,-0.0053346301428973675,0.490875244140625,0.42208027839660645,0.025200296193361282,0.5427978038787842,0.4194802939891815,0.010974878445267677,0.5731730461120605,0.4511185884475708,-0.0011608591303229332,0.5914310812950134,0.49417221546173096,-0.007169801276177168
B,0.38161447644233704,0.5696899890899658,4.789852710018749e-07,0.44262999296188354,0.6169459223747253,0.000751841755118221,0.5043296217918396,0.6149848103523254,0.011252112686634064,0.5570998787879944,0.6006019115447998,0.01498661283403635,0.5867496728897095,0.5583224892616272,0.019271861761808395,0.5060909986495972,0.5141849517822266,0.06696471571922302,0.5475640296936035,0.4989323914051056,0.06965973228216171,0.5792821645736694,0.5100521445274353,0.05880563706159592,0.6007035970687866,0.5245671272277832,0.050202567130327225,0.5024926066398621,0.48292607069015503,0.059778954833745956,0.5490214824676514,0.4528995454311371,0.05428272485733032,0.582493782043457,0.47009041905403137,0.03232763707637787,0.6024028062820435,0.5013994574546814,0.018768304958939552,0.4947056472301483,0.45074042677879333,0.04713325574994087,0.547538697719574,0.41710060834884644,0.03518237918615341,0.5823728442192078,0.44995635747909546,0.014296287670731544,0.5993241667747498,0.49600329995155334,0.0034939097240567207,0.48558709025382996,0.4224293828010559,0.03349339962005615,0.5398698449134827,0.4169589579105377,0.020262300968170166,0.5715866684913635,0.4492652714252472,0.0077705723233520985,0.590596616268158,0.49402421712875366,0.0011637820862233639
B,0.3797571659088135,0.5751173496246338,4.691580670623807e-07,0.44334515929222107,0.6212385892868042,0.0010249466868117452,0.50521320104599,0.6167471408843994,0.011827191337943077,0.5582261085510254,0.6004877686500549,0.015532638877630234,0.5862158536911011,0.5561820268630981,0.019641045480966568,0.5075671672821045,0.5133948922157288,0.06807417422533035,0.5498913526535034,0.49628227949142456,0.0707763135433197,0.5814358592033386,0.5076444745063782,0.059865932911634445,0.6021193861961365,0.5216805934906006,0.05112910643219948,0.5033502578735352,0.48216724395751953,0.0602925606071949,0.5517792701721191,0.44949209690093994,0.05436675623059273,0.5846889615058899,0.4677579700946808,0.03258535638451576,0.6017001867294312,0.499163955450058,0.019294824451208115,0.4948001205921173,0.4508083462715149,0.04697076603770256,0.5485126376152039,0.4129231572151184,0.03500686213374138,0.5822712779045105,0.4476749300956726,0.014894635416567326,0.5958141684532166,0.49480652809143066,0.004685631953179836,0.4843237102031708,0.42326635122299194,0.03256164863705635,0.5391744375228882,0.41142308712005615,0.019555483013391495,0.5707020163536072,0.4442121982574463,0.007745436392724514,0.5877087116241455,0.4905341565608978,0.001644739299081266
B,0.37588104605674744,0.5779308676719666,4.093665495474852e-07,0.44374969601631165,0.6251508593559265,0.002263967879116535,0.5041163563728333,0.6167473793029785,0.013869461603462696,0.5567111968994141,0.5966267585754395,0.017933737486600876,0.5836095213890076,0.552584171295166,0.02264978550374508,0.5041177868843079,0.5120450258255005,0.06734475493431091,0.5467677712440491,0.49367913603782654,0.0683608427643776,0.5777226090431213,0.5053588151931763,0.05687772110104561,0.597364604473114,0.5190647840499878,0.04773828759789467,0.49930906295776367,0.47975003719329834,0.058238957077264786,0.5493342280387878,0.4427836239337921,0.0485459640622139,0.5824748873710632,0.46390798687934875,0.025838756933808327,0.598044216632843,0.49788880348205566,0.012691386975347996,0.4896928369998932,0.449006587266922,0.04349981248378754,0.5457191467285156,0.4066018760204315,0.026662524789571762,0.5794174075126648,0.44504666328430176,0.004394985269755125,0.5913606286048889,0.4959573745727539,-0.0061388215981423855,0.478628933429718,0.42334434390068054,0.02801196463406086,0.5348076224327087,0.4114122688770294,0.01022458914667368,0.5671685338020325,0.4455021321773529,-0.0046677724458277225,0.5848367214202881,0.4933744966983795,-0.012443083338439465
B,0.3724292516708374,0.580071747303009,3.7919048168078007e-07,0.4404207766056061,0.6263474225997925,0.0007985075935721397,0.5031250715255737,0.6174559593200684,0.010957904160022736,0.5573488473892212,0.5974866151809692,0.013819790445268154,0.5852071642875671,0.552824079990387,0.01728818379342556,0.5036288499832153,0.512301504611969,0.06237160786986351,0.5469890832901001,0.49379080533981323,0.06137162819504738,0.5783313512802124,0.5062046051025391,0.049174197018146515,0.5985507369041443,0.5194395184516907,0.03971396014094353,0.4988986849784851,0.4801521897315979,0.053192369639873505,0.550926923751831,0.44202715158462524,0.041407499462366104,0.584161639213562,0.4643360674381256,0.01888269931077957,0.5998758673667908,0.49815917015075684,0.006154559552669525,0.48929330706596375,0.4498974680900574,0.03837854415178299,0.5474549531936646,0.4066111147403717,0.019919399172067642,0.5817529559135437,0.44723618030548096,-0.001662909984588623,0.593782901763916,0.4995102286338806,-0.011453482322394848,0.4779718816280365,0.42444244027137756,0.022691510617733,0.5350193977355957,0.40914663672447205,0.0036326218396425247,0.5686107277870178,0.44381996989250183,-0.011223186738789082,0.587062656879425,0.4927954375743866,-0.018802691251039505
B,0.3711231052875519,0.581132173538208,3.53081048842796e-07,0.4397684335708618,0.6274187564849854,0.0016024424694478512,0.5029341578483582,0.6178808808326721,0.012505722232162952,0.5569705963134766,0.5974974036216736,0.016098840162158012,0.5840455293655396,0.5537659525871277,0.02037028968334198,0.5044692754745483,0.5146833658218384,0.06195022165775299,0.5485097169876099,0.4961245656013489,0.061187125742435455,0.579590380191803,0.5075397491455078,0.04950062185525894,0.5995098948478699,0.519130527973175,0.040373701602220535,0.4995473027229309,0.4814172387123108,0.05265865474939346,0.552225649356842,0.4435863494873047,0.04094355180859566,0.5850489139556885,0.46604904532432556,0.01901642419397831,0.6005817651748657,0.4989868104457855,0.006789416074752808,0.48967137932777405,0.4504416584968567,0.037871066480875015,0.5481482744216919,0.4071718156337738,0.019479189068078995,0.5814782381057739,0.4481108486652374,-0.0015624025836586952,0.5925043821334839,0.5001875758171082,-0.01091279648244381,0.47812560200691223,0.4244219660758972,0.022281894460320473,0.5344266891479492,0.40870603919029236,0.0032943966798484325,0.567677915096283,0.4427076578140259,-0.011427910067141056,0.5861272215843201,0.49092695116996765,-0.018890682607889175
B,0.3692108392715454,0.5794246792793274,3.662380834157375e-07,0.44292593002319336,0.6268084049224854,0.006051261443644762,0.5032191872596741,0.6178497076034546,0.01853468455374241,0.5554763674736023,0.5975355505943298,0.022314907982945442,0.5856747031211853,0.5553179383277893,0.02647681161761284,0.5037990212440491,0.5173636078834534,0.07055673748254776,0.5482739806175232,0.4984331429004669,0.07238543033599854,0.5791208744049072,0.5087957978248596,0.06160552054643631,0.5980323553085327,0.5191797018051147,0.05274314805865288,0.4987199008464813,0.48264870047569275,0.05886542424559593,0.5526101589202881,0.44312405586242676,0.048938650637865067,0.5847640633583069,0.46536681056022644,0.0262728463858366,0.5985171794891357,0.49919453263282776,0.013409247621893883,0.48909878730773926,0.45041000843048096,0.041781019419431686,0.5485475063323975,0.404908150434494,0.02507435530424118,0.5814099907875061,0.44584065675735474,0.0033897929824888706,0.5914039015769958,0.4982839822769165,-0.006741806864738464,0.4776427149772644,0.4243985414505005,0.024219313636422157,0.5348067283630371,0.409321665763855,0.006631056312471628,0.5680817365646362,0.44411805272102356,-0.007957039400935173,0.5857259631156921,0.49247199296951294,-0.015632912516593933
B,0.36989712715148926,0.5806427001953125,3.954039868858672e-07,0.4440613389015198,0.6269468069076538,0.0054526664316654205,0.5037532448768616,0.6181359887123108,0.016987238079309464,0.5565938949584961,0.5985463857650757,0.019663581624627113,0.5875496864318848,0.5548086762428284,0.022562816739082336,0.502997875213623,0.5201206803321838,0.07105021178722382,0.5483986139297485,0.5038784742355347,0.07230046391487122,0.579812228679657,0.5154216289520264,0.06071185693144798,0.5995107889175415,0.52586829662323,0.05137218162417412,0.49863573908805847,0.4853222966194153,0.05945943668484688,0.5534927248954773,0.4481819272041321,0.04898460581898689,0.5865217447280884,0.4711092710494995,0.025413917377591133,0.600943922996521,0.5047711730003357,0.011941933073103428,0.48960280418395996,0.4520597457885742,0.04237336665391922,0.5497381687164307,0.4078463613986969,0.025614721700549126,0.5820857882499695,0.4491526186466217,0.0037906328216195107,0.5910683870315552,0.5014888048171997,-0.006323929410427809,0.4785679876804352,0.42481163144111633,0.024703506380319595,0.535594642162323,0.4080296754837036,0.007710054982453585,0.5683802962303162,0.44245630502700806,-0.006358275189995766,0.5847264528274536,0.49069568514823914,-0.013717075809836388
B,0.36939188838005066,0.5811737775802612,3.8611671016042237e-07,0.4417676031589508,0.6283414959907532,0.0047055939212441444,0.5030432343482971,0.6192795038223267,0.015862438827753067,0.5566229224205017,0.5990803241729736,0.018438028171658516,0.5865051746368408,0.5546633005142212,0.02135094441473484,0.5036531090736389,0.5206922292709351,0.06875086575746536,0.5496833920478821,0.504425048828125,0.06944375485181808,0.5812077522277832,0.5165392756462097,0.057915057986974716,0.5999791622161865,0.5273467898368835,0.048748522996902466,0.4995115101337433,0.4860406219959259,0.05748395249247551,0.5547940135002136,0.44828832149505615,0.046588871628046036,0.5878429412841797,0.4724501371383667,0.023487702012062073,0.6015165448188782,0.506662130355835,0.010498576797544956,0.4905955195426941,0.4533997178077698,0.04078168421983719,0.551019549369812,0.40822991728782654,0.02390526607632637,0.5830972790718079,0.45048439502716064,0.0026819645427167416,0.5914071798324585,0.5030078887939453,-0.00702078640460968,0.47957462072372437,0.4268468916416168,0.023440470919013023,0.536586582660675,0.4098527729511261,0.006445759441703558,0.5694617033004761,0.44452255964279175,-0.007394575048238039,0.5858781337738037,0.4926076829433441,-0.014595785178244114
B,0.36999332904815674,0.5820349454879761,3.8024819559723255e-07,0.44218742847442627,0.628708004951477,0.0032788601238280535,0.5030302405357361,0.6195518970489502,0.013633129186928272,0.5562354922294617,0.5989271998405457,0.015751007944345474,0.5863072276115417,0.55483478307724,0.018319500610232353,0.5041224360466003,0.5208103656768799,0.06556129455566406,0.5502822399139404,0.502276599407196,0.0650794729590416,0.5817517042160034,0.5137757658958435,0.05324152857065201,0.6004307270050049,0.5248000025749207,0.04411403089761734,0.4999629259109497,0.48614972829818726,0.05504459887742996,0.5555547475814819,0.44675400853157043,0.04294537380337715,0.588334858417511,0.4708716571331024,0.01976732350885868,0.6008583307266235,0.5052036643028259,0.00700236763805151,0.49100154638290405,0.4535461664199829,0.039117950946092606,0.5512838363647461,0.4080359935760498,0.021430525928735733,0.5825508236885071,0.45040300488471985,0.00024934238172136247,0.5889948606491089,0.5032218098640442,-0.009027947671711445,0.4797402024269104,0.42689400911331177,0.022452659904956818,0.5366835594177246,0.4091978669166565,0.005213294643908739,0.5696028470993042,0.44335076212882996,-0.008686804212629795,0.5851963758468628,0.4914915859699249,-0.01573263294994831
B,0.36864662170410156,0.5849161744117737,3.5371797935113136e-07,0.4415942132472992,0.6318438649177551,0.0032732104882597923,0.5045831799507141,0.6213332414627075,0.014626207761466503,0.5574198365211487,0.6000773310661316,0.018066564574837685,0.5867481827735901,0.5576404929161072,0.022204088047146797,0.504106342792511,0.5227793455123901,0.06268316507339478,0.5495782494544983,0.5017313361167908,0.06104547902941704,0.5809816718101501,0.5137840509414673,0.04887967184185982,0.6001015901565552,0.5262090563774109,0.03960369527339935,0.4997078776359558,0.48854708671569824,0.052334997802972794,0.5541030764579773,0.44854772090911865,0.03868858516216278,0.5869468450546265,0.4734117388725281,0.015290995128452778,0.6007289886474609,0.5091025233268738,0.0027079409919679165,0.49066829681396484,0.45645594596862793,0.036739688366651535,0.5500281453132629,0.4091716408729553,0.017892377451062202,0.5817209482192993,0.4499991834163666,-0.0032173318322747946,0.5912289619445801,0.5028710961341858,-0.012245118618011475,0.47970128059387207,0.4300304651260376,0.0204123854637146,0.535187304019928,0.4145464599132538,0.0021271449513733387,0.5689896941184998,0.4482455551624298,-0.012216869741678238,0.5875383615493774,0.49589288234710693,-0.019341323524713516
B,0.3686074912548065,0.5861427783966064,3.552038663201529e-07,0.439235657453537,0.6331203579902649,0.003388422541320324,0.5020769238471985,0.6235893368721008,0.013639969751238823,0.5561093091964722,0.6051934957504272,0.01586083695292473,0.5851863622665405,0.5629260540008545,0.018669798970222473,0.5034558773040771,0.5219239592552185,0.061489250510931015,0.5489363074302673,0.5000725984573364,0.05985451489686966,0.5803214311599731,0.5119230151176453,0.047746021300554276,0.5989753603935242,0.5240769386291504,0.038385059684515,0.4995713233947754,0.48852771520614624,0.05049491301178932,0.5542214512825012,0.44564390182495117,0.037247370928525925,0.5872834324836731,0.4715184271335602,0.01440860703587532,0.5998859405517578,0.5081806778907776,0.001890001934953034,0.4906785786151886,0.4572426378726959,0.034334465861320496,0.5499887466430664,0.4078805446624756,0.016269909217953682,0.5817029476165771,0.4495694637298584,-0.004371182527393103,0.5897716283798218,0.5025388598442078,-0.013604122214019299,0.47943371534347534,0.43210023641586304,0.01739262416958809,0.5344719290733337,0.4137212336063385,-0.0002833113831002265,0.5679910182952881,0.44826051592826843,-0.014386654831469059,0.585358738899231,0.4968448877334595,-0.021763386204838753
B,0.3676298260688782,0.5861659049987793,3.829709385172464e-07,0.43832871317863464,0.6336885094642639,0.0020913335029035807,0.5018676519393921,0.6249769926071167,0.011432560160756111,0.5568045377731323,0.6057627201080322,0.01285643968731165,0.5859556794166565,0.562438428401947,0.014999734237790108,0.5040767192840576,0.522788941860199,0.06106528267264366,0.5495781898498535,0.5008766055107117,0.05925659090280533,0.5815379023551941,0.5115714073181152,0.046843789517879486,0.6009656190872192,0.5221099853515625,0.037128861993551254,0.4999062716960907,0.48874998092651367,0.05053815245628357,0.5549104809761047,0.44521215558052063,0.036752574145793915,0.5883710980415344,0.47029873728752136,0.013537430204451084,0.601349949836731,0.5066475868225098,0.0008966060704551637,0.4906352460384369,0.4571021795272827,0.034762896597385406,0.5504857897758484,0.40583622455596924,0.01597478799521923,0.5818707346916199,0.44735994935035706,-0.004636834375560284,0.5896086692810059,0.5009667873382568,-0.013561813160777092,0.4789831340312958,0.43218404054641724,0.01810583844780922,0.5350271463394165,0.41576212644577026,-0.00017856867634691298,0.568764328956604,0.45066946744918823,-0.014445135369896889,0.5861141085624695,0.49935877323150635,-0.021760713309049606
B,0.36650723218917847,0.5868085026741028,3.5443983392724476e-07,0.4372248351573944,0.634312629699707,0.002328387927263975,0.5004911422729492,0.6260719299316406,0.011246144771575928,0.5559580326080322,0.6079880595207214,0.012019915506243706,0.5861470699310303,0.5650801062583923,0.013492560014128685,0.502845048904419,0.5237020254135132,0.05967645347118378,0.5494195818901062,0.4983469247817993,0.05667545646429062,0.5799074172973633,0.5105490684509277,0.04373253136873245,0.5971328020095825,0.5226781368255615,0.03386420011520386,0.49868226051330566,0.48963823914527893,0.0487644337117672,0.5545194149017334,0.4442726671695709,0.03346395865082741,0.586439311504364,0.47213882207870483,0.009405660443007946,0.5976597666740417,0.5104168653488159,-0.003495090175420046,0.4896771311759949,0.45811423659324646,0.032716359943151474,0.5502111911773682,0.4063693881034851,0.013085326179862022,0.5805829167366028,0.4510016441345215,-0.007712986320257187,0.5873587727546692,0.5066264271736145,-0.016495781019330025,0.47834640741348267,0.4336705803871155,0.01581026241183281,0.5349171757698059,0.41773247718811035,-0.002791356761008501,0.5688159465789795,0.453219473361969,-0.01724584773182869,0.5863069891929626,0.5023518800735474,-0.02463751845061779
B,0.3667047321796417,0.5871862769126892,3.626841476034315e-07,0.4387330412864685,0.6345993876457214,0.0036409529857337475,0.5017501711845398,0.6250621676445007,0.013682288117706776,0.5569860339164734,0.6075236797332764,0.01521106343716383,0.5871502161026001,0.5646970868110657,0.017397142946720123,0.5036889314651489,0.5236881971359253,0.06293079257011414,0.5509272217750549,0.5018191933631897,0.060902997851371765,0.5821241736412048,0.5139874815940857,0.04823566973209381,0.6011514663696289,0.5253955721855164,0.03809705749154091,0.5000192523002625,0.4897448718547821,0.05135675519704819,0.5559852719306946,0.44709745049476624,0.03615742176771164,0.5885770320892334,0.474312961101532,0.011468799784779549,0.6015791893005371,0.5119882822036743,-0.002029349096119404,0.49123793840408325,0.45842665433883667,0.034582704305648804,0.552254855632782,0.4085925817489624,0.014417377300560474,0.5826528072357178,0.4534590244293213,-0.00731344148516655,0.590045690536499,0.5094613432884216,-0.016719765961170197,0.48025524616241455,0.43386441469192505,0.017081383615732193,0.5364963412284851,0.4190022647380829,-0.002497173845767975,0.5704291462898254,0.4550235867500305,-0.018057353794574738,0.5889489054679871,0.5048094391822815,-0.026248764246702194
B,0.36649176478385925,0.5866937637329102,3.449551968515152e-07,0.4392085373401642,0.6343618631362915,0.0036341289523988962,0.5026620030403137,0.6249046921730042,0.014511764980852604,0.5577252507209778,0.6075476408004761,0.016962436959147453,0.5878618955612183,0.5653867721557617,0.02008105255663395,0.5037862062454224,0.5239484310150146,0.06304028630256653,0.5509737730026245,0.5012532472610474,0.06096762418746948,0.5822625160217285,0.5122724771499634,0.048317838460206985,0.6019400358200073,0.5224791765213013,0.03806596249341965,0.5001645684242249,0.49049222469329834,0.05145430564880371,0.5562249422073364,0.44737476110458374,0.0354500375688076,0.5889618992805481,0.47445574402809143,0.010123450309038162,0.6024993658065796,0.5115770697593689,-0.0037124999798834324,0.49127885699272156,0.459319531917572,0.034640129655599594,0.5527051687240601,0.409680038690567,0.013146198354661465,0.5830705761909485,0.4548390209674835,-0.009655667468905449,0.5908387303352356,0.5107524991035461,-0.019458970054984093,0.4801773130893707,0.43417036533355713,0.01718595251441002,0.5365904569625854,0.41921374201774597,-0.0038216705434024334,0.5706025958061218,0.4551296830177307,-0.02053140662610531,0.5895131230354309,0.5047518610954285,-0.02937736175954342
B,0.3658851683139801,0.5885668396949768,3.812752140675002e-07,0.440119206905365,0.6353251934051514,0.0038894149474799633,0.5019770264625549,0.6264309287071228,0.013802625238895416,0.5567989945411682,0.6080057621002197,0.015165691263973713,0.5888388156890869,0.565868616104126,0.017071980983018875,0.5038872957229614,0.5278010964393616,0.0642736479640007,0.5513004064559937,0.50528883934021,0.062482044100761414,0.5830475091934204,0.5152382254600525,0.0497075691819191,0.6031057834625244,0.5251063704490662,0.03952912241220474,0.4998919367790222,0.4926159679889679,0.052633289247751236,0.5574932098388672,0.45120829343795776,0.038411449640989304,0.5902194380760193,0.47612035274505615,0.01380846556276083,0.6033454537391663,0.5125278830528259,0.0001477465411880985,0.49072515964508057,0.46017903089523315,0.03576872870326042,0.5533791184425354,0.4112795293331146,0.016786547377705574,0.5841516852378845,0.45356079936027527,-0.0045206183567643166,0.5922609567642212,0.5081393718719482,-0.013970177620649338,0.47910287976264954,0.4350461959838867,0.018147870898246765,0.5360981822013855,0.4211810827255249,-0.00018429793999530375,0.5702568888664246,0.455532968044281,-0.014850979670882225,0.5887529253959656,0.5039449334144592,-0.022560106590390205
B,0.3671480417251587,0.587562620639801,3.8803452184765774e-07,0.44030627608299255,0.6347578763961792,0.002057416131719947,0.5017169117927551,0.6273612380027771,0.010484966449439526,0.5562469363212585,0.6085892915725708,0.01055922918021679,0.589893639087677,0.5661306977272034,0.011179300025105476,0.5048491358757019,0.5293343663215637,0.06122250482439995,0.5533079504966736,0.508588969707489,0.05863523483276367,0.5846204161643982,0.5181495547294617,0.045861851423978806,0.6047359704971313,0.5259801149368286,0.03556898981332779,0.5009730458259583,0.49392184615135193,0.04996703565120697,0.5595385432243347,0.4533510208129883,0.03434623032808304,0.5911440849304199,0.4785717725753784,0.00954545196145773,0.6042254567146301,0.513645589351654,-0.004132650792598724,0.4919586479663849,0.4609795808792114,0.033425167202949524,0.5554279088973999,0.4128388464450836,0.012758787721395493,0.5842351913452148,0.45680180191993713,-0.008497321046888828,0.5908999443054199,0.5118721723556519,-0.01754758507013321,0.48031845688819885,0.43502339720726013,0.016052991151809692,0.53657066822052,0.4215799868106842,-0.0037813575472682714,0.570452868938446,0.45672276616096497,-0.019063249230384827,0.589026153087616,0.5055004358291626,-0.02701997384428978
B,0.36782553791999817,0.5910394191741943,3.6628955513151595e-07,0.43973416090011597,0.6361836791038513,0.003476569661870599,0.5007428526878357,0.6275905966758728,0.012285473756492138,0.5548788905143738,0.6092877984046936,0.012543860822916031,0.5897162556648254,0.5682699084281921,0.013391469605267048,0.50346440076828,0.5294494032859802,0.061282429844141006,0.5507804155349731,0.5079785585403442,0.057379238307476044,0.5822007060050964,0.5221233367919922,0.04338426515460014,0.6014972925186157,0.5351769924163818,0.032840438187122345,0.5004799365997314,0.4952698349952698,0.049307700246572495,0.5575566291809082,0.4534332752227783,0.033113934099674225,0.5895017981529236,0.48289409279823303,0.008142737671732903,0.6011862754821777,0.5223782062530518,-0.005263830069452524,0.4923255741596222,0.4627760946750641,0.032153766602277756,0.554277777671814,0.4140892028808594,0.01208037044852972,0.5844978094100952,0.4595773220062256,-0.008470101282000542,0.5918240547180176,0.5157302021980286,-0.016978951171040535,0.4813798666000366,0.4375123679637909,0.014184908010065556,0.538002610206604,0.4238773584365845,-0.004674599505960941,0.5716636180877686,0.4600578546524048,-0.01852540671825409,0.5891196727752686,0.5094072222709656,-0.025275621563196182
B,0.36779746413230896,0.5926814079284668,3.5922963093071303e-07,0.4402933120727539,0.6384308338165283,0.00455239973962307,0.5015394687652588,0.6293980479240417,0.014947098679840565,0.5557776689529419,0.6109678745269775,0.016785571351647377,0.5886145830154419,0.5691152811050415,0.019315557554364204,0.5030563473701477,0.5307125449180603,0.06511303037405014,0.5501490831375122,0.5101311206817627,0.06385475397109985,0.5811253786087036,0.522301435470581,0.05154130235314369,0.6005815267562866,0.5331569314002991,0.0419200100004673,0.5001283884048462,0.4961399435997009,0.05343903228640556,0.5567589998245239,0.4566556215286255,0.04022176191210747,0.5883923768997192,0.48295164108276367,0.01644146628677845,0.601039707660675,0.5195028185844421,0.0034226584248244762,0.4921382665634155,0.4634236991405487,0.03654034808278084,0.553274929523468,0.4171464741230011,0.018606429919600487,0.5835493803024292,0.4603424668312073,-0.001784455613233149,0.591730535030365,0.5146063566207886,-0.010613036341965199,0.48169392347335815,0.4373399019241333,0.0188766960054636,0.5381374359130859,0.42348992824554443,0.0016246185405179858,0.5717949867248535,0.45862406492233276,-0.01190806645900011,0.5899299383163452,0.5075384378433228,-0.018704673275351524
B,0.36984145641326904,0.5912889838218689,3.8801059076831734e-07,0.44288718700408936,0.637225866317749,0.004704481456428766,0.5029144883155823,0.628257691860199,0.014540772885084152,0.5568274855613708,0.6091726422309875,0.015559897758066654,0.5897011160850525,0.5671107769012451,0.017002807930111885,0.5054137110710144,0.5311279892921448,0.06714510172605515,0.5518818497657776,0.5128811597824097,0.06653523445129395,0.5825752019882202,0.5250639915466309,0.054162509739398956,0.600853681564331,0.5358826518058777,0.044416289776563644,0.5015966296195984,0.4955841898918152,0.055373258888721466,0.5573607087135315,0.4560219943523407,0.04287736862897873,0.5886405110359192,0.48149269819259644,0.01887614279985428,0.6007221937179565,0.5174751281738281,0.005528752692043781,0.4928925335407257,0.4619012475013733,0.03830372169613838,0.5533574223518372,0.4132854640483856,0.020710332319140434,0.583586573600769,0.4560115337371826,-0.00045384085387922823,0.5908726453781128,0.5101847052574158,-0.009995460510253906,0.48177847266197205,0.4357891380786896,0.020548628643155098,0.5384806394577026,0.42187070846557617,0.003422104986384511,0.5716662406921387,0.45774078369140625,-0.010444988496601582,0.5885675549507141,0.5071131587028503,-0.017651956528425217
B,0.37168633937835693,0.5893296003341675,3.4944397953040607e-07,0.44532012939453125,0.6368942260742188,0.005664204712957144,0.5057133436203003,0.6294363737106323,0.016704706475138664,0.5580989122390747,0.6088306903839111,0.018905330449342728,0.5894451141357422,0.5662655830383301,0.021534524857997894,0.5053990483283997,0.5326783657073975,0.06653325259685516,0.5524001121520996,0.514521062374115,0.06560921669006348,0.582566499710083,0.5275639295578003,0.05365041643381119,0.6005166172981262,0.53862065076828,0.04436714947223663,0.5019091963768005,0.49671491980552673,0.0544099397957325,0.5587583780288696,0.45723873376846313,0.04090854525566101,0.5893794894218445,0.484546035528183,0.017265256494283676,0.6009630560874939,0.5211699604988098,0.004678862169384956,0.49378862977027893,0.46329551935195923,0.03710532560944557,0.554930567741394,0.4168272018432617,0.018553992733359337,0.5845732688903809,0.4618668258190155,-0.0019047354580834508,0.5923073887825012,0.5164215564727783,-0.010497098788619041,0.4833371341228485,0.43710193037986755,0.019236519932746887,0.5395161509513855,0.42338138818740845,0.0014384762616828084,0.572766900062561,0.4605181813240051,-0.012122935615479946,0.5905655026435852,0.5103539228439331,-0.018808512017130852
B,0.37205594778060913,0.5893179178237915,3.751890744752018e-07,0.44452235102653503,0.6373723745346069,0.004932226147502661,0.5048642754554749,0.6302509307861328,0.015397594310343266,0.5581767559051514,0.6096228957176208,0.01723862811923027,0.5895571112632751,0.5664096474647522,0.019579045474529266,0.5053402185440063,0.5320259928703308,0.06649532914161682,0.551712691783905,0.5125471949577332,0.06598877906799316,0.582433819770813,0.5246812701225281,0.05408983677625656,0.6004975438117981,0.5360236167907715,0.04480059817433357,0.5016699433326721,0.4961088001728058,0.05497469753026962,0.557689905166626,0.45561808347702026,0.04224269837141037,0.5885630249977112,0.48225316405296326,0.018756883218884468,0.599649965763092,0.5190502405166626,0.006070359144359827,0.4934118986129761,0.46248406171798706,0.03828089311718941,0.554241418838501,0.4139689803123474,0.020548637956380844,0.5839880108833313,0.45780879259109497,0.00011496472143335268,0.5907847285270691,0.5120099782943726,-0.008694488555192947,0.4829505383968353,0.43646618723869324,0.0209539495408535,0.5393690466880798,0.42284220457077026,0.003770254785194993,0.5725611448287964,0.45976945757865906,-0.009740139357745647,0.589457631111145,0.5093587636947632,-0.01647576503455639
B,0.3742721676826477,0.5894442796707153,3.6005312153974955e-07,0.4466800391674042,0.6376574635505676,0.003520204685628414,0.5067712068557739,0.6299043297767639,0.014484741725027561,0.5587794780731201,0.6086852550506592,0.017384598031640053,0.5914430618286133,0.5680291652679443,0.020793214440345764,0.507465660572052,0.531961977481842,0.06412020325660706,0.5530983209609985,0.5149267315864563,0.06302663683891296,0.58389812707901,0.5265980958938599,0.05095040798187256,0.603810727596283,0.5370006561279297,0.041465193033218384,0.5035801529884338,0.4966815114021301,0.0535285584628582,0.5592079758644104,0.4591309130191803,0.039902184158563614,0.5906919240951538,0.48386532068252563,0.016214054077863693,0.6040329933166504,0.5186684727668762,0.0033030451741069555,0.4949694871902466,0.4637896418571472,0.037650562822818756,0.5554755330085754,0.4181009531021118,0.01794707216322422,0.5851746201515198,0.4605019986629486,-0.0034259753301739693,0.5928318500518799,0.5136409997940063,-0.012381380423903465,0.484335720539093,0.4372784197330475,0.021202730014920235,0.5407686233520508,0.4230431318283081,0.0019524802919477224,0.5734142065048218,0.4585471749305725,-0.012647301889955997,0.5905687808990479,0.5071160793304443,-0.019809072837233543
B,0.3732467591762543,0.5896288156509399,3.7682747233702685e-07,0.4463908076286316,0.6377483606338501,0.004566519986838102,0.505879819393158,0.6293627619743347,0.01574270986020565,0.5574675798416138,0.6079576015472412,0.018535107374191284,0.5907116532325745,0.5680438876152039,0.021672550588846207,0.5055280923843384,0.5316087603569031,0.0667809396982193,0.5498160719871521,0.5140178203582764,0.06664951145648956,0.5816639065742493,0.5251623392105103,0.054596323519945145,0.6023211479187012,0.5364890694618225,0.045065537095069885,0.5016438364982605,0.4962068796157837,0.05574636533856392,0.5554721355438232,0.45824289321899414,0.04393564164638519,0.5882591009140015,0.48175227642059326,0.020332805812358856,0.6025629639625549,0.5170947313308716,0.006974616553634405,0.49323770403862,0.46276038885116577,0.039391569793224335,0.5525969862937927,0.4172879159450531,0.021711204200983047,0.5848584771156311,0.4573732018470764,-0.00015136224101297557,0.5945327281951904,0.5098810791969299,-0.010214384645223618,0.4827824831008911,0.43573635816574097,0.022455338388681412,0.5387547612190247,0.420520156621933,0.004765025805681944,0.5722358226776123,0.455411434173584,-0.009723057970404625,0.5895177125930786,0.50424724817276,-0.017242353409528732
B,0.37388479709625244,0.5923587679862976,4.1090950730904297e-07,0.4460209012031555,0.6384757161140442,0.0019291082862764597,0.507019579410553,0.6293944120407104,0.011351987719535828,0.5601206421852112,0.6092702150344849,0.012861051596701145,0.5918825268745422,0.5671635866165161,0.01490022148936987,0.5072389841079712,0.5306270718574524,0.06388077139854431,0.5520280599594116,0.5132712125778198,0.062018197029829025,0.5832005739212036,0.5253549814224243,0.04872315749526024,0.602676510810852,0.5369541645050049,0.03852294385433197,0.5025069117546082,0.4954513907432556,0.053690336644649506,0.55702143907547,0.45634791254997253,0.040128037333488464,0.5897308588027954,0.47974440455436707,0.015719659626483917,0.6035832166671753,0.5150415301322937,0.002022311557084322,0.49292922019958496,0.4618809223175049,0.03794773295521736,0.5533564686775208,0.4157831370830536,0.018797876313328743,0.5859181880950928,0.4561596214771271,-0.003615968395024538,0.5955591201782227,0.5091356039047241,-0.013850826770067215,0.4813234210014343,0.43527209758758545,0.021478943526744843,0.5381274819374084,0.4229432940483093,0.0027301358059048653,0.5717422962188721,0.45785361528396606,-0.01237446814775467,0.5896912813186646,0.5062050819396973,-0.020267212763428688
B,0.37272709608078003,0.5978816151618958,3.3775026508919836e-07,0.44411909580230713,0.6363645195960999,-0.002122127451002598,0.5057497024536133,0.631664514541626,0.004669554531574249,0.5575881004333496,0.6120120286941528,0.005344454199075699,0.5890911817550659,0.5698884725570679,0.006971030496060848,0.5111510753631592,0.5311360359191895,0.050560805946588516,0.5552685856819153,0.515701174736023,0.045556969940662384,0.5839796662330627,0.5288035273551941,0.031986337155103683,0.6020568013191223,0.5409980416297913,0.022483618929982185,0.5053033828735352,0.4963761568069458,0.043115805834531784,0.5576885938644409,0.4610304832458496,0.02848956547677517,0.5860149264335632,0.48359283804893494,0.006995697971433401,0.5981270670890808,0.5166138410568237,-0.004031473770737648,0.4945043921470642,0.4634576439857483,0.03060225024819374,0.5511079430580139,0.4166947901248932,0.011760372668504715,0.5798178911209106,0.4530888497829437,-0.006131247617304325,0.5892248153686523,0.5032996535301208,-0.012694640085101128,0.48123517632484436,0.4369552433490753,0.016991397365927696,0.5357265472412109,0.4212995171546936,-0.0004996808711439371,0.5675634741783142,0.4531724452972412,-0.01181397121399641,0.5848819613456726,0.5000035762786865,-0.01606437936425209
B,0.3652937412261963,0.5847941637039185,3.1945683076628484e-07,0.43441328406333923,0.6271002888679504,-0.012863519601523876,0.4972260296344757,0.6289919018745422,-0.01241256669163704,0.5484767556190491,0.6053973436355591,-0.015795018523931503,0.5809780359268188,0.5640770196914673,-0.01816810853779316,0.5141284465789795,0.5336019396781921,0.02673853002488613,0.5626553893089294,0.5105981826782227,0.01386808231472969,0.5878406167030334,0.5222017765045166,-0.0016798494616523385,0.6027413606643677,0.5371866822242737,-0.011686528101563454,0.5046240091323853,0.4965524673461914,0.023281874135136604,0.5588808059692383,0.4591934084892273,0.0004851173725910485,0.5828933119773865,0.47961968183517456,-0.022265462204813957,0.5936626195907593,0.5124907493591309,-0.03322610259056091,0.49062588810920715,0.4621066451072693,0.014759614132344723,0.5453615784645081,0.41605687141418457,-0.011642049998044968,0.570899248123169,0.4504588842391968,-0.03026830218732357,0.5800447463989258,0.5013099312782288,-0.036098357290029526,0.47278401255607605,0.43129125237464905,0.004680800251662731,0.5248227119445801,0.4158109426498413,-0.01939527690410614,0.5576659440994263,0.44488340616226196,-0.03354182466864586,0.5778716802597046,0.4907383620738983,-0.03877986595034599
B,0.35931330919265747,0.5777915716171265,3.8436905924754683e-07,0.42542484402656555,0.6176216006278992,-0.01400384958833456,0.4915613532066345,0.6143476366996765,-0.012696339748799801,0.5436974763870239,0.5887940526008606,-0.014630538411438465,0.5755802392959595,0.5465882420539856,-0.015557539649307728,0.5039033889770508,0.5261212587356567,0.02716757357120514,0.5498334169387817,0.5094545483589172,0.014858286827802658,0.5769985914230347,0.5215811133384705,-0.0004868660180363804,0.5948636531829834,0.5353236198425293,-0.010195959359407425,0.49442359805107117,0.48872703313827515,0.025150688365101814,0.5470696091651917,0.4587549865245819,0.004276798106729984,0.5729442238807678,0.47615501284599304,-0.01703437976539135,0.586259663105011,0.505731463432312,-0.027505965903401375,0.4810316264629364,0.45275911688804626,0.017771275714039803,0.5359396934509277,0.41354575753211975,-0.006907324772328138,0.5633772015571594,0.4440156817436218,-0.024448812007904053,0.5732077360153198,0.49153244495391846,-0.03000817634165287,0.46407702565193176,0.41930335760116577,0.008602057583630085,0.5155571103096008,0.40485113859176636,-0.014045322313904762,0.5491234660148621,0.4332643151283264,-0.0275256410241127,0.5687960386276245,0.4800888001918793,-0.03268498554825783
B,0.3488856256008148,0.5742507576942444,3.637877057371952e-07,0.41462287306785583,0.6177878379821777,-0.00824993196874857,0.4810057580471039,0.6175974011421204,-0.002643350977450609,0.5324385762214661,0.59112548828125,-0.0010208949679508805,0.5593464374542236,0.5494227409362793,0.0016440708423033357,0.4865500330924988,0.520611047744751,0.039040885865688324,0.530570387840271,0.5045686364173889,0.03265758976340294,0.5585584044456482,0.5182293057441711,0.0203396026045084,0.5758709907531738,0.5338174104690552,0.012265361845493317,0.4784901738166809,0.48449018597602844,0.03604564815759659,0.529054582118988,0.4533407390117645,0.021172083914279938,0.5564120411872864,0.4735817015171051,0.00196063076145947,0.5708814859390259,0.505219042301178,-0.007681648712605238,0.4665917754173279,0.4502585828304291,0.027988126501441002,0.5203213691711426,0.40833088755607605,0.00829083751887083,0.5482869744300842,0.44069910049438477,-0.008434244431555271,0.5592456459999084,0.48910075426101685,-0.014310219325125217,0.45188653469085693,0.4196081757545471,0.018539663404226303,0.5028873682022095,0.40716472268104553,-3.943321280530654e-05,0.536285936832428,0.437082439661026,-0.012114323675632477,0.5569734573364258,0.4838124215602875,-0.01692654751241207
B,0.3408779501914978,0.5719789266586304,4.2955608137162926e-07,0.3996322751045227,0.6167328953742981,-0.017240410670638084,0.46650591492652893,0.6224300265312195,-0.016650212928652763,0.5212880373001099,0.5945624709129333,-0.018211103975772858,0.5511441826820374,0.5472897291183472,-0.018706098198890686,0.4824894070625305,0.5256039500236511,0.028256453573703766,0.5269495248794556,0.5105071663856506,0.018854409456253052,0.5564077496528625,0.5183770656585693,0.0049017746932804585,0.5760602951049805,0.5296687483787537,-0.004179511219263077,0.47329798340797424,0.48678651452064514,0.02847115881741047,0.5236956477165222,0.4559812545776367,0.012598270550370216,0.5519956350326538,0.46794337034225464,-0.007022809702903032,0.5680064558982849,0.4941807687282562,-0.01763835735619068,0.4592720866203308,0.4508308470249176,0.023069409653544426,0.5118363499641418,0.41126295924186707,0.0014610406942665577,0.5411614775657654,0.4370303153991699,-0.015652727335691452,0.5528464913368225,0.48081174492836,-0.021980993449687958,0.4415624141693115,0.4178590476512909,0.01567619852721691,0.4923543334007263,0.40275904536247253,-0.005403384566307068,0.5256713628768921,0.42978107929229736,-0.018140949308872223,0.5448477864265442,0.4755593538284302,-0.0232244860380888
B,0.3416159749031067,0.571365237236023,4.2108956677111564e-07,0.40103432536125183,0.6150463819503784,-0.015149502083659172,0.46800851821899414,0.6207766532897949,-0.012924663722515106,0.5216047763824463,0.5941734313964844,-0.012785288505256176,0.549542248249054,0.549390435218811,-0.011563118547201157,0.4791377782821655,0.5232234001159668,0.028957827016711235,0.5231825709342957,0.5066556334495544,0.0186808779835701,0.5534783601760864,0.5153955221176147,0.004204083699733019,0.5736939907073975,0.529582679271698,-0.004890818148851395,0.4704197645187378,0.48621198534965515,0.029133332893252373,0.5212136507034302,0.45490047335624695,0.012695359997451305,0.5499355792999268,0.46754178404808044,-0.006716059986501932,0.5659974813461304,0.49479952454566956,-0.016993902623653412,0.45755213499069214,0.45162051916122437,0.023917213082313538,0.5095564723014832,0.41190624237060547,0.0025570918805897236,0.538789689540863,0.43700259923934937,-0.013911356218159199,0.5506185293197632,0.4799572825431824,-0.01980612240731716,0.44054895639419556,0.41880133748054504,0.01688138023018837,0.4907245635986328,0.4052848219871521,-0.0036007333546876907,0.5230398774147034,0.43149179220199585,-0.016077736392617226,0.5424113273620605,0.4752139747142792,-0.021042872220277786
B,0.33633238077163696,0.5658098459243774,4.78140293580509e-07,0.39578482508659363,0.6091892719268799,-0.015280012972652912,0.46007856726646423,0.610011875629425,-0.016074376180768013,0.5132949948310852,0.5867135524749756,-0.019951501861214638,0.5431038737297058,0.5405380129814148,-0.02287382259964943,0.47532281279563904,0.5147293210029602,0.026555383577942848,0.5210704803466797,0.4946167767047882,0.013163509778678417,0.5501367449760437,0.5071396827697754,-0.0031565099488943815,0.5674927830696106,0.5262457728385925,-0.013373024761676788,0.4657292664051056,0.4766622483730316,0.024568967521190643,0.5180545449256897,0.44270220398902893,0.004637451842427254,0.5466931462287903,0.4587317407131195,-0.017172491177916527,0.5613207221031189,0.49005040526390076,-0.028617994859814644,0.4513038396835327,0.4413503110408783,0.017135517671704292,0.5055733323097229,0.4001743793487549,-0.006928897928446531,0.5352228879928589,0.42870593070983887,-0.024623507633805275,0.5471800565719604,0.4748564064502716,-0.031023841351270676,0.43198931217193604,0.41075101494789124,0.007886629551649094,0.48328134417533875,0.39841362833976746,-0.01508291158825159,0.5175219178199768,0.4263846278190613,-0.028905464336276054,0.5383199453353882,0.4717486500740051,-0.03465893119573593
B,0.332104355096817,0.5647541284561157,4.3461363929964136e-07,0.39573267102241516,0.6081691980361938,-0.01199759915471077,0.4582977890968323,0.6102336645126343,-0.009344091638922691,0.5120339393615723,0.5873675346374512,-0.01026109792292118,0.5412316918373108,0.5438888072967529,-0.010424529202282429,0.47018346190452576,0.5139757990837097,0.036447420716285706,0.5142650008201599,0.49832478165626526,0.026956403627991676,0.5427639484405518,0.510819673538208,0.01136844139546156,0.5621575713157654,0.5261804461479187,0.000835553917568177,0.4621520936489105,0.47570762038230896,0.0341545045375824,0.5136768221855164,0.44364702701568604,0.01684558391571045,0.5419017672538757,0.4592618942260742,-0.005410161335021257,0.5565839409828186,0.4884966313838959,-0.017554137855768204,0.4487210810184479,0.44002237915992737,0.026398589834570885,0.5024771690368652,0.398416668176651,0.0038071831222623587,0.5314202904701233,0.42677223682403564,-0.015051123686134815,0.5421826839447021,0.4725068211555481,-0.022261930629611015,0.431289941072464,0.40890470147132874,0.01709778793156147,0.48330482840538025,0.39635878801345825,-0.004503218922764063,0.5158117413520813,0.4242776930332184,-0.018131712451577187,0.5351449847221375,0.4694942831993103,-0.02385183982551098
B,0.3255460858345032,0.5631985664367676,4.6678957232870744e-07,0.39210283756256104,0.6110672950744629,-0.008195418864488602,0.4553118646144867,0.6127424240112305,-0.0019688629545271397,0.5127289891242981,0.5900545120239258,-0.0007416085572913289,0.5407214760780334,0.5413711071014404,0.001326580997556448,0.45961809158325195,0.511043131351471,0.05362216755747795,0.503292977809906,0.49243053793907166,0.04966691508889198,0.5338510274887085,0.5017569661140442,0.035518497228622437,0.5541003346443176,0.5137777924537659,0.025281306356191635,0.45321354269981384,0.4739656150341034,0.05002780258655548,0.504773736000061,0.4380805492401123,0.0360838808119297,0.5358868837356567,0.45447805523872375,0.011908797547221184,0.5506467819213867,0.4851987659931183,-0.0017163543961942196,0.44258835911750793,0.43829235434532166,0.040499791502952576,0.49775221943855286,0.39431077241897583,0.020901916548609734,0.529330313205719,0.4260385036468506,-0.001148377894423902,0.5390022993087769,0.4744328558444977,-0.010792708955705166,0.42941296100616455,0.4062371850013733,0.02947813645005226,0.4825771450996399,0.3925253748893738,0.010422097519040108,0.5160967111587524,0.42227375507354736,-0.004786000121384859,0.5348740220069885,0.46944519877433777,-0.012202809564769268
B,0.32532840967178345,0.5663564205169678,4.7083813115023077e-07,0.3914390802383423,0.6129180788993835,-0.009096721187233925,0.45511817932128906,0.6130136251449585,-0.005057233851402998,0.5123845338821411,0.5916414856910706,-0.006036423612385988,0.5402626991271973,0.5426308512687683,-0.0061342730186879635,0.4571281969547272,0.5069171786308289,0.0469975508749485,0.50223708152771,0.48722603917121887,0.03997192904353142,0.5327001214027405,0.5000590085983276,0.02450229413807392,0.5506498217582703,0.5155530571937561,0.013877185992896557,0.45091116428375244,0.4701828062534332,0.04260845109820366,0.5049607753753662,0.43272286653518677,0.025431018322706223,0.5366376042366028,0.4536823630332947,0.0005759358173236251,0.5489370822906494,0.488491028547287,-0.012904358096420765,0.44041600823402405,0.4346975088119507,0.032502952963113785,0.4986589550971985,0.38935744762420654,0.011063414625823498,0.5315940976142883,0.42533841729164124,-0.010802487842738628,0.5410243272781372,0.4765942394733429,-0.020081672817468643,0.42658406496047974,0.4038282036781311,0.020888429135084152,0.48271405696868896,0.39047500491142273,0.000572016928344965,0.517813503742218,0.42281800508499146,-0.014728034846484661,0.5368189811706543,0.4716975688934326,-0.022066086530685425
B,0.3241812586784363,0.5664025545120239,4.4576478330782265e-07,0.39061176776885986,0.6134971976280212,-0.009880272671580315,0.45397648215293884,0.6141741871833801,-0.006753541994839907,0.5117218494415283,0.5918495655059814,-0.008571331389248371,0.5419219732284546,0.5425983667373657,-0.009378309361636639,0.45840713381767273,0.5068051815032959,0.045863036066293716,0.5037007331848145,0.48706504702568054,0.038933441042900085,0.5334153771400452,0.4988148510456085,0.023723429068922997,0.5508168935775757,0.5125827789306641,0.01304955966770649,0.4515882134437561,0.46924349665641785,0.041481632739305496,0.5054008364677429,0.4292127192020416,0.024309277534484863,0.5366482734680176,0.4484681487083435,-0.00021121621830388904,0.5491475462913513,0.482059121131897,-0.01362138893455267,0.4402223527431488,0.4341610074043274,0.03130819648504257,0.49791061878204346,0.38493138551712036,0.009013831615447998,0.5297126173973083,0.4202539324760437,-0.012753854505717754,0.5387943387031555,0.4714418947696686,-0.02185566909611225,0.42568182945251465,0.4051560163497925,0.019648050889372826,0.48250865936279297,0.39184993505477905,-0.0016277908580377698,0.5170069336891174,0.42357322573661804,-0.017085622996091843,0.5352363586425781,0.4713078737258911,-0.02446095645427704
B,0.3251631259918213,0.5664319396018982,4.23379219682829e-07,0.3931746482849121,0.614102840423584,-0.010429929941892624,0.4575750529766083,0.6136508584022522,-0.006717842072248459,0.5157334208488464,0.5878908038139343,-0.007759701926261187,0.5415018796920776,0.5346354246139526,-0.007589517626911402,0.4569585621356964,0.5024949908256531,0.04575803875923157,0.5019660592079163,0.48310035467147827,0.03871796280145645,0.531935453414917,0.49688008427619934,0.02384248562157154,0.5497998595237732,0.5120121836662292,0.013447603210806847,0.45135021209716797,0.465732216835022,0.04220171272754669,0.5045698881149292,0.42716601490974426,0.025470994412899017,0.5357633829116821,0.4486027956008911,0.001950550707988441,0.5499928593635559,0.48188337683677673,-0.010899310931563377,0.44157278537750244,0.43103522062301636,0.03272486850619316,0.4984852075576782,0.38366585969924927,0.010867824777960777,0.5304666757583618,0.4209456145763397,-0.010419705882668495,0.5402087569236755,0.4725036025047302,-0.01931597851216793,0.42845427989959717,0.40014252066612244,0.021604932844638824,0.4835208058357239,0.3843523859977722,0.0008346497197635472,0.5175192952156067,0.4172203540802002,-0.01439781952649355,0.5360123515129089,0.4660719633102417,-0.021760763600468636
B,0.3250434994697571,0.564602255821228,4.276461424979061e-07,0.3926418125629425,0.6134485602378845,-0.010324962437152863,0.4560994803905487,0.6155761480331421,-0.007654010783880949,0.5140115022659302,0.5916014313697815,-0.010066726244986057,0.5419095754623413,0.5383063554763794,-0.011354133486747742,0.45911064743995667,0.4999504089355469,0.04678459092974663,0.5044914484024048,0.47953468561172485,0.03988521546125412,0.5340390205383301,0.4932258725166321,0.024777013808488846,0.5505710244178772,0.5090284943580627,0.014246310107409954,0.4529067575931549,0.4634293019771576,0.04264625161886215,0.5069356560707092,0.42307400703430176,0.026230044662952423,0.5377077460289001,0.4442887306213379,0.002264586975798011,0.5503009557723999,0.4787072241306305,-0.010873062536120415,0.44239526987075806,0.42945677042007446,0.03260181471705437,0.49982011318206787,0.3811943531036377,0.011427725665271282,0.532114565372467,0.4186561405658722,-0.009918962605297565,0.5413767695426941,0.4707852303981781,-0.019062815234065056,0.42855304479599,0.400668203830719,0.020874222740530968,0.4849938750267029,0.3854709267616272,0.0005243848427198827,0.5194151997566223,0.4183615744113922,-0.014471571892499924,0.5374807119369507,0.46706801652908325,-0.021709304302930832
B,0.3257424831390381,0.5639588832855225,4.3093723434139974e-07,0.39279472827911377,0.6125669479370117,-0.011257241480052471,0.45685112476348877,0.6161060333251953,-0.009354882873594761,0.5150025486946106,0.5914027690887451,-0.012302334420382977,0.541970431804657,0.5368168950080872,-0.014105251990258694,0.4601535499095917,0.5004238486289978,0.043960459530353546,0.5060120820999146,0.47878262400627136,0.036155760288238525,0.5357425212860107,0.49290090799331665,0.020600277930498123,0.553253173828125,0.5099825263023376,0.009641318581998348,0.4539284110069275,0.46318790316581726,0.04017464816570282,0.5078714489936829,0.42097800970077515,0.022714627906680107,0.538607656955719,0.44263216853141785,-0.0017145343590527773,0.5518811345100403,0.47812744975090027,-0.015256483107805252,0.44340890645980835,0.4294563829898834,0.030629394575953484,0.5007230043411255,0.3795531690120697,0.008736253716051579,0.5322158932685852,0.4181593060493469,-0.01262227725237608,0.541073203086853,0.47217342257499695,-0.021789534017443657,0.4297369420528412,0.4016684889793396,0.019336432218551636,0.48584991693496704,0.38727518916130066,-0.0013279430568218231,0.5204675793647766,0.4200608432292938,-0.01664026640355587,0.5390715599060059,0.4687098562717438,-0.02422155812382698
B,0.32357972860336304,0.5723761320114136,3.233486438602995e-07,0.38775715231895447,0.6124239563941956,-0.01066964864730835,0.4544421434402466,0.6124794483184814,-0.009515042416751385,0.5066112875938416,0.585888683795929,-0.01265440508723259,0.5370621681213379,0.5398512482643127,-0.014489229768514633,0.4678652882575989,0.5087851881980896,0.03316108509898186,0.5152885317802429,0.48624545335769653,0.021556705236434937,0.5413748025894165,0.5049194693565369,0.0060391356237232685,0.5530605316162109,0.5279799699783325,-0.00295267510227859,0.4599943161010742,0.4731689691543579,0.029626911506056786,0.5115295648574829,0.43965640664100647,0.011980989016592503,0.5365965366363525,0.4644244611263275,-0.008813727647066116,0.5470792055130005,0.5005743503570557,-0.01901574619114399,0.44778817892074585,0.43839728832244873,0.020909884944558144,0.5005473494529724,0.39978235960006714,0.0015589752001687884,0.5269560813903809,0.43612003326416016,-0.014020343311131,0.5357821583747864,0.48649296164512634,-0.019235283136367798,0.43114081025123596,0.4079021215438843,0.010277843102812767,0.48269006609916687,0.3894280791282654,-0.006058482453227043,0.5153802633285522,0.41882795095443726,-0.015684910118579865,0.5341408252716064,0.46631425619125366,-0.01876089721918106
B,0.31223994493484497,0.569668710231781,3.82924952191388e-07,0.374612420797348,0.6105791926383972,-0.015630094334483147,0.4401118755340576,0.6177240610122681,-0.0171634703874588,0.4944459795951843,0.5929944515228271,-0.02165529690682888,0.5225433111190796,0.5433807373046875,-0.02498815581202507,0.45392078161239624,0.5135431885719299,0.026105836033821106,0.4992125630378723,0.487242192029953,0.013385079801082611,0.5276858806610107,0.4984709620475769,-0.0027747342828661203,0.5452494621276855,0.5158277153968811,-0.012827965430915356,0.4442971348762512,0.4748992919921875,0.024675900116562843,0.49562543630599976,0.43377089500427246,0.005225393921136856,0.5226017832756042,0.45067766308784485,-0.015922708436846733,0.5356908440589905,0.4832741618156433,-0.026793038472533226,0.43036386370658875,0.439750999212265,0.01799890212714672,0.4841890335083008,0.3915773630142212,-0.004360774531960487,0.5128347277641296,0.42135027050971985,-0.020587483420968056,0.5231329202651978,0.47043684124946594,-0.025993725284934044,0.4126219153404236,0.4095560312271118,0.00925746001303196,0.4647546410560608,0.39147302508354187,-0.011094886809587479,0.49908336997032166,0.41844063997268677,-0.022865870967507362,0.5185883045196533,0.4650721848011017,-0.02714986726641655
B,0.3125975728034973,0.5751344561576843,3.867402256219066e-07,0.3788508474826813,0.6161515116691589,-0.009809963405132294,0.43987929821014404,0.6207596659660339,-0.0088880006223917,0.49369528889656067,0.6022570133209229,-0.012768649496138096,0.5266844034194946,0.5570656061172485,-0.015561459586024284,0.44862744212150574,0.5209410190582275,0.03956835716962814,0.4926382005214691,0.5012486577033997,0.030035696923732758,0.5198477506637573,0.5151629447937012,0.01415972225368023,0.5361424684524536,0.5305061340332031,0.0036904162261635065,0.44339922070503235,0.48572754859924316,0.03502299636602402,0.4949977993965149,0.4500906765460968,0.017276540398597717,0.523542582988739,0.47019538283348083,-0.005759194493293762,0.5355328917503357,0.5029577612876892,-0.018113398924469948,0.4332839250564575,0.4512173533439636,0.025052573531866074,0.48794957995414734,0.4070941209793091,0.004998570308089256,0.5174608826637268,0.44012826681137085,-0.013369696214795113,0.5266947746276855,0.48911333084106445,-0.020680652931332588,0.4199190139770508,0.42213210463523865,0.013316833414137363,0.4722926616668701,0.4067058563232422,-0.0038770544342696667,0.5054780840873718,0.43570637702941895,-0.01564827375113964,0.5234365463256836,0.48177728056907654,-0.0207512304186821
B,0.3142336905002594,0.5774759650230408,4.074310595569841e-07,0.378021776676178,0.620111346244812,-0.013179906643927097,0.44030502438545227,0.6276746988296509,-0.013143613934516907,0.4964294135570526,0.6092046499252319,-0.016899947077035904,0.5219390988349915,0.5596906542778015,-0.019375449046492577,0.45107269287109375,0.5194037556648254,0.03644861653447151,0.4954623579978943,0.5001635551452637,0.026746690273284912,0.5219113826751709,0.5149983763694763,0.010819138027727604,0.5366674661636353,0.5338437557220459,0.00043995544547215104,0.44487327337265015,0.48436349630355835,0.03423292562365532,0.4962524175643921,0.44876521825790405,0.016215616837143898,0.5238991379737854,0.46869927644729614,-0.007077953312546015,0.5345789194107056,0.5023726224899292,-0.01955736055970192,0.4341472089290619,0.45109909772872925,0.026523852720856667,0.4877217710018158,0.4066351056098938,0.00576546648517251,0.5164421796798706,0.43908143043518066,-0.013940118253231049,0.5230111479759216,0.48915836215019226,-0.021983204409480095,0.41991862654685974,0.42169976234436035,0.01686106249690056,0.4710986018180847,0.40455856919288635,-0.001710382173769176,0.5030450224876404,0.43274766206741333,-0.015222114510834217,0.5190050601959229,0.4799460768699646,-0.021401770412921906
B,0.3187170624732971,0.5777312517166138,4.0348183460992004e-07,0.3843790888786316,0.6232291460037231,-0.010602623224258423,0.44566240906715393,0.6285639405250549,-0.008232315070927143,0.5010619759559631,0.6068564653396606,-0.010122264735400677,0.5275096893310547,0.5574485659599304,-0.011019564233720303,0.4542454481124878,0.5233239531517029,0.04094907268881798,0.4977863132953644,0.504538893699646,0.033785317093133926,0.5241843461990356,0.5155678391456604,0.019163809716701508,0.5401095151901245,0.5283470153808594,0.008740565739572048,0.4479731321334839,0.48651015758514404,0.03778517618775368,0.49816495180130005,0.4473060071468353,0.020322473719716072,0.5257338285446167,0.46570807695388794,-0.0033713453449308872,0.5369935631752014,0.4976259768009186,-0.016305891796946526,0.43675822019577026,0.4522154927253723,0.029325438663363457,0.4900350272655487,0.40235963463783264,0.00749706057831645,0.518092930316925,0.4366777539253235,-0.013252289034426212,0.5251342058181763,0.48727479577064514,-0.021899830549955368,0.4221729040145874,0.42322584986686707,0.0193894412368536,0.47356876730918884,0.40845057368278503,-0.0011391659500077367,0.5054827332496643,0.4392402470111847,-0.016105497255921364,0.5227108597755432,0.4866003394126892,-0.023261763155460358
B,0.32020074129104614,0.5760143399238586,3.682584690523072e-07,0.386318564414978,0.6225795149803162,-0.008659950457513332,0.44769567251205444,0.627669632434845,-0.0047489553689956665,0.5019790530204773,0.6082763671875,-0.005442620720714331,0.5308741927146912,0.5629045963287354,-0.005094853695482016,0.4565894603729248,0.5245830416679382,0.04220400005578995,0.5008280873298645,0.50618976354599,0.036270350217819214,0.527227520942688,0.5178697109222412,0.022883445024490356,0.542461097240448,0.5322623252868652,0.013319043442606926,0.4502183198928833,0.4888744354248047,0.0380924716591835,0.5007326602935791,0.4503823220729828,0.021482747048139572,0.5284184217453003,0.4689156115055084,-0.0015397680690512061,0.5390671491622925,0.5012338161468506,-0.013915416784584522,0.43915653228759766,0.45569926500320435,0.02886986918747425,0.4921664595603943,0.4063647985458374,0.007786519359797239,0.5201532244682312,0.4399715065956116,-0.012404859066009521,0.5269603729248047,0.4899444282054901,-0.02063366211950779,0.42523208260536194,0.42747026681900024,0.018251542001962662,0.47686609625816345,0.4104189872741699,-0.0015566007932648063,0.508916437625885,0.4405357241630554,-0.015745563432574272,0.5259155035018921,0.4878436028957367,-0.022292399778962135
B,0.32019662857055664,0.5747902393341064,3.8171330629666045e-07,0.3848440647125244,0.6229168772697449,-0.011906358413398266,0.4471486806869507,0.6289162635803223,-0.009160768240690231,0.5025767683982849,0.6093983054161072,-0.010125392116606236,0.5306041240692139,0.5631423592567444,-0.010033893398940563,0.4584646224975586,0.5264934301376343,0.03769681602716446,0.502252995967865,0.5087525248527527,0.03086370788514614,0.5290066599845886,0.5192105770111084,0.01713230460882187,0.5452821254730225,0.5320559740066528,0.007280583493411541,0.45172110199928284,0.4906938076019287,0.035332947969436646,0.5015758872032166,0.4531591534614563,0.017948279157280922,0.5285536646842957,0.46955278515815735,-0.005131837446242571,0.5398595929145813,0.49983593821525574,-0.017659951001405716,0.44050055742263794,0.45724067091941833,0.027744673192501068,0.4926864206790924,0.40895015001296997,0.005592964123934507,0.5204781293869019,0.44014614820480347,-0.015110923908650875,0.5276029706001282,0.48875224590301514,-0.023595452308654785,0.42623385787010193,0.4277268052101135,0.018603187054395676,0.47684401273727417,0.41106390953063965,-0.002502058632671833,0.5085366368293762,0.43948495388031006,-0.017752619460225105,0.5253844857215881,0.48603758215904236,-0.02495744451880455
B,0.3191815912723541,0.5772523283958435,4.121480685626011e-07,0.3818211555480957,0.6279556751251221,-0.01454359944909811,0.4450075924396515,0.6360393166542053,-0.013144954107701778,0.5013335347175598,0.6115116477012634,-0.014790882356464863,0.5272743105888367,0.560596764087677,-0.015402342192828655,0.45419254899024963,0.5307609438896179,0.03471633046865463,0.49658915400505066,0.5099054574966431,0.025885988026857376,0.5244649648666382,0.51710444688797,0.010816581547260284,0.5424751043319702,0.5277150869369507,0.00041593817877583206,0.4468190371990204,0.49252912402153015,0.03368042781949043,0.49682196974754333,0.45420190691947937,0.015294616110622883,0.5244947075843811,0.4696713984012604,-0.0074426839128136635,0.537555456161499,0.4997884929180145,-0.019609378650784492,0.4352293908596039,0.4574073553085327,0.027210082858800888,0.48884156346321106,0.4104727506637573,0.004628859460353851,0.518153190612793,0.44124239683151245,-0.014896475709974766,0.5277675986289978,0.48922398686408997,-0.022512467578053474,0.4206617772579193,0.42687809467315674,0.018934601917862892,0.4717298150062561,0.41186243295669556,-0.002270815894007683,0.5048518180847168,0.4408712387084961,-0.016860364004969597,0.5237933397293091,0.48739445209503174,-0.023504627868533134
B,0.31782037019729614,0.581612229347229,4.1861318322844454e-07,0.37972596287727356,0.6327382922172546,-0.013828047551214695,0.4429378807544708,0.6423715949058533,-0.011981135234236717,0.5002868175506592,0.6160517334938049,-0.013456779532134533,0.52543044090271,0.5623914003372192,-0.013896176591515541,0.4521952271461487,0.5365937352180481,0.03873218595981598,0.4956938922405243,0.521363377571106,0.031939614564180374,0.5238957405090332,0.5300727486610413,0.018562765792012215,0.5415666103363037,0.5407351851463318,0.009221663698554039,0.4464130401611328,0.4984515309333801,0.03774138540029526,0.49703750014305115,0.4669750928878784,0.022603802382946014,0.5252676606178284,0.4812489449977875,0.0014936666702851653,0.5403046011924744,0.5078836679458618,-0.010209169238805771,0.43637025356292725,0.4625767171382904,0.031109146773815155,0.4895465075969696,0.42177996039390564,0.010789282619953156,0.5185665488243103,0.45193418860435486,-0.007863571867346764,0.5275241136550903,0.4973664879798889,-0.01545765995979309,0.42267492413520813,0.4295855462551117,0.02264884114265442,0.4726516902446747,0.41249680519104004,0.0034736727830022573,0.5039958357810974,0.4406782388687134,-0.009829388000071049,0.5212296843528748,0.48638126254081726,-0.015981171280145645
B,0.31882786750793457,0.5845706462860107,4.181538884040492e-07,0.38039451837539673,0.6331623196601868,-0.011541390791535378,0.4433770179748535,0.6376768350601196,-0.008872399106621742,0.5015101432800293,0.615416407585144,-0.010000238195061684,0.5245909690856934,0.5630185008049011,-0.010139810852706432,0.45006462931632996,0.5358519554138184,0.04009915143251419,0.4930579364299774,0.5196312069892883,0.03353529050946236,0.5201694369316101,0.5310578942298889,0.01965290494263172,0.5366799235343933,0.5436224937438965,0.009627292864024639,0.4455465078353882,0.4991444945335388,0.03784846514463425,0.49554529786109924,0.46402105689048767,0.02201482281088829,0.5244470238685608,0.4821229875087738,-0.00032753791310824454,0.5374764800071716,0.5123191475868225,-0.012978891842067242,0.4359063506126404,0.4643421769142151,0.030243413522839546,0.4898086190223694,0.4197956621646881,0.009834231808781624,0.5183515548706055,0.45372647047042847,-0.009996334090828896,0.525382399559021,0.5021522045135498,-0.018667615950107574,0.4229850769042969,0.4331163763999939,0.021016938611865044,0.47337934374809265,0.4192313849925995,0.0018506303895264864,0.5049533247947693,0.4495782256126404,-0.012521473690867424,0.5221028327941895,0.4960907995700836,-0.019875187426805496
B,0.31898754835128784,0.5873384475708008,4.250777578818088e-07,0.3822948932647705,0.6332240104675293,-0.011277889832854271,0.44306185841560364,0.6386389136314392,-0.009355934336781502,0.4996831715106964,0.6177310943603516,-0.011642896570265293,0.5249701142311096,0.5662355422973633,-0.012944048270583153,0.451372355222702,0.533968448638916,0.04195505753159523,0.4944323003292084,0.5165184736251831,0.03553024306893349,0.5212052464485168,0.5271763801574707,0.021352138370275497,0.5372506976127625,0.5391042232513428,0.011247889138758183,0.44599398970603943,0.4979687035083771,0.039150431752204895,0.4961176812648773,0.46152880787849426,0.023546529933810234,0.5239381790161133,0.47894054651260376,0.0008138954290188849,0.5362251400947571,0.5091620683670044,-0.011860599741339684,0.4359070658683777,0.46367383003234863,0.030904626473784447,0.4894055426120758,0.41873836517333984,0.010967560112476349,0.517545759677887,0.452456533908844,-0.008528617210686207,0.5246355533599854,0.5010671615600586,-0.01674780063331127,0.4223388731479645,0.4337612986564636,0.020962316542863846,0.4735433757305145,0.4190710783004761,0.0022200774401426315,0.5050390362739563,0.4494708180427551,-0.011405549012124538,0.521857500076294,0.4962163269519806,-0.017931710928678513
B,0.3200523257255554,0.5848897099494934,4.2455664583940234e-07,0.3839641213417053,0.6314142346382141,-0.012922635301947594,0.4451071321964264,0.6318546533584595,-0.010139872319996357,0.5012338757514954,0.6079121828079224,-0.011306609027087688,0.5275048017501831,0.5574421286582947,-0.011575112119317055,0.44917386770248413,0.5305373668670654,0.04146016761660576,0.492008775472641,0.5126555562019348,0.03408905118703842,0.5215569734573364,0.5198957920074463,0.019576314836740494,0.5413209795951843,0.528965175151825,0.009442578069865704,0.44346824288368225,0.49491509795188904,0.039480239152908325,0.4949657917022705,0.45957010984420776,0.02236194908618927,0.5244581699371338,0.4750347435474396,-0.001135146478191018,0.5382774472236633,0.5034193396568298,-0.014007413759827614,0.4331732392311096,0.46032318472862244,0.03162727132439613,0.48803263902664185,0.4184434413909912,0.009106815792620182,0.5183637738227844,0.45048996806144714,-0.01293922308832407,0.5260974168777466,0.497957319021225,-0.02213718369603157,0.42024552822113037,0.4280989468097687,0.02211705595254898,0.4727100729942322,0.41088709235191345,0.0008463163976557553,0.5042896270751953,0.4399770498275757,-0.014833465218544006,0.5200881958007812,0.4866713583469391,-0.0223651435226202
B,0.32022085785865784,0.5845314860343933,4.261296169261186e-07,0.3825736343860626,0.6328291893005371,-0.013531699776649475,0.44394922256469727,0.6368054151535034,-0.010486938059329987,0.500861644744873,0.6138919591903687,-0.010983888991177082,0.529116690158844,0.5647522807121277,-0.010536573827266693,0.4481372833251953,0.534008264541626,0.04138314351439476,0.489891916513443,0.5158562064170837,0.03474534675478935,0.5195408463478088,0.5222832560539246,0.020263832062482834,0.5398520231246948,0.5308849811553955,0.009962747804820538,0.4427976608276367,0.49773260951042175,0.03996917977929115,0.49277740716934204,0.46325746178627014,0.02450326830148697,0.523448646068573,0.4760816991329193,0.0014274498680606484,0.5390731692314148,0.5034376382827759,-0.011801443062722683,0.43267232179641724,0.46302783489227295,0.03267010673880577,0.4858735203742981,0.42032408714294434,0.011781638488173485,0.517627477645874,0.44881564378738403,-0.009469127282500267,0.5283276438713074,0.49447202682495117,-0.01875382475554943,0.41945192217826843,0.43109434843063354,0.023574013262987137,0.47143468260765076,0.4144784212112427,0.003262745914980769,0.5043050050735474,0.4414335787296295,-0.011858167126774788,0.522095799446106,0.48652681708335876,-0.019233057275414467
B,0.3204535245895386,0.584080159664154,4.383132647944876e-07,0.3818120062351227,0.6340563297271729,-0.013775834813714027,0.4439678490161896,0.6376210451126099,-0.010596582666039467,0.5008957386016846,0.614899754524231,-0.010650500655174255,0.5279589891433716,0.5653768181800842,-0.009665878489613533,0.4474457800388336,0.5338588953018188,0.0407349169254303,0.48877230286598206,0.5162733793258667,0.0344119593501091,0.5187482833862305,0.5237742066383362,0.020165598019957542,0.5383299589157104,0.5340864658355713,0.01021693553775549,0.442025363445282,0.4984959363937378,0.0398733988404274,0.49167340993881226,0.4644315242767334,0.02469712868332863,0.5221399664878845,0.4788053333759308,0.002020797226577997,0.5367921590805054,0.5076665878295898,-0.010654373094439507,0.4321856200695038,0.46407103538513184,0.033226411789655685,0.48588961362838745,0.4208754897117615,0.013064378872513771,0.5182090401649475,0.44883832335472107,-0.007531383540481329,0.5294773578643799,0.4934552311897278,-0.016376856714487076,0.41895991563796997,0.43175190687179565,0.024776620790362358,0.4714455008506775,0.4169071912765503,0.005067126359790564,0.5047599673271179,0.44432947039604187,-0.009534892626106739,0.5231322050094604,0.48870721459388733,-0.016484232619404793
B,0.32229378819465637,0.5841854810714722,4.217067726131063e-07,0.38431596755981445,0.6348130702972412,-0.012790138833224773,0.44871240854263306,0.6361180543899536,-0.008235680870711803,0.5049486756324768,0.6105258464813232,-0.006859216373413801,0.5293610692024231,0.560407280921936,-0.004317643586546183,0.44852012395858765,0.5336688756942749,0.04103661701083183,0.4901418089866638,0.515920102596283,0.03504133224487305,0.5199862122535706,0.5254223346710205,0.02132817730307579,0.5383285284042358,0.5381462574005127,0.011816851794719696,0.4428226053714752,0.49787747859954834,0.04016095772385597,0.49264129996299744,0.4627738296985626,0.02451818808913231,0.5235505104064941,0.47963762283325195,0.001964231487363577,0.5372285842895508,0.5102550983428955,-0.010337247513234615,0.4329284727573395,0.4635818600654602,0.033613454550504684,0.4871319830417633,0.41972243785858154,0.012769573368132114,0.5202426910400391,0.45030301809310913,-0.008531439118087292,0.5312198996543884,0.4964042901992798,-0.01770283281803131,0.42004427313804626,0.431259423494339,0.025477049872279167,0.4723820686340332,0.4174293577671051,0.005111167207360268,0.5060650706291199,0.44665029644966125,-0.010367476381361485,0.5252378582954407,0.491932213306427,-0.01796800270676613
B,0.3224049210548401,0.5863698124885559,4.411217844335624e-07,0.3856270909309387,0.6325966119766235,-0.010190744884312153,0.4483698308467865,0.6275243163108826,-0.005419083870947361,0.505156934261322,0.6052732467651367,-0.005111147649586201,0.5311079621315002,0.5563825964927673,-0.004064645152539015,0.44778305292129517,0.5321915149688721,0.04519303888082504,0.4899636507034302,0.513892412185669,0.03940051421523094,0.5193873047828674,0.5239582657814026,0.025077322497963905,0.5385578870773315,0.5355966687202454,0.014637977816164494,0.4422357976436615,0.496334433555603,0.042055606842041016,0.49313533306121826,0.45989906787872314,0.026181131601333618,0.5242509841918945,0.4771958291530609,0.0022093793377280235,0.5385663509368896,0.508125364780426,-0.011473791673779488,0.43195730447769165,0.4612807631492615,0.0331958644092083,0.48742103576660156,0.4174478054046631,0.01179561112076044,0.5207698345184326,0.4505119025707245,-0.011113033629953861,0.5316495299339294,0.49911320209503174,-0.021559327840805054,0.4191265404224396,0.4296686351299286,0.022911377251148224,0.4730956554412842,0.41737794876098633,0.0021034004166722298,0.507011890411377,0.44808846712112427,-0.014391432516276836,0.5257494449615479,0.49489569664001465,-0.023063279688358307
B,0.32018333673477173,0.5865074396133423,4.5927734504402906e-07,0.3836420178413391,0.6317138671875,-0.00917806290090084,0.4442962110042572,0.6304835081100464,-0.005286510102450848,0.5008306503295898,0.6096093058586121,-0.006459949538111687,0.5317903757095337,0.5613788366317749,-0.006897990591824055,0.44657400250434875,0.5311240553855896,0.04855455830693245,0.4890482723712921,0.5128323435783386,0.04277069866657257,0.5188357830047607,0.523675799369812,0.027826420962810516,0.5383058786392212,0.5368306636810303,0.017156455665826797,0.44177931547164917,0.49552565813064575,0.04459787905216217,0.4919944703578949,0.4583622217178345,0.03022981435060501,0.5236620903015137,0.4739823043346405,0.006245425436645746,0.5396515727043152,0.5049465894699097,-0.007737120147794485,0.4324144721031189,0.4611929953098297,0.03480345010757446,0.48609524965286255,0.41709309816360474,0.015604044310748577,0.5187937021255493,0.4492534101009369,-0.006021108943969011,0.5305503010749817,0.49807679653167725,-0.015968913212418556,0.4206528663635254,0.43122509121894836,0.023402508348226547,0.4731728732585907,0.41717255115509033,0.005013866350054741,0.5063384771347046,0.44633203744888306,-0.009543712250888348,0.5246900320053101,0.4924418032169342,-0.01692698709666729
B,0.3189649283885956,0.5862993597984314,4.705923117853672e-07,0.38334518671035767,0.6317268013954163,-0.009009994566440582,0.44421058893203735,0.6309375166893005,-0.004865594673901796,0.5012557506561279,0.6103840470314026,-0.005895121023058891,0.5316418409347534,0.5610824227333069,-0.006302851717919111,0.4461352825164795,0.5321421027183533,0.050040751695632935,0.4888899326324463,0.5156830549240112,0.04501982033252716,0.5185261368751526,0.5256925821304321,0.030399305745959282,0.5380759835243225,0.5368842482566833,0.019720526412129402,0.4413047730922699,0.49666884541511536,0.04586777091026306,0.4916110634803772,0.460827112197876,0.03207209333777428,0.5236207842826843,0.4749111533164978,0.008034799247980118,0.5403487682342529,0.5042511224746704,-0.006198880262672901,0.4316999912261963,0.4622337520122528,0.03575926274061203,0.48518332839012146,0.4186684191226959,0.016649091616272926,0.5180212259292603,0.4494194984436035,-0.005177976097911596,0.5306264162063599,0.4967818260192871,-0.015417931601405144,0.4192490875720978,0.43186160922050476,0.024065658450126648,0.4719270169734955,0.4184284508228302,0.00551673024892807,0.5056129097938538,0.4467099606990814,-0.009292036294937134,0.5248839259147644,0.49203959107398987,-0.016995970159769058
B,0.31900694966316223,0.5857830047607422,4.810082145922934e-07,0.38579630851745605,0.6307733058929443,-0.005272488575428724,0.4444996416568756,0.6275672316551208,0.0004190142499282956,0.500739336013794,0.6086660623550415,-0.00033491835347376764,0.5313635468482971,0.5609792470932007,-0.0007496550679206848,0.445402592420578,0.5301660895347595,0.05761154368519783,0.4882892668247223,0.5123080015182495,0.05446182191371918,0.5185459852218628,0.5220221877098083,0.040218185633420944,0.5376631021499634,0.5336006879806519,0.029549650847911835,0.44038522243499756,0.4959371089935303,0.051271919161081314,0.4914926588535309,0.4586268961429596,0.037908393889665604,0.5238635540008545,0.4751010835170746,0.012417061254382133,0.5385851860046387,0.5066747665405273,-0.0026520616374909878,0.43055883049964905,0.4615599513053894,0.03901910036802292,0.4857538044452667,0.41697511076927185,0.020323636010289192,0.5194970369338989,0.44990837574005127,-0.0033620023168623447,0.5303506255149841,0.49911582469940186,-0.014832014217972755,0.4177340567111969,0.4311196804046631,0.025479113683104515,0.47138524055480957,0.4163259267807007,0.007103005889803171,0.5055336356163025,0.4460598826408386,-0.008776181377470493,0.523942232131958,0.49260491132736206,-0.01737961359322071
B,0.31986984610557556,0.5863519906997681,4.569060649828316e-07,0.3850441575050354,0.6310068368911743,-0.006404270883649588,0.4438643753528595,0.6288328766822815,-0.0017961920239031315,0.4996631443500519,0.6098088026046753,-0.0030532528180629015,0.5307835340499878,0.5625241994857788,-0.003751895623281598,0.44638869166374207,0.5283051133155823,0.051855962723493576,0.4894079864025116,0.5089044570922852,0.04719112440943718,0.5185826420783997,0.5202411413192749,0.0326465368270874,0.5365625619888306,0.5335206389427185,0.02197881042957306,0.4410981833934784,0.49340441823005676,0.04611964896321297,0.49203598499298096,0.4538363218307495,0.031763117760419846,0.5235944986343384,0.47146517038345337,0.007320857606828213,0.5377056002616882,0.5042077898979187,-0.006827882491052151,0.4309869408607483,0.4599590301513672,0.03474288806319237,0.4854622483253479,0.41190841794013977,0.015616757795214653,0.5175710916519165,0.44621598720550537,-0.005987063981592655,0.5278769731521606,0.49640101194381714,-0.015905391424894333,0.41800108551979065,0.43206527829170227,0.02200314961373806,0.4718491733074188,0.41709667444229126,0.0035073645412921906,0.5051959753036499,0.44745317101478577,-0.011030099354684353,0.52298903465271,0.4941263198852539,-0.018444862216711044
B,0.320514440536499,0.585665225982666,4.354735949618771e-07,0.3854897916316986,0.6315200328826904,-0.007035352289676666,0.4442891776561737,0.6294108629226685,-0.002461023861542344,0.500720202922821,0.6101398468017578,-0.003581439610570669,0.5312485098838806,0.562784731388092,-0.004085310269147158,0.44692516326904297,0.527532160282135,0.050950273871421814,0.4895816147327423,0.5075230002403259,0.04654376208782196,0.5186278820037842,0.5172327160835266,0.03234696388244629,0.5367036461830139,0.529480516910553,0.021836046129465103,0.4415387809276581,0.4926356375217438,0.04563299939036369,0.4927321672439575,0.45192083716392517,0.0311990175396204,0.5237975716590881,0.46930956840515137,0.006826378405094147,0.5376223921775818,0.5014697313308716,-0.00724771386012435,0.4312385320663452,0.45943593978881836,0.03468555584549904,0.48628687858581543,0.410783052444458,0.014805038459599018,0.5181748270988464,0.4455929398536682,-0.007632249966263771,0.5276066064834595,0.49639660120010376,-0.01789998821914196,0.41835451126098633,0.4315456748008728,0.02244318649172783,0.4730003774166107,0.4162657558917999,0.0031193671748042107,0.5060727000236511,0.4467886686325073,-0.012207107618451118,0.5231354236602783,0.4934835433959961,-0.020114755257964134
B,0.3192409574985504,0.5864293575286865,4.5584715735458303e-07,0.3863779604434967,0.6329346895217896,-0.004525261465460062,0.444711834192276,0.6295813918113708,0.0015381569974124432,0.5021178126335144,0.6111413836479187,0.0010223984718322754,0.5322984457015991,0.5622274279594421,0.0010847201338037848,0.4446048438549042,0.5279801487922668,0.05772848799824715,0.4882209599018097,0.5083219408988953,0.05528820678591728,0.5186967253684998,0.5165133476257324,0.041793983429670334,0.5384948253631592,0.5265730619430542,0.03139816224575043,0.43974173069000244,0.49325433373451233,0.051062390208244324,0.49170246720314026,0.452955424785614,0.03814687207341194,0.5242810845375061,0.46953049302101135,0.013183719478547573,0.5397174954414368,0.5007984638214111,-0.0016831763787195086,0.42991170287132263,0.4595496952533722,0.038595445454120636,0.4863622486591339,0.41302308440208435,0.019502632319927216,0.5186266899108887,0.44909074902534485,-0.004165923688560724,0.5278767943382263,0.5007489919662476,-0.015479780733585358,0.41794395446777344,0.430505633354187,0.02497250959277153,0.4734343886375427,0.41587284207344055,0.006199122406542301,0.506829559803009,0.446891725063324,-0.009888337925076485,0.524136483669281,0.4939576983451843,-0.018668631091713905
B,0.319183886051178,0.5851033329963684,4.605965955306601e-07,0.3856084644794464,0.6325022578239441,-0.005615257658064365,0.44415175914764404,0.6283853054046631,-0.00023015515762381256,0.5012590289115906,0.6092318892478943,-0.0012755133211612701,0.5307997465133667,0.5599992275238037,-0.001791374757885933,0.44546958804130554,0.5256561636924744,0.05622117966413498,0.488442987203598,0.5048052668571472,0.05338418111205101,0.5183274149894714,0.5134626030921936,0.03943469375371933,0.5363155007362366,0.5256724953651428,0.028799131512641907,0.439492404460907,0.4903365969657898,0.04986288771033287,0.49094629287719727,0.44781845808029175,0.03643133491277695,0.5229462385177612,0.4654839336872101,0.010810351930558681,0.5363187789916992,0.4993517994880676,-0.004378455691039562,0.42861634492874146,0.45690757036209106,0.03775196522474289,0.4843432307243347,0.4088402986526489,0.01848200336098671,0.5175653100013733,0.4444671869277954,-0.006043938919901848,0.5266755223274231,0.4967624545097351,-0.017985403537750244,0.41540980339050293,0.4294116497039795,0.024441616609692574,0.4709189236164093,0.4154489040374756,0.005486233159899712,0.5050829648971558,0.44597020745277405,-0.011185439303517342,0.5221797227859497,0.4930095076560974,-0.02043946273624897
B,0.32017582654953003,0.5872800350189209,3.967736574850278e-07,0.38461393117904663,0.6338099837303162,-0.008472592569887638,0.44473975896835327,0.633151650428772,-0.00395336514338851,0.5008184909820557,0.6120078563690186,-0.004763150122016668,0.5292665362358093,0.5630698800086975,-0.004776427522301674,0.4462226927280426,0.5294241905212402,0.04812498018145561,0.49068212509155273,0.5089170336723328,0.04191060736775398,0.5201196074485779,0.5202608108520508,0.02705623395740986,0.538475751876831,0.5333972573280334,0.016697905957698822,0.4418993890285492,0.4956897497177124,0.04354618862271309,0.4942207932472229,0.4568379819393158,0.027595922350883484,0.5256026983261108,0.4760633409023285,0.002850586548447609,0.53924560546875,0.5086868405342102,-0.011045481078326702,0.43280476331710815,0.462760329246521,0.03321939334273338,0.48824575543403625,0.42045021057128906,0.012636561878025532,0.5202159285545349,0.4568305015563965,-0.009964597411453724,0.5288659334182739,0.5073912143707275,-0.01994272507727146,0.4210231900215149,0.4328387975692749,0.02139478549361229,0.47517091035842896,0.415210485458374,0.002092548878863454,0.5087407827377319,0.44530048966407776,-0.013154149055480957,0.5261090397834778,0.4922023415565491,-0.02078847400844097
B,0.3216070234775543,0.5869019627571106,4.4475163463175704e-07,0.38511139154434204,0.6351326107978821,-0.00972738303244114,0.4457920789718628,0.633508563041687,-0.0052271694876253605,0.5033511519432068,0.6112918257713318,-0.005692579317837954,0.5318018198013306,0.5616115927696228,-0.005301460158079863,0.44732415676116943,0.5325218439102173,0.048366885632276535,0.4909331202507019,0.5143148303031921,0.043115027248859406,0.5203393697738647,0.5249998569488525,0.028421439230442047,0.5386949777603149,0.5375313758850098,0.017554836347699165,0.4417370855808258,0.4966864287853241,0.04456701874732971,0.49381715059280396,0.4570326507091522,0.028643861413002014,0.525452196598053,0.47435900568962097,0.0032557162921875715,0.5397871136665344,0.5061355233192444,-0.011430615559220314,0.4316045641899109,0.46284985542297363,0.03497907891869545,0.4871101379394531,0.41559967398643494,0.013550931587815285,0.5200088024139404,0.45041221380233765,-0.010281028226017952,0.5301731824874878,0.5011349320411682,-0.021298326551914215,0.4189739227294922,0.43376100063323975,0.023962095379829407,0.4733017683029175,0.42115214467048645,0.003390534780919552,0.5071456432342529,0.45183050632476807,-0.013435104861855507,0.5255165100097656,0.4984849691390991,-0.02243415266275406
B,0.3223598897457123,0.5876211524009705,4.310111592076282e-07,0.38663142919540405,0.6344380974769592,-0.008662033826112747,0.4466995894908905,0.632339358329773,-0.004394680727273226,0.5033134818077087,0.6118204593658447,-0.005191971082240343,0.531287670135498,0.5633758306503296,-0.0052185324020683765,0.447725772857666,0.5299035906791687,0.04701359197497368,0.4906449615955353,0.5108162760734558,0.04117560014128685,0.5197687149047852,0.5213587880134583,0.026287147775292397,0.5377354025840759,0.5339593291282654,0.015483899042010307,0.44198480248451233,0.4948148727416992,0.04257301241159439,0.49345606565475464,0.45462483167648315,0.026249879971146584,0.5248225927352905,0.473249226808548,0.0012576024746522307,0.5380300283432007,0.506220281124115,-0.012969842180609703,0.43150901794433594,0.4612845480442047,0.032548047602176666,0.4872141182422638,0.41337084770202637,0.011058597825467587,0.5198062658309937,0.4486691951751709,-0.012352625839412212,0.529142439365387,0.4997290074825287,-0.02300383523106575,0.4186519980430603,0.43273699283599854,0.02121429704129696,0.47379791736602783,0.4196833074092865,0.0006286753341555595,0.5074463486671448,0.4509775638580322,-0.015827970579266548,0.5247437357902527,0.4979334771633148,-0.02443542331457138
B,0.3216519355773926,0.5901495218276978,4.001325919489318e-07,0.3856196105480194,0.6366691589355469,-0.009545236825942993,0.4462384879589081,0.6353693008422852,-0.005821192637085915,0.5025087594985962,0.6133269667625427,-0.0070272027514874935,0.5289688110351562,0.5626457929611206,-0.0072622839361429214,0.4468693435192108,0.5330653786659241,0.044676583260297775,0.4907253682613373,0.5136867761611938,0.03765628859400749,0.5198546648025513,0.5250553488731384,0.022716155275702477,0.5379650592803955,0.5377243161201477,0.012161441147327423,0.44194266200065613,0.4976537227630615,0.04047247767448425,0.49347299337387085,0.45928239822387695,0.0236137043684721,0.5244995355606079,0.4792002737522125,-0.0005974966334179044,0.5386683940887451,0.5116949677467346,-0.014059341512620449,0.43250182271003723,0.46389561891555786,0.030635351315140724,0.4875930845737457,0.417941153049469,0.00907726027071476,0.5200194120407104,0.4543442726135254,-0.013015969656407833,0.5303238034248352,0.5050581097602844,-0.02265343815088272,0.42055144906044006,0.4342946410179138,0.019259581342339516,0.4744127690792084,0.4188616871833801,-0.0011133525986224413,0.5080922245979309,0.45003920793533325,-0.016616487875580788,0.5262234210968018,0.49692273139953613,-0.02441907487809658
B,0.32592707872390747,0.601057767868042,3.279854468019039e-07,0.3865719735622406,0.641319751739502,-0.012730678543448448,0.4511893391609192,0.6431856155395508,-0.012119267135858536,0.5020801424980164,0.6183359026908875,-0.014660127460956573,0.526669442653656,0.5714254379272461,-0.015804089605808258,0.4586983919143677,0.5425171852111816,0.027304640039801598,0.501621663570404,0.5192539095878601,0.015632448717951775,0.527367889881134,0.534365177154541,0.0004109144501853734,0.5422083735466003,0.5538060069084167,-0.008847069926559925,0.45191076397895813,0.5077219009399414,0.025448650121688843,0.5008195042610168,0.47224074602127075,0.00738917849957943,0.5277397036552429,0.4930434226989746,-0.012193995527923107,0.5405561923980713,0.5256864428520203,-0.021933918818831444,0.44082316756248474,0.47488510608673096,0.018604308366775513,0.4927256405353546,0.4332770109176636,-0.0017021220410242677,0.5206258296966553,0.46583279967308044,-0.017456041648983955,0.5304075479507446,0.5123104453086853,-0.02280888892710209,0.42671576142311096,0.4458347260951996,0.009862774051725864,0.47794657945632935,0.4292353689670563,-0.007591273169964552,0.5091572999954224,0.45619097352027893,-0.018182875588536263,0.5264450311660767,0.49892327189445496,-0.02216953970491886
B,0.31476545333862305,0.695143461227417,3.1651734389015473e-07,0.357668399810791,0.7203903198242188,-0.025804972276091576,0.4342302978038788,0.7107571363449097,-0.031972888857126236,0.4839445948600769,0.6802851557731628,-0.03663758933544159,0.5047101378440857,0.6312651038169861,-0.040429700165987015,0.45594868063926697,0.5991713404655457,-0.002668518340215087,0.5009015202522278,0.5711148381233215,-0.021868586540222168,0.5286994576454163,0.5806212425231934,-0.03947608172893524,0.5463353395462036,0.6017796397209167,-0.04917695000767708,0.43448054790496826,0.5645136833190918,0.0008489641477353871,0.4808041751384735,0.5329142212867737,-0.011450886726379395,0.5024943351745605,0.5377048850059509,-0.023027829825878143,0.5192237496376038,0.5542716979980469,-0.030320478603243828,0.4074892997741699,0.5327902436256409,-0.0008472598856315017,0.45154765248298645,0.5055184960365295,-0.014040068723261356,0.47359585762023926,0.5076686143875122,-0.016136910766363144,0.4890516698360443,0.5210086107254028,-0.015972163528203964,0.3747750520706177,0.5062328577041626,-0.005948880221694708,0.4161728322505951,0.4743722677230835,-0.01639006845653057,0.4422156512737274,0.473568320274353,-0.014601818285882473,0.46044546365737915,0.48525524139404297,-0.011411983519792557
