C,0.42175644636154175,0.7901310324668884,4.22554904844219e-07,0.5174487829208374,0.7859558463096619,0.016004882752895355,0.5867555737495422,0.7441419363021851,0.026756472885608673,0.6460981965065002,0.7410757541656494,0.024887481704354286,0.6961082220077515,0.7394851446151733,0.024165626615285873,0.5547076463699341,0.5595241785049438,0.08136997371912003,0.5913034677505493,0.48812413215637207,0.0809362530708313,0.6341569423675537,0.4600997269153595,0.06797167658805847,0.671221911907196,0.4503743350505829,0.05799664556980133,0.5370289087295532,0.5356820225715637,0.05785367265343666,0.581599771976471,0.4515170156955719,0.05880044028162956,0.6310659050941467,0.42582908272743225,0.044559773057699203,0.6733708381652832,0.4231973886489868,0.03437504172325134,0.5171536207199097,0.5215840339660645,0.027523143216967583,0.5602022409439087,0.4317837357521057,0.02407672256231308,0.6124436259269714,0.40354040265083313,0.012913638725876808,0.6554492115974426,0.4012007713317871,0.005874677561223507,0.49796271324157715,0.5178171992301941,-0.004740581382066011,0.5338588953018188,0.4363638162612915,-0.00819666963070631,0.57366544008255,0.40281492471694946,-0.009935589507222176,0.6122606992721558,0.39436304569244385,-0.01089405920356512
C,0.48905181884765625,0.7292503118515015,8.013760748326604e-07,0.5983380079269409,0.7266301512718201,0.03147654980421066,0.6698906421661377,0.7058855295181274,0.050663091242313385,0.7317491173744202,0.70558762550354,0.052958451211452484,0.7878345251083374,0.7023645043373108,0.05516935884952545,0.6215807199478149,0.5309773087501526,0.12954536080360413,0.6588623523712158,0.4742205739021301,0.14868035912513733,0.698828935623169,0.4468601942062378,0.1450129896402359,0.7321697473526001,0.42907002568244934,0.14075280725955963,0.6087607145309448,0.49549025297164917,0.10295795649290085,0.6592066287994385,0.4250370264053345,0.12553788721561432,0.7072331309318542,0.40122824907302856,0.1170072928071022,0.7480741143226624,0.3957788944244385,0.1096227765083313,0.593715488910675,0.46898412704467773,0.06919253617525101,0.6446614861488342,0.39094001054763794,0.08442451059818268,0.6978939175605774,0.3695998787879944,0.0784524455666542,0.7390373945236206,0.37282493710517883,0.07359843701124191,0.5785446166992188,0.44760024547576904,0.03385753557085991,0.6161947846412659,0.3679690957069397,0.04724067822098732,0.6601267457008362,0.34762081503868103,0.05457497015595436,0.7007701992988586,0.3545609712600708,0.05955163761973381
C,0.5142835378646851,0.7076556086540222,7.141287596823531e-07,0.6137691140174866,0.7183381915092468,0.021455224603414536,0.6826083064079285,0.7012076377868652,0.036522552371025085,0.7439501285552979,0.7021603584289551,0.03763078898191452,0.7996390461921692,0.7055404782295227,0.03906562179327011,0.6353873014450073,0.5193557143211365,0.11612746864557266,0.6757460236549377,0.46409741044044495,0.13147351145744324,0.7185524702072144,0.4448065459728241,0.12530885636806488,0.7523705959320068,0.4393387734889984,0.11975232511758804,0.6230743527412415,0.48788249492645264,0.0949917733669281,0.675447940826416,0.4156542122364044,0.11443936824798584,0.7240341901779175,0.3967311978340149,0.10395089536905289,0.7649962306022644,0.4010600447654724,0.09467315673828125,0.6093400120735168,0.46051400899887085,0.06639234721660614,0.6609165072441101,0.3846685290336609,0.07937601953744888,0.7133283615112305,0.3694598972797394,0.07205919176340103,0.7542022466659546,0.3781077265739441,0.06601724028587341,0.5962192416191101,0.4391435384750366,0.035619575530290604,0.6342599391937256,0.36211419105529785,0.04557228460907936,0.6802634000778198,0.344702810049057,0.04961179941892624,0.7238801121711731,0.3533792495727539,0.05224268510937691
C,0.5284760594367981,0.7121360301971436,7.155352363952261e-07,0.6195554733276367,0.7196072340011597,0.019999364390969276,0.6874882578849792,0.6988742351531982,0.03168536350131035,0.7479560375213623,0.7024657130241394,0.030034033581614494,0.8035002946853638,0.7083660364151001,0.02896980009973049,0.6403281092643738,0.5166876316070557,0.10387448221445084,0.6802970767021179,0.4619273841381073,0.1158992350101471,0.7253270149230957,0.4442603290081024,0.10955696552991867,0.7610054016113281,0.4405512809753418,0.10482541471719742,0.6273757219314575,0.48499107360839844,0.0828627496957779,0.6796504855155945,0.4122808873653412,0.10179342329502106,0.7297273874282837,0.39245882630348206,0.0952150970697403,0.7715725898742676,0.39625710248947144,0.08929313719272614,0.6127542853355408,0.45947858691215515,0.054770708084106445,0.6653180718421936,0.3824881911277771,0.06857287138700485,0.7198429703712463,0.3653513491153717,0.06498527526855469,0.7623328566551208,0.3726752996444702,0.06152088940143585,0.5988694429397583,0.44172203540802,0.024389302358031273,0.6374666094779968,0.36464840173721313,0.03540456295013428,0.6828237771987915,0.34685105085372925,0.041534651070833206,0.7250528931617737,0.35564684867858887,0.04591495916247368
C,0.5248327851295471,0.699455738067627,7.047778467494936e-07,0.6138491034507751,0.715739369392395,0.015868159011006355,0.6834166049957275,0.6980291604995728,0.02574714459478855,0.7468186020851135,0.7002404928207397,0.022984998300671577,0.8034143447875977,0.7084192037582397,0.02103588357567787,0.6396552324295044,0.5104970335960388,0.09661668539047241,0.6817365288734436,0.45398858189582825,0.10611569881439209,0.7268164157867432,0.43422067165374756,0.09939274191856384,0.761713981628418,0.4291350245475769,0.09512128680944443,0.6276249885559082,0.4792291522026062,0.07790025323629379,0.6817771196365356,0.40773701667785645,0.0936797559261322,0.7319309115409851,0.38976427912712097,0.0869591161608696,0.7723034620285034,0.396472692489624,0.08250319957733154,0.6137229800224304,0.4541574716567993,0.05229737237095833,0.6673403978347778,0.3773699402809143,0.06432188302278519,0.720246434211731,0.35942894220352173,0.06208231672644615,0.7604507207870483,0.3675888180732727,0.061230454593896866,0.6001140475273132,0.4365196228027344,0.024115199223160744,0.6393481492996216,0.36197158694267273,0.03422516956925392,0.6833963990211487,0.34485867619514465,0.0408126562833786,0.7232508659362793,0.35508739948272705,0.04702074080705643
C,0.5259324908256531,0.6978439688682556,7.057730613269086e-07,0.6140430569648743,0.7151334285736084,0.016686633229255676,0.6824988722801208,0.6989982724189758,0.02749849297106266,0.7456540465354919,0.7008245587348938,0.025646070018410683,0.802399218082428,0.7076696753501892,0.024660782888531685,0.6376156210899353,0.5122988820075989,0.09964185208082199,0.6803762316703796,0.45573508739471436,0.11042460799217224,0.7255160808563232,0.437622606754303,0.10460818558931351,0.7606992721557617,0.4333675503730774,0.10097601264715195,0.6260347962379456,0.4802534282207489,0.08081775158643723,0.680277407169342,0.40945881605148315,0.09855959564447403,0.7305586338043213,0.3910503387451172,0.09271782636642456,0.7715361714363098,0.3968052268028259,0.08856306970119476,0.6124908924102783,0.4546225666999817,0.05493076518177986,0.6668558120727539,0.3791317045688629,0.06870733946561813,0.7198609709739685,0.36131417751312256,0.06730690598487854,0.7607851624488831,0.3676793575286865,0.06651630997657776,0.5994361639022827,0.436309278011322,0.026438280940055847,0.6398764848709106,0.3625059127807617,0.03814779967069626,0.6842927932739258,0.34482431411743164,0.04548364877700806,0.7247057557106018,0.3523353934288025,0.05179727077484131
C,0.5203220248222351,0.6826350092887878,7.361724669863179e-07,0.6098654270172119,0.7036952972412109,0.01768588088452816,0.6789277195930481,0.6902274489402771,0.030092306435108185,0.7417418956756592,0.6934738755226135,0.029862822964787483,0.7990719079971313,0.7029054760932922,0.030263567343354225,0.6352364420890808,0.508884072303772,0.10298386216163635,0.6784574389457703,0.4539257884025574,0.11554012447595596,0.723536491394043,0.4368228614330292,0.11076833307743073,0.758488118648529,0.43314141035079956,0.10796624422073364,0.6237905621528625,0.47435036301612854,0.08479554206132889,0.6804747581481934,0.40515005588531494,0.10470978915691376,0.7301428914070129,0.3871234357357025,0.09944727271795273,0.7704852819442749,0.3934212625026703,0.0957004576921463,0.6104516983032227,0.44658219814300537,0.0596015639603138,0.6666182279586792,0.3734729290008545,0.07498243451118469,0.7193177938461304,0.35666391253471375,0.07421395182609558,0.7599020004272461,0.36382365226745605,0.0739763155579567,0.5972922444343567,0.4258582592010498,0.03192240372300148,0.6398806571960449,0.35257652401924133,0.04463762789964676,0.6850982904434204,0.3363165259361267,0.05276084318757057,0.7267434597015381,0.3449541926383972,0.059917185455560684
C,0.5206668972969055,0.680829644203186,7.396438377327286e-07,0.6109886169433594,0.6992118954658508,0.012246481142938137,0.6793491840362549,0.6855307817459106,0.020841553807258606,0.7413805723190308,0.6942018270492554,0.01819714903831482,0.7969260215759277,0.7020683884620667,0.016320746392011642,0.6363980770111084,0.5004998445510864,0.08925604820251465,0.6801232099533081,0.44317370653152466,0.09701450169086456,0.7250767350196838,0.42840102314949036,0.08934374153614044,0.7613813877105713,0.4264976382255554,0.08462931215763092,0.6251517534255981,0.4672130048274994,0.07254023104906082,0.681975245475769,0.3973374664783478,0.08781946450471878,0.7322025299072266,0.38004595041275024,0.08046942204236984,0.7723914384841919,0.3882752060890198,0.07515430450439453,0.6106330156326294,0.44201943278312683,0.04892047867178917,0.6667093634605408,0.36869341135025024,0.060482148081064224,0.7191786766052246,0.3542172312736511,0.05805143713951111,0.7595743536949158,0.36349645256996155,0.0568048357963562,0.5954841375350952,0.42562010884284973,0.022610154002904892,0.6387100219726562,0.3496394157409668,0.03163185715675354,0.683721661567688,0.33249008655548096,0.03783278539776802,0.724764883518219,0.3410520553588867,0.04375506192445755
C,0.5153976678848267,0.6680851578712463,7.274967970261059e-07,0.6069833040237427,0.6899136304855347,0.01358162984251976,0.6760357618331909,0.6826868057250977,0.022307807579636574,0.7400139570236206,0.6905196309089661,0.01907767355442047,0.7967816591262817,0.6977198123931885,0.01630166731774807,0.6355032324790955,0.5014564394950867,0.09449343383312225,0.6797692775726318,0.4470721483230591,0.10365559905767441,0.7239715456962585,0.4323645532131195,0.09579889476299286,0.7589148283004761,0.428500771522522,0.09025280922651291,0.624923825263977,0.46773043274879456,0.07669160515069962,0.6821791529655457,0.4005783796310425,0.09103170782327652,0.7324053645133972,0.38553911447525024,0.08106613904237747,0.7717860341072083,0.39642250537872314,0.07381957024335861,0.6111153364181519,0.4397038519382477,0.05206095427274704,0.6674529910087585,0.36853888630867004,0.06320635974407196,0.7198819518089294,0.35510092973709106,0.05919516086578369,0.7597478032112122,0.36445438861846924,0.056642673909664154,0.5963422060012817,0.41936367750167847,0.024846835061907768,0.6410239934921265,0.34693872928619385,0.033876683562994,0.684817910194397,0.3325207829475403,0.039707597345113754,0.7240078449249268,0.34183746576309204,0.04497401788830757
C,0.519523024559021,0.6687265634536743,7.515805009461474e-07,0.6110237836837769,0.6908912658691406,0.017747720703482628,0.6774571537971497,0.6801539063453674,0.03048037365078926,0.7403810620307922,0.6881996393203735,0.030498307198286057,0.7956516146659851,0.6975196599960327,0.030919551849365234,0.6357274055480957,0.5004919767379761,0.10495532304048538,0.6787213683128357,0.44577130675315857,0.11840847134590149,0.7234787940979004,0.4315315783023834,0.11335518211126328,0.7586139440536499,0.42944544553756714,0.10977806895971298,0.6257247924804688,0.4666423797607422,0.0862051472067833,0.6820472478866577,0.4033415615558624,0.10707999020814896,0.7320346832275391,0.38710999488830566,0.10064785182476044,0.7729154825210571,0.3943547010421753,0.09492356330156326,0.6127704381942749,0.4379882216453552,0.06018707528710365,0.6698213815689087,0.37363994121551514,0.07623065263032913,0.7224500775337219,0.359930157661438,0.07461071759462357,0.7629443407058716,0.3664599657058716,0.07258986681699753,0.5986340045928955,0.4166564345359802,0.0316123440861702,0.6436381340026855,0.3458847999572754,0.043866679072380066,0.6880612373352051,0.33126309514045715,0.05153642222285271,0.7283687591552734,0.339297354221344,0.0574980191886425
C,0.5174657106399536,0.6630393266677856,8.181669954865356e-07,0.6099454164505005,0.6887444257736206,0.01937698759138584,0.6759947538375854,0.6812030076980591,0.031273726373910904,0.740062415599823,0.6867370009422302,0.029460348188877106,0.7981957793235779,0.6909506320953369,0.02756853774189949,0.6334970593452454,0.4966784715652466,0.11279519647359848,0.677517294883728,0.44314995408058167,0.12944097816944122,0.7228620052337646,0.42964285612106323,0.12479162216186523,0.7583685517311096,0.42683669924736023,0.12083498388528824,0.6245177388191223,0.46307510137557983,0.09312297403812408,0.6814354062080383,0.3999904990196228,0.11704916507005692,0.7325963377952576,0.3839263319969177,0.10897716879844666,0.7740480899810791,0.39352795481681824,0.10142149031162262,0.612175464630127,0.4337635934352875,0.06629873812198639,0.6697598099708557,0.36978429555892944,0.08695211261510849,0.7227283716201782,0.35710418224334717,0.08543933182954788,0.7634851932525635,0.3652063012123108,0.08235214650630951,0.598375141620636,0.4131017327308655,0.03678872063755989,0.6430573463439941,0.3417302072048187,0.053620532155036926,0.6874179244041443,0.32740044593811035,0.06266951560974121,0.7269428968429565,0.33628204464912415,0.06876393407583237
C,0.5171840190887451,0.6623645424842834,8.140558520608465e-07,0.6116712689399719,0.689204216003418,0.024243498221039772,0.6766360402107239,0.6806801557540894,0.03945033252239227,0.7398138642311096,0.6856666207313538,0.03978526592254639,0.7976463437080383,0.6890265941619873,0.039911899715662,0.6335098147392273,0.49524930119514465,0.12367185205221176,0.6773041486740112,0.44121357798576355,0.14430388808250427,0.7226004004478455,0.4288414716720581,0.1412031054496765,0.7576290965080261,0.4274105131626129,0.1377107799053192,0.6244077682495117,0.46124276518821716,0.10195446759462357,0.680935800075531,0.39869940280914307,0.12899965047836304,0.7323322296142578,0.3842533826828003,0.12062205374240875,0.7733657956123352,0.39574283361434937,0.1124325692653656,0.6127232313156128,0.4312014877796173,0.07308651506900787,0.6701364517211914,0.3682672381401062,0.09615025669336319,0.7237682342529297,0.35709983110427856,0.09376286715269089,0.7643154263496399,0.36624523997306824,0.08948774635791779,0.6000152826309204,0.4104267358779907,0.04178974777460098,0.6455738544464111,0.3400018811225891,0.06005406752228737,0.6907809972763062,0.32732677459716797,0.06870804727077484,0.7306126356124878,0.33754390478134155,0.07405741512775421
C,0.518316924571991,0.6601820588111877,7.959466756801703e-07,0.6108181476593018,0.6895448565483093,0.018206872045993805,0.6760372519493103,0.6832051277160645,0.029946219176054,0.7403087615966797,0.6890268921852112,0.028230851516127586,0.7983970642089844,0.6926745176315308,0.026696672663092613,0.6352335214614868,0.4987510144710541,0.11204420775175095,0.6793102025985718,0.44594091176986694,0.128266841173172,0.7246271371841431,0.4336370825767517,0.12330587953329086,0.7595051527023315,0.43257951736450195,0.11914903670549393,0.626039981842041,0.4642352759838104,0.09318049997091293,0.6819847822189331,0.4024120271205902,0.11645953357219696,0.7330451011657715,0.38792484998703003,0.1082334816455841,0.774262011051178,0.39844954013824463,0.10079585760831833,0.6140543818473816,0.4340239465236664,0.06703270226716995,0.6704627275466919,0.3705456256866455,0.08688324689865112,0.7234979271888733,0.357461154460907,0.08521562069654465,0.7644229531288147,0.36432886123657227,0.08224942535161972,0.6015534400939941,0.4125562906265259,0.03812522813677788,0.6475564241409302,0.3441779911518097,0.05428671836853027,0.6925944089889526,0.33032506704330444,0.06308808922767639,0.7327693700790405,0.33839932084083557,0.06915512681007385
C,0.5181155204772949,0.6633059978485107,8.176315304808668e-07,0.6117591261863708,0.691163182258606,0.02144760452210903,0.6766625642776489,0.683104395866394,0.03567737340927124,0.7397229671478271,0.6888905763626099,0.03600197285413742,0.7975396513938904,0.6934298276901245,0.03628489375114441,0.6349959969520569,0.49867933988571167,0.11848869174718857,0.6796300411224365,0.4446336627006531,0.1379471868276596,0.7247369289398193,0.4330558776855469,0.13463163375854492,0.7600703835487366,0.43253111839294434,0.1312004029750824,0.6259245872497559,0.4641147255897522,0.0988725796341896,0.6830215454101562,0.40185052156448364,0.12557539343833923,0.7341879606246948,0.3874499201774597,0.11766018718481064,0.7755420207977295,0.39815086126327515,0.10971462726593018,0.6140826940536499,0.43416306376457214,0.07212760299444199,0.6713704466819763,0.37142413854599,0.09500139206647873,0.7246039509773254,0.3595612645149231,0.09276343882083893,0.7656019330024719,0.36742427945137024,0.08856260776519775,0.6013049483299255,0.413120299577713,0.0428786426782608,0.6476882696151733,0.3436726927757263,0.060989849269390106,0.6930171251296997,0.3309417963027954,0.0695534199476242,0.733353316783905,0.3401549160480499,0.07488375902175903
C,0.5153703093528748,0.6594502925872803,8.281491545858444e-07,0.6108761429786682,0.6887625455856323,0.025762831792235374,0.6758114099502563,0.6816582083702087,0.041720788925886154,0.7391538023948669,0.6883541941642761,0.04239603504538536,0.797872006893158,0.6922587156295776,0.04275002330541611,0.634135365486145,0.498381644487381,0.12692776322364807,0.6794728636741638,0.4458828270435333,0.14906810224056244,0.724721372127533,0.4349344074726105,0.14658388495445251,0.7598015666007996,0.43444958329200745,0.1432538628578186,0.6252556443214417,0.4631049931049347,0.10481227189302444,0.6826629042625427,0.4021373391151428,0.13372468948364258,0.734331488609314,0.38854140043258667,0.12564589083194733,0.7757017016410828,0.4004574716091156,0.11730247735977173,0.6141759157180786,0.4319867789745331,0.075607068836689,0.6714687943458557,0.3710384964942932,0.10086046159267426,0.7251068353652954,0.36017221212387085,0.09919940680265427,0.7660008668899536,0.36816149950027466,0.09480375796556473,0.6024681329727173,0.41029393672943115,0.043974775820970535,0.6487111449241638,0.3424307107925415,0.0640774816274643,0.6942977905273438,0.33054810762405396,0.07357311993837357,0.7343018651008606,0.3401274085044861,0.07915166020393372
C,0.5162768959999084,0.6574697494506836,8.27083852072974e-07,0.6062460541725159,0.6868256330490112,0.016682345420122147,0.673305869102478,0.6820927262306213,0.027206582948565483,0.737633466720581,0.6894464492797852,0.02470523677766323,0.7965997457504272,0.694040060043335,0.022428734228014946,0.635834276676178,0.4968949854373932,0.1107093021273613,0.6816312670707703,0.44212719798088074,0.12819942831993103,0.7267380952835083,0.43063482642173767,0.12481707334518433,0.7612682580947876,0.43197208642959595,0.12191314995288849,0.6269279718399048,0.46222028136253357,0.09349418431520462,0.6838909983634949,0.40163055062294006,0.11842598021030426,0.7334416508674622,0.3901331424713135,0.11077636480331421,0.7727651000022888,0.4038143754005432,0.10388614237308502,0.6154593825340271,0.4323312044143677,0.06921274960041046,0.6729533076286316,0.37158864736557007,0.09183525294065475,0.7247148752212524,0.3615463972091675,0.09089593589305878,0.7639952898025513,0.3718952238559723,0.08805946260690689,0.6027880311012268,0.41053372621536255,0.04206514731049538,0.6483458280563354,0.34513750672340393,0.061044421046972275,0.6922366619110107,0.33319181203842163,0.07053831964731216,0.7306564450263977,0.34300583600997925,0.07693983614444733
C,0.5184736847877502,0.650937557220459,8.133545748023607e-07,0.6052178144454956,0.6831359267234802,0.012232385575771332,0.6718619465827942,0.6816731691360474,0.01960276998579502,0.7352297306060791,0.6895891427993774,0.01515064388513565,0.7947893738746643,0.6946060657501221,0.010928160510957241,0.6388402581214905,0.49879181385040283,0.10138114541769028,0.6827831268310547,0.4454994797706604,0.11515147984027863,0.7269826531410217,0.43335044384002686,0.10988501459360123,0.761143684387207,0.4339919686317444,0.10605095326900482,0.6302333474159241,0.4650711417198181,0.0858185663819313,0.684917688369751,0.40583646297454834,0.10736420750617981,0.7332910895347595,0.39369016885757446,0.09885416179895401,0.7720729112625122,0.4065113067626953,0.09169309586286545,0.6186304688453674,0.435719758272171,0.06317601352930069,0.6729275584220886,0.3748621940612793,0.08259335160255432,0.7231870889663696,0.3642440140247345,0.08161137253046036,0.7625436782836914,0.37383031845092773,0.0794215053319931,0.605434000492096,0.41430428624153137,0.03746993839740753,0.6480623483657837,0.348169207572937,0.053938210010528564,0.6907693147659302,0.33460450172424316,0.0629199743270874,0.7293044328689575,0.3430173099040985,0.0694502741098404
C,0.5234625339508057,0.6512155532836914,8.086415164143546e-07,0.6090537905693054,0.6823207139968872,0.011517010629177094,0.674250602722168,0.6801638007164001,0.017680322751402855,0.7359036803245544,0.6882355213165283,0.012469346635043621,0.7936716079711914,0.694561243057251,0.007634452078491449,0.6400444507598877,0.4959246516227722,0.09504013508558273,0.6836938858032227,0.44363415241241455,0.10718032717704773,0.7276435494422913,0.43344902992248535,0.10249441862106323,0.7612938284873962,0.43644410371780396,0.09950762242078781,0.6309594511985779,0.463996946811676,0.07938411086797714,0.6855859756469727,0.4038670063018799,0.09980685263872147,0.7344048023223877,0.3931225538253784,0.09387609362602234,0.7729523777961731,0.4066811800003052,0.088901586830616,0.6185226440429688,0.4363635778427124,0.05670475959777832,0.6725311875343323,0.3738462030887604,0.0745343416929245,0.7233420014381409,0.36516183614730835,0.07469780743122101,0.7627538442611694,0.37621819972991943,0.0736367478966713,0.6049594283103943,0.4162582755088806,0.03101312555372715,0.6466449499130249,0.34624120593070984,0.04513576626777649,0.6903223395347595,0.33291780948638916,0.05327071249485016,0.730038583278656,0.3427182734012604,0.059509627521038055
C,0.5168769955635071,0.652328372001648,7.882866839281633e-07,0.6051363348960876,0.6833427548408508,0.018290720880031586,0.671441912651062,0.6782147884368896,0.030660055577754974,0.7329239845275879,0.6869990825653076,0.030146585777401924,0.7896649241447449,0.6908015012741089,0.029437001794576645,0.6332277655601501,0.502985417842865,0.11014507710933685,0.6780243515968323,0.4551510810852051,0.12817780673503876,0.722984790802002,0.44463077187538147,0.12482480704784393,0.7573445439338684,0.4438919126987457,0.12153345346450806,0.6243596076965332,0.4695264995098114,0.09183808416128159,0.6806079149246216,0.4142411947250366,0.11582265794277191,0.730368971824646,0.40323618054389954,0.10723752528429031,0.7684212923049927,0.416511595249176,0.0996125191450119,0.6129471063613892,0.4399178624153137,0.06682788580656052,0.6686640977859497,0.3817686438560486,0.08800899237394333,0.7200430035591125,0.37253886461257935,0.08642588555812836,0.7583274841308594,0.3826215863227844,0.08323605358600616,0.5997434258460999,0.4177757501602173,0.03919817507266998,0.6438883543014526,0.3523460328578949,0.0558055154979229,0.686700701713562,0.3395651578903198,0.06401769071817398,0.7241871953010559,0.34764206409454346,0.06955227255821228
C,0.5171210169792175,0.6472911834716797,8.318319260069984e-07,0.6026765704154968,0.6804531812667847,0.017216019332408905,0.6674314141273499,0.6799110770225525,0.028636204078793526,0.7297008633613586,0.6881076097488403,0.02716466225683689,0.7873169779777527,0.690985381603241,0.02560804784297943,0.6317412257194519,0.5034849643707275,0.11332159489393234,0.6767693758010864,0.45776522159576416,0.13283024728298187,0.7211070656776428,0.4459267854690552,0.13052202761173248,0.7550575137138367,0.4443708062171936,0.12786851823329926,0.6242991089820862,0.4701252579689026,0.09620871394872665,0.6800079345703125,0.4195016026496887,0.12231830507516861,0.7290825247764587,0.4081107974052429,0.11456864327192307,0.7690284848213196,0.419485867023468,0.1071203425526619,0.6144396066665649,0.4402809143066406,0.07202974706888199,0.6696080565452576,0.3873770236968994,0.0947493314743042,0.7201622128486633,0.3775816559791565,0.09302067011594772,0.7593469023704529,0.38553673028945923,0.08936784416437149,0.6029613018035889,0.4170910120010376,0.04509251192212105,0.6477129459381104,0.35592755675315857,0.06350062042474747,0.690497875213623,0.34376227855682373,0.07207947224378586,0.7286673784255981,0.35186874866485596,0.07750725746154785
C,0.5173894166946411,0.6502461433410645,8.733713343644922e-07,0.603837251663208,0.6824550628662109,0.019055673852562904,0.6685084104537964,0.6804578304290771,0.030918939039111137,0.7308217287063599,0.6886254549026489,0.029311373829841614,0.7886906862258911,0.6905308961868286,0.02757737599313259,0.631238579750061,0.5017340183258057,0.11859925091266632,0.6771138310432434,0.45588576793670654,0.1405569314956665,0.7216623425483704,0.44475817680358887,0.13964784145355225,0.7557922005653381,0.4440169334411621,0.13770365715026855,0.6234423518180847,0.4691358804702759,0.10064952075481415,0.6786016225814819,0.41938287019729614,0.13004085421562195,0.7278777360916138,0.40723997354507446,0.1238463819026947,0.7690848112106323,0.4171719253063202,0.11695566773414612,0.6136611700057983,0.43993979692459106,0.07543512433767319,0.6686801910400391,0.3884957432746887,0.10134023427963257,0.7191428542137146,0.3784694969654083,0.1009145975112915,0.7587857246398926,0.3851972818374634,0.09731841832399368,0.6025183796882629,0.417569100856781,0.047378793358802795,0.648068904876709,0.3578415513038635,0.06835215538740158,0.6905533671379089,0.34434354305267334,0.07786491513252258,0.7283266186714172,0.34985223412513733,0.08334092050790787
C,0.5134528279304504,0.6520884037017822,8.202600270124094e-07,0.6014401912689209,0.6856362819671631,0.02495933324098587,0.6672347187995911,0.6810131669044495,0.040557920932769775,0.728342592716217,0.6896616816520691,0.041545044630765915,0.7848200798034668,0.6922942996025085,0.04201352596282959,0.63032466173172,0.5045217871665955,0.12475945800542831,0.6753467321395874,0.4570930302143097,0.14865422248840332,0.7188771963119507,0.446939617395401,0.14786288142204285,0.752558171749115,0.4456726312637329,0.14535652101039886,0.622109591960907,0.4711967408657074,0.10337109863758087,0.677341639995575,0.4185086488723755,0.1330602467060089,0.7265825867652893,0.4070013463497162,0.1250978410243988,0.7651158571243286,0.42020341753959656,0.11664178222417831,0.6119823455810547,0.4416446089744568,0.0752541646361351,0.6664528846740723,0.38893234729766846,0.10190623998641968,0.7170087695121765,0.38012760877609253,0.10035444796085358,0.755409836769104,0.38836854696273804,0.09547805786132812,0.5997846722602844,0.4198431372642517,0.044720955193042755,0.643670916557312,0.3584081530570984,0.06621480733156204,0.6853659152984619,0.34483492374420166,0.07537112385034561,0.7219067811965942,0.35029757022857666,0.0800764411687851
C,0.5130634307861328,0.6563353538513184,9.161267371382564e-07,0.6044471859931946,0.6896194815635681,0.03462854027748108,0.6678770184516907,0.6845596432685852,0.05683135241270065,0.727652370929718,0.691279947757721,0.06180250644683838,0.7847141027450562,0.6928301453590393,0.06602218747138977,0.62614506483078,0.5071377158164978,0.15187186002731323,0.6707970499992371,0.45957350730895996,0.1851530373096466,0.7156942486763,0.4466584026813507,0.18900829553604126,0.7498670816421509,0.44446489214897156,0.18902766704559326,0.6174196004867554,0.4725363254547119,0.12690511345863342,0.672284722328186,0.42102277278900146,0.16631567478179932,0.7235578894615173,0.4067767262458801,0.16100023686885834,0.7658865451812744,0.41685131192207336,0.15339000523090363,0.6090437769889832,0.44192227721214294,0.09449724853038788,0.6626218557357788,0.3910171091556549,0.12767358124256134,0.7146788239479065,0.3819206953048706,0.1265995055437088,0.7548632025718689,0.3895813226699829,0.12116018682718277,0.5993383526802063,0.41816091537475586,0.05996626242995262,0.6441214680671692,0.3592764437198639,0.08533371239900589,0.6873454451560974,0.3478836417198181,0.09490738064050674,0.7250675559043884,0.3549959063529968,0.09934403002262115
C,0.5159920454025269,0.6574242115020752,8.265726023637399e-07,0.6012264490127563,0.6878668069839478,0.02347295917570591,0.6655697822570801,0.6829944849014282,0.03840293735265732,0.7265688180923462,0.6902597546577454,0.0389849953353405,0.7830666899681091,0.6922382116317749,0.03916919231414795,0.6269631385803223,0.5065337419509888,0.1245020180940628,0.6701865792274475,0.4597046971321106,0.14799663424491882,0.7141904234886169,0.4490314722061157,0.1470874547958374,0.7472886443138123,0.44924092292785645,0.14510004222393036,0.6189086437225342,0.4730849266052246,0.10508275777101517,0.6735561490058899,0.41970139741897583,0.13491404056549072,0.7230581641197205,0.40868133306503296,0.12720350921154022,0.7623635530471802,0.4227025508880615,0.11943599581718445,0.6093558073043823,0.4427602291107178,0.07886852324008942,0.663701593875885,0.38851380348205566,0.10594750195741653,0.7146594524383545,0.37987348437309265,0.10416765511035919,0.752955973148346,0.3907586932182312,0.0995657667517662,0.5979626178741455,0.4193650484085083,0.05017927289009094,0.6404012441635132,0.35864442586898804,0.07226062566041946,0.6830106973648071,0.3473396897315979,0.08145793527364731,0.7204673886299133,0.35735756158828735,0.08666790276765823
C,0.5152921676635742,0.6561452746391296,8.467692396152415e-07,0.601837694644928,0.6864947080612183,0.023430144414305687,0.6660109758377075,0.6821171045303345,0.03796159476041794,0.7272401452064514,0.6912424564361572,0.038012970238924026,0.7840129137039185,0.6923518180847168,0.037649523466825485,0.6262063384056091,0.5065704584121704,0.12448456138372421,0.6698691248893738,0.45983168482780457,0.14830335974693298,0.7138309478759766,0.44835442304611206,0.14738436043262482,0.7471407651901245,0.4472352862358093,0.14501020312309265,0.6181941628456116,0.4733070135116577,0.10448434203863144,0.6725367307662964,0.4203704297542572,0.13421477377414703,0.7225102186203003,0.40833842754364014,0.1261245161294937,0.7625339031219482,0.42151933908462524,0.11770595610141754,0.6086840033531189,0.44302406907081604,0.07766608148813248,0.6621887683868408,0.38859736919403076,0.10464897006750107,0.7135717272758484,0.37899258732795715,0.10243945568799973,0.7529898285865784,0.3883677124977112,0.09717349708080292,0.5978410840034485,0.4199025332927704,0.048320222645998,0.640799880027771,0.35943180322647095,0.07003694772720337,0.6839981079101562,0.34783023595809937,0.07881655544042587,0.7221128940582275,0.35641348361968994,0.08343186229467392
C,0.5142129063606262,0.6640965938568115,7.85856514085026e-07,0.5985380411148071,0.6877506375312805,0.015342297032475471,0.6644557118415833,0.681214451789856,0.024014079943299294,0.7256678342819214,0.6901185512542725,0.020348668098449707,0.7814708948135376,0.6911870241165161,0.0168972909450531,0.6260786056518555,0.5038800835609436,0.1027585119009018,0.6688024401664734,0.4572661221027374,0.1173996850848198,0.7128191590309143,0.4476523995399475,0.11220604926347733,0.7473032474517822,0.4484001100063324,0.10796750336885452,0.6174453496932983,0.4726451337337494,0.08507770299911499,0.671150803565979,0.4180397391319275,0.10670087486505508,0.7197760939598083,0.40671807527542114,0.0984991118311882,0.7590125799179077,0.418996125459671,0.09102881699800491,0.606194019317627,0.4451000988483429,0.060541898012161255,0.6607761979103088,0.3885660171508789,0.07995247840881348,0.7115588188171387,0.37847286462783813,0.07858990877866745,0.7504167556762695,0.38801175355911255,0.07541044801473618,0.5934958457946777,0.42521604895591736,0.033133748918771744,0.6364178657531738,0.3613024652004242,0.049023959785699844,0.6790086627006531,0.3468793034553528,0.05719948559999466,0.7170409560203552,0.35388773679733276,0.062491122633218765
C,0.5097870826721191,0.6555896997451782,7.838369242563203e-07,0.5930113792419434,0.6816290020942688,0.0174285676330328,0.6596369743347168,0.6783772706985474,0.02716929465532303,0.7231746912002563,0.6886317729949951,0.02400216832756996,0.7800081968307495,0.6898592710494995,0.020873697474598885,0.6237348318099976,0.5041710138320923,0.10530595481395721,0.6687362790107727,0.4591968059539795,0.121092788875103,0.7122734189033508,0.4493984878063202,0.11677152663469315,0.7460183501243591,0.44984835386276245,0.11307784169912338,0.6151564717292786,0.471195787191391,0.08716481178998947,0.6699817776679993,0.4169017970561981,0.11025164276361465,0.7186179757118225,0.40442895889282227,0.1026037260890007,0.7574766874313354,0.4173203706741333,0.0952918604016304,0.6041720509529114,0.4429455101490021,0.062409840524196625,0.6576218605041504,0.3852843642234802,0.08356354385614395,0.7080782651901245,0.37371641397476196,0.08310233056545258,0.7466039061546326,0.3832331895828247,0.08027443289756775,0.5923178791999817,0.42227011919021606,0.034882280975580215,0.6345282196998596,0.3599255084991455,0.05183890461921692,0.6769853234291077,0.34631219506263733,0.06057969480752945,0.7142536044120789,0.3543994128704071,0.06636004149913788
C,0.512295126914978,0.6607500910758972,8.506805784236349e-07,0.6000664830207825,0.6889904737472534,0.02609219402074814,0.6637646555900574,0.6821515560150146,0.04219256341457367,0.7230224609375,0.6876148581504822,0.04360717535018921,0.7785908579826355,0.6885263323783875,0.04473766312003136,0.623117208480835,0.504362165927887,0.12702202796936035,0.6673433184623718,0.4579978883266449,0.1517820507287979,0.7113471031188965,0.4479063153266907,0.151984304189682,0.7451827526092529,0.44877204298973083,0.15068697929382324,0.6136918067932129,0.4712962508201599,0.10632625967264175,0.6685391068458557,0.41725248098373413,0.13847388327121735,0.7178955078125,0.4051133990287781,0.13336622714996338,0.7575498819351196,0.41801685094833374,0.12715421617031097,0.6035531759262085,0.44299787282943726,0.07882511615753174,0.656751275062561,0.38683342933654785,0.10735970735549927,0.7076334953308105,0.37685567140579224,0.10809963196516037,0.7465021014213562,0.3862890601158142,0.10504569113254547,0.5924169421195984,0.42263174057006836,0.04889417439699173,0.6346712112426758,0.3599647283554077,0.07094603776931763,0.6775199174880981,0.34663689136505127,0.08080365508794785,0.7151234149932861,0.35435664653778076,0.08665977418422699
C,0.5058590173721313,0.6618146896362305,7.277290592355712e-07,0.5869224071502686,0.6832699775695801,0.014833338558673859,0.6522104144096375,0.6746355891227722,0.024228230118751526,0.7148601412773132,0.6810110211372375,0.021719882264733315,0.7703111171722412,0.6803475618362427,0.019321003928780556,0.6171396970748901,0.5011456608772278,0.0992121696472168,0.6603053212165833,0.4583170711994171,0.11338762193918228,0.7030144333839417,0.4490932524204254,0.10839012265205383,0.7357701659202576,0.4490848481655121,0.10432537645101547,0.6081677675247192,0.4691741466522217,0.082233726978302,0.6630335450172424,0.41496461629867554,0.10189847648143768,0.7101820707321167,0.4050271511077881,0.09368251264095306,0.7473229765892029,0.41724902391433716,0.0867166668176651,0.5960112810134888,0.4413768947124481,0.05861791968345642,0.651980459690094,0.3837989568710327,0.07524265348911285,0.702193021774292,0.37414056062698364,0.07196035981178284,0.7393462061882019,0.3856343924999237,0.06819833070039749,0.5819100141525269,0.42045584321022034,0.03241102397441864,0.624946653842926,0.3572051525115967,0.045658525079488754,0.6676061749458313,0.34354785084724426,0.051686741411685944,0.705574095249176,0.35253894329071045,0.05582430213689804
C,0.5011792182922363,0.6561815142631531,7.680756652916898e-07,0.582099199295044,0.6777791380882263,0.018020227551460266,0.6465618014335632,0.6703061461448669,0.029635174199938774,0.7074889540672302,0.6776314973831177,0.028584076091647148,0.7635921835899353,0.6789357662200928,0.027558863162994385,0.6060503721237183,0.5000876188278198,0.10764279961585999,0.6497598886489868,0.45624345541000366,0.1258801370859146,0.6931973695755005,0.4451983571052551,0.12372390925884247,0.7259588837623596,0.4443507790565491,0.12157274037599564,0.5978965163230896,0.4672873020172119,0.09047792851924896,0.652182400226593,0.4147314429283142,0.1156032457947731,0.6996179223060608,0.4033724069595337,0.1096215471625328,0.7383834719657898,0.4138597249984741,0.10364771634340286,0.5877974033355713,0.43857240676879883,0.06668169796466827,0.6436116099357605,0.3842746615409851,0.08874454349279404,0.6937103271484375,0.37340471148490906,0.08778629451990128,0.7314801216125488,0.3824164867401123,0.08470182120800018,0.5769121646881104,0.4153497815132141,0.0403079129755497,0.6182693243026733,0.3548687994480133,0.05833537504076958,0.6604077816009521,0.3424379825592041,0.06697763502597809,0.698221743106842,0.35087722539901733,0.07251331955194473
C,0.49706903100013733,0.658600389957428,7.226747129607247e-07,0.5773100256919861,0.6815347671508789,0.013137810863554478,0.6424859762191772,0.6703606843948364,0.022328972816467285,0.7040792107582092,0.6750930547714233,0.020034339278936386,0.7590157985687256,0.6770932078361511,0.017914313822984695,0.6023538112640381,0.4986165165901184,0.09579233825206757,0.6459280848503113,0.4533279240131378,0.1087489202618599,0.6897323131561279,0.4444184899330139,0.1034218892455101,0.7223052978515625,0.44585198163986206,0.09941544383764267,0.5933688879013062,0.46772027015686035,0.08006345480680466,0.6472809314727783,0.4110136330127716,0.09877591580152512,0.6955698132514954,0.4002259075641632,0.0902380645275116,0.7332282066345215,0.41267162561416626,0.08335644751787186,0.5817068219184875,0.44061386585235596,0.05780165269970894,0.6363980174064636,0.380027711391449,0.07447614520788193,0.687474250793457,0.36880624294281006,0.07152516394853592,0.7258880138397217,0.3780819773674011,0.0681791827082634,0.5689308643341064,0.42056167125701904,0.032840296626091,0.6101826429367065,0.35466518998146057,0.046686455607414246,0.653678834438324,0.33996713161468506,0.05318881943821907,0.6930093169212341,0.34797751903533936,0.05779922381043434
C,0.49965423345565796,0.6573194861412048,7.742127081655781e-07,0.5777860879898071,0.6795967817306519,0.008837228640913963,0.6425182223320007,0.6707698106765747,0.01492225844413042,0.7043461799621582,0.6769939661026001,0.01043179351836443,0.7596517205238342,0.6769123077392578,0.006613685749471188,0.6034384965896606,0.4992813766002655,0.0901375412940979,0.6464695334434509,0.4547247588634491,0.10024984180927277,0.690327525138855,0.4425956904888153,0.09384544938802719,0.7229605317115784,0.44175657629966736,0.08981110900640488,0.5940390825271606,0.4675709009170532,0.07653751969337463,0.647108256816864,0.41232776641845703,0.09422905743122101,0.6947792172431946,0.3987477421760559,0.08694510161876678,0.7332569360733032,0.4071331024169922,0.08120881766080856,0.5823848843574524,0.4404800832271576,0.05601203069090843,0.6346414089202881,0.37997281551361084,0.07131405919790268,0.6849808096885681,0.3657805323600769,0.06992831081151962,0.7238684892654419,0.3729543685913086,0.06831973046064377,0.5699703097343445,0.42060425877571106,0.0324351005256176,0.6105872988700867,0.35712137818336487,0.045339230448007584,0.6540049910545349,0.3420974016189575,0.05280638486146927,0.6929507255554199,0.35043907165527344,0.05884832143783569
C,0.4964759349822998,0.6531235575675964,7.861432891331788e-07,0.5787230730056763,0.6769422888755798,0.017494291067123413,0.6432226300239563,0.6683329939842224,0.029958544299006462,0.7022145390510559,0.6744095683097839,0.0298468004912138,0.7564342021942139,0.6770147085189819,0.02985222451388836,0.5974192023277283,0.4977678954601288,0.10818582028150558,0.6402692198753357,0.45439937710762024,0.1261439025402069,0.683213472366333,0.44366908073425293,0.12302123010158539,0.7153375744819641,0.44302088022232056,0.12003611773252487,0.5884684324264526,0.4648413062095642,0.091241255402565,0.6419728398323059,0.41150161623954773,0.11525017768144608,0.6900218725204468,0.3983151912689209,0.10775420814752579,0.7287894487380981,0.40893006324768066,0.10077027976512909,0.5775884985923767,0.43586212396621704,0.06761077046394348,0.6306872367858887,0.37943464517593384,0.08872991055250168,0.6805523633956909,0.3670347332954407,0.08631562441587448,0.7188170552253723,0.3753708600997925,0.08244302868843079,0.56605064868927,0.4135708808898926,0.04133410006761551,0.6067573428153992,0.3526807427406311,0.05859765782952309,0.6483529806137085,0.3391214907169342,0.06616814434528351,0.6860989928245544,0.34747809171676636,0.07102659344673157
C,0.49105018377304077,0.6539454460144043,8.375092761525593e-07,0.5783843398094177,0.6823148727416992,0.030199125409126282,0.6416835188865662,0.6746906042098999,0.048404451459646225,0.7003498077392578,0.6783642172813416,0.0504000149667263,0.7551785111427307,0.6748721599578857,0.05169357731938362,0.5944823622703552,0.5020729303359985,0.1361514925956726,0.6371246576309204,0.4581840932369232,0.16280922293663025,0.6816372871398926,0.447205513715744,0.16182731091976166,0.7151208519935608,0.4462122321128845,0.15884609520435333,0.5851662755012512,0.4680880308151245,0.11236611008644104,0.6372770667076111,0.4122540056705475,0.1439010351896286,0.6877911686897278,0.39811408519744873,0.13453233242034912,0.7277486324310303,0.41189253330230713,0.12471668422222137,0.575692892074585,0.4372786283493042,0.08196056634187698,0.6277061700820923,0.3797137141227722,0.10973723232746124,0.6806557178497314,0.36985158920288086,0.10592619329690933,0.7207610607147217,0.3809628486633301,0.09919807314872742,0.5658534169197083,0.4156810939311981,0.049480367451906204,0.6097061038017273,0.356504887342453,0.07149088382720947,0.6536259651184082,0.3478115200996399,0.07956081628799438,0.6913177967071533,0.35941997170448303,0.0833480954170227
C,0.4907728433609009,0.6511605978012085,8.520646588294767e-07,0.5785948634147644,0.6761716604232788,0.031231967732310295,0.6407721042633057,0.6689695715904236,0.05064316838979721,0.6996984481811523,0.6764029860496521,0.05347082018852234,0.7551923394203186,0.676630973815918,0.0555943138897419,0.5935463905334473,0.5005464553833008,0.14099043607711792,0.636243462562561,0.4578818082809448,0.1690748780965805,0.6804302334785461,0.4468274712562561,0.16858135163784027,0.7139157056808472,0.44478434324264526,0.1656835824251175,0.584780216217041,0.4670723080635071,0.11702664941549301,0.6372467279434204,0.4139370322227478,0.15006834268569946,0.6876391768455505,0.3999250531196594,0.14080758392810822,0.7284842133522034,0.41212958097457886,0.13066580891609192,0.5758812427520752,0.4367574155330658,0.08613775670528412,0.6275690197944641,0.3819371163845062,0.11506132036447525,0.6802821755409241,0.3718605041503906,0.11127422004938126,0.7205700874328613,0.38187021017074585,0.10422578454017639,0.5668280124664307,0.4142473340034485,0.05313289165496826,0.610628068447113,0.35657018423080444,0.07649436593055725,0.6541047096252441,0.3471800684928894,0.08514590561389923,0.6915203928947449,0.357103168964386,0.08892712742090225
C,0.4932023882865906,0.6559892892837524,8.394442829740001e-07,0.5822601318359375,0.6798436641693115,0.025418445467948914,0.6440797448158264,0.6729209423065186,0.04134369641542435,0.7021369338035583,0.6781647801399231,0.042073432356119156,0.7567777037620544,0.6758826971054077,0.04237445443868637,0.5959276556968689,0.5033631324768066,0.12947501242160797,0.6380547285079956,0.4597070515155792,0.1525406390428543,0.6828224658966064,0.4474089443683624,0.1490173637866974,0.7170596718788147,0.4448257386684418,0.1443297266960144,0.5861194729804993,0.4703267216682434,0.10784319788217545,0.6384208798408508,0.4166073203086853,0.1359218955039978,0.6886395215988159,0.40225327014923096,0.12445706874132156,0.7305153608322144,0.4125872254371643,0.11294417083263397,0.576213538646698,0.44040447473526,0.07925688475370407,0.62871915102005,0.3855370879173279,0.10420376807451248,0.6809764504432678,0.3741142153739929,0.0985303744673729,0.7217567563056946,0.3825492560863495,0.09049462527036667,0.566083550453186,0.41928961873054504,0.04833481088280678,0.6096410751342773,0.3611842393875122,0.06883997470140457,0.65262371301651,0.3502616286277771,0.07596100121736526,0.6900597810745239,0.3594015836715698,0.07877207547426224
C,0.4915902018547058,0.6537790298461914,8.634065693513548e-07,0.5803038477897644,0.6778409481048584,0.030616171658039093,0.6413428783416748,0.6717592477798462,0.0488920658826828,0.7000364065170288,0.6787109375,0.050667643547058105,0.7559003233909607,0.6770157814025879,0.0518353134393692,0.5931543111801147,0.5002397298812866,0.14017929136753082,0.6370182633399963,0.45859718322753906,0.16689150035381317,0.681679368019104,0.44785746932029724,0.1650015413761139,0.7157073020935059,0.4449862241744995,0.16097578406333923,0.5847524404525757,0.46770116686820984,0.11589892208576202,0.6377995610237122,0.4157974123954773,0.14714156091213226,0.6884111166000366,0.40251198410987854,0.13644884526729584,0.730128824710846,0.4139247238636017,0.12517322599887848,0.5761159658432007,0.4380558431148529,0.08461624383926392,0.6289694309234619,0.3839836120605469,0.11186050623655319,0.6815901398658752,0.37419813871383667,0.1073908805847168,0.7221993803977966,0.38372087478637695,0.09999439120292664,0.567703127861023,0.4173694849014282,0.05120311677455902,0.6129756569862366,0.35929861664772034,0.07364360243082047,0.6561927199363708,0.34929144382476807,0.08207225054502487,0.6928843855857849,0.35861891508102417,0.08561351895332336
C,0.49266260862350464,0.6558679342269897,8.308496717290836e-07,0.5821277499198914,0.6792868375778198,0.030320830643177032,0.6435456275939941,0.6723187565803528,0.04902946203947067,0.7010732293128967,0.6779256463050842,0.05152479186654091,0.7559176683425903,0.6775680780410767,0.05326865240931511,0.5949200391769409,0.5034604668617249,0.13715796172618866,0.6382755041122437,0.45907941460609436,0.16239146888256073,0.6832112669944763,0.44808530807495117,0.15933988988399506,0.7175277471542358,0.44586873054504395,0.1545107215642929,0.5851904153823853,0.4703676104545593,0.11304861307144165,0.6383768916130066,0.4151279628276825,0.1421375870704651,0.6888788938522339,0.40120434761047363,0.12956805527210236,0.7296476364135742,0.41364383697509766,0.11712087690830231,0.5755346417427063,0.4407722055912018,0.08221924304962158,0.627535879611969,0.38378867506980896,0.10789823532104492,0.6800592541694641,0.3733152747154236,0.1015106812119484,0.7205207347869873,0.3829963207244873,0.09288372844457626,0.5658136606216431,0.4202962815761566,0.04940973222255707,0.6090208292007446,0.36054670810699463,0.07036230713129044,0.6520048379898071,0.3501550257205963,0.0772973969578743,0.6892841458320618,0.3596329092979431,0.07980623096227646
C,0.49015891551971436,0.6529465913772583,8.549852168471261e-07,0.5794607996940613,0.6770731210708618,0.031115125864744186,0.642005205154419,0.6710502505302429,0.04979277029633522,0.7007535099983215,0.6784392595291138,0.05190914124250412,0.7561192512512207,0.6768137216567993,0.0535140335559845,0.5936256051063538,0.5012253522872925,0.1398957222700119,0.6369773149490356,0.4594963788986206,0.16595415771007538,0.6815119981765747,0.44941768050193787,0.16379974782466888,0.7155014276504517,0.44736552238464355,0.15982912480831146,0.5850364565849304,0.46808844804763794,0.1153050884604454,0.63788902759552,0.4160223603248596,0.1462446004152298,0.6885837912559509,0.40286219120025635,0.13602480292320251,0.7298530340194702,0.4152555763721466,0.12530899047851562,0.5762934684753418,0.4379226565361023,0.08374424278736115,0.6283631920814514,0.3833901286125183,0.11093086004257202,0.6807838082313538,0.3734276294708252,0.10773921757936478,0.7211364507675171,0.3831450939178467,0.10141195356845856,0.5676919221878052,0.41648346185684204,0.05000513419508934,0.6128482818603516,0.35879746079444885,0.07232391834259033,0.6559698581695557,0.34859880805015564,0.08153471350669861,0.6925085783004761,0.35719162225723267,0.08591467887163162
C,0.4906946122646332,0.6523123979568481,8.414901344622194e-07,0.580308735370636,0.6777240037918091,0.028052665293216705,0.6429800987243652,0.6716858148574829,0.04584178701043129,0.7017713785171509,0.677359402179718,0.047763992100954056,0.7571746706962585,0.6778897047042847,0.049166373908519745,0.595184862613678,0.502213180065155,0.13636867702007294,0.6381534934043884,0.45881855487823486,0.16182442009449005,0.6823806762695312,0.44868218898773193,0.15946592390537262,0.7160729765892029,0.4477182924747467,0.15536785125732422,0.5858418941497803,0.46925586462020874,0.1137443259358406,0.6386122703552246,0.4165903925895691,0.14358735084533691,0.6888254284858704,0.4043308198451996,0.13223989307880402,0.7301884293556213,0.4175110459327698,0.1209380179643631,0.5765764713287354,0.4390419125556946,0.0841294527053833,0.6289414763450623,0.3849146068096161,0.11082479357719421,0.6811304092407227,0.37549877166748047,0.10595529526472092,0.7215644121170044,0.3859163224697113,0.09849196672439575,0.5672252178192139,0.41704773902893066,0.05222995951771736,0.6111050844192505,0.35918763279914856,0.07440418004989624,0.6538960933685303,0.3485742509365082,0.08246909826993942,0.6910285949707031,0.3573327660560608,0.08592401444911957
C,0.487533301115036,0.6533182859420776,8.831444802126498e-07,0.5808510780334473,0.6795223951339722,0.033188216388225555,0.6433917880058289,0.6724066734313965,0.05389736592769623,0.7016563415527344,0.6795037388801575,0.05750838294625282,0.7567149996757507,0.6794894337654114,0.06053082272410393,0.5946183800697327,0.5014234781265259,0.14746719598770142,0.6378238201141357,0.4576607942581177,0.1766960769891739,0.6819990873336792,0.4475424289703369,0.1760164201259613,0.7157367467880249,0.4462335407733917,0.17270483076572418,0.5852353572845459,0.4687764644622803,0.12260563671588898,0.63803631067276,0.4169901907444,0.15688608586788177,0.6880564093589783,0.4040927290916443,0.14697593450546265,0.7295255661010742,0.41600900888442993,0.13616810739040375,0.5760909914970398,0.43884414434432983,0.09062588214874268,0.6273207068443298,0.3860825300216675,0.12099652737379074,0.678835391998291,0.37536489963531494,0.11798574030399323,0.7192275524139404,0.3837627172470093,0.11120662093162537,0.5669915676116943,0.41734811663627625,0.05643023923039436,0.6110779047012329,0.3611726760864258,0.08133944123983383,0.6533100605010986,0.3493671119213104,0.09089963138103485,0.6896201372146606,0.35567280650138855,0.09506330639123917
C,0.4899671971797943,0.654210090637207,9.019714752867003e-07,0.5826858878135681,0.6806795001029968,0.0378512479364872,0.6433604955673218,0.6727728843688965,0.0614665225148201,0.7008023858070374,0.6784253120422363,0.06688482314348221,0.7557892203330994,0.6779187917709351,0.07150478661060333,0.5930241346359253,0.5027554035186768,0.15747472643852234,0.6366339921951294,0.4594792425632477,0.19093801081180573,0.6811769008636475,0.4492257535457611,0.19283904135227203,0.7144119739532471,0.4481172263622284,0.19121377170085907,0.5843382477760315,0.4692426919937134,0.13131622970104218,0.638411819934845,0.4174405336380005,0.16979095339775085,0.6889687180519104,0.4053095579147339,0.16123710572719574,0.7304351925849915,0.4178876578807831,0.15124762058258057,0.5768100023269653,0.4382546544075012,0.09808258712291718,0.6288294196128845,0.38610321283340454,0.13197070360183716,0.681010365486145,0.37650060653686523,0.12896034121513367,0.7209696173667908,0.38586074113845825,0.12178704887628555,0.5693509578704834,0.4149579405784607,0.06293515115976334,0.6135011315345764,0.3589218258857727,0.0904850959777832,0.6565628051757812,0.34936442971229553,0.10046963393688202,0.6931376457214355,0.3586493134498596,0.10466203838586807
C,0.4917319416999817,0.6567027568817139,8.184203466043982e-07,0.5821406841278076,0.6792747378349304,0.02814161777496338,0.643990695476532,0.6721240282058716,0.04533647000789642,0.7020895481109619,0.6784437298774719,0.046748287975788116,0.7571762800216675,0.6781398057937622,0.047808900475502014,0.5973900556564331,0.5033648014068604,0.13315387070178986,0.6402601003646851,0.45885345339775085,0.15674924850463867,0.6840851902961731,0.4499501585960388,0.15327493846416473,0.7176303863525391,0.4496697783470154,0.1486125886440277,0.5873485207557678,0.47046881914138794,0.11000356823205948,0.6394845247268677,0.4170917868614197,0.1386406570672989,0.6890410780906677,0.4048089385032654,0.12744183838367462,0.7296031713485718,0.41790878772735596,0.11629866063594818,0.5771287083625793,0.44074681401252747,0.07998594641685486,0.6284728646278381,0.38598936796188354,0.10616850107908249,0.6800132989883423,0.37568068504333496,0.10288454592227936,0.7200884222984314,0.3848503828048706,0.09653584659099579,0.5668346285820007,0.42058223485946655,0.047611936926841736,0.6106876134872437,0.36209478974342346,0.06936414539813995,0.6533436179161072,0.3503057360649109,0.07846986502408981,0.6901786923408508,0.3576284646987915,0.08285622298717499
C,0.4910605549812317,0.6541741490364075,8.785235081631981e-07,0.5831633806228638,0.6790359616279602,0.035205285996198654,0.6447356343269348,0.6718305349349976,0.056984685361385345,0.7019376754760742,0.6782293915748596,0.06130233407020569,0.756557285785675,0.678942084312439,0.06497039645910263,0.5952452421188354,0.5015614032745361,0.1509196162223816,0.6384313106536865,0.458638995885849,0.1814899444580078,0.6822944283485413,0.4495927393436432,0.1813449263572693,0.7155265808105469,0.44853872060775757,0.1783400923013687,0.5862232446670532,0.4688718914985657,0.12542293965816498,0.6387796401977539,0.41738277673721313,0.16085895895957947,0.68866366147995,0.4053077697753906,0.15105143189430237,0.7296287417411804,0.41806963086128235,0.14015638828277588,0.5776376724243164,0.4387286305427551,0.09292187541723251,0.6286787986755371,0.38615676760673523,0.12430444359779358,0.6803517937660217,0.3764938414096832,0.121231809258461,0.7203702330589294,0.38610386848449707,0.11426515132188797,0.5693034529685974,0.4170460104942322,0.05836610496044159,0.6132879257202148,0.3607091009616852,0.08448226004838943,0.6556183695793152,0.3502524495124817,0.09461299329996109,0.6914588212966919,0.35846585035324097,0.09899349510669708
C,0.48974311351776123,0.6550896167755127,8.585194564147969e-07,0.5821970105171204,0.6813527941703796,0.03163059055805206,0.6442819237709045,0.674443244934082,0.05200650915503502,0.7025734782218933,0.6797702312469482,0.055908557027578354,0.7573750019073486,0.6787004470825195,0.059407249093055725,0.595414400100708,0.5042212009429932,0.14404606819152832,0.6391885280609131,0.45911768078804016,0.17190365493297577,0.683377206325531,0.4499633312225342,0.17029699683189392,0.7170699238777161,0.44979941844940186,0.16652090847492218,0.5858681797981262,0.4704720675945282,0.12051739543676376,0.6387723088264465,0.41723567247390747,0.15318375825881958,0.6890466809272766,0.4048174023628235,0.14229749143123627,0.7304929494857788,0.41825783252716064,0.13098648190498352,0.5765190124511719,0.44026023149490356,0.09003250300884247,0.6276131868362427,0.38628190755844116,0.11933720111846924,0.6793533563613892,0.3757135272026062,0.11581259220838547,0.7200467586517334,0.3851494789123535,0.10887599736452103,0.5674279928207397,0.4191880524158478,0.05737235024571419,0.6110849976539612,0.3620949387550354,0.0815138965845108,0.653365969657898,0.3508293628692627,0.09084855020046234,0.6898257732391357,0.3584253787994385,0.09506390988826752
C,0.4919247329235077,0.6555119156837463,8.710664474165242e-07,0.5832746028900146,0.6804437041282654,0.03259027749300003,0.6454612612724304,0.6735852956771851,0.05308103561401367,0.7031762599945068,0.678979218006134,0.05686245113611221,0.7572658061981201,0.678806483745575,0.0601598359644413,0.5958577394485474,0.5034142136573792,0.1449701339006424,0.6385663151741028,0.45924076437950134,0.1731400340795517,0.68288654088974,0.44955846667289734,0.1719646006822586,0.7161485552787781,0.449224591255188,0.16865374147891998,0.5862516760826111,0.46986326575279236,0.12084061652421951,0.6392801403999329,0.4164036512374878,0.1539084017276764,0.6894348859786987,0.40385863184928894,0.14347906410694122,0.7304915189743042,0.4169001281261444,0.1325269341468811,0.5770378708839417,0.4394186735153198,0.08973212540149689,0.6282961964607239,0.3855977952480316,0.1192314624786377,0.6805040836334229,0.3755149841308594,0.11509864777326584,0.7209147214889526,0.3852953612804413,0.10771707445383072,0.5677183270454407,0.4175126850605011,0.05654330179095268,0.6115077137947083,0.3599836230278015,0.08070783317089081,0.654246985912323,0.34919458627700806,0.08950989693403244,0.6910178065299988,0.35829997062683105,0.09326919168233871
C,0.4904320240020752,0.6558111906051636,8.381699672099785e-07,0.5821594595909119,0.6798440217971802,0.031054368242621422,0.645497739315033,0.6723597049713135,0.050814177840948105,0.7033120393753052,0.6781272292137146,0.05431292951107025,0.7576047778129578,0.6779671311378479,0.057499006390571594,0.5969346165657043,0.5024042129516602,0.14050140976905823,0.6405587792396545,0.45733189582824707,0.1668819934129715,0.6842129230499268,0.44885504245758057,0.1645570993423462,0.7174504995346069,0.4497770369052887,0.16044017672538757,0.5869805216789246,0.46927863359451294,0.11685620993375778,0.6398201584815979,0.415990948677063,0.14828121662139893,0.689500629901886,0.40361058712005615,0.1371973156929016,0.7305638790130615,0.41758671402931213,0.1257198005914688,0.5771295428276062,0.43968960642814636,0.08634282648563385,0.6285315155982971,0.38542330265045166,0.11476337164640427,0.6798257827758789,0.3750360310077667,0.11106914281845093,0.7200484871864319,0.38495856523513794,0.10401906818151474,0.5672630071640015,0.4189969003200531,0.053644418716430664,0.6110374927520752,0.36147481203079224,0.07721811532974243,0.6526919007301331,0.34983766078948975,0.0863741785287857,0.688583493232727,0.3576740622520447,0.09045311063528061
C,0.4876656234264374,0.654387891292572,8.823751045383688e-07,0.582160472869873,0.679851770401001,0.03617900237441063,0.6452600359916687,0.6725448369979858,0.058574892580509186,0.7025092840194702,0.677095890045166,0.06339559704065323,0.7568359375,0.6780282855033875,0.0677102580666542,0.595249354839325,0.5020461678504944,0.15216229856014252,0.638560950756073,0.45805445313453674,0.18255150318145752,0.6831203699111938,0.44820111989974976,0.18219682574272156,0.7168002128601074,0.44738954305648804,0.17899689078330994,0.5848503708839417,0.46827271580696106,0.12616229057312012,0.6384161114692688,0.41569602489471436,0.1612195074558258,0.6888403296470642,0.4030476212501526,0.15097032487392426,0.7301858067512512,0.41533464193344116,0.1397842913866043,0.5758710503578186,0.4380780756473541,0.09319723397493362,0.6275334358215332,0.3855161666870117,0.1240534856915474,0.6798576712608337,0.3756944537162781,0.1204061210155487,0.7204349637031555,0.3846745491027832,0.11306741088628769,0.5675275325775146,0.417008638381958,0.058300066739320755,0.6123490333557129,0.3611140847206116,0.08366868644952774,0.6548692584037781,0.350807785987854,0.09315244108438492,0.6910576820373535,0.3587147891521454,0.0971265584230423
C,0.48743104934692383,0.6560335755348206,8.69286395754898e-07,0.581561803817749,0.6801078915596008,0.034476540982723236,0.6450453996658325,0.6725785732269287,0.05539773777127266,0.7025770545005798,0.6780997514724731,0.05915544182062149,0.7566745281219482,0.6777451038360596,0.06243283301591873,0.5961717367172241,0.5013315081596375,0.14740251004695892,0.6392574310302734,0.45652976632118225,0.17629492282867432,0.6837650537490845,0.4461537003517151,0.17566938698291779,0.71739661693573,0.44513559341430664,0.17254960536956787,0.5860148668289185,0.46795719861984253,0.12204998731613159,0.6386626362800598,0.4152134656906128,0.15609370172023773,0.6889125108718872,0.4021981358528137,0.14639830589294434,0.7302464246749878,0.41383984684944153,0.13582797348499298,0.5766834616661072,0.4384728670120239,0.08975507318973541,0.6269851326942444,0.38482245802879333,0.11990722268819809,0.678881049156189,0.37446489930152893,0.11680034548044205,0.7194226980209351,0.38353949785232544,0.11004071682691574,0.5673026442527771,0.41831621527671814,0.0554281584918499,0.6101611256599426,0.3608846664428711,0.0799696147441864,0.6523565053939819,0.3493999242782593,0.08931127935647964,0.6884413957595825,0.357580304145813,0.09347252547740936
C,0.48811399936676025,0.6536111235618591,8.597708074375987e-07,0.5818972587585449,0.6803591847419739,0.036305081099271774,0.6441142559051514,0.6737614870071411,0.05862989276647568,0.7016035914421082,0.678421139717102,0.06332369148731232,0.7558056712150574,0.6769316792488098,0.0674750953912735,0.5948951244354248,0.5027751922607422,0.15207871794700623,0.6379909515380859,0.45943769812583923,0.182810440659523,0.6824598908424377,0.4489809572696686,0.18325521051883698,0.7157390713691711,0.4476253390312195,0.18074242770671844,0.5853155851364136,0.4687277674674988,0.12618610262870789,0.6384974122047424,0.41666796803474426,0.16108810901641846,0.688968300819397,0.4050843417644501,0.15148858726024628,0.7304086089134216,0.4181193709373474,0.14110033214092255,0.576889157295227,0.43826618790626526,0.093332938849926,0.6288877129554749,0.38573548197746277,0.12389921396970749,0.6816229224205017,0.37701889872550964,0.12054529786109924,0.7223389744758606,0.3875716030597687,0.11365153640508652,0.5690014362335205,0.4174524247646332,0.05860419571399689,0.6140732169151306,0.36036092042922974,0.08353623747825623,0.6574111580848694,0.3503009080886841,0.09290627390146255,0.6942446231842041,0.35983407497406006,0.09698802977800369
C,0.4872713088989258,0.655146062374115,8.674583682477532e-07,0.5826042890548706,0.6815170049667358,0.03845314309000969,0.6449597477912903,0.6741450428962708,0.06218016520142555,0.7023725509643555,0.6793670654296875,0.06783735007047653,0.7562832236289978,0.6779088973999023,0.0728696659207344,0.5954785346984863,0.5027045011520386,0.15601281821727753,0.638830840587616,0.45695173740386963,0.18766562640666962,0.6835362315177917,0.4474378526210785,0.1879281997680664,0.7169349193572998,0.4473612308502197,0.18507002294063568,0.5853128433227539,0.46834829449653625,0.1293223649263382,0.6387678384780884,0.41498470306396484,0.16544702649116516,0.6897090077400208,0.40343600511550903,0.1550360471010208,0.7309757471084595,0.41716527938842773,0.14358313381671906,0.576594889163971,0.43775618076324463,0.0957779586315155,0.6281207799911499,0.38540029525756836,0.12789778411388397,0.6806941628456116,0.37645602226257324,0.12393160909414291,0.721110463142395,0.38672518730163574,0.11599457263946533,0.5680989027023315,0.416725218296051,0.060465116053819656,0.612059473991394,0.360579252243042,0.08669610321521759,0.6547306776046753,0.3505984842777252,0.09604392945766449,0.6908861398696899,0.35954195261001587,0.09965986758470535
C,0.486869752407074,0.6542080640792847,8.70153769483295e-07,0.5811569690704346,0.6812860369682312,0.03835806995630264,0.6437879204750061,0.673924446105957,0.06215749680995941,0.7013838291168213,0.6788110733032227,0.06798733025789261,0.7556129097938538,0.6774737238883972,0.07321565598249435,0.5946787595748901,0.5032858848571777,0.15573778748512268,0.6382260322570801,0.4588198959827423,0.1874963790178299,0.6831526160240173,0.44861215353012085,0.18820823729038239,0.7166429162025452,0.4474969506263733,0.18578355014324188,0.5847985148429871,0.4687105417251587,0.12917368113994598,0.63850998878479,0.41575556993484497,0.16565389931201935,0.6893953084945679,0.4030638337135315,0.15632516145706177,0.7306752800941467,0.4154173731803894,0.14579430222511292,0.5761644244194031,0.43817460536956787,0.09567172825336456,0.627409815788269,0.38543546199798584,0.12773193418979645,0.6797658801078796,0.3755992650985718,0.1247938722372055,0.7201911211013794,0.3851262629032135,0.11783013492822647,0.5678344964981079,0.4171428084373474,0.06036315858364105,0.611857533454895,0.3607122004032135,0.08627355843782425,0.6543756127357483,0.3501100540161133,0.09594408422708511,0.6904144883155823,0.35871419310569763,0.10006874054670334
C,0.48822206258773804,0.6512622237205505,8.600845831097104e-07,0.5821390151977539,0.6802266836166382,0.036872148513793945,0.6449459195137024,0.6734994649887085,0.060960449278354645,0.7020143270492554,0.6764733791351318,0.06753197312355042,0.7556272745132446,0.6737171411514282,0.07366019487380981,0.5955829620361328,0.5035932064056396,0.15505774319171906,0.6384648680686951,0.45958808064460754,0.18680663406848907,0.6830730438232422,0.4491192698478699,0.18765950202941895,0.716084361076355,0.4483136534690857,0.18556325137615204,0.5861808061599731,0.4686583876609802,0.12981592118740082,0.6400754451751709,0.4164850115776062,0.16594165563583374,0.6901438236236572,0.4044301509857178,0.15624172985553741,0.7311922311782837,0.4173814654350281,0.14575688540935516,0.577731728553772,0.4371773600578308,0.09757423400878906,0.6297560930252075,0.3850564658641815,0.12890158593654633,0.6818301677703857,0.37567365169525146,0.12524765729904175,0.7219590544700623,0.38619640469551086,0.11818747967481613,0.5692120790481567,0.4147685170173645,0.06353802233934402,0.6141486763954163,0.35866105556488037,0.08889847248792648,0.6570160388946533,0.34849995374679565,0.0981873944401741,0.6938013434410095,0.3580986261367798,0.10232943296432495
C,0.4848252236843109,0.6517192125320435,8.866491043590941e-07,0.5815269351005554,0.6800951361656189,0.04115675389766693,0.6434818506240845,0.6731807589530945,0.06623730808496475,0.7010950446128845,0.6770606637001038,0.07269041985273361,0.7558165788650513,0.6732365489006042,0.0785168781876564,0.59395432472229,0.5003740191459656,0.1618397980928421,0.6376553773880005,0.45559754967689514,0.19654648005962372,0.6828656792640686,0.44463062286376953,0.19913864135742188,0.716398298740387,0.44342607259750366,0.19777701795101166,0.5841355323791504,0.4655139446258545,0.13427510857582092,0.6386996507644653,0.4119962453842163,0.17382635176181793,0.6892027258872986,0.40006524324417114,0.16577932238578796,0.7300570607185364,0.4125800132751465,0.15599675476551056,0.575736939907074,0.43444639444351196,0.09984546899795532,0.6277410387992859,0.3816561698913574,0.1342262625694275,0.6797395348548889,0.3721983730792999,0.13228754699230194,0.7195374369621277,0.3828865587711334,0.1257144808769226,0.5682653188705444,0.4131367802619934,0.06373435258865356,0.6123466491699219,0.35735028982162476,0.09093643724918365,0.6550440192222595,0.34703531861305237,0.10096453875303268,0.6908732056617737,0.35572752356529236,0.10525598376989365
C,0.4898514449596405,0.6549957990646362,8.365707344637485e-07,0.583926260471344,0.6810048222541809,0.035324834287166595,0.6483875513076782,0.6702152490615845,0.05941019952297211,0.7057904601097107,0.6715579032897949,0.0667092576622963,0.759401798248291,0.6709961295127869,0.07365678250789642,0.5987836718559265,0.5017926096916199,0.1486329883337021,0.6410115957260132,0.4544941186904907,0.17945484817028046,0.6851160526275635,0.4417365491390228,0.18095770478248596,0.7179010510444641,0.43987900018692017,0.1796002984046936,0.5887525677680969,0.4653738737106323,0.12461823970079422,0.642901599407196,0.4088137447834015,0.1591499298810959,0.6929299831390381,0.39713072776794434,0.1500568985939026,0.7323265075683594,0.41249173879623413,0.14089077711105347,0.5794488787651062,0.43424761295318604,0.09394596517086029,0.6312658190727234,0.3772544860839844,0.12455669790506363,0.6829206943511963,0.36853721737861633,0.12040277570486069,0.7220094203948975,0.38106271624565125,0.11352954059839249,0.5695228576660156,0.4119373559951782,0.061592843383550644,0.6115224361419678,0.3510226309299469,0.08598079532384872,0.6531538963317871,0.3409898281097412,0.09421228617429733,0.6888949871063232,0.35336700081825256,0.09808499366044998
C,0.48849886655807495,0.6481310725212097,8.508166615683876e-07,0.5790548324584961,0.6735864877700806,0.0267934650182724,0.644686758518219,0.6673195362091064,0.04268551990389824,0.7055110931396484,0.6710466146469116,0.043246179819107056,0.7626413106918335,0.6696772575378418,0.043810632079839706,0.5990990400314331,0.4946809411048889,0.12981343269348145,0.6432404518127441,0.4488885700702667,0.1541813164949417,0.687514066696167,0.43666568398475647,0.1542687565088272,0.7211135625839233,0.43523409962654114,0.15313248336315155,0.5904446244239807,0.45900577306747437,0.10868901759386063,0.6450285315513611,0.40534478425979614,0.1398821473121643,0.6947798728942871,0.3933772146701813,0.13426820933818817,0.7355806827545166,0.4059028625488281,0.1283556967973709,0.5813698768615723,0.42880573868751526,0.08067310601472855,0.6342347264289856,0.37360918521881104,0.10894525796175003,0.6852863430976868,0.3637600839138031,0.1098293662071228,0.7245831489562988,0.3740865886211395,0.10732041299343109,0.5720449686050415,0.4071650505065918,0.05022956803441048,0.6144394874572754,0.34616973996162415,0.0733504369854927,0.6567378044128418,0.33462852239608765,0.08431515842676163,0.6931757926940918,0.3452097773551941,0.09121188521385193
C,0.4905291199684143,0.652668297290802,8.691178550179757e-07,0.5808972716331482,0.6771188378334045,0.030281508341431618,0.6435618996620178,0.6684595346450806,0.047522809356451035,0.7045311331748962,0.6719150543212891,0.048171911388635635,0.7621446847915649,0.6692034006118774,0.048347849398851395,0.5974327325820923,0.495372474193573,0.13841016590595245,0.6415867805480957,0.4481082558631897,0.16575783491134644,0.6865005493164062,0.4358598589897156,0.16691842675209045,0.7200385332107544,0.4349319338798523,0.16611315310001373,0.5884414315223694,0.46000105142593384,0.11520616710186005,0.6434987783432007,0.404188334941864,0.14845730364322662,0.6937566995620728,0.39212554693222046,0.14201529324054718,0.7346602082252502,0.40620389580726624,0.13532017171382904,0.5794689059257507,0.42919379472732544,0.08503345400094986,0.633460521697998,0.37215521931648254,0.11507879942655563,0.6860679984092712,0.36251217126846313,0.11444757878780365,0.7257823348045349,0.3748423755168915,0.11040491610765457,0.5700157880783081,0.4069660007953644,0.05260962247848511,0.6133254766464233,0.34401050209999084,0.07684199512004852,0.6565176844596863,0.33183664083480835,0.08696141093969345,0.6934090852737427,0.3428539037704468,0.09270787239074707
C,0.5026106834411621,0.6434240937232971,8.261575885626371e-07,0.5815956592559814,0.6669905185699463,0.014889881014823914,0.6490110158920288,0.6586164236068726,0.02508542500436306,0.7128728628158569,0.6567453742027283,0.02302427403628826,0.7718058228492737,0.651399552822113,0.02209790050983429,0.6082348227500916,0.47678425908088684,0.10868578404188156,0.6548872590065002,0.42951616644859314,0.1260114461183548,0.6990318298339844,0.4212278127670288,0.12281721830368042,0.7322819828987122,0.42360159754753113,0.1203925684094429,0.600775957107544,0.4416757822036743,0.09334712475538254,0.6559266448020935,0.38993754982948303,0.11939086765050888,0.7058182954788208,0.3808976411819458,0.11315253376960754,0.7481110095977783,0.392831027507782,0.10679212957620621,0.5919713973999023,0.4115484058856964,0.07079247385263443,0.6468931436538696,0.35941582918167114,0.09495295584201813,0.6970434784889221,0.35112622380256653,0.09446489065885544,0.7363772988319397,0.36138296127319336,0.09140995889902115,0.5834202766418457,0.38873761892318726,0.04504023492336273,0.6271904706954956,0.32910293340682983,0.06630848348140717,0.6714367270469666,0.3164440393447876,0.0761667788028717,0.7110177874565125,0.32640039920806885,0.08241261541843414
C,0.502230167388916,0.6508833169937134,7.775934705023246e-07,0.5839004516601562,0.674052894115448,0.016214128583669662,0.6509134769439697,0.6601675152778625,0.026281004771590233,0.7138398885726929,0.6570180654525757,0.0238675344735384,0.7727603316307068,0.655397355556488,0.02202925644814968,0.6063426733016968,0.4819992780685425,0.10573330521583557,0.6540006399154663,0.43257638812065125,0.12255268543958664,0.6998957991600037,0.4225192666053772,0.11885762959718704,0.7337153553962708,0.42349958419799805,0.11566224694252014,0.5968364477157593,0.44693562388420105,0.08893691003322601,0.6532779335975647,0.39028578996658325,0.11349493265151978,0.70441734790802,0.3794282078742981,0.10639915615320206,0.7466950416564941,0.3909870982170105,0.09931708872318268,0.5859149098396301,0.4173099398612976,0.06546593457460403,0.6428903937339783,0.3580688536167145,0.08822888880968094,0.695927619934082,0.3481683135032654,0.08750416338443756,0.7365016341209412,0.3586379587650299,0.08416975289583206,0.5752760171890259,0.39626577496528625,0.03910530358552933,0.6207219362258911,0.33081015944480896,0.05869394913315773,0.6664000153541565,0.3189378082752228,0.06832962483167648,0.7054999470710754,0.33113598823547363,0.07434766739606857
C,0.5055384635925293,0.6317120790481567,8.245585831900826e-07,0.5887417197227478,0.6574935913085938,0.02223134972155094,0.6571890711784363,0.6464887261390686,0.03638197481632233,0.720564067363739,0.644667387008667,0.036056216806173325,0.7798891663551331,0.6428632736206055,0.03647954761981964,0.6118142008781433,0.46970826387405396,0.12134942412376404,0.6567394733428955,0.42281314730644226,0.14184705913066864,0.7020959258079529,0.41129058599472046,0.1394602656364441,0.735526442527771,0.41085726022720337,0.1373031586408615,0.6041251420974731,0.4317992925643921,0.10216142982244492,0.6585450768470764,0.37803298234939575,0.13152961432933807,0.7100334763526917,0.3667777478694916,0.12506741285324097,0.7519756555557251,0.37910890579223633,0.11830050498247147,0.5954016447067261,0.39910656213760376,0.07606939226388931,0.6501355767250061,0.34423714876174927,0.1041191816329956,0.7018123865127563,0.33422034978866577,0.10514139384031296,0.7407927513122559,0.3438417315483093,0.10251104831695557,0.5869305729866028,0.3741202652454376,0.04704299569129944,0.6318403482437134,0.31354761123657227,0.07216651737689972,0.6768198609352112,0.3021603226661682,0.08503603935241699,0.7153410315513611,0.31286224722862244,0.09305907785892487
C,0.5087253451347351,0.596371591091156,9.412676149622712e-07,0.593086302280426,0.6260479092597961,0.014423328451812267,0.6626577377319336,0.6237791180610657,0.023278357461094856,0.7293004989624023,0.6243845224380493,0.019120898097753525,0.7911553978919983,0.6173991560935974,0.01602826826274395,0.6221643686294556,0.43955284357070923,0.11424724757671356,0.667741596698761,0.3942367136478424,0.1325828731060028,0.7129500508308411,0.38148799538612366,0.12992128729820251,0.7470836043357849,0.3795311450958252,0.1278620958328247,0.6164771914482117,0.40136659145355225,0.09841562062501907,0.6705372929573059,0.35253310203552246,0.12762625515460968,0.7203373312950134,0.3397238850593567,0.12323716282844543,0.7628397941589355,0.34564757347106934,0.11803622543811798,0.6073580980300903,0.3662988543510437,0.0748784989118576,0.6596106290817261,0.31529831886291504,0.10180933028459549,0.7078657746315002,0.30361518263816833,0.10657168924808502,0.7454648017883301,0.30881422758102417,0.10725182294845581,0.5953059792518616,0.33765316009521484,0.04763473570346832,0.6366600394248962,0.2777264714241028,0.07245177775621414,0.6792773008346558,0.2640300393104553,0.08785291761159897,0.7161878347396851,0.272061824798584,0.09845608472824097
C,0.5169742107391357,0.5999211668968201,9.271695944335079e-07,0.6036224365234375,0.6236914992332458,0.0074021536856889725,0.671780526638031,0.6172909736633301,0.01173928752541542,0.7380775809288025,0.6154000163078308,0.005148976109921932,0.798122763633728,0.6036965250968933,-6.689141446258873e-05,0.6277729272842407,0.4199892282485962,0.09738181531429291,0.6745887994766235,0.36904919147491455,0.10951385647058487,0.7223113179206848,0.35771438479423523,0.10269121080636978,0.758699357509613,0.35801565647125244,0.09795517474412918,0.6201695203781128,0.38317403197288513,0.08467253297567368,0.6775354146957397,0.33018404245376587,0.10682369023561478,0.7298632860183716,0.3183494508266449,0.09867551177740097,0.7742487788200378,0.32710760831832886,0.09084328263998032,0.6096546649932861,0.3521782159805298,0.06444429606199265,0.6671257615089417,0.29870638251304626,0.0856180489063263,0.7182013392448425,0.28823116421699524,0.08537503331899643,0.7582108378410339,0.29601263999938965,0.08257885277271271,0.5962432622909546,0.3306533396244049,0.04053141549229622,0.6404921412467957,0.2667977213859558,0.05979606509208679,0.6854416728019714,0.25070464611053467,0.07012341171503067,0.7248808145523071,0.2582453489303589,0.07689715921878815
C,0.5126960873603821,0.6008394956588745,9.130816351898829e-07,0.6022796630859375,0.6251001358032227,0.01341494545340538,0.6721621155738831,0.6127818822860718,0.021250732243061066,0.7408813834190369,0.6115188002586365,0.016017507761716843,0.803520917892456,0.6052850484848022,0.01140469778329134,0.6240647435188293,0.42213955521583557,0.11234448105096817,0.6722975969314575,0.3714514374732971,0.1285313367843628,0.7212533950805664,0.35959944128990173,0.12225137650966644,0.7579225301742554,0.35771414637565613,0.11710307747125626,0.6165504455566406,0.3854077160358429,0.09600672870874405,0.6722930669784546,0.33035987615585327,0.12212581932544708,0.7250937223434448,0.31551826000213623,0.11313420534133911,0.7703881859779358,0.32216256856918335,0.10412914305925369,0.6053063869476318,0.3525899648666382,0.07204068452119827,0.6615020632743835,0.29413628578186035,0.09703811258077621,0.714491605758667,0.279508501291275,0.09720742702484131,0.7570675611495972,0.2849764823913574,0.09403488039970398,0.5914524793624878,0.3292927145957947,0.04445688799023628,0.6368011236190796,0.2626934349536896,0.06715889275074005,0.6833721399307251,0.24856652319431305,0.079604871571064,0.724169909954071,0.25906309485435486,0.08744650334119797
C,0.5361431837081909,0.5832211375236511,1.0788735380629078e-06,0.6269436478614807,0.6155405044555664,0.018225574865937233,0.6950148940086365,0.6072715520858765,0.03278201073408127,0.7647160887718201,0.600634753704071,0.033435165882110596,0.8280454277992249,0.5838942527770996,0.03508845344185829,0.6445553302764893,0.40750738978385925,0.1358739584684372,0.6952686309814453,0.35280340909957886,0.1639312356710434,0.7432122230529785,0.3382686376571655,0.16420862078666687,0.7794808149337769,0.3347609043121338,0.16269949078559875,0.6368108987808228,0.3640291690826416,0.12109440565109253,0.6967292428016663,0.31009575724601746,0.15750695765018463,0.7521860599517822,0.2954217195510864,0.15021909773349762,0.7999802827835083,0.30250120162963867,0.1416773945093155,0.628099262714386,0.3265112042427063,0.09806603938341141,0.6845419406890869,0.2724907398223877,0.13213267922401428,0.7379118800163269,0.2602217197418213,0.1286686211824417,0.7820677757263184,0.26516401767730713,0.12142837047576904,0.6163318753242493,0.2980247139930725,0.07162218540906906,0.6636848449707031,0.23976875841617584,0.10170438140630722,0.7115715742111206,0.22567631304264069,0.11193733662366867,0.7552202343940735,0.23451155424118042,0.11652779579162598
C,0.5336785912513733,0.588234543800354,1.196240191347897e-06,0.640350341796875,0.6261865496635437,0.04567161947488785,0.7143973708152771,0.6102631092071533,0.0735521912574768,0.786877453327179,0.6037346124649048,0.07979629188776016,0.8544443249702454,0.5867397785186768,0.08530251681804657,0.6546055674552917,0.39606255292892456,0.19046923518180847,0.7093436121940613,0.33828628063201904,0.23180720210075378,0.7656269669532776,0.3233111798763275,0.2355421632528305,0.8085545897483826,0.3203684389591217,0.2345285564661026,0.6488377451896667,0.3533015251159668,0.15960344672203064,0.7150292992591858,0.28970640897750854,0.20845858752727509,0.7801282405853271,0.2720944583415985,0.20055434107780457,0.8325819969177246,0.2820248007774353,0.18980954587459564,0.6401853561401367,0.3130587637424469,0.1199592873454094,0.7023864984512329,0.25182902812957764,0.16460180282592773,0.7639225721359253,0.23896828293800354,0.16187912225723267,0.812555193901062,0.24615374207496643,0.15271052718162537,0.6276739835739136,0.28587841987609863,0.0777953490614891,0.6807218194007874,0.21840855479240417,0.11498753726482391,0.7350207567214966,0.20538344979286194,0.12644442915916443,0.7815922498703003,0.21456660330295563,0.1298612356185913
C,0.532777726650238,0.597819447517395,1.188568376164767e-06,0.6449617147445679,0.6260751485824585,0.051020313054323196,0.7222042083740234,0.6020624041557312,0.0809023380279541,0.7967364192008972,0.596188485622406,0.08712875843048096,0.8672778606414795,0.5880518555641174,0.09233925491571426,0.6585871577262878,0.39020514488220215,0.19966506958007812,0.7186472415924072,0.33114904165267944,0.2436811774969101,0.7770236730575562,0.31463873386383057,0.2495213896036148,0.8204013109207153,0.30997923016548157,0.25038212537765503,0.6490969657897949,0.34777969121932983,0.16503220796585083,0.7174554467201233,0.27836209535598755,0.21867144107818604,0.7828989028930664,0.25775474309921265,0.21481002867221832,0.8364158868789673,0.26532864570617676,0.20728939771652222,0.6392492055892944,0.30951330065727234,0.12151165306568146,0.701991081237793,0.23740053176879883,0.16937583684921265,0.7676498889923096,0.21970167756080627,0.1724836677312851,0.8187175989151001,0.2257796674966812,0.16787631809711456,0.6279304623603821,0.2833250164985657,0.07535885274410248,0.6811182498931885,0.206556037068367,0.11482003331184387,0.7372916340827942,0.18946561217308044,0.1314832866191864,0.7849288582801819,0.1970168650150299,0.139587864279747
C,0.5218205451965332,0.6017351746559143,1.1287210099908407e-06,0.6395151615142822,0.6294432878494263,0.053096022456884384,0.7193787693977356,0.6034948825836182,0.08500511199235916,0.7964770197868347,0.5964165925979614,0.09283101558685303,0.8679772019386292,0.587871253490448,0.09981072694063187,0.6572045087814331,0.3880326449871063,0.20254269242286682,0.7196891903877258,0.3278619945049286,0.24738971889019012,0.7789531946182251,0.31153902411460876,0.25330671668052673,0.8233008980751038,0.30719268321990967,0.25383231043815613,0.6455655097961426,0.34389764070510864,0.1672975718975067,0.7132819890975952,0.2748008966445923,0.22197164595127106,0.7791656255722046,0.2538304626941681,0.21868054568767548,0.8346388936042786,0.26007843017578125,0.2112305462360382,0.6349193453788757,0.3060639202594757,0.12323897331953049,0.6987544894218445,0.23356084525585175,0.17105548083782196,0.765338122844696,0.21572665870189667,0.1763695478439331,0.8170979022979736,0.22226403653621674,0.17343521118164062,0.6246477365493774,0.28143009543418884,0.07661423832178116,0.681363582611084,0.20569437742233276,0.11524233222007751,0.7377607226371765,0.190121591091156,0.13354545831680298,0.7845689058303833,0.1988595873117447,0.14341334998607635
C,0.5298915505409241,0.6005473136901855,1.3299575130076846e-06,0.6549533009529114,0.6274252533912659,0.07312063127756119,0.7335911989212036,0.6078482866287231,0.11475855857133865,0.8097087144851685,0.601547360420227,0.12687690556049347,0.8851399421691895,0.5916997790336609,0.13740038871765137,0.6594433784484863,0.3869999647140503,0.2538294792175293,0.7224460244178772,0.3262931704521179,0.31294524669647217,0.7869935035705566,0.30746379494667053,0.32289132475852966,0.8333678245544434,0.3005620241165161,0.32475337386131287,0.6505225896835327,0.34142908453941345,0.2103126049041748,0.7237990498542786,0.27038073539733887,0.27816644310951233,0.7971452474594116,0.2514684200286865,0.2737632393836975,0.8553856015205383,0.2596258521080017,0.2640448212623596,0.6433671712875366,0.2989729046821594,0.15717363357543945,0.7117318511009216,0.22823290526866913,0.21823281049728394,0.7802801132202148,0.21337807178497314,0.22070695459842682,0.833324134349823,0.22094881534576416,0.21298669278621674,0.6379609107971191,0.2694876790046692,0.10227280855178833,0.6962127089500427,0.1972627192735672,0.1534978747367859,0.7538149356842041,0.18122395873069763,0.17249374091625214,0.8011210560798645,0.18499767780303955,0.17974789440631866
C,0.5194318294525146,0.6126776337623596,1.3033258028372074e-06,0.6521620750427246,0.6381269693374634,0.08958688378334045,0.7372332215309143,0.6118620038032532,0.141780823469162,0.8139609694480896,0.6052422523498535,0.1611463576555252,0.8900166153907776,0.599616527557373,0.17873911559581757,0.6542733311653137,0.38042962551116943,0.27872535586357117,0.722019374370575,0.317455530166626,0.344673752784729,0.7916605472564697,0.2968829274177551,0.35599130392074585,0.8431833386421204,0.28988826274871826,0.35705801844596863,0.6446508169174194,0.3351600170135498,0.2265535444021225,0.7198142409324646,0.25655925273895264,0.2999778091907501,0.7956313490867615,0.23624156415462494,0.29460498690605164,0.8560547828674316,0.24525204300880432,0.28239351511001587,0.6369771957397461,0.2930082678794861,0.16544564068317413,0.708139181137085,0.2143632471561432,0.22916032373905182,0.7801209092140198,0.19865943491458893,0.2327217012643814,0.8359464406967163,0.20903334021568298,0.22461113333702087,0.6349173784255981,0.2662283182144165,0.10347214341163635,0.6980100274085999,0.18954578042030334,0.15588440001010895,0.7581911683082581,0.17367225885391235,0.17593534290790558,0.8065093159675598,0.17544522881507874,0.1831287294626236
C,0.5139647722244263,0.6175371408462524,1.2417984862622689e-06,0.6518569588661194,0.6437368988990784,0.09247329831123352,0.7387509346008301,0.6143699884414673,0.14638802409172058,0.8165252804756165,0.6054918766021729,0.16635312139987946,0.8937177658081055,0.5984100699424744,0.18428736925125122,0.6574913263320923,0.3834415674209595,0.2831425964832306,0.7249853610992432,0.31921300292015076,0.3486288785934448,0.7959500551223755,0.2962060570716858,0.3581201434135437,0.8473257422447205,0.2873156666755676,0.35778480768203735,0.6459234952926636,0.337456077337265,0.22859258949756622,0.7225190997123718,0.2553384304046631,0.30162206292152405,0.7997874021530151,0.23353852331638336,0.293022483587265,0.859970211982727,0.24333009123802185,0.2782353460788727,0.6381718516349792,0.29448121786117554,0.16520994901657104,0.7096723914146423,0.2086305171251297,0.2288445234298706,0.7845070362091064,0.19451552629470825,0.22922149300575256,0.8399102091789246,0.20709426701068878,0.218464195728302,0.6355385780334473,0.2641837000846863,0.10118971019983292,0.6972543001174927,0.18270084261894226,0.15233464539051056,0.7582882046699524,0.1683202087879181,0.17042261362075806,0.8065544962882996,0.17352917790412903,0.1760905236005783
C,0.5065426230430603,0.6196852922439575,1.2527991657407256e-06,0.6455215215682983,0.6445121765136719,0.0904417335987091,0.7347045540809631,0.616921603679657,0.1420666128396988,0.8146709203720093,0.6094658374786377,0.1596439927816391,0.8943319320678711,0.5994042158126831,0.17521512508392334,0.6575673818588257,0.38256698846817017,0.2813534438610077,0.7260646224021912,0.3188195526599884,0.34644943475723267,0.7973750233650208,0.2960923910140991,0.3556148111820221,0.8491430282592773,0.28816932439804077,0.35495564341545105,0.6454107165336609,0.3357729911804199,0.22627374529838562,0.7204610109329224,0.2537333369255066,0.2998851239681244,0.7980242967605591,0.2309708595275879,0.29151326417922974,0.8598546385765076,0.2404624968767166,0.27647462487220764,0.6375725269317627,0.29381921887397766,0.16205210983753204,0.7086920738220215,0.20771440863609314,0.2259560227394104,0.7841218113899231,0.19400516152381897,0.2266981452703476,0.8408856391906738,0.2063799798488617,0.215836763381958,0.6352245211601257,0.26578783988952637,0.09688525646924973,0.698246955871582,0.18409138917922974,0.14769797027111053,0.7595339417457581,0.1686578094959259,0.16619478166103363,0.8082859516143799,0.17231330275535583,0.17214801907539368
C,0.5278857350349426,0.636925458908081,1.1363111980244867e-06,0.6530691981315613,0.6542842388153076,0.050951048731803894,0.7443543672561646,0.6255242824554443,0.07690248638391495,0.8274343013763428,0.61819988489151,0.07747329771518707,0.9059834480285645,0.605392575263977,0.07742565125226974,0.6822249293327332,0.37725746631622314,0.19942444562911987,0.746577262878418,0.3104338049888611,0.23713421821594238,0.811501145362854,0.29341021180152893,0.23706267774105072,0.8592425584793091,0.293380469083786,0.2341206669807434,0.6681216359138489,0.33400118350982666,0.16027329862117767,0.7381248474121094,0.24743609130382538,0.20682042837142944,0.8106415271759033,0.22858725488185883,0.20055511593818665,0.8680625557899475,0.24670131504535675,0.19247165322303772,0.6559769511222839,0.2979733645915985,0.11151561886072159,0.7211384773254395,0.20099063217639923,0.15243156254291534,0.7950517535209656,0.18848878145217896,0.15635722875595093,0.8502644300460815,0.2095104306936264,0.15398064255714417,0.6447467803955078,0.2759963274002075,0.05976630374789238,0.7043700218200684,0.1846834123134613,0.0915854275226593,0.7651373744010925,0.16836902499198914,0.10772759467363358,0.8138368129730225,0.18433526158332825,0.117362841963768
C,0.5251674056053162,0.6427674889564514,1.1420589771660161e-06,0.6538263559341431,0.6619840860366821,0.06612557917833328,0.7450560927391052,0.6276065111160278,0.10114607214927673,0.8288010358810425,0.62052983045578,0.10751891881227493,0.9064866900444031,0.608013391494751,0.11247635632753372,0.6793898344039917,0.3821907043457031,0.2244023084640503,0.7474374175071716,0.3169596791267395,0.27282780408859253,0.8146281242370605,0.29705846309661865,0.2783656418323517,0.8631338477134705,0.2927878499031067,0.2780088186264038,0.6644607782363892,0.3378273546695709,0.17833983898162842,0.7367963194847107,0.25415968894958496,0.23531751334667206,0.8116322755813599,0.23313403129577637,0.23212862014770508,0.8710062503814697,0.24814918637275696,0.22486841678619385,0.6522902250289917,0.30134278535842896,0.1231323704123497,0.7198540568351746,0.2071634829044342,0.17208720743656158,0.7970925569534302,0.19391122460365295,0.17843760550022125,0.8541008830070496,0.21256162226200104,0.17618811130523682,0.6414923071861267,0.2804310917854309,0.06562642008066177,0.7031988501548767,0.1877400279045105,0.10261053591966629,0.7672268152236938,0.17245131731033325,0.12072782963514328,0.8182414770126343,0.18847984075546265,0.13083317875862122
C,0.5215671062469482,0.6456014513969421,1.13249882360833e-06,0.652414083480835,0.6633612513542175,0.0660632997751236,0.7438346147537231,0.6271547675132751,0.1022784411907196,0.8281069993972778,0.6224217414855957,0.10968661308288574,0.9064456820487976,0.6107823252677917,0.11554697155952454,0.6788989901542664,0.38525140285491943,0.2261597365140915,0.7476813197135925,0.32065749168395996,0.2743001878261566,0.8154147267341614,0.3009820580482483,0.278523325920105,0.8651756644248962,0.29598498344421387,0.27673980593681335,0.664257287979126,0.3412615656852722,0.17973479628562927,0.737729549407959,0.25953036546707153,0.23554745316505432,0.8133816719055176,0.2372547686100006,0.22967420518398285,0.874497652053833,0.2516317665576935,0.21974317729473114,0.6523388028144836,0.30542683601379395,0.1238948330283165,0.7233178615570068,0.21520310640335083,0.17147313058376312,0.8009307980537415,0.20196262001991272,0.17434436082839966,0.8589861392974854,0.21891361474990845,0.16909898817539215,0.6421723365783691,0.2849622964859009,0.06586210429668427,0.7077513933181763,0.19530457258224487,0.10219817608594894,0.7707133293151855,0.17846927046775818,0.11847080290317535,0.8208752274513245,0.19132986664772034,0.1264028698205948
C,0.5168926119804382,0.6425989866256714,1.1710056924130186e-06,0.6512306928634644,0.6637989282608032,0.07382865995168686,0.7420910596847534,0.6306166648864746,0.11278738081455231,0.8276464343070984,0.6251411437988281,0.12069404870271683,0.9073804616928101,0.6094570755958557,0.1265343725681305,0.677485466003418,0.3879418671131134,0.24167096614837646,0.7449548244476318,0.32120758295059204,0.2954416275024414,0.8134282231330872,0.3006291389465332,0.3031444251537323,0.8633027076721191,0.2975035309791565,0.3034813106060028,0.663643479347229,0.34321317076683044,0.19154053926467896,0.7360392212867737,0.2573243975639343,0.25302720069885254,0.8127825856208801,0.2351727932691574,0.2492632418870926,0.8737391829490662,0.2504139542579651,0.2407744824886322,0.6527926921844482,0.30658847093582153,0.131952702999115,0.7212123274803162,0.21202920377254486,0.1839982569217682,0.799842894077301,0.19934973120689392,0.18790028989315033,0.8577765226364136,0.21659621596336365,0.18291370570659637,0.6436156630516052,0.28518959879875183,0.0705261081457138,0.7062757015228271,0.19263797998428345,0.10937117040157318,0.771036684513092,0.17675092816352844,0.1258353441953659,0.8222790956497192,0.19015854597091675,0.13370898365974426
C,0.5245686769485474,0.643753170967102,1.0546691555646248e-06,0.6468679308891296,0.6656579971313477,0.05547281727194786,0.7414354681968689,0.6331176161766052,0.0823674350976944,0.8296166658401489,0.6264249086380005,0.08312409371137619,0.908069372177124,0.6133897304534912,0.08264414221048355,0.6815433502197266,0.3801908791065216,0.19359837472438812,0.7488839030265808,0.3110414743423462,0.2314504086971283,0.8157384991645813,0.2987741231918335,0.23236027359962463,0.864138662815094,0.30687522888183594,0.22997066378593445,0.6686973571777344,0.33745408058166504,0.15212425589561462,0.7419934272766113,0.24150118231773376,0.19671152532100677,0.8173965215682983,0.22967250645160675,0.18994112312793732,0.8726693391799927,0.26046818494796753,0.18212151527404785,0.6575689315795898,0.3050564229488373,0.10256931930780411,0.7259430885314941,0.19803881645202637,0.1416725218296051,0.8050275444984436,0.19604837894439697,0.1434599608182907,0.8588798642158508,0.22999069094657898,0.13980010151863098,0.6484365463256836,0.28852593898773193,0.05091695114970207,0.7131578922271729,0.19396653771400452,0.08089842647314072,0.7787598371505737,0.1886805295944214,0.09528195858001709,0.827872097492218,0.21576239168643951,0.10380152612924576
C,0.5241137742996216,0.6440361142158508,1.0331798421248095e-06,0.6468406915664673,0.6664168834686279,0.062140319496393204,0.7353643178939819,0.6310964822769165,0.09459558874368668,0.8179758787155151,0.6194627285003662,0.09967077523469925,0.8963428735733032,0.6057072877883911,0.10345365852117538,0.6751694083213806,0.39090773463249207,0.20837539434432983,0.7366774082183838,0.32378584146499634,0.25236621499061584,0.8017624020576477,0.3057325482368469,0.2557520866394043,0.8491027355194092,0.30582886934280396,0.25403913855552673,0.661112368106842,0.3445950150489807,0.16500188410282135,0.7332093119621277,0.24025976657867432,0.21251054108142853,0.8110380172729492,0.22362177073955536,0.20437313616275787,0.8685856461524963,0.24950595200061798,0.19514049589633942,0.6498316526412964,0.30848997831344604,0.11362496763467789,0.7196126580238342,0.19434896111488342,0.15429909527301788,0.8051122426986694,0.19242724776268005,0.1501448154449463,0.8644960522651672,0.22738994657993317,0.14166103303432465,0.6428404450416565,0.28949153423309326,0.061092693358659744,0.7126333713531494,0.19946879148483276,0.09300700575113297,0.7844528555870056,0.20242679119110107,0.10457925498485565,0.8394654393196106,0.23676450550556183,0.10971143841743469
C,0.5315513610839844,0.642897367477417,9.889158718578983e-07,0.649790346622467,0.6660000085830688,0.05302237346768379,0.736985445022583,0.6318127512931824,0.08156688511371613,0.8198854327201843,0.6183868646621704,0.08511432260274887,0.897384524345398,0.6033706665039062,0.0881727859377861,0.6749482750892639,0.3914521634578705,0.1927226334810257,0.7364469170570374,0.3265427052974701,0.23055508732795715,0.8022953271865845,0.3101339042186737,0.23072083294391632,0.8489358425140381,0.3135847747325897,0.2276042252779007,0.6616631150245667,0.34698402881622314,0.15421873331069946,0.7328206300735474,0.24291987717151642,0.1962210237979889,0.8112531900405884,0.22828739881515503,0.18634985387325287,0.8703163266181946,0.2528873085975647,0.17605677247047424,0.6506248116493225,0.3111357092857361,0.10746558010578156,0.7190563678741455,0.1958523988723755,0.1425742208957672,0.8040315508842468,0.19361332058906555,0.13589893281459808,0.8634071350097656,0.22802509367465973,0.126394584774971,0.6443973183631897,0.2900528907775879,0.059256359934806824,0.7142069339752197,0.19809404015541077,0.08691026270389557,0.7861998081207275,0.2004857063293457,0.09661539644002914,0.8418590426445007,0.2349604368209839,0.10087144374847412
C,0.5218547582626343,0.6472203135490417,9.381888048665132e-07,0.6440685391426086,0.663245439529419,0.06161350756883621,0.7330506443977356,0.6293472051620483,0.0932094156742096,0.8149793148040771,0.6165688037872314,0.09805145859718323,0.8915534019470215,0.5971994400024414,0.10160556435585022,0.6674911975860596,0.3901807367801666,0.20408529043197632,0.7319201827049255,0.32313716411590576,0.24618978798389435,0.7966705560684204,0.31161630153656006,0.24760550260543823,0.8418771624565125,0.319264680147171,0.24472467601299286,0.6533373594284058,0.3472442924976349,0.16174714267253876,0.7253332138061523,0.24571910500526428,0.20699156820774078,0.8014087677001953,0.23602668941020966,0.19587530195713043,0.856779158115387,0.2682613730430603,0.18433105945587158,0.6425675749778748,0.3133680820465088,0.1121247187256813,0.7138277888298035,0.20074620842933655,0.1526551991701126,0.795494556427002,0.20470380783081055,0.14781837165355682,0.8504961133003235,0.24529628455638885,0.13859687745571136,0.6368268728256226,0.2950326204299927,0.06147824600338936,0.7073461413383484,0.20004647970199585,0.09420326352119446,0.7776949405670166,0.20206934213638306,0.10613946616649628,0.8306142091751099,0.23614740371704102,0.11127655953168869
C,0.5264706611633301,0.6455427408218384,8.878216704033548e-07,0.646066427230835,0.658843994140625,0.053448162972927094,0.7319627404212952,0.6287891864776611,0.08108785003423691,0.8122053146362305,0.6156765222549438,0.08389812707901001,0.8872110843658447,0.5991670489311218,0.08600148558616638,0.6682007312774658,0.39508527517318726,0.18847616016864777,0.7297989130020142,0.33066239953041077,0.22294440865516663,0.7935913801193237,0.31805679202079773,0.22071658074855804,0.8377511501312256,0.3249444365501404,0.21636931598186493,0.653602123260498,0.350870281457901,0.15043355524539948,0.7233896851539612,0.2525763213634491,0.1891171634197235,0.7976323366165161,0.242502361536026,0.17680779099464417,0.8534806370735168,0.2709965407848358,0.16483134031295776,0.6417366862297058,0.31508612632751465,0.10474533587694168,0.712113618850708,0.20705407857894897,0.1384701132774353,0.7921444177627563,0.20999997854232788,0.13171839714050293,0.8466357588768005,0.2496144026517868,0.12236414104700089,0.6348409652709961,0.2932485342025757,0.057834576815366745,0.7052223682403564,0.20308075845241547,0.08567513525485992,0.7738586664199829,0.20559880137443542,0.09605168551206589,0.8257941007614136,0.24110108613967896,0.10093105584383011
C,0.5302014350891113,0.6419485211372375,9.581428912497358e-07,0.6477212309837341,0.6577702164649963,0.05178094655275345,0.734552800655365,0.6261136531829834,0.07885286957025528,0.8149943947792053,0.6163758039474487,0.0815933421254158,0.8891500234603882,0.6004564762115479,0.08370359241962433,0.6684199571609497,0.3907877504825592,0.18703991174697876,0.7307373285293579,0.32791855931282043,0.22215516865253448,0.7952982187271118,0.3154120445251465,0.22063294053077698,0.8401132225990295,0.32414743304252625,0.21718944609165192,0.6538770198822021,0.3477216958999634,0.15077653527259827,0.7257405519485474,0.24961023032665253,0.1910666972398758,0.8003755807876587,0.24041226506233215,0.1799861639738083,0.8557595014572144,0.27107053995132446,0.16925591230392456,0.6423278450965881,0.3127039670944214,0.10687433183193207,0.714192271232605,0.20622870326042175,0.14272958040237427,0.7943577170372009,0.2089615911245346,0.13686595857143402,0.8481932878494263,0.2482248842716217,0.12807126343250275,0.6359304189682007,0.2910144329071045,0.06159234419465065,0.7065288424491882,0.20451517403125763,0.0909685268998146,0.7750953435897827,0.20738212764263153,0.10168556869029999,0.8264673352241516,0.24296098947525024,0.10697868466377258
C,0.5291681289672852,0.6462697982788086,8.215745879169845e-07,0.648788571357727,0.6591681241989136,0.053313810378313065,0.7325438261032104,0.6280970573425293,0.0839022845029831,0.8092855215072632,0.6149735450744629,0.090027816593647,0.8808832168579102,0.5953762531280518,0.09533732384443283,0.6655257940292358,0.40374335646629333,0.19216202199459076,0.7262877225875854,0.34231770038604736,0.22859641909599304,0.7857062816619873,0.333877295255661,0.22654464840888977,0.8251164555549622,0.3457223176956177,0.22232253849506378,0.650349497795105,0.3591190576553345,0.1556447446346283,0.7183603048324585,0.26706671714782715,0.19660580158233643,0.7888842225074768,0.25705522298812866,0.18243888020515442,0.8424593806266785,0.28691768646240234,0.16849833726882935,0.6380006074905396,0.32236409187316895,0.11152874678373337,0.7086727619171143,0.22085484862327576,0.1475609391927719,0.7843083739280701,0.22492782771587372,0.13911959528923035,0.8359936475753784,0.2658248543739319,0.12800267338752747,0.6299875974655151,0.29953986406326294,0.06617021560668945,0.6975030899047852,0.21119844913482666,0.09609149396419525,0.762610137462616,0.21357852220535278,0.10630032420158386,0.8130898475646973,0.24953244626522064,0.11051960289478302
C,0.5281029939651489,0.6360628008842468,8.734605216886848e-07,0.6476012468338013,0.6520335674285889,0.055750347673892975,0.7301124334335327,0.6225777268409729,0.08639349788427353,0.8072258234024048,0.6134570240974426,0.09174235910177231,0.8782546520233154,0.5988867878913879,0.09602594375610352,0.6673067808151245,0.4013010263442993,0.1953081339597702,0.726582407951355,0.3421291708946228,0.2340594083070755,0.7852780818939209,0.33250054717063904,0.23471829295158386,0.8251733183860779,0.3421801030635834,0.23253701627254486,0.6529281139373779,0.3569282293319702,0.15809477865695953,0.7199673652648926,0.2713417708873749,0.20237228274345398,0.7893946766853333,0.26305580139160156,0.19254902005195618,0.8422137498855591,0.29244834184646606,0.18216156959533691,0.6415024995803833,0.32017782330513,0.11325401812791824,0.7112134695053101,0.22796548902988434,0.15270307660102844,0.7845185995101929,0.2328002005815506,0.14838075637817383,0.8336359262466431,0.2718577980995178,0.1401500254869461,0.6336761713027954,0.29596155881881714,0.06703464686870575,0.7003631591796875,0.21549808979034424,0.0994754359126091,0.7634051442146301,0.21892929077148438,0.11173156648874283,0.8110226392745972,0.2550972104072571,0.11775779724121094
C,0.5331314206123352,0.6367052793502808,8.43931218241778e-07,0.649859607219696,0.6532843112945557,0.05494837462902069,0.7300639152526855,0.6264713406562805,0.08509422838687897,0.8039228916168213,0.6146268844604492,0.09085113555192947,0.8727377653121948,0.5989302396774292,0.09570300579071045,0.6648102402687073,0.40610089898109436,0.1891760528087616,0.7235498428344727,0.348721981048584,0.22594599425792694,0.7813945412635803,0.340517520904541,0.2258816808462143,0.8201471567153931,0.3502616286277771,0.22329841554164886,0.6499553322792053,0.3617650866508484,0.1522495150566101,0.7153642177581787,0.27728593349456787,0.19498328864574432,0.7839200496673584,0.2687487006187439,0.1855565905570984,0.8359637260437012,0.2967667877674103,0.17529083788394928,0.6384135484695435,0.325149267911911,0.10791107267141342,0.705501139163971,0.23174431920051575,0.14503751695156097,0.7783970236778259,0.23473210632801056,0.14141662418842316,0.8279682993888855,0.2712114155292511,0.13387596607208252,0.6308590769767761,0.3013951778411865,0.06233108788728714,0.6936222910881042,0.21893572807312012,0.09205799549818039,0.7561916708946228,0.22121746838092804,0.10402385890483856,0.8040271401405334,0.2553054094314575,0.11020423471927643
C,0.5334897041320801,0.6359394788742065,9.115968282458198e-07,0.6516451239585876,0.6572124361991882,0.06359043717384338,0.730543851852417,0.6259440183639526,0.09996809810400009,0.8053750395774841,0.6139277815818787,0.10986573249101639,0.8738475441932678,0.5981213450431824,0.11844943463802338,0.6604660153388977,0.40659600496292114,0.21028296649456024,0.7200329899787903,0.3487444519996643,0.2569822072982788,0.7787448167800903,0.3387446403503418,0.2622711956501007,0.8183696269989014,0.34709757566452026,0.26263129711151123,0.6468597650527954,0.361186683177948,0.1714565008878708,0.7122273445129395,0.278188556432724,0.22462144494056702,0.7812483310699463,0.26828086376190186,0.21787245571613312,0.8346938490867615,0.29471534490585327,0.2084524780511856,0.6376393437385559,0.32305410504341125,0.1252564638853073,0.7063285708427429,0.2347382754087448,0.1723119020462036,0.7791835069656372,0.2384268343448639,0.16943959891796112,0.8283761143684387,0.2741392254829407,0.16056284308433533,0.6329533457756042,0.29751336574554443,0.07810715585947037,0.6997315883636475,0.2213917374610901,0.11620131134986877,0.7622840404510498,0.2254403680562973,0.12969247996807098,0.8088389039039612,0.2593271732330322,0.1354989856481552
C,0.5372604727745056,0.6384880542755127,8.472491686006833e-07,0.6535102128982544,0.6567203402519226,0.05595650523900986,0.7303807735443115,0.6263793706893921,0.08890355378389359,0.8036282062530518,0.6144388318061829,0.0969003289937973,0.8720248341560364,0.5967389345169067,0.10380608588457108,0.6626084446907043,0.41279709339141846,0.19782428443431854,0.7200253009796143,0.35440897941589355,0.24008263647556305,0.7769820094108582,0.34368592500686646,0.24303606152534485,0.8142756819725037,0.35189998149871826,0.24191898107528687,0.6493550539016724,0.3693963885307312,0.16183625161647797,0.7121624946594238,0.28451669216156006,0.20939558744430542,0.7794463038444519,0.274859219789505,0.19948610663414001,0.8314692378044128,0.299784779548645,0.18810142576694489,0.6399259567260742,0.33139538764953613,0.1183827817440033,0.7064927816390991,0.24072246253490448,0.1597057282924652,0.7783722877502441,0.24484866857528687,0.15354272723197937,0.8268499374389648,0.281816691160202,0.1432930827140808,0.6346508860588074,0.30571436882019043,0.07373043894767761,0.6985980868339539,0.22637012600898743,0.10735420882701874,0.7608964443206787,0.22962521016597748,0.11839310079813004,0.8086321949958801,0.26418110728263855,0.12284397333860397
C,0.544217050075531,0.6460762023925781,6.929569167368754e-07,0.6525179743766785,0.664689302444458,0.0465870164334774,0.7256373167037964,0.6406035423278809,0.07545339316129684,0.7927628755569458,0.6297252178192139,0.08304517716169357,0.8562966585159302,0.6146115064620972,0.08995993435382843,0.6659397482872009,0.4248504340648651,0.1741873323917389,0.7210758924484253,0.36900386214256287,0.2097029685974121,0.7732635736465454,0.36234092712402344,0.20858682692050934,0.8063827753067017,0.37337708473205566,0.20496156811714172,0.6519812941551208,0.3841366469860077,0.1443493515253067,0.7145155668258667,0.3028598427772522,0.18424735963344574,0.7747141718864441,0.2972469925880432,0.1708337366580963,0.8201358318328857,0.32511281967163086,0.15674172341823578,0.6422852277755737,0.348993718624115,0.10790775716304779,0.7054879665374756,0.26229360699653625,0.14391182363033295,0.7696388363838196,0.26830166578292847,0.1346288025379181,0.8123844861984253,0.30723679065704346,0.12258696556091309,0.63640958070755,0.32524386048316956,0.07024966925382614,0.6975095272064209,0.25207382440567017,0.1017238050699234,0.752868115901947,0.25478851795196533,0.11107517778873444,0.7945040464401245,0.28772419691085815,0.11395161598920822
C,0.5449166893959045,0.652385950088501,7.203892096185882e-07,0.6448731422424316,0.6717240810394287,0.039733998477458954,0.7174715399742126,0.6437913179397583,0.06432335823774338,0.7852646708488464,0.6366070508956909,0.06937794387340546,0.8466493487358093,0.6284099221229553,0.07350131124258041,0.6608720421791077,0.43278729915618896,0.16014084219932556,0.7115177512168884,0.37746426463127136,0.19274716079235077,0.7636315822601318,0.37187403440475464,0.19021961092948914,0.7971404194831848,0.38452523946762085,0.18556812405586243,0.6482237577438354,0.39642903208732605,0.13407543301582336,0.7077154517173767,0.31907302141189575,0.17227810621261597,0.7660125494003296,0.3152913749217987,0.15758825838565826,0.8097688555717468,0.34245651960372925,0.1421722024679184,0.6400958299636841,0.3629205822944641,0.10198903828859329,0.7015402317047119,0.2821959853172302,0.1375352442264557,0.7645853161811829,0.28867727518081665,0.12734301388263702,0.8051697015762329,0.32680797576904297,0.11430062353610992,0.6358370780944824,0.3398880064487457,0.06840161979198456,0.6966713070869446,0.27414238452911377,0.1004573255777359,0.7501794099807739,0.2781519889831543,0.1098952665925026,0.7890300154685974,0.310568630695343,0.11252443492412567
C,0.5494548082351685,0.6511477828025818,7.897239129306399e-07,0.6463050842285156,0.6736247539520264,0.042422790080308914,0.7184711694717407,0.647587239742279,0.06683146208524704,0.78537917137146,0.6383181810379028,0.07105021178722382,0.8473833799362183,0.624228835105896,0.07461979985237122,0.6591575145721436,0.4363808035850525,0.16393907368183136,0.7106646299362183,0.3825545310974121,0.19950342178344727,0.7628958225250244,0.3758661150932312,0.2003583014011383,0.796902060508728,0.3873678743839264,0.1983550488948822,0.6469097137451172,0.39996692538261414,0.1361006498336792,0.7041223049163818,0.3247406780719757,0.17920106649398804,0.7636617422103882,0.3178611993789673,0.16902920603752136,0.8102158904075623,0.34260886907577515,0.1565588414669037,0.6384053230285645,0.3656237721443176,0.1021338701248169,0.7000905275344849,0.2863571345806122,0.1408277004957199,0.7646318078041077,0.2898378074169159,0.1345645636320114,0.8077349662780762,0.3239545524120331,0.12378615140914917,0.6340225338935852,0.34112584590911865,0.06671635806560516,0.6927968859672546,0.2724098563194275,0.09966803342103958,0.7475568652153015,0.2745714783668518,0.11081676930189133,0.7886390686035156,0.3053675889968872,0.11502723395824432
C,0.5449082255363464,0.6837463974952698,5.251931156635692e-07,0.6353097558021545,0.705035924911499,0.024328816682100296,0.7058951258659363,0.6822094321250916,0.042613543570041656,0.7693796157836914,0.6757638454437256,0.04546737298369408,0.8262100219726562,0.6723824143409729,0.048391737043857574,0.6615148186683655,0.48148709535598755,0.12784945964813232,0.7055425047874451,0.42550623416900635,0.15060310065746307,0.7508495450019836,0.4201299548149109,0.14564105868339539,0.782669186592102,0.43452465534210205,0.1402975469827652,0.650454044342041,0.4459359049797058,0.10959818214178085,0.7041427493095398,0.3752133548259735,0.13760103285312653,0.7564885020256042,0.3745674788951874,0.12382876127958298,0.7994575500488281,0.4010781943798065,0.11034708470106125,0.64169842004776,0.41125208139419556,0.08504227548837662,0.6984089612960815,0.3418331444263458,0.10940184444189072,0.7552353143692017,0.34714406728744507,0.09745354950428009,0.7954010367393494,0.3803062438964844,0.08567152917385101,0.6367576718330383,0.3857375979423523,0.05841400474309921,0.6946191191673279,0.33243536949157715,0.08200795203447342,0.7431356310844421,0.3376311957836151,0.08786893635988235,0.7806334495544434,0.3687191903591156,0.08942651003599167
C,0.5509130954742432,0.6822518706321716,6.381184789461258e-07,0.6393157243728638,0.7084144949913025,0.03733910620212555,0.7040011286735535,0.6917933225631714,0.06117132678627968,0.763849675655365,0.6898714900016785,0.06684710085391998,0.817842423915863,0.6856848001480103,0.07167121767997742,0.6588579416275024,0.49786990880966187,0.14961056411266327,0.703556478023529,0.4510155916213989,0.181448832154274,0.7491715550422668,0.4460151493549347,0.18138867616653442,0.7767022848129272,0.4589160680770874,0.17918209731578827,0.6495768427848816,0.461259663105011,0.12675458192825317,0.701844334602356,0.3959406018257141,0.16515988111495972,0.7526723146438599,0.396370530128479,0.15391021966934204,0.7888711094856262,0.4235551059246063,0.14138315618038177,0.6449828743934631,0.42599934339523315,0.09837649017572403,0.6989859938621521,0.3606916069984436,0.13256604969501495,0.7542439699172974,0.3726666569709778,0.12286487221717834,0.7867857813835144,0.41109004616737366,0.11096701771020889,0.6437277793884277,0.3998950719833374,0.06887872517108917,0.7005986571311951,0.3510473370552063,0.0998975858092308,0.7468568682670593,0.3631214499473572,0.10897184908390045,0.7768594026565552,0.3986354470252991,0.11192957311868668
C,0.5559507608413696,0.6941435933113098,5.909324727326748e-07,0.6389637589454651,0.7259048819541931,0.03245628997683525,0.6971701979637146,0.7169698476791382,0.05410774052143097,0.7515004277229309,0.7125459313392639,0.05886583402752876,0.8038985133171082,0.7138689756393433,0.06260117143392563,0.6512817740440369,0.537122368812561,0.14175233244895935,0.6901693940162659,0.49532365798950195,0.1723976731300354,0.7346370816230774,0.48759838938713074,0.1720619797706604,0.7640024423599243,0.4954303503036499,0.1689538210630417,0.6436083912849426,0.5003741383552551,0.12171030044555664,0.6946328282356262,0.4421101212501526,0.15669214725494385,0.7448528409004211,0.4427916407585144,0.14449816942214966,0.7845801115036011,0.4655230939388275,0.1312868893146515,0.6416542530059814,0.46316808462142944,0.09607545286417007,0.6932938098907471,0.4046570956707001,0.12700919806957245,0.7461589574813843,0.4132327139377594,0.11510717123746872,0.780805230140686,0.4451032876968384,0.1017739549279213,0.6430191397666931,0.43272459506988525,0.06912630051374435,0.6948262453079224,0.3906959891319275,0.09782887250185013,0.7399812936782837,0.40214771032333374,0.10429837554693222,0.7720949649810791,0.434922456741333,0.10502000153064728
C,0.5592389106750488,0.6842403411865234,6.691662974844803e-07,0.6361825466156006,0.7261630296707153,0.027761269360780716,0.6941737532615662,0.7258496880531311,0.04659343138337135,0.7496046423912048,0.7266321778297424,0.05000501498579979,0.8022894859313965,0.7244375944137573,0.05249903351068497,0.6588696241378784,0.5524044036865234,0.13633231818675995,0.6996316313743591,0.5178284049034119,0.16613049805164337,0.7408924102783203,0.5112958550453186,0.167054682970047,0.7666763067245483,0.5192313194274902,0.16607342660427094,0.6529204249382019,0.5129775404930115,0.1201290637254715,0.7036305665969849,0.46418824791908264,0.1569477915763855,0.7494456171989441,0.46537500619888306,0.1481959968805313,0.7844938039779663,0.4860403537750244,0.1384832113981247,0.6517428755760193,0.4744391441345215,0.09810054302215576,0.7024896740913391,0.42593488097190857,0.13080374896526337,0.7508180737495422,0.4356750249862671,0.12312500923871994,0.7814857959747314,0.46416816115379333,0.11354313790798187,0.6514012217521667,0.4428192973136902,0.07445825636386871,0.7011043429374695,0.4093758463859558,0.10461707413196564,0.743057131767273,0.4213637709617615,0.11356884241104126,0.7719508409500122,0.4519016742706299,0.11710263043642044
C,0.5654401183128357,0.6785857677459717,7.826191676940653e-07,0.6409786939620972,0.7273455262184143,0.04303436726331711,0.6941449642181396,0.7277342677116394,0.0700337216258049,0.7476068735122681,0.7260872721672058,0.07879433780908585,0.7984192371368408,0.7214070558547974,0.08625265955924988,0.6517673134803772,0.5512072443962097,0.15864689648151398,0.692658007144928,0.5167224407196045,0.19724035263061523,0.7348400950431824,0.5134152173995972,0.2043602615594864,0.7602828145027161,0.5210641026496887,0.2077009677886963,0.6476603150367737,0.5088640451431274,0.13647308945655823,0.6988102793693542,0.4614819884300232,0.18465644121170044,0.7468507885932922,0.4603044092655182,0.18219444155693054,0.7821131944656372,0.4802578389644623,0.1760803759098053,0.6480851769447327,0.47147196531295776,0.10887294262647629,0.6993436813354492,0.4273732304573059,0.15151016414165497,0.7494585514068604,0.4365328550338745,0.1497437059879303,0.7803249359130859,0.4631878435611725,0.14259208738803864,0.6494209170341492,0.4408300220966339,0.08045642822980881,0.6965157985687256,0.4093080461025238,0.11718996614217758,0.7390944957733154,0.4211317002773285,0.12978613376617432,0.7677873373031616,0.44940751791000366,0.13538649678230286
C,0.557992696762085,0.686053991317749,7.125879619707121e-07,0.6389352083206177,0.7372676730155945,0.05090368911623955,0.6934345960617065,0.7374054789543152,0.08587668091058731,0.7452707290649414,0.7379406690597534,0.10061626881361008,0.7968935370445251,0.7396761178970337,0.11383902281522751,0.6515192985534668,0.5741354823112488,0.18457068502902985,0.6948561668395996,0.5401278138160706,0.23122550547122955,0.7344867587089539,0.5369791388511658,0.2429886758327484,0.7591730356216431,0.5397801995277405,0.24835839867591858,0.6500909328460693,0.5310770869255066,0.16017206013202667,0.7035503387451172,0.49255284667015076,0.211496040225029,0.750209391117096,0.4929065704345703,0.2100549191236496,0.7837086319923401,0.5117796063423157,0.20555908977985382,0.6509082317352295,0.4915256202220917,0.12935875356197357,0.704710841178894,0.45889362692832947,0.17463171482086182,0.7509714961051941,0.46837663650512695,0.17268769443035126,0.7819201350212097,0.49260181188583374,0.1660260260105133,0.651531457901001,0.4618327021598816,0.09789419174194336,0.7015093564987183,0.4367881417274475,0.13780277967453003,0.7426900863647461,0.44869428873062134,0.150023952126503,0.7720049023628235,0.47422289848327637,0.15487989783287048
C,0.5540772080421448,0.6728050112724304,8.874575883055513e-07,0.6281312108039856,0.7225029468536377,0.05903374031186104,0.6887984275817871,0.7284462451934814,0.09169861674308777,0.7459301352500916,0.7324464321136475,0.1026172935962677,0.801571786403656,0.7317124009132385,0.11158957332372665,0.646293580532074,0.5519917607307434,0.18640807271003723,0.6925410032272339,0.528048038482666,0.23846518993377686,0.7372496128082275,0.52825528383255,0.2559351623058319,0.7667815089225769,0.5340980291366577,0.2653043568134308,0.6510732173919678,0.5067691206932068,0.15761132538318634,0.7051745057106018,0.48022350668907166,0.21723878383636475,0.7559024691581726,0.4893738925457001,0.2221742421388626,0.7900587916374207,0.5124934911727905,0.22197873890399933,0.6580533385276794,0.47046488523483276,0.12391579151153564,0.7128012180328369,0.44971057772636414,0.17740991711616516,0.7600560188293457,0.46742457151412964,0.1809699982404709,0.7870818376541138,0.49482086300849915,0.17684100568294525,0.6674343347549438,0.4434104561805725,0.09028355777263641,0.7162677645683289,0.42749226093292236,0.1359805166721344,0.7581968307495117,0.44679802656173706,0.1515684723854065,0.7824905514717102,0.47552943229675293,0.1589701622724533
C,0.5572075843811035,0.6626791954040527,8.686679962011112e-07,0.6268467307090759,0.7137558460235596,0.026214266195893288,0.6957573294639587,0.7201055884361267,0.042857520282268524,0.7593199014663696,0.7301398515701294,0.04684130847454071,0.8144527673721313,0.7300921082496643,0.05076863244175911,0.6539736986160278,0.5415782332420349,0.12345477193593979,0.6947041749954224,0.5096033215522766,0.15884505212306976,0.7426587343215942,0.5019499063491821,0.1687926948070526,0.7728098630905151,0.5053236484527588,0.1740597039461136,0.656969428062439,0.4991134703159332,0.11225830763578415,0.7093169689178467,0.4675288200378418,0.1536589115858078,0.7615006566047668,0.47870710492134094,0.15301288664340973,0.7936680316925049,0.5004655718803406,0.15112358331680298,0.666109025478363,0.4680258333683014,0.09687196463346481,0.7205320596694946,0.43986064195632935,0.13185083866119385,0.7676388621330261,0.46137604117393494,0.12948620319366455,0.7912993431091309,0.4867030680179596,0.1255652904510498,0.6799556016921997,0.4455932378768921,0.08081385493278503,0.7344198226928711,0.4317269027233124,0.11140800267457962,0.770846426486969,0.453682541847229,0.12131625413894653,0.7865911722183228,0.48192423582077026,0.12766678631305695
C,0.557180643081665,0.671504020690918,8.468886676382681e-07,0.6279647946357727,0.718266487121582,0.025554800406098366,0.6989110708236694,0.7221884727478027,0.04462067410349846,0.7622321248054504,0.732590913772583,0.05140221491456032,0.8152877688407898,0.7333081960678101,0.0582740418612957,0.6630140542984009,0.5426502823829651,0.12654109299182892,0.7027652859687805,0.514995276927948,0.16205604374408722,0.7489562034606934,0.510368824005127,0.1699324995279312,0.7789785265922546,0.5152540802955627,0.17334425449371338,0.6649189591407776,0.501678466796875,0.11566626280546188,0.7130653262138367,0.47041282057762146,0.15792958438396454,0.7628445625305176,0.477436363697052,0.15575091540813446,0.7975466847419739,0.496793270111084,0.15155144035816193,0.6718422770500183,0.46991899609565735,0.10019627213478088,0.7232820391654968,0.4415469169616699,0.13498136401176453,0.7696695327758789,0.459381639957428,0.132273867726326,0.7948710918426514,0.48555371165275574,0.1274982988834381,0.6814563274383545,0.4454375207424164,0.08365851640701294,0.7340575456619263,0.4313808083534241,0.11298491060733795,0.7715244293212891,0.4513660967350006,0.12265954166650772,0.7911458015441895,0.4792943596839905,0.12866811454296112
C,0.5970441102981567,0.6606238484382629,8.267444968623749e-07,0.6734837293624878,0.7061194181442261,0.0010022338246926665,0.7466304898262024,0.7074686288833618,0.012428432703018188,0.8100314140319824,0.7243026494979858,0.019350538030266762,0.8592174053192139,0.7204148173332214,0.0294593907892704,0.711179256439209,0.5182663798332214,0.0837315246462822,0.7462331652641296,0.45343995094299316,0.11376684904098511,0.7914990186691284,0.44997143745422363,0.11997275799512863,0.8199370503425598,0.4617907702922821,0.1228068470954895,0.7072176933288574,0.4914737939834595,0.08753945678472519,0.7540115714073181,0.4442657232284546,0.12189847975969315,0.8054842352867126,0.4562479853630066,0.11545304208993912,0.8349104523658752,0.48485657572746277,0.10889668762683868,0.7133373618125916,0.47385239601135254,0.08760004490613937,0.7650721669197083,0.43728524446487427,0.11782746762037277,0.8075243830680847,0.4574050009250641,0.11198358982801437,0.830757200717926,0.4796684682369232,0.10563138872385025,0.7271282076835632,0.46444281935691833,0.0855194628238678,0.7808540463447571,0.4392000436782837,0.11138531565666199,0.8153684735298157,0.4526442587375641,0.11864861845970154,0.8320137858390808,0.4729725122451782,0.12344390898942947
C,0.6506115794181824,0.6640993356704712,8.621715892331849e-07,0.7309848666191101,0.7155752778053284,-0.04513070359826088,0.8017233610153198,0.7108043432235718,-0.055170267820358276,0.8636112213134766,0.7197716236114502,-0.05468126758933067,0.9118459820747375,0.7194576263427734,-0.04800356552004814,0.7846266031265259,0.5197216868400574,-0.010342797264456749,0.8242781758308411,0.43867969512939453,0.0013269800692796707,0.8698601126670837,0.44621628522872925,0.00535494415089488,0.8993250131607056,0.47133928537368774,0.010962932370603085,0.7589365839958191,0.5000545978546143,0.022121503949165344,0.8117637038230896,0.4512288570404053,0.04214620590209961,0.8612117767333984,0.4709281325340271,0.04435703530907631,0.8864686489105225,0.5086414813995361,0.04627319052815437,0.7449332475662231,0.49382591247558594,0.05132317543029785,0.7999091148376465,0.45931321382522583,0.06699302792549133,0.8416432738304138,0.47781476378440857,0.06031680479645729,0.8661384582519531,0.5008513927459717,0.056541889905929565,0.7450529932975769,0.4947194457054138,0.07712078094482422,0.7981691956520081,0.4677039384841919,0.08957690745592117,0.8339316248893738,0.4786953032016754,0.09040674567222595,0.8544833064079285,0.4981433153152466,0.09316610544919968
C,0.7011032104492188,0.6426186561584473,6.47800732167525e-07,0.7701244950294495,0.6987126469612122,-0.00724856136366725,0.8326494693756104,0.7079116702079773,-0.005103857722133398,0.8883419632911682,0.7221868634223938,-0.004522415343672037,0.9350677132606506,0.726398229598999,-0.0009604579536244273,0.815440833568573,0.5337255001068115,0.0415988564491272,0.8431540727615356,0.47091490030288696,0.061273686587810516,0.8794065117835999,0.46847760677337646,0.06830533593893051,0.9013327956199646,0.48234260082244873,0.07382700592279434,0.8032186627388,0.4975284934043884,0.048436325043439865,0.8498205542564392,0.457216739654541,0.07207628339529037,0.8929802179336548,0.4833010733127594,0.07352679967880249,0.91383296251297,0.5211119651794434,0.0747082382440567,0.8007513284683228,0.4748246669769287,0.052763137966394424,0.8549724817276001,0.4464043080806732,0.07127750664949417,0.8925806879997253,0.47875702381134033,0.06832015514373779,0.9086125493049622,0.5118362903594971,0.06631086766719818,0.8091655373573303,0.4599134922027588,0.05544888228178024,0.8619354963302612,0.44244837760925293,0.0702010914683342,0.8945814967155457,0.4651532769203186,0.07534343749284744,0.9070512652397156,0.4938092827796936,0.0805966779589653
C,0.712800920009613,0.6326266527175903,7.501749337279762e-07,0.7764726281166077,0.6885389685630798,-0.008799796923995018,0.8382421135902405,0.7083337306976318,-0.007996262051165104,0.8927940130233765,0.728074312210083,-0.008342243731021881,0.9395425915718079,0.734244167804718,-0.00611321534961462,0.816207766532898,0.5432959198951721,0.04405754432082176,0.8388559818267822,0.49263694882392883,0.06558988243341446,0.8749629259109497,0.4879053235054016,0.0739942193031311,0.8968159556388855,0.49559950828552246,0.08013125509023666,0.8086814284324646,0.4999057650566101,0.051955923438072205,0.847041666507721,0.4729669690132141,0.07745570689439774,0.8887490630149841,0.48878031969070435,0.07906632870435715,0.911518931388855,0.5119825601577759,0.08060365170240402,0.8094992637634277,0.4695757031440735,0.05706848204135895,0.8565842509269714,0.4535139799118042,0.07786215841770172,0.8940366506576538,0.4750196039676666,0.0770990401506424,0.9134528636932373,0.49479660391807556,0.07680313289165497,0.8178466558456421,0.44650816917419434,0.06026201322674751,0.866343080997467,0.4445238709449768,0.07606203109025955,0.8983439207077026,0.4638708829879761,0.08236383646726608,0.9129517078399658,0.48548105359077454,0.0892726257443428
C,0.7694404125213623,0.6096889972686768,7.838429496587196e-07,0.8271328210830688,0.6723232269287109,-0.011856657452881336,0.8771395087242126,0.7086551189422607,-0.014495107345283031,0.9270889163017273,0.7310346364974976,-0.016852155327796936,0.9721556901931763,0.7350814342498779,-0.016255982220172882,0.8483685255050659,0.5646653771400452,0.03031633421778679,0.8753066658973694,0.5205355882644653,0.04325195029377937,0.9138299822807312,0.5134082436561584,0.047162726521492004,0.9404670596122742,0.5164365172386169,0.05111965909600258,0.8429105281829834,0.5146581530570984,0.03927786275744438,0.8888143301010132,0.47889629006385803,0.05756351724267006,0.9352381229400635,0.4840707778930664,0.056845713406801224,0.9639899730682373,0.5044088363647461,0.05647299811244011,0.8463142514228821,0.47922438383102417,0.04567648097872734,0.8939417600631714,0.45675814151763916,0.06183307617902756,0.9340410828590393,0.47058480978012085,0.06025449559092522,0.9589558839797974,0.4879857897758484,0.05897873267531395,0.8563680648803711,0.45259904861450195,0.05006670206785202,0.9022951126098633,0.4472084641456604,0.06418845057487488,0.9350064396858215,0.4629461169242859,0.06984984129667282,0.9531524181365967,0.48312926292419434,0.07525062561035156
C,0.7943133115768433,0.6083061695098877,6.607482987419644e-07,0.8484475016593933,0.6734039187431335,0.033166300505399704,0.8918524384498596,0.7069194912910461,0.05710851773619652,0.9356759190559387,0.7279456257820129,0.06822052597999573,0.9789553880691528,0.7316523790359497,0.07860621064901352,0.8644455671310425,0.5661894679069519,0.12672792375087738,0.8936328887939453,0.5502327680587769,0.16290555894374847,0.9256636500358582,0.5515621900558472,0.1735803186893463,0.9476416707038879,0.5537585020065308,0.17941610515117645,0.869694173336029,0.5190728902816772,0.11333224922418594,0.9095520973205566,0.5075639486312866,0.15627063810825348,0.9458327889442444,0.5112742185592651,0.15674279630184174,0.9724763631820679,0.5239336490631104,0.15339533984661102,0.8781389594078064,0.4781767427921295,0.09603062272071838,0.9169296622276306,0.47221216559410095,0.13354304432868958,0.9507613182067871,0.4840971827507019,0.13455484807491302,0.9732890129089355,0.49775344133377075,0.1302950382232666,0.8866854310035706,0.44252675771713257,0.07837723940610886,0.9244070053100586,0.44296279549598694,0.11100520938634872,0.9537070393562317,0.4592449367046356,0.1236259862780571,0.9711111783981323,0.47839289903640747,0.13004565238952637
C,0.7734134793281555,0.6114658713340759,7.017997063485382e-07,0.826606035232544,0.6774604916572571,0.019655361771583557,0.8711270689964294,0.708920419216156,0.039129022508859634,0.9156000018119812,0.7287311553955078,0.04933964088559151,0.956199586391449,0.7341721653938293,0.05927430838346481,0.84471595287323,0.5734196305274963,0.10973858088254929,0.8729577660560608,0.5482499599456787,0.14253048598766327,0.9071897268295288,0.5469741821289062,0.1514512151479721,0.930956244468689,0.5493735671043396,0.1558414101600647,0.8456101417541504,0.5232310891151428,0.10224348306655884,0.8850899338722229,0.5050122141838074,0.1384577602148056,0.9223384857177734,0.5064353942871094,0.13513807952404022,0.9492145776748657,0.5198385715484619,0.13020741939544678,0.8514690399169922,0.4800313115119934,0.09050660580396652,0.890475332736969,0.46831947565078735,0.12015560269355774,0.9282183647155762,0.4758707284927368,0.11788268387317657,0.9534232020378113,0.49005746841430664,0.11352093517780304,0.8547601699829102,0.4438929557800293,0.07776683568954468,0.8927942514419556,0.43791085481643677,0.10135362297296524,0.9230958819389343,0.44881701469421387,0.1096414104104042,0.9432984590530396,0.46763360500335693,0.11494318395853043
C,0.7490464448928833,0.6144663691520691,7.064832061587367e-07,0.8051995635032654,0.673372745513916,0.0013523345114663243,0.8559914827346802,0.6968485713005066,0.012298282235860825,0.9033462405204773,0.7167651653289795,0.017837878316640854,0.9433127045631409,0.7284591197967529,0.024028638377785683,0.8382003307342529,0.5537979006767273,0.08409129083156586,0.8677356839179993,0.5253056883811951,0.10901278257369995,0.8988667130470276,0.5231356024742126,0.11198998987674713,0.9199433326721191,0.526461660861969,0.11217620968818665,0.8336063623428345,0.513378381729126,0.08508560061454773,0.875000536441803,0.4891490042209625,0.1112397238612175,0.908780038356781,0.49285465478897095,0.10177286714315414,0.930851399898529,0.509645938873291,0.09323365986347198,0.8325987458229065,0.4786110818386078,0.08151431381702423,0.8741849064826965,0.4625236392021179,0.10270871967077255,0.9068619012832642,0.471784770488739,0.09536594897508621,0.9259495735168457,0.49151548743247986,0.08893649280071259,0.8304753303527832,0.4520038962364197,0.07597597688436508,0.8719711899757385,0.44250965118408203,0.09451386332511902,0.89928138256073,0.4503731429576874,0.09903309494256973,0.9166614413261414,0.46751514077186584,0.10186765342950821
C,0.7457242012023926,0.6125200390815735,7.973656579451927e-07,0.8060070872306824,0.6717394590377808,0.013157825917005539,0.8559069037437439,0.6955664753913879,0.02765839733183384,0.9049256443977356,0.7174429893493652,0.033925771713256836,0.9455967545509338,0.7270185351371765,0.040106069296598434,0.8272364735603333,0.5510561466217041,0.09637326747179031,0.8544188737869263,0.5183866620063782,0.12558560073375702,0.89029461145401,0.5120815634727478,0.13276274502277374,0.9145151376724243,0.5138379335403442,0.13633102178573608,0.8258941173553467,0.5088272094726562,0.09245835244655609,0.8683266043663025,0.4858505427837372,0.12378595024347305,0.9072052836418152,0.4914550483226776,0.11760329455137253,0.9325177669525146,0.5081194639205933,0.11199694126844406,0.8287108540534973,0.47160103917121887,0.08484990894794464,0.8746039867401123,0.4589465260505676,0.10941703617572784,0.9102016091346741,0.4721750020980835,0.1027248427271843,0.9301056265830994,0.49218058586120605,0.09713155031204224,0.8313243985176086,0.44227415323257446,0.07639586925506592,0.8770192265510559,0.4355894923210144,0.09645236283540726,0.9078142046928406,0.4487544894218445,0.10124035179615021,0.9251768589019775,0.46969470381736755,0.10507447272539139
C,0.698638916015625,0.6158434748649597,5.111442078487016e-07,0.7544934749603271,0.66433185338974,-0.0046433643437922,0.8035091757774353,0.6909931302070618,-0.0034361532889306545,0.8453708291053772,0.7082844376564026,-0.007209280505776405,0.8810386657714844,0.7133256196975708,-0.011388888582587242,0.8045527935028076,0.5406376123428345,0.058063145726919174,0.8301769495010376,0.5061994791030884,0.06970006972551346,0.8531081676483154,0.5092191696166992,0.06459054350852966,0.8708037734031677,0.5172865390777588,0.05888078361749649,0.7949002981185913,0.5050532817840576,0.05551910772919655,0.8243777751922607,0.46868109703063965,0.06745455414056778,0.8487739562988281,0.47432786226272583,0.05341477319598198,0.8641631007194519,0.4925106465816498,0.04103073477745056,0.7866062521934509,0.4720998704433441,0.048844512552022934,0.8166748285293579,0.44544413685798645,0.06020035967230797,0.8421556949615479,0.45602548122406006,0.0529261939227581,0.8584816455841064,0.4749187231063843,0.04594757780432701,0.7754656672477722,0.44877561926841736,0.039551470428705215,0.8096691966056824,0.42481303215026855,0.052721742540597916,0.8334403038024902,0.429680734872818,0.05779988691210747,0.8500028848648071,0.44440844655036926,0.059942398220300674
C,0.6585372686386108,0.6074312925338745,4.5908745960332453e-07,0.7087993025779724,0.6536757946014404,-0.0046753054484725,0.7652100324630737,0.6741783022880554,0.00013526120164897293,0.8110814690589905,0.6921964883804321,0.0012926517520099878,0.8450202941894531,0.7065340876579285,0.0028644928243011236,0.7722808718681335,0.5350354909896851,0.0530281588435173,0.7991863489151001,0.5061466693878174,0.06268155574798584,0.8201340436935425,0.5058903098106384,0.05772243067622185,0.8345606923103333,0.5104349851608276,0.05289262533187866,0.761023998260498,0.501047670841217,0.05194921791553497,0.792373538017273,0.47097575664520264,0.06184040755033493,0.816438615322113,0.47424012422561646,0.049423880875110626,0.8306950926780701,0.4872874617576599,0.03927912563085556,0.7494580745697021,0.4680607318878174,0.04692891612648964,0.7818388342857361,0.4447581171989441,0.055585555732250214,0.8080853819847107,0.4519384801387787,0.04840848222374916,0.8229746222496033,0.4649304151535034,0.042685553431510925,0.7353848218917847,0.4408400058746338,0.03965400904417038,0.7721081376075745,0.42145228385925293,0.04971955344080925,0.7961235642433167,0.4275073707103729,0.053630534559488297,0.8126288056373596,0.44085174798965454,0.05602407827973366
C,0.6381502151489258,0.6043351292610168,6.419110150091001e-07,0.6939454078674316,0.6570643782615662,0.010470150038599968,0.7542837858200073,0.6597285270690918,0.028849558904767036,0.8054317235946655,0.6793398857116699,0.03905419260263443,0.8466010689735413,0.6939262747764587,0.04849280044436455,0.7631596326828003,0.5336902737617493,0.1007295548915863,0.7956656217575073,0.5120682716369629,0.13390743732452393,0.8206382393836975,0.5092225670814514,0.14406456053256989,0.8343605399131775,0.5105928778648376,0.14886704087257385,0.7536863684654236,0.4966561794281006,0.0954814925789833,0.7908509969711304,0.474758118391037,0.1313631385564804,0.8163052797317505,0.47494006156921387,0.13209937512874603,0.8336997032165527,0.4841068983078003,0.13043363392353058,0.7434272766113281,0.4616444706916809,0.08445984125137329,0.7836465239524841,0.44742825627326965,0.1107994019985199,0.8119163513183594,0.45606139302253723,0.10965578258037567,0.8288789391517639,0.46780240535736084,0.10656602680683136,0.7311556339263916,0.4308353066444397,0.07163692265748978,0.7743691802024841,0.4163423776626587,0.09162767976522446,0.8005009889602661,0.42469877004623413,0.09862162172794342,0.8183863162994385,0.43855923414230347,0.1025596633553505
C,0.4151987135410309,0.6039296984672546,7.160398922678723e-07,0.5015631914138794,0.6465460658073425,0.015339221805334091,0.5740271806716919,0.6402269601821899,0.03660639747977257,0.6335866451263428,0.6417942047119141,0.047742947936058044,0.6791816353797913,0.6429519653320312,0.05997370183467865,0.5549935102462769,0.485447496175766,0.11137649416923523,0.6025393009185791,0.4396141469478607,0.1329694390296936,0.6440466642379761,0.43575525283813477,0.1323360949754715,0.6724605560302734,0.4437822699546814,0.13096362352371216,0.5440295338630676,0.4472752511501312,0.10175099223852158,0.5987322330474854,0.40183067321777344,0.12346245348453522,0.645398736000061,0.40261855721473694,0.10915321856737137,0.6785396933555603,0.42387625575065613,0.09882006049156189,0.5351194739341736,0.41549840569496155,0.08617492765188217,0.5931946039199829,0.37332746386528015,0.10302906483411789,0.6424502730369568,0.3760108947753906,0.09267642349004745,0.6755632162094116,0.3957136273384094,0.08527805656194687,0.5266594886779785,0.3900652229785919,0.06918534636497498,0.5806382298469543,0.34746408462524414,0.08421383798122406,0.621164858341217,0.34349316358566284,0.08751054853200912,0.6532044410705566,0.3552728593349457,0.09014328569173813
C,0.3453621566295624,0.6096456050872803,7.172270670707803e-07,0.4190666079521179,0.6566617488861084,0.01075053308159113,0.49752938747406006,0.6451772451400757,0.028358906507492065,0.5661762952804565,0.6424990892410278,0.03558041527867317,0.6182551980018616,0.6321661472320557,0.0423215888440609,0.4925791621208191,0.48939359188079834,0.10906030237674713,0.5414197444915771,0.4442846477031708,0.13313208520412445,0.5799025297164917,0.4394485056400299,0.13583484292030334,0.601279616355896,0.44829967617988586,0.13665267825126648,0.48094719648361206,0.4464956521987915,0.09919798374176025,0.5365613698959351,0.3963538408279419,0.12501616775989532,0.576309859752655,0.398295521736145,0.11689510196447372,0.6041797995567322,0.4242068827152252,0.1106080561876297,0.4660801291465759,0.4094246029853821,0.08256165683269501,0.5217419862747192,0.35903942584991455,0.10022241622209549,0.56223464012146,0.36401915550231934,0.09382979571819305,0.5873958468437195,0.3901331424713135,0.08906243741512299,0.44576510787010193,0.3781985640525818,0.06354950368404388,0.5003622770309448,0.33375412225723267,0.07662709802389145,0.5373265147209167,0.3360345959663391,0.0795733705163002,0.5642033815383911,0.35849207639694214,0.08212539553642273
C,0.2494184523820877,0.6256946921348572,8.128678814500745e-07,0.3394242525100708,0.6726279854774475,-0.0005134855746291578,0.41909077763557434,0.6578329801559448,0.006482792552560568,0.48618319630622864,0.6512276530265808,0.0033428517635911703,0.5486977100372314,0.6425931453704834,-0.00045130724902264774,0.4102671444416046,0.4837643802165985,0.10196655243635178,0.46036815643310547,0.42420297861099243,0.11868943274021149,0.4959481656551361,0.422073096036911,0.11406184732913971,0.5187926292419434,0.43692898750305176,0.10679946094751358,0.38781026005744934,0.4459443688392639,0.08857923746109009,0.4415139853954315,0.37930309772491455,0.09985281527042389,0.4816751480102539,0.37906309962272644,0.0775965005159378,0.5094500184059143,0.40960296988487244,0.0606236532330513,0.3639104962348938,0.41349682211875916,0.06659505516290665,0.4193383753299713,0.35284876823425293,0.06993196159601212,0.4598214626312256,0.3543465733528137,0.04902443289756775,0.49230608344078064,0.3748616576194763,0.033826787024736404,0.3361121118068695,0.3926548957824707,0.04162061586976051,0.39257508516311646,0.34281736612319946,0.04103672504425049,0.4319031834602356,0.3349398672580719,0.03078395687043667,0.46754828095436096,0.3440973162651062,0.022134026512503624
C,0.19349358975887299,0.6567290425300598,7.90294393482327e-07,0.27610790729522705,0.6811157464981079,-0.020814696326851845,0.36314353346824646,0.6638618111610413,-0.024366790428757668,0.4398612380027771,0.651772141456604,-0.031510207802057266,0.5020073056221008,0.6372048854827881,-0.037543684244155884,0.35454410314559937,0.48661008477211,0.05418575182557106,0.40354254841804504,0.43034037947654724,0.053140293806791306,0.4459388256072998,0.4195455014705658,0.03794814273715019,0.478840708732605,0.4228416085243225,0.026562904939055443,0.3339637219905853,0.4539888799190521,0.05298761650919914,0.3883053660392761,0.3846819996833801,0.05324758589267731,0.4317781329154968,0.3736560344696045,0.03298954665660858,0.4684789776802063,0.3897612690925598,0.018434973433613777,0.30902692675590515,0.42636099457740784,0.04375089332461357,0.3660423457622528,0.356167197227478,0.04081982746720314,0.41219568252563477,0.3440037965774536,0.025051604956388474,0.4501700699329376,0.36087772250175476,0.01503829751163721,0.2789924144744873,0.4077701270580292,0.03011532686650753,0.33471110463142395,0.3504818379878998,0.02645450457930565,0.3792065978050232,0.33263930678367615,0.020146111026406288,0.41934260725975037,0.34144121408462524,0.01635158061981201
C,0.1920734941959381,0.6609240174293518,7.883605803726823e-07,0.27988916635513306,0.6853851079940796,-0.0170242041349411,0.3643796741962433,0.6659414172172546,-0.02143453247845173,0.4410725235939026,0.6509528160095215,-0.03100317157804966,0.5043957233428955,0.6376802921295166,-0.03957175463438034,0.3565483093261719,0.4907945990562439,0.05722711607813835,0.4046517610549927,0.4310021996498108,0.05302455276250839,0.4445885121822357,0.4171186089515686,0.03562866523861885,0.47603118419647217,0.41801220178604126,0.023215048015117645,0.33522698283195496,0.45837417244911194,0.05332275852560997,0.39153242111206055,0.3869628310203552,0.0492456778883934,0.43373197317123413,0.3759351372718811,0.02775527723133564,0.46815401315689087,0.392475962638855,0.013430248945951462,0.3094092309474945,0.42921701073646545,0.0413220152258873,0.3688787519931793,0.35614925622940063,0.03376854583621025,0.4145074486732483,0.3458636999130249,0.01815059408545494,0.4499782919883728,0.3640635013580322,0.0095291743054986,0.2804107666015625,0.4064635634422302,0.02543487772345543,0.33707743883132935,0.3492835760116577,0.018202228471636772,0.38156938552856445,0.3339024484157562,0.012132617644965649,0.4214329123497009,0.34333473443984985,0.009501251392066479
C,0.14931011199951172,0.6656790971755981,7.800111916367314e-07,0.24468395113945007,0.6819201111793518,-0.00863610953092575,0.32838329672813416,0.6694974899291992,-0.009439423680305481,0.4054122567176819,0.657357394695282,-0.018186792731285095,0.4681181311607361,0.6328036785125732,-0.026323283091187477,0.31561610102653503,0.4986359179019928,0.07569336891174316,0.3662726879119873,0.4396296739578247,0.07638230919837952,0.4083850681781769,0.42496222257614136,0.05988781526684761,0.44256454706192017,0.42329299449920654,0.04669811576604843,0.2964746952056885,0.4646519422531128,0.06537867337465286,0.3560887575149536,0.39187246561050415,0.06327378749847412,0.4027431011199951,0.38107943534851074,0.03722403943538666,0.438720703125,0.40290021896362305,0.019008761271834373,0.27149632573127747,0.434040904045105,0.04702739045023918,0.33448874950408936,0.36034756898880005,0.04235994443297386,0.384264200925827,0.35037174820899963,0.023266544565558434,0.42214691638946533,0.370711088180542,0.010926404967904091,0.24135880172252655,0.41394495964050293,0.02516939491033554,0.30018654465675354,0.3565194606781006,0.01992059126496315,0.34568747878074646,0.3398025631904602,0.012325097806751728,0.3852452039718628,0.3490825295448303,0.007409541867673397
C,0.14728111028671265,0.6650766134262085,8.252507086581318e-07,0.246160089969635,0.6873741149902344,-0.006114921998232603,0.3252521753311157,0.6755762696266174,-0.006131077650934458,0.40088778734207153,0.6585564613342285,-0.015188409015536308,0.4640886187553406,0.6321624517440796,-0.024348020553588867,0.3109375834465027,0.5083984136581421,0.08588066697120667,0.3589194118976593,0.44761523604393005,0.08999675512313843,0.40016475319862366,0.4281671643257141,0.07476451247930527,0.4332998991012573,0.4203492999076843,0.06181686371564865,0.2924058735370636,0.47297900915145874,0.07492019981145859,0.35111016035079956,0.40068715810775757,0.07369431853294373,0.39595693349838257,0.39099788665771484,0.045656315982341766,0.4289666414260864,0.41295844316482544,0.02634301595389843,0.26805010437965393,0.4390774965286255,0.055821266025304794,0.32913580536842346,0.36386382579803467,0.053049564361572266,0.3761114478111267,0.3549400269985199,0.03150886297225952,0.4111456871032715,0.3753635287284851,0.017027227208018303,0.23839959502220154,0.41383814811706543,0.033549726009368896,0.29225948452949524,0.35388636589050293,0.031127139925956726,0.33592164516448975,0.33835384249687195,0.022929828613996506,0.3743675947189331,0.34781354665756226,0.016785409301519394
C,0.14727245271205902,0.6659224033355713,8.168340741576685e-07,0.24510300159454346,0.6884355545043945,-0.006845281925052404,0.32477810978889465,0.6760790944099426,-0.0072918967343866825,0.40031924843788147,0.659327507019043,-0.01635516993701458,0.4624239206314087,0.6339995861053467,-0.02530827187001705,0.30792346596717834,0.5100558996200562,0.08153471350669861,0.35589301586151123,0.44967204332351685,0.08262455463409424,0.3978109657764435,0.43132519721984863,0.06633254140615463,0.4327157139778137,0.4243261218070984,0.05319485440850258,0.29031163454055786,0.47491949796676636,0.07107385993003845,0.34910181164741516,0.40504592657089233,0.06849733740091324,0.39420658349990845,0.39360511302948,0.041770339012145996,0.4299291968345642,0.41028475761413574,0.02328048087656498,0.266776978969574,0.44009602069854736,0.05235893279314041,0.3301329016685486,0.367837131023407,0.04771270602941513,0.3781656324863434,0.3586896061897278,0.027459032833576202,0.414495587348938,0.3769204318523407,0.01419855933636427,0.23862102627754211,0.41207608580589294,0.030464598909020424,0.29349854588508606,0.35356974601745605,0.0266928318887949,0.33838504552841187,0.33800244331359863,0.019096622243523598,0.3781958520412445,0.34609752893447876,0.013672580011188984
C,0.14187054336071014,0.6657717823982239,8.377162998840504e-07,0.2431596964597702,0.6898276209831238,-0.0031585150863975286,0.32225650548934937,0.6774770617485046,-0.0005620363517664373,0.39768803119659424,0.6614242792129517,-0.007642514072358608,0.4600164592266083,0.6347644329071045,-0.01483206171542406,0.303844153881073,0.5139046311378479,0.09228867292404175,0.35169366002082825,0.4539557695388794,0.09703032672405243,0.3945232331752777,0.4341607987880707,0.08141271770000458,0.42984527349472046,0.4261186718940735,0.06817241758108139,0.2863962948322296,0.47773563861846924,0.0803033784031868,0.3456075191497803,0.4081885814666748,0.08041085302829742,0.391674280166626,0.39667803049087524,0.05167480930685997,0.4268103241920471,0.41634222865104675,0.031403928995132446,0.2628783881664276,0.44224074482917786,0.06008775532245636,0.3256644010543823,0.37023061513900757,0.05847278982400894,0.3739796280860901,0.3606754541397095,0.036734193563461304,0.4100492596626282,0.3800986409187317,0.021787619218230247,0.23471692204475403,0.4146994352340698,0.036811623722314835,0.28962111473083496,0.3550477623939514,0.0351322740316391,0.335236519575119,0.33957639336586,0.027236727997660637,0.3754100203514099,0.3486779034137726,0.02119228057563305
C,0.14364784955978394,0.6692157983779907,8.218352718358801e-07,0.24454499781131744,0.6907607316970825,-0.0014753913274034858,0.3232141435146332,0.6766852736473083,0.0010227730963379145,0.3978658616542816,0.6618373990058899,-0.006510966923087835,0.4614458680152893,0.6382763385772705,-0.01426656823605299,0.304156631231308,0.5159099102020264,0.09097953885793686,0.35270267724990845,0.45522117614746094,0.09398628026247025,0.39534786343574524,0.43613070249557495,0.07798207551240921,0.4307529330253601,0.4281705617904663,0.06464659422636032,0.2872438132762909,0.48028719425201416,0.07774186134338379,0.3471358120441437,0.4109480082988739,0.07530628889799118,0.3942452073097229,0.4006224572658539,0.04637686535716057,0.42937424778938293,0.4201658368110657,0.02645304799079895,0.26397183537483215,0.4446462392807007,0.05641748756170273,0.32781779766082764,0.37111085653305054,0.052265483886003494,0.37737929821014404,0.363896906375885,0.030005136504769325,0.41379058361053467,0.38487982749938965,0.015288845635950565,0.2363913655281067,0.4158710837364197,0.03234386816620827,0.2914729714393616,0.35645124316215515,0.0287957563996315,0.3375590443611145,0.3420650064945221,0.020161617547273636,0.37843602895736694,0.3516322374343872,0.013837181963026524
C,0.1440226137638092,0.6679106950759888,8.134586551022949e-07,0.24830949306488037,0.6894811987876892,0.004895699210464954,0.32548680901527405,0.6737192869186401,0.011809282936155796,0.3990985155105591,0.6590948104858398,0.006859472952783108,0.4630652070045471,0.6367601752281189,0.0009904962498694658,0.3058163523674011,0.5150762796401978,0.10605689138174057,0.3530355989933014,0.4543537199497223,0.11374417692422867,0.39463090896606445,0.4342707395553589,0.09877188503742218,0.4299827814102173,0.423825740814209,0.08487287908792496,0.28940433263778687,0.4791281223297119,0.08938740938901901,0.34880414605140686,0.4108312129974365,0.08927016705274582,0.39585429430007935,0.4013649821281433,0.058227021247148514,0.4306146502494812,0.422343373298645,0.036289189010858536,0.2661128044128418,0.44232383370399475,0.06451822817325592,0.330303430557251,0.37011080980300903,0.06166275963187218,0.38013896346092224,0.36205798387527466,0.037013739347457886,0.4170841574668884,0.3808165490627289,0.020153623074293137,0.23802193999290466,0.41284939646720886,0.03725693002343178,0.29314884543418884,0.35286831855773926,0.03370001167058945,0.3383713960647583,0.33961814641952515,0.023670710623264313,0.37914296984672546,0.34949246048927307,0.015876803547143936
C,0.14606739580631256,0.671340823173523,8.263228892246843e-07,0.2514686584472656,0.6896783709526062,0.00883870106190443,0.3271050751209259,0.6730929613113403,0.016212625429034233,0.40015310049057007,0.6586450338363647,0.01045884471386671,0.46483123302459717,0.6354702711105347,0.0035826419480144978,0.306938111782074,0.5131909251213074,0.1126374825835228,0.3533029854297638,0.4521695375442505,0.12176452577114105,0.39542150497436523,0.4330713152885437,0.10694760084152222,0.4306820034980774,0.4238424003124237,0.09302306920289993,0.2901500165462494,0.47799086570739746,0.09332805126905441,0.34930819272994995,0.4069477915763855,0.0943429097533226,0.3969017267227173,0.39878517389297485,0.06296912580728531,0.43083733320236206,0.4215627908706665,0.040866948664188385,0.26748985052108765,0.44187888503074646,0.06586181372404099,0.3313385844230652,0.3666963577270508,0.06450163573026657,0.38158273696899414,0.3608577251434326,0.03989023342728615,0.41787052154541016,0.3825594186782837,0.022874392569065094,0.24056661128997803,0.41384315490722656,0.03614998608827591,0.296194463968277,0.3524477481842041,0.03396143764257431,0.3422548174858093,0.3393975794315338,0.0241133701056242,0.383052259683609,0.349573016166687,0.016224326565861702
C,0.14618760347366333,0.6690876483917236,8.040407237785985e-07,0.25079581141471863,0.6876470446586609,0.005505687557160854,0.32917624711990356,0.6717591285705566,0.011611131951212883,0.40301066637039185,0.6565418839454651,0.0057206954807043076,0.4656432271003723,0.6327821016311646,-0.0008457036456093192,0.3095761835575104,0.51093590259552,0.1049666702747345,0.3574768900871277,0.45006391406059265,0.11344370990991592,0.3986935317516327,0.4309544563293457,0.09959420561790466,0.43338537216186523,0.4215283989906311,0.08674783259630203,0.2926228940486908,0.47565677762031555,0.08801761269569397,0.35150229930877686,0.4073256254196167,0.08995752036571503,0.3977842330932617,0.397990345954895,0.06146129220724106,0.4331125319004059,0.41748130321502686,0.04121888801455498,0.26947563886642456,0.4400944709777832,0.06300570070743561,0.33378127217292786,0.3680279850959778,0.06282567977905273,0.38214361667633057,0.36139988899230957,0.041117824614048004,0.4181014895439148,0.38038912415504456,0.025807738304138184,0.241768479347229,0.41226762533187866,0.03543747216463089,0.29689833521842957,0.35128268599510193,0.03469007834792137,0.34217023849487305,0.3374221920967102,0.026936249807476997,0.38299697637557983,0.34628236293792725,0.020491303876042366
C,0.1569506675004959,0.6575517058372498,8.365675512322923e-07,0.255884051322937,0.675663948059082,-0.007801591418683529,0.33344903588294983,0.662577211856842,-0.009205861017107964,0.4073563814163208,0.650739312171936,-0.01911570131778717,0.4707885682582855,0.6260480284690857,-0.02908802218735218,0.3187341094017029,0.5001353621482849,0.07850141078233719,0.366919606924057,0.4391922354698181,0.07758423686027527,0.4073573350906372,0.42101943492889404,0.059757575392723083,0.44022756814956665,0.41603052616119385,0.04581418260931969,0.3004925847053528,0.465414822101593,0.06814286857843399,0.3601634204387665,0.3934015929698944,0.06283453106880188,0.4053686857223511,0.38258790969848633,0.03421750292181969,0.4388422966003418,0.40422323346138,0.014544696547091007,0.27577054500579834,0.43156898021698,0.04955678805708885,0.33880147337913513,0.357730507850647,0.04229872301220894,0.38761505484580994,0.3500693440437317,0.020659152418375015,0.4226265549659729,0.3731898069381714,0.006876887287944555,0.24644115567207336,0.40487316250801086,0.02787119336426258,0.30176106095314026,0.3457206189632416,0.021610738709568977,0.34730201959609985,0.32979509234428406,0.013063298538327217,0.3867371380329132,0.33969640731811523,0.007262779865413904
C,0.17076370120048523,0.633782684803009,9.464416166338196e-07,0.2666414678096771,0.6548570990562439,-0.012793648056685925,0.34517306089401245,0.6442044377326965,-0.016803693026304245,0.4184923768043518,0.6295965909957886,-0.028038667514920235,0.47814372181892395,0.6022447347640991,-0.03883521258831024,0.33294063806533813,0.4665520191192627,0.07286131381988525,0.38082823157310486,0.40687525272369385,0.07341364026069641,0.42004168033599854,0.3914194703102112,0.05791979283094406,0.45054757595062256,0.39089107513427734,0.04689067602157593,0.3127228617668152,0.4333764910697937,0.06731744855642319,0.3683650493621826,0.36483848094940186,0.06944844871759415,0.4093063473701477,0.35133445262908936,0.04799570515751839,0.4436641335487366,0.36779290437698364,0.03306358680129051,0.2878616154193878,0.4020279347896576,0.053439751267433167,0.3444647789001465,0.3329627215862274,0.05458793789148331,0.38730117678642273,0.31854885816574097,0.041775256395339966,0.4200352430343628,0.33631962537765503,0.03356384113430977,0.25749123096466064,0.3789280652999878,0.035486072301864624,0.31024447083473206,0.3224009573459625,0.03728058561682701,0.3518163561820984,0.3022722005844116,0.03625676408410072,0.38703081011772156,0.3098098635673523,0.036451127380132675
C,0.16934306919574738,0.6093372106552124,7.520374651903694e-07,0.25956490635871887,0.6297159194946289,-0.010564715601503849,0.34542515873908997,0.6090333461761475,-0.010389954783022404,0.4203748404979706,0.5911214351654053,-0.016348671168088913,0.48128920793533325,0.5739765167236328,-0.021001672372221947,0.3335428237915039,0.4435545802116394,0.0634455755352974,0.3821520507335663,0.3832583427429199,0.060709234327077866,0.4216426908969879,0.3666638135910034,0.045433409512043,0.4532299041748047,0.36346790194511414,0.035034824162721634,0.3140069544315338,0.4079950451850891,0.05650581046938896,0.36906003952026367,0.33904099464416504,0.05501340329647064,0.41032925248146057,0.3243325650691986,0.03516029939055443,0.44308310747146606,0.3355450928211212,0.02205023542046547,0.290073961019516,0.3745056390762329,0.04178061708807945,0.3449934124946594,0.3064858317375183,0.03841502219438553,0.38683828711509705,0.29223453998565674,0.02608470804989338,0.4180638790130615,0.3061563968658447,0.01930997148156166,0.26111745834350586,0.3464009165763855,0.023371897637844086,0.30632495880126953,0.28271952271461487,0.022076668217778206,0.34487807750701904,0.2550658881664276,0.020131677389144897,0.37991997599601746,0.25148677825927734,0.020075971260666847
C,0.17523929476737976,0.6118819713592529,7.505626058446069e-07,0.2658134996891022,0.6342664957046509,-0.008125333115458488,0.34824278950691223,0.6148996949195862,-0.00865775253623724,0.4235004186630249,0.5944475531578064,-0.01632806286215782,0.4850885272026062,0.5746561288833618,-0.023358024656772614,0.33220621943473816,0.44567742943763733,0.07169829308986664,0.3787539005279541,0.38440144062042236,0.07276707142591476,0.41744670271873474,0.3668505549430847,0.0581304170191288,0.4499739110469818,0.3606905937194824,0.04693586379289627,0.3137613534927368,0.4094108045101166,0.06344407796859741,0.36609500646591187,0.34117916226387024,0.06716744601726532,0.4088204503059387,0.3275022804737091,0.0483492910861969,0.4452037215232849,0.33626002073287964,0.034371517598629,0.29003220796585083,0.3748120665550232,0.047183312475681305,0.34298208355903625,0.306156724691391,0.04912315309047699,0.3860692083835602,0.29033201932907104,0.03792601078748703,0.42060762643814087,0.29698264598846436,0.029683822765946388,0.2618218660354614,0.34681814908981323,0.027205750346183777,0.3025475740432739,0.280121386051178,0.031313154846429825,0.3372404873371124,0.25151383876800537,0.031942591071128845,0.36830997467041016,0.24305278062820435,0.031754326075315475
C,0.1726503074169159,0.5906020998954773,7.959654908518132e-07,0.2590056359767914,0.608980119228363,-0.010007906705141068,0.3448646664619446,0.5835025906562805,-0.010174638591706753,0.419970840215683,0.5684189796447754,-0.016867205500602722,0.48111921548843384,0.5510692000389099,-0.02248700149357319,0.33513087034225464,0.41874614357948303,0.06293851137161255,0.383276104927063,0.35675048828125,0.061587974429130554,0.42312008142471313,0.3388347029685974,0.04797474667429924,0.4531783163547516,0.3366934061050415,0.038957756012678146,0.3150157332420349,0.38342005014419556,0.05616508796811104,0.3708660304546356,0.3137499690055847,0.056704841554164886,0.4121640622615814,0.30069100856781006,0.03933710232377052,0.4447474479675293,0.3147472143173218,0.02838859334588051,0.2913944721221924,0.35035526752471924,0.041747450828552246,0.34756624698638916,0.2811935544013977,0.040938615798950195,0.39057546854019165,0.26845696568489075,0.031564608216285706,0.4229683578014374,0.2843054533004761,0.02673771232366562,0.2629057466983795,0.3230806589126587,0.023530205711722374,0.31223201751708984,0.2636899948120117,0.024021649733185768,0.35249629616737366,0.24243520200252533,0.024246156215667725,0.38902750611305237,0.24553614854812622,0.02603965997695923
C,0.17084069550037384,0.5919907093048096,7.265179533533228e-07,0.26061737537384033,0.6113113164901733,-0.008461745455861092,0.345896452665329,0.5858068466186523,-0.008284316398203373,0.42095232009887695,0.5691913962364197,-0.014883960597217083,0.48316073417663574,0.550821840763092,-0.020293118432164192,0.3355576992034912,0.42101597785949707,0.06517168879508972,0.3827815651893616,0.3582867980003357,0.06421738117933273,0.4220183193683624,0.3403761088848114,0.05038157477974892,0.4519484043121338,0.3373659551143646,0.040922973304986954,0.315532922744751,0.3833000659942627,0.05737142637372017,0.37215644121170044,0.3146214485168457,0.060089290142059326,0.4138760566711426,0.30156952142715454,0.04451124370098114,0.44692736864089966,0.31419771909713745,0.0340421237051487,0.29136547446250916,0.3487519323825836,0.04180047661066055,0.3504776954650879,0.2821253836154938,0.042143236845731735,0.3938087821006775,0.27035602927207947,0.034763019531965256,0.42712414264678955,0.2830253541469574,0.030513141304254532,0.26321297883987427,0.3212461471557617,0.02248048409819603,0.3145257830619812,0.2638053297996521,0.02288442850112915,0.35553330183029175,0.24834612011909485,0.024522429332137108,0.392366886138916,0.2542499899864197,0.027083097025752068
C,0.1659485548734665,0.5480417013168335,8.78336095411214e-07,0.2514006495475769,0.574931263923645,-0.01414361223578453,0.343487024307251,0.5440796613693237,-0.013935326598584652,0.42312756180763245,0.5240947008132935,-0.01936504617333412,0.48673462867736816,0.5070866346359253,-0.023226724937558174,0.3328137993812561,0.36485305428504944,0.0600593239068985,0.3829965591430664,0.2965601086616516,0.058587655425071716,0.4247173070907593,0.2808285355567932,0.04570776969194412,0.4572744071483612,0.28405869007110596,0.0374617762863636,0.3111155033111572,0.3278164863586426,0.055516865104436874,0.3676164746284485,0.2531421184539795,0.05694606155157089,0.41085368394851685,0.24127937853336334,0.04098052904009819,0.44657111167907715,0.25905269384384155,0.03136834874749184,0.28573840856552124,0.2961423397064209,0.0428447425365448,0.3452703058719635,0.22136330604553223,0.04194974526762962,0.39003342390060425,0.2079198956489563,0.033143799751996994,0.4247388541698456,0.22363997995853424,0.02903437428176403,0.25510233640670776,0.2727043628692627,0.02589990943670273,0.3086729943752289,0.20753994584083557,0.02524522691965103,0.3517218828201294,0.18540224432945251,0.024822773411870003,0.39086073637008667,0.18982529640197754,0.0267652478069067
C,0.15923821926116943,0.5449868440628052,9.413982979822322e-07,0.25821560621261597,0.5691336393356323,-0.01065279170870781,0.34837889671325684,0.5410138964653015,-0.011099772527813911,0.4309137165546417,0.5160074234008789,-0.01948588714003563,0.4987331032752991,0.4910520315170288,-0.027438446879386902,0.32577767968177795,0.3598730266094208,0.08080939203500748,0.3758202791213989,0.2909553050994873,0.0839218869805336,0.419864296913147,0.27166879177093506,0.06944381445646286,0.4546544551849365,0.266435444355011,0.05825022980570793,0.30403026938438416,0.3195371627807617,0.07352638989686966,0.3645186126232147,0.24409961700439453,0.07800716906785965,0.4108734726905823,0.2311546355485916,0.05626289173960686,0.45053666830062866,0.24690444767475128,0.040576521307229996,0.2772797644138336,0.2824472486972809,0.057262763381004333,0.342638224363327,0.20574142038822174,0.05947648361325264,0.3903842866420746,0.19143609702587128,0.04381348937749863,0.4293345808982849,0.20556358993053436,0.03270193934440613,0.2455054521560669,0.25391167402267456,0.037009816616773605,0.3052864968776703,0.18807899951934814,0.03943517431616783,0.35140955448150635,0.16800518333911896,0.03617997094988823,0.3939473330974579,0.1730385273694992,0.03368547186255455
C,0.1531725972890854,0.5459883213043213,8.749084372539073e-07,0.25524935126304626,0.5690348148345947,-0.007268823683261871,0.3485070765018463,0.5406997203826904,-0.005163125693798065,0.4312887489795685,0.5160399079322815,-0.011739250272512436,0.5009033679962158,0.4896157383918762,-0.01765310950577259,0.3266722857952118,0.3624340295791626,0.08777196705341339,0.3764335513114929,0.29249152541160583,0.09162884205579758,0.4206507205963135,0.2711954712867737,0.07661900669336319,0.4561288356781006,0.2648313045501709,0.06497882306575775,0.30497440695762634,0.32114967703819275,0.07859743386507034,0.3645113706588745,0.24384865164756775,0.08363784104585648,0.4114757776260376,0.22800205647945404,0.0610060840845108,0.4511333703994751,0.24309328198432922,0.04472127556800842,0.27809274196624756,0.2827453911304474,0.06037003546953201,0.3438686728477478,0.20587630569934845,0.06258444488048553,0.3915833532810211,0.19067004323005676,0.04700671136379242,0.4306621849536896,0.20437511801719666,0.03608778491616249,0.24649578332901,0.2523789405822754,0.03829730302095413,0.3054933547973633,0.18782994151115417,0.03993446007370949,0.3524920642375946,0.17000406980514526,0.03673321381211281,0.39653143286705017,0.17701028287410736,0.034665461629629135
C,0.14585112035274506,0.5429372191429138,9.485253826824191e-07,0.2509521543979645,0.5647992491722107,-0.012228270061314106,0.344108521938324,0.5333808660507202,-0.013345710933208466,0.42985305190086365,0.5080773234367371,-0.022587236016988754,0.5013669729232788,0.48353147506713867,-0.03151103854179382,0.3222370147705078,0.3535744547843933,0.08244612067937851,0.3738926649093628,0.28299641609191895,0.08342361450195312,0.4189726710319519,0.2619861662387848,0.06657010316848755,0.4565989673137665,0.2538708448410034,0.0530560202896595,0.3004504144191742,0.3115628659725189,0.07459668815135956,0.3646145164966583,0.23516808450222015,0.07464703172445297,0.41312307119369507,0.22167834639549255,0.048833347856998444,0.4542563557624817,0.23800908029079437,0.0304926298558712,0.2716456949710846,0.27216005325317383,0.05731406435370445,0.3417171537876129,0.19380338490009308,0.05548659712076187,0.39284640550613403,0.17866329848766327,0.036048222333192825,0.434456467628479,0.1922467201948166,0.022598542273044586,0.23667265474796295,0.24118375778198242,0.03602437674999237,0.2984423041343689,0.17607823014259338,0.03503607213497162,0.34556710720062256,0.15710178017616272,0.02894720248878002,0.390174001455307,0.1607028841972351,0.024269845336675644
C,0.1803666055202484,0.5602339506149292,8.474875130559667e-07,0.2844187617301941,0.5663323402404785,-0.013407316990196705,0.3721710443496704,0.5464170575141907,-0.01837017573416233,0.4504132866859436,0.5224611759185791,-0.030515963211655617,0.5148600339889526,0.502105176448822,-0.0414348766207695,0.3543054461479187,0.35571742057800293,0.06826135516166687,0.40689149498939514,0.2826191782951355,0.059407077729701996,0.44824591279029846,0.2697713375091553,0.03646792098879814,0.4798741936683655,0.27743688225746155,0.02121133916079998,0.3308691680431366,0.3203238248825073,0.06103775277733803,0.39228910207748413,0.2351173609495163,0.05392276495695114,0.43617838621139526,0.22377264499664307,0.02750908024609089,0.4712599515914917,0.24538272619247437,0.009871215559542179,0.30180975794792175,0.28749746084213257,0.04505464434623718,0.3621884882450104,0.1995735615491867,0.03718625754117966,0.4077424705028534,0.18776458501815796,0.02190738171339035,0.44257673621177673,0.21233049035072327,0.013371333479881287,0.2660647928714752,0.26178494095802307,0.02497144415974617,0.3181666135787964,0.1910013109445572,0.020460214465856552,0.36363983154296875,0.16882750391960144,0.017914658412337303,0.40504026412963867,0.17686711251735687,0.017660148441791534
C,0.2130303531885147,0.5774983763694763,6.987145866332867e-07,0.30971574783325195,0.5871468782424927,-0.01199345663189888,0.39571434259414673,0.5669260025024414,-0.0156866405159235,0.475955069065094,0.5435381531715393,-0.026514586061239243,0.5416795015335083,0.5248405337333679,-0.03573077917098999,0.38368842005729675,0.3876144587993622,0.06440436840057373,0.436617910861969,0.31393885612487793,0.05578966438770294,0.47765058279037476,0.29854637384414673,0.03404175117611885,0.5084209442138672,0.30353808403015137,0.01939370296895504,0.36292433738708496,0.3515585660934448,0.056420668959617615,0.4220070242881775,0.26768600940704346,0.04691707342863083,0.46533775329589844,0.25877779722213745,0.020666223019361496,0.49818509817123413,0.28404736518859863,0.0036613873671740294,0.33673882484436035,0.31865882873535156,0.04028059169650078,0.3959707021713257,0.23486346006393433,0.03100409545004368,0.44104328751564026,0.22787164151668549,0.015787383541464806,0.47540271282196045,0.2558765709400177,0.007176264189183712,0.30455729365348816,0.29212814569473267,0.020238246768712997,0.3549362123012543,0.22599264979362488,0.014892803505063057,0.3986148536205292,0.20555853843688965,0.011921370401978493,0.4381865859031677,0.21431805193424225,0.011040547862648964
C,0.21824857592582703,0.5803917050361633,8.081910891633015e-07,0.31303396821022034,0.5886913537979126,-0.013256502337753773,0.4004848003387451,0.5668677091598511,-0.01711750589311123,0.47994548082351685,0.5464586019515991,-0.027710625901818275,0.545383632183075,0.5268877744674683,-0.0371222123503685,0.3864119052886963,0.3841894865036011,0.06680701673030853,0.4368426203727722,0.31415051221847534,0.062032684683799744,0.4783616065979004,0.29963040351867676,0.04224017634987831,0.5097851157188416,0.30345964431762695,0.028654348105192184,0.3632163107395172,0.35031163692474365,0.059927091002464294,0.4212449789047241,0.2684750556945801,0.05685156211256981,0.4656275808811188,0.25540781021118164,0.032426897436380386,0.4997146725654602,0.27707439661026,0.01570073701441288,0.3356909155845642,0.3190256357192993,0.04475453495979309,0.3945223391056061,0.23827028274536133,0.04039326682686806,0.4406748414039612,0.2264188975095749,0.025637926533818245,0.4757591187953949,0.2494763284921646,0.016657475382089615,0.3032870888710022,0.29532521963119507,0.025585103780031204,0.3555446267127991,0.2299581915140152,0.023345017805695534,0.39782994985580444,0.20810669660568237,0.02109581045806408,0.43534836173057556,0.2154649794101715,0.02062262035906315
C,0.26976338028907776,0.6101081967353821,6.213613801264728e-07,0.3608461916446686,0.6215627789497375,-0.009836717508733273,0.44318699836730957,0.6060565710067749,-0.012584460899233818,0.5183355212211609,0.5857514142990112,-0.021925117820501328,0.578083872795105,0.5673736929893494,-0.03020727075636387,0.43729662895202637,0.4334569275379181,0.058053284883499146,0.48809537291526794,0.3636438846588135,0.05131765455007553,0.5253400206565857,0.3511233329772949,0.031949274241924286,0.5537664890289307,0.3553427755832672,0.01847991906106472,0.41572749614715576,0.3971279263496399,0.05028966814279556,0.47128087282180786,0.3169165253639221,0.044718727469444275,0.5099009871482849,0.30692851543426514,0.021519599482417107,0.5406931638717651,0.32553917169570923,0.005309748463332653,0.3895707428455353,0.3649086654186249,0.03532356023788452,0.44480299949645996,0.2848808765411377,0.028745798394083977,0.4861290156841278,0.27496808767318726,0.014767544344067574,0.5183207392692566,0.2961069345474243,0.005870251916348934,0.35754823684692383,0.3398081362247467,0.016979295760393143,0.40415114164352417,0.27741608023643494,0.013498120941221714,0.44282296299934387,0.25830763578414917,0.011567805893719196,0.47722482681274414,0.2647548019886017,0.01081069279462099
C,0.3046303391456604,0.6335703134536743,5.860983378624951e-07,0.38547125458717346,0.6451379060745239,-0.016736991703510284,0.46625468134880066,0.6264868974685669,-0.021392306312918663,0.5402283072471619,0.6087741851806641,-0.03011023811995983,0.5994154214859009,0.5969151258468628,-0.03670617938041687,0.4664936363697052,0.4619918167591095,0.04432842880487442,0.5173192024230957,0.3969811797142029,0.03510817885398865,0.552609920501709,0.3873608708381653,0.015703599900007248,0.57901930809021,0.3958292007446289,0.0031450281385332346,0.44577622413635254,0.42739853262901306,0.04147821664810181,0.5000495910644531,0.35457465052604675,0.0346810407936573,0.5368136763572693,0.3477697968482971,0.013939469121396542,0.5656737685203552,0.36837148666381836,2.5265317162848078e-06,0.4203999638557434,0.397877037525177,0.03149634972214699,0.473408579826355,0.32665693759918213,0.02373257279396057,0.5114092230796814,0.3212277591228485,0.011318124830722809,0.5408340692520142,0.34414881467819214,0.004006465431302786,0.3896802067756653,0.3748299777507782,0.01785038411617279,0.4324849247932434,0.31960904598236084,0.01347283460199833,0.4660625755786896,0.305467426776886,0.012320809997618198,0.49650466442108154,0.31483396887779236,0.012687617912888527
C,0.3076637387275696,0.6311981081962585,6.478943532783887e-07,0.388924241065979,0.6462929248809814,-0.014062153175473213,0.4720287024974823,0.629330039024353,-0.01572803035378456,0.5452892780303955,0.6124470233917236,-0.021922549232840538,0.6001874208450317,0.5997700095176697,-0.026396721601486206,0.4667726457118988,0.4640374183654785,0.05142112448811531,0.5150945782661438,0.4000411331653595,0.04612995311617851,0.5501646995544434,0.3890235126018524,0.02878250926733017,0.576856791973114,0.39620745182037354,0.01733515039086342,0.4447048306465149,0.4295635521411896,0.048027150332927704,0.4978910982608795,0.3562871813774109,0.0448058545589447,0.5353583097457886,0.34686654806137085,0.024145208299160004,0.5647380948066711,0.3662337064743042,0.010009574703872204,0.4191782474517822,0.39813849329948425,0.037659045308828354,0.47063830494880676,0.3280048668384552,0.03323861584067345,0.5104873180389404,0.318593293428421,0.02043968066573143,0.5407614707946777,0.33868879079818726,0.01257861778140068,0.388988196849823,0.37277013063430786,0.023734383285045624,0.4312380254268646,0.31774696707725525,0.022097911685705185,0.46493080258369446,0.3034014403820038,0.021244805306196213,0.49476706981658936,0.31409499049186707,0.021709628403186798
C,0.359991192817688,0.700132429599762,5.131896614329889e-07,0.441692978143692,0.7198305130004883,-0.004651911556720734,0.5169546604156494,0.7080309391021729,-0.0027203219942748547,0.5825716853141785,0.6917793154716492,-0.007371735293418169,0.6375410556793213,0.6775931715965271,-0.010898717679083347,0.5130042433738708,0.5412442684173584,0.06184278428554535,0.5620504021644592,0.4853038489818573,0.0612020269036293,0.5986586809158325,0.4778769016265869,0.04743627458810806,0.6257544755935669,0.48510825634002686,0.037987664341926575,0.49441996216773987,0.5079522132873535,0.05421343073248863,0.5472988486289978,0.44366297125816345,0.05645943433046341,0.5863145589828491,0.4399927258491516,0.03915371373295784,0.6157667636871338,0.4606301188468933,0.026448626071214676,0.472245991230011,0.4782547950744629,0.04005911201238632,0.5243381261825562,0.4127621054649353,0.03990517184138298,0.5648779273033142,0.4098234176635742,0.029433514922857285,0.5944871306419373,0.43059980869293213,0.022202521562576294,0.4453553557395935,0.45410865545272827,0.022982671856880188,0.48964908719062805,0.3983897864818573,0.023214878514409065,0.5263039469718933,0.38978785276412964,0.023434622213244438,0.5570311546325684,0.4028718173503876,0.024107910692691803
C,0.37888845801353455,0.7808093428611755,3.7137422737032466e-07,0.46295925974845886,0.8023669719696045,-0.0013995320769026875,0.535121500492096,0.7919345498085022,0.002718548523262143,0.5959361791610718,0.7813067436218262,-0.00018499723228160292,0.6456767916679382,0.7690227031707764,-0.0018693397287279367,0.531574010848999,0.6310859322547913,0.061599936336278915,0.5788490772247314,0.5758721828460693,0.061125848442316055,0.6123418807983398,0.5710001587867737,0.04861655458807945,0.6365928649902344,0.5800700187683105,0.04044410213828087,0.5143797993659973,0.6008510589599609,0.0530807189643383,0.5660256147384644,0.5395750999450684,0.05557061359286308,0.6014387011528015,0.5355736017227173,0.0406050942838192,0.6279849410057068,0.552230715751648,0.030333299189805984,0.494257390499115,0.5744406580924988,0.03847194090485573,0.5471978187561035,0.5128798484802246,0.038615044206380844,0.5855112075805664,0.5081428289413452,0.031079597771167755,0.6125816702842712,0.5250456929206848,0.02684115059673786,0.4704549014568329,0.5537084341049194,0.021146224811673164,0.5169475078582764,0.5017433166503906,0.02224333956837654,0.5552701950073242,0.4894751310348511,0.02430059015750885,0.5872044563293457,0.4979832172393799,0.027035370469093323
C,0.3822510838508606,0.8039759993553162,5.998878123136819e-07,0.466560423374176,0.8305929899215698,-0.0006811626371927559,0.5358624458312988,0.8231128454208374,0.0029736829455941916,0.6000362634658813,0.8117181658744812,-0.0014033024199306965,0.6541112065315247,0.7941526174545288,-0.004889962263405323,0.5278482437133789,0.6684802174568176,0.07843942195177078,0.5713775753974915,0.6159384846687317,0.0850866511464119,0.6070575714111328,0.604135274887085,0.07488654553890228,0.6335929036140442,0.6053383350372314,0.0668938010931015,0.5122767686843872,0.6373513340950012,0.06930924206972122,0.5627623200416565,0.5795347690582275,0.07873953878879547,0.6008909940719604,0.5715035200119019,0.06424718350172043,0.6315341591835022,0.5852835178375244,0.052874479442834854,0.49386924505233765,0.6073231101036072,0.05303455889225006,0.5480536818504333,0.5496794581413269,0.05933850258588791,0.5870580673217773,0.5425442457199097,0.05158761516213417,0.6158379316329956,0.555883526802063,0.04532726854085922,0.4718601405620575,0.582633912563324,0.03370939567685127,0.51936936378479,0.5341525673866272,0.03904404118657112,0.5553315281867981,0.5220599174499512,0.04109615460038185,0.5861378908157349,0.5287338495254517,0.04236018657684326
C,0.3839765787124634,0.8047484755516052,7.148073564167134e-07,0.4667329788208008,0.8289180994033813,-0.006618470419198275,0.5380305051803589,0.8224202394485474,-0.007234547752887011,0.6041236519813538,0.8108128905296326,-0.014688780531287193,0.6571058034896851,0.7911781668663025,-0.021449683234095573,0.5244839191436768,0.6682075262069702,0.06905636936426163,0.5679965019226074,0.6170260906219482,0.07260993123054504,0.6044763326644897,0.6046515703201294,0.06154667213559151,0.6323237419128418,0.6028844118118286,0.0531693696975708,0.5095265507698059,0.638346791267395,0.06193993613123894,0.5608539581298828,0.5817416906356812,0.0675252377986908,0.598474383354187,0.5723459720611572,0.05213790386915207,0.6296154260635376,0.5831884145736694,0.04100401699542999,0.49205976724624634,0.6089736819267273,0.047584664076566696,0.5462139248847961,0.5510079264640808,0.051283255219459534,0.5857322216033936,0.5419512391090393,0.04326929152011871,0.6162583827972412,0.5524285435676575,0.03752061352133751,0.47149544954299927,0.5855850577354431,0.02979329228401184,0.5210796594619751,0.5377650260925293,0.03398828208446503,0.5593128800392151,0.5238310098648071,0.03540905937552452,0.5929673314094543,0.5275557041168213,0.036337800323963165
C,0.3723672032356262,0.7965428233146667,6.566990009559959e-07,0.4515604078769684,0.8276245594024658,-0.008192802779376507,0.5267496705055237,0.8177542090415955,-0.007615159265697002,0.594549834728241,0.8064067363739014,-0.012935064733028412,0.6481074690818787,0.792350172996521,-0.01747445948421955,0.5200414657592773,0.6680987477302551,0.06059981882572174,0.5632665157318115,0.6165037155151367,0.06231691688299179,0.5996688604354858,0.6059975624084473,0.05026618018746376,0.6276437640190125,0.6059969663619995,0.04108770191669464,0.5039219856262207,0.6361292600631714,0.05466330796480179,0.5546376705169678,0.5790989398956299,0.05746055021882057,0.5930021405220032,0.5727624893188477,0.040717966854572296,0.6231469511985779,0.5886496305465698,0.028769476339221,0.4848129153251648,0.6064542531967163,0.042077504098415375,0.538691520690918,0.5483588576316833,0.04325222596526146,0.5783064961433411,0.5422424674034119,0.03385664522647858,0.6082331538200378,0.5573108196258545,0.027503343299031258,0.46197283267974854,0.5832042694091797,0.026165030896663666,0.5113933682441711,0.5367267727851868,0.027279922738671303,0.5488075017929077,0.526626467704773,0.02672533690929413,0.5809451937675476,0.5349360704421997,0.026765694841742516
C,0.36644089221954346,0.7876781821250916,6.824552087891789e-07,0.4455404579639435,0.8192406892776489,-0.011168225668370724,0.5210864543914795,0.8054396510124207,-0.012047900818288326,0.5897707939147949,0.7942981719970703,-0.018184849992394447,0.6431388258934021,0.7813318967819214,-0.02359905280172825,0.5141739845275879,0.6543445587158203,0.05420766398310661,0.5583628416061401,0.6026157736778259,0.05196917802095413,0.5941756963729858,0.5942350029945374,0.03811145946383476,0.6229657530784607,0.595460057258606,0.02772091142833233,0.498983770608902,0.6217216849327087,0.04896485060453415,0.5518373847007751,0.5663226842880249,0.04794575646519661,0.5897969603538513,0.5601174831390381,0.03031984530389309,0.6209008097648621,0.573899507522583,0.017729824408888817,0.4790683090686798,0.5911633968353271,0.03662237152457237,0.5353687405586243,0.536214292049408,0.033416297286748886,0.5745050311088562,0.5287190675735474,0.021860025823116302,0.6046304702758789,0.5412643551826477,0.014433391392230988,0.45408064126968384,0.5664319396018982,0.02097192406654358,0.5043521523475647,0.5211385488510132,0.018208950757980347,0.5414732098579407,0.5084527730941772,0.014931507408618927,0.5750875473022461,0.5129091739654541,0.013075325638055801
C,0.3704944849014282,0.7881255149841309,7.017873713266454e-07,0.4513319134712219,0.8160095810890198,-0.00994702149182558,0.524242639541626,0.806153416633606,-0.011939422227442265,0.5915138721466064,0.7930346727371216,-0.02002594992518425,0.6462416648864746,0.781711757183075,-0.027573945000767708,0.5134986639022827,0.6560035347938538,0.06150071695446968,0.5563355684280396,0.6052098274230957,0.061787206679582596,0.5920517444610596,0.5935014486312866,0.04886382445693016,0.6212656497955322,0.5908904075622559,0.03894803300499916,0.49889156222343445,0.6240180134773254,0.055716175585985184,0.5505529046058655,0.5687434077262878,0.05753929913043976,0.5882327556610107,0.5616623759269714,0.04079769551753998,0.6206993460655212,0.5729091167449951,0.02858077734708786,0.47975286841392517,0.5930666923522949,0.042549844831228256,0.5350445508956909,0.5367987155914307,0.04237804189324379,0.5738473534584045,0.5282419919967651,0.03127530217170715,0.6050500273704529,0.5386599898338318,0.02342970110476017,0.4563807249069214,0.5665839314460754,0.026012392714619637,0.5043219923973083,0.5204085111618042,0.02705743908882141,0.5415533781051636,0.5072610974311829,0.025236167013645172,0.5762646198272705,0.5110775232315063,0.023584719747304916
C,0.3625376522541046,0.7811870574951172,7.608537089254241e-07,0.4481087923049927,0.8103551864624023,-0.007750334683805704,0.5218740105628967,0.7990028262138367,-0.008379856124520302,0.5909826755523682,0.7862386703491211,-0.0162043496966362,0.6458659172058105,0.7722399830818176,-0.024146903306245804,0.5073684453964233,0.6495822072029114,0.06954697519540787,0.5516419410705566,0.5990020632743835,0.07214396446943283,0.5885254144668579,0.5879590511322021,0.05954451113939285,0.6183112859725952,0.5853822827339172,0.049157969653606415,0.49239516258239746,0.6163421869277954,0.062225695699453354,0.5466992855072021,0.5617498755455017,0.06418842822313309,0.5859944820404053,0.5565739274024963,0.04450226202607155,0.6184272170066833,0.5723702311515808,0.030454395338892937,0.4725330173969269,0.5844738483428955,0.047480013221502304,0.5305691361427307,0.5277491807937622,0.04772542417049408,0.5726742148399353,0.5213442444801331,0.03374512121081352,0.6056380271911621,0.5350382328033447,0.02399459294974804,0.4474358558654785,0.5596334934234619,0.02951541729271412,0.49844101071357727,0.5115994215011597,0.03046787530183792,0.5367490649223328,0.49966368079185486,0.027076546102762222,0.5712804794311523,0.5053471326828003,0.024221127852797508
C,0.364041805267334,0.7735157012939453,7.666751002943784e-07,0.45027053356170654,0.8007965683937073,-0.009203045628964901,0.52253258228302,0.7939682602882385,-0.01289623137563467,0.5899111032485962,0.7827697992324829,-0.02387533336877823,0.6472302675247192,0.7689760327339172,-0.03485355153679848,0.5075971484184265,0.646949052810669,0.06605986505746841,0.5504378080368042,0.5975080728530884,0.06444850564002991,0.588126003742218,0.5846688747406006,0.04912197217345238,0.6195981502532959,0.5805580615997314,0.03721138834953308,0.4938808083534241,0.6137814521789551,0.05814637616276741,0.5476718544960022,0.5601351261138916,0.05667172372341156,0.588283360004425,0.5539239645004272,0.03583987429738045,0.6214624643325806,0.5688502788543701,0.020861679688096046,0.4744878113269806,0.5812324285507202,0.04259413480758667,0.5326327085494995,0.5261307954788208,0.0405418798327446,0.5744486451148987,0.5197196006774902,0.02683025598526001,0.6069698333740234,0.5338181257247925,0.017192550003528595,0.4503346383571625,0.5540429353713989,0.023637443780899048,0.49917399883270264,0.507440984249115,0.02314729429781437,0.5378708243370056,0.49521124362945557,0.01974031887948513,0.5731823444366455,0.5005229711532593,0.01684858836233616
C,0.3654361963272095,0.772998571395874,7.707056397521228e-07,0.451305627822876,0.8007455468177795,-0.007107272744178772,0.5232810974121094,0.7927358746528625,-0.009665382094681263,0.5898501873016357,0.7811840176582336,-0.019873645156621933,0.6469255685806274,0.7676681876182556,-0.030157288536429405,0.5087181329727173,0.6465756893157959,0.0698462650179863,0.551501989364624,0.5965323448181152,0.0708017647266388,0.5888065695762634,0.5829612612724304,0.05736073851585388,0.6197999715805054,0.5789297223091125,0.046681929379701614,0.4942440688610077,0.6138467192649841,0.06144018843770027,0.5474140644073486,0.5600290894508362,0.06331002712249756,0.5875564813613892,0.5531836748123169,0.044381190091371536,0.6210947632789612,0.5673158168792725,0.03045591525733471,0.4747547507286072,0.5815644860267639,0.04542732611298561,0.5319710373878479,0.5263023972511292,0.04637690261006355,0.5736699104309082,0.5190021991729736,0.03355105593800545,0.6068310737609863,0.5316511988639832,0.023895831778645515,0.45080888271331787,0.554408073425293,0.02609759196639061,0.49927327036857605,0.5078355073928833,0.028094027191400528,0.5378906726837158,0.49518030881881714,0.025517277419567108,0.5733932256698608,0.4994446337223053,0.022750990465283394
C,0.3695359230041504,0.7662261724472046,7.755965611977444e-07,0.45553937554359436,0.7943811416625977,-0.007543888408690691,0.5257397890090942,0.7884151339530945,-0.009740479290485382,0.5912535190582275,0.7779273986816406,-0.019496992230415344,0.648381233215332,0.7641357779502869,-0.029292218387126923,0.5084856748580933,0.6451020836830139,0.06961631774902344,0.5507599711418152,0.5959652066230774,0.06916193664073944,0.5886279344558716,0.5825085639953613,0.05464727804064751,0.620263397693634,0.5783467292785645,0.04328877106308937,0.49547716975212097,0.6117112636566162,0.061278536915779114,0.5485377311706543,0.5588566660881042,0.06121518462896347,0.5898226499557495,0.5525290966033936,0.04100386053323746,0.6237016320228577,0.5674532055854797,0.026252716779708862,0.4774065911769867,0.5790566802024841,0.04516516253352165,0.5341364741325378,0.524543821811676,0.043913647532463074,0.5768529176712036,0.5168644189834595,0.029916411265730858,0.6105412840843201,0.5293634533882141,0.019844725728034973,0.4553386867046356,0.5510294437408447,0.025775479152798653,0.5033999681472778,0.5054786205291748,0.02561887726187706,0.5425202250480652,0.4936898350715637,0.0218370258808136,0.5783400535583496,0.49857082962989807,0.018510229885578156
C,0.3729775547981262,0.7577162384986877,7.784691433698754e-07,0.4597286581993103,0.7862226366996765,-0.007578562945127487,0.5297829508781433,0.7803345918655396,-0.009728837758302689,0.5949952602386475,0.7695925235748291,-0.01921047642827034,0.6517127752304077,0.7567054629325867,-0.028737002983689308,0.5111523270606995,0.6377723813056946,0.0687599703669548,0.5535941123962402,0.5888705253601074,0.06848613917827606,0.5908852219581604,0.5769264698028564,0.05386724695563316,0.621726930141449,0.5738808512687683,0.04229554906487465,0.49797216057777405,0.6050819754600525,0.060777440667152405,0.5507041215896606,0.5517234802246094,0.05973390117287636,0.5914340019226074,0.5472549796104431,0.03832026943564415,0.6237626075744629,0.5649682879447937,0.023086655884981155,0.4800044298171997,0.5731073617935181,0.04531773179769516,0.5365058779716492,0.5177879333496094,0.0437973216176033,0.578683078289032,0.5110170245170593,0.029332904145121574,0.611545979976654,0.5248432755470276,0.01917237415909767,0.4579475522041321,0.5470567941665649,0.026695378124713898,0.5066282153129578,0.5019140243530273,0.0265035517513752,0.5451676845550537,0.4907134771347046,0.02272564172744751,0.5801124572753906,0.4959608316421509,0.019546689465641975
C,0.374650239944458,0.7609615921974182,7.974786058184691e-07,0.45988228917121887,0.7907169461250305,-0.004566845018416643,0.529562771320343,0.7812148332595825,-0.005448862910270691,0.5963919758796692,0.7712979316711426,-0.014645379036664963,0.6539180278778076,0.757590115070343,-0.023945972323417664,0.5136089324951172,0.6405453681945801,0.0757165402173996,0.5558600425720215,0.5907193422317505,0.07879883050918579,0.5935565233230591,0.5771095156669617,0.06645061075687408,0.6248342394828796,0.573063850402832,0.05634239315986633,0.500175952911377,0.6062114834785461,0.06651616096496582,0.5515715479850769,0.5542346239089966,0.07058276236057281,0.5922296643257141,0.5477111339569092,0.051771704107522964,0.6267247796058655,0.5622885227203369,0.03772110864520073,0.4814877212047577,0.5728077292442322,0.04966937378048897,0.5374763607978821,0.5196975469589233,0.052916739135980606,0.5791990160942078,0.5122049450874329,0.03997235372662544,0.6130841970443726,0.5242189764976501,0.02977234125137329,0.4591582417488098,0.5458059906959534,0.029638823121786118,0.5088474750518799,0.5019640326499939,0.03341485559940338,0.5478100776672363,0.490341454744339,0.03101704828441143,0.5839391946792603,0.49481743574142456,0.028146259486675262
C,0.37547969818115234,0.760144054889679,7.898148055573984e-07,0.4612577557563782,0.7897217273712158,-0.003946888260543346,0.5300600528717041,0.7817521691322327,-0.004603593610227108,0.5965483784675598,0.771844208240509,-0.013648648746311665,0.6535657048225403,0.7583217620849609,-0.022823747247457504,0.5136153101921082,0.6401702761650085,0.07601422816514969,0.5556928515434265,0.5899232625961304,0.0790315493941307,0.5932239294052124,0.5766364932060242,0.06644075363874435,0.6244516968727112,0.5727524757385254,0.05610044300556183,0.5001734495162964,0.6057301759719849,0.06647142767906189,0.5515626668930054,0.5531008839607239,0.07009097188711166,0.5923395156860352,0.5468690395355225,0.05080115795135498,0.626339316368103,0.5619832277297974,0.0364411324262619,0.481624573469162,0.572469174861908,0.04937263950705528,0.5373804569244385,0.5185786485671997,0.05215761438012123,0.5792135000228882,0.5112998485565186,0.03884268179535866,0.61283940076828,0.523811936378479,0.028493307530879974,0.4596005082130432,0.5459035038948059,0.029176242649555206,0.509010374546051,0.5018089413642883,0.03246988356113434,0.5479563474655151,0.49031874537467957,0.02977781929075718,0.5837949514389038,0.4951104521751404,0.02676152065396309
C,0.38842853903770447,0.7799468040466309,7.169667242123978e-07,0.4688241183757782,0.804011344909668,-0.00701133394613862,0.5389002561569214,0.7932285070419312,-0.008416637778282166,0.6015147566795349,0.7849480509757996,-0.016641056165099144,0.6556953191757202,0.7730160355567932,-0.024461869150400162,0.5259814858436584,0.6473415493965149,0.06569872051477432,0.5669227838516235,0.5984072089195251,0.06565834581851959,0.6023520231246948,0.589566707611084,0.0516369454562664,0.6299560070037842,0.5925745368003845,0.04152859374880791,0.5119681358337402,0.6180983781814575,0.05850497633218765,0.5614505410194397,0.5628800988197327,0.06056441739201546,0.6001322865486145,0.5573518872261047,0.04282171651721001,0.6309231519699097,0.5740534663200378,0.0302838496863842,0.4932769238948822,0.5881844162940979,0.044074974954128265,0.5466679930686951,0.5314441919326782,0.04492606967687607,0.5876731276512146,0.5249872803688049,0.03320443257689476,0.6195733547210693,0.5399937629699707,0.025138890370726585,0.47106045484542847,0.5617037415504456,0.02643636241555214,0.5178604125976562,0.5141404867172241,0.028254462406039238,0.5569251179695129,0.5051530003547668,0.02688141167163849,0.5916788578033447,0.5153501033782959,0.02583722583949566
C,0.39646676182746887,0.7828468084335327,6.626075901294826e-07,0.4753060042858124,0.8113170266151428,0.0027281977236270905,0.5393335223197937,0.8144180774688721,0.005697756540030241,0.599017322063446,0.8170651197433472,-0.0003976252628490329,0.6520650386810303,0.8076685070991516,-0.006859865039587021,0.532546877861023,0.6745803952217102,0.08124370127916336,0.5756739377975464,0.6319552659988403,0.08899980783462524,0.6101895570755005,0.6244617700576782,0.07878732681274414,0.6375851035118103,0.6260035037994385,0.07013213634490967,0.520729124546051,0.6423348784446716,0.07007899880409241,0.5722877383232117,0.5955506563186646,0.0782633125782013,0.6092325448989868,0.594460129737854,0.060791514813899994,0.6372160315513611,0.6148673892021179,0.04742799326777458,0.504258930683136,0.611116349697113,0.05232549086213112,0.558244526386261,0.5640614628791809,0.05937138944864273,0.5966866612434387,0.5640616416931152,0.04844433069229126,0.6249768137931824,0.5821011066436768,0.039419956505298615,0.4829874038696289,0.5854520797729492,0.0320003405213356,0.5301255583763123,0.5452502369880676,0.03893140330910683,0.5653040409088135,0.5398552417755127,0.03985414281487465,0.5955642461776733,0.5513352155685425,0.039376504719257355
C,0.39744722843170166,0.7829557657241821,7.10357426214614e-07,0.4723312556743622,0.8092122673988342,-0.007594264578074217,0.5367241501808167,0.8105257749557495,-0.0086344750598073,0.597880482673645,0.8126484155654907,-0.016027437523007393,0.6512979865074158,0.8079352378845215,-0.02323063649237156,0.5255240797996521,0.6758276224136353,0.06549236178398132,0.5677267909049988,0.6387051939964294,0.0666494071483612,0.6032785177230835,0.6341266632080078,0.053228944540023804,0.6319753527641296,0.6347202658653259,0.042912792414426804,0.5150949954986572,0.6462897658348083,0.05934197083115578,0.5669878721237183,0.6055889129638672,0.06177588924765587,0.6035428047180176,0.6028372645378113,0.042338140308856964,0.6333252191543579,0.6178541779518127,0.02755495347082615,0.4999622404575348,0.6152180433273315,0.04615234211087227,0.5548298954963684,0.5722761750221252,0.04657744988799095,0.593856692314148,0.5676092505455017,0.03274497017264366,0.6232597827911377,0.5818725824356079,0.022694772109389305,0.4806308448314667,0.5867257714271545,0.030004478991031647,0.5293200612068176,0.5484259724617004,0.03163337707519531,0.5660868883132935,0.541003406047821,0.029310492798686028,0.5974991321563721,0.551710844039917,0.02706960216164589
C,0.39208513498306274,0.7787472009658813,7.146318239392713e-07,0.46384093165397644,0.8175348043441772,-0.0016674413345754147,0.5260681509971619,0.8151959180831909,0.002694652182981372,0.5873780846595764,0.8115357160568237,-0.00014359087799675763,0.6416700482368469,0.8095479607582092,-0.002890345873311162,0.5179978013038635,0.6759771108627319,0.07741433382034302,0.5622437000274658,0.6381890177726746,0.08634258806705475,0.5975438356399536,0.6342049241065979,0.07794976234436035,0.6241541504859924,0.6372165083885193,0.07066423445940018,0.5079567432403564,0.6439549326896667,0.07127613574266434,0.5604422092437744,0.6040314435958862,0.08180465549230576,0.5973301529884338,0.6021727919578552,0.06548813730478287,0.6269892454147339,0.6197677850723267,0.05240248143672943,0.49407005310058594,0.6112095713615417,0.05849752947688103,0.5502398610115051,0.5701891779899597,0.06597883254289627,0.5888473391532898,0.567800760269165,0.053143348544836044,0.6181569695472717,0.5846284627914429,0.04295238479971886,0.4771854281425476,0.5822595357894897,0.04320268705487251,0.5258527994155884,0.5467556715011597,0.04930323362350464,0.5625047087669373,0.5435367226600647,0.047107018530368805,0.5947238802909851,0.5587000846862793,0.044700488448143005
C,0.3849548399448395,0.7667012214660645,6.262551437430375e-07,0.4586406946182251,0.8038071393966675,0.002706200582906604,0.5177603960037231,0.8011140823364258,0.01163928210735321,0.5764514207839966,0.7969539165496826,0.012286193668842316,0.6262595057487488,0.7990697622299194,0.013058541342616081,0.5043660998344421,0.6780621409416199,0.08512246608734131,0.546771764755249,0.6440114974975586,0.09493208676576614,0.5818980932235718,0.6412560939788818,0.08629398047924042,0.6088441610336304,0.6437245011329651,0.07862012088298798,0.4961419403553009,0.6454927921295166,0.07696021348237991,0.5468384623527527,0.6089664101600647,0.0866990014910698,0.583918035030365,0.6092346906661987,0.06902659684419632,0.613912045955658,0.6259714365005493,0.055166296660900116,0.48429733514785767,0.6115400195121765,0.06214761734008789,0.5375937819480896,0.5739324688911438,0.06870539486408234,0.5766832828521729,0.5747675895690918,0.05525529384613037,0.6057391166687012,0.5914711356163025,0.04494118690490723,0.4685722887516022,0.5800586938858032,0.04504605382680893,0.5171544551849365,0.544661819934845,0.0508800707757473,0.5529699325561523,0.5442936420440674,0.04939506947994232,0.583787202835083,0.5598389506340027,0.047509871423244476
C,0.38902539014816284,0.7663476467132568,6.95598089350824e-07,0.4589548408985138,0.8006201982498169,-0.001527183223515749,0.5152627229690552,0.8020672798156738,0.0027202891651540995,0.5738586783409119,0.8004110455513,-0.0004385990323498845,0.6257422566413879,0.7998440861701965,-0.0035313910339027643,0.49843543767929077,0.6845356225967407,0.07918182015419006,0.5390732288360596,0.6509889960289001,0.08669772744178772,0.5726464986801147,0.6476719379425049,0.07712475210428238,0.5999240875244141,0.6491910815238953,0.06911817193031311,0.49078434705734253,0.6525568962097168,0.07284273952245712,0.5389543175697327,0.6187165975570679,0.08278988301753998,0.5741745233535767,0.614802360534668,0.06569541990756989,0.6052595973014832,0.6268386840820312,0.051519643515348434,0.478437602519989,0.6181780695915222,0.05959923192858696,0.5296136736869812,0.5833534002304077,0.06682495772838593,0.5664880275726318,0.5786311030387878,0.05391145125031471,0.5967890620231628,0.5902501940727234,0.04304173216223717,0.46251022815704346,0.5859103202819824,0.04385720565915108,0.5086504220962524,0.5544744729995728,0.05139438062906265,0.5427017211914062,0.5503910779953003,0.050771620124578476,0.5734796524047852,0.5615825653076172,0.04873232543468475
C,0.3946315050125122,0.7590696215629578,7.343459174080635e-07,0.46515020728111267,0.7943816781044006,0.005674623418599367,0.5194364786148071,0.7942209839820862,0.01760881021618843,0.5742553472518921,0.7937381863594055,0.02087968774139881,0.6217132210731506,0.7921253442764282,0.02407805062830448,0.490619033575058,0.6856610774993896,0.09926039725542068,0.5299392938613892,0.6541194915771484,0.11514101922512054,0.5645096302032471,0.6490234732627869,0.10884175449609756,0.5922804474830627,0.6485675573348999,0.10213063657283783,0.48423177003860474,0.6547406315803528,0.09185861796140671,0.5296001434326172,0.6241123676300049,0.10812202841043472,0.5666329860687256,0.6196835041046143,0.0894414633512497,0.5995483994483948,0.6330043077468872,0.07349401712417603,0.47486841678619385,0.6196959614753723,0.07769640535116196,0.522960901260376,0.5873499512672424,0.09119230508804321,0.5606728196144104,0.5831978917121887,0.07648421823978424,0.5925032496452332,0.5956927537918091,0.06338487565517426,0.46199238300323486,0.5874514579772949,0.06140595301985741,0.5063219666481018,0.5583537817001343,0.07434915006160736,0.5402703881263733,0.556175947189331,0.07379479706287384,0.571388840675354,0.5682953596115112,0.07091174274682999
C,0.3986947536468506,0.7568141222000122,7.069210141708027e-07,0.4662410616874695,0.7925513982772827,0.0018512799870222807,0.5197024345397949,0.7945424318313599,0.010788251645863056,0.5742819309234619,0.7934030890464783,0.012071649543941021,0.6218600273132324,0.7921901941299438,0.013440575450658798,0.49171051383018494,0.6864189505577087,0.08800584822893143,0.5291382074356079,0.6543445587158203,0.1000647023320198,0.5630457997322083,0.6475158929824829,0.09326010942459106,0.5903730988502502,0.646699845790863,0.08687355369329453,0.48525118827819824,0.6559624075889587,0.08213560283184052,0.5293318629264832,0.6257983446121216,0.09540993720293045,0.5648887753486633,0.6198610067367554,0.07866596430540085,0.5979601144790649,0.6304698586463928,0.06452225893735886,0.47560667991638184,0.6217332482337952,0.06946764886379242,0.5230123400688171,0.5900556445121765,0.07923590391874313,0.559178352355957,0.5835071802139282,0.06524466723203659,0.5905205607414246,0.5931516289710999,0.05339135602116585,0.46243759989738464,0.5884022116661072,0.0545644536614418,0.5052509903907776,0.5589083433151245,0.0637262836098671,0.539313793182373,0.5554489493370056,0.06197262555360794,0.5716898441314697,0.5670949220657349,0.058923542499542236
C,0.4030970633029938,0.7571939826011658,6.785096502426313e-07,0.46808305382728577,0.7937514185905457,-0.000874691060744226,0.5201452970504761,0.7953968644142151,0.007234630640596151,0.5734912157058716,0.7948948740959167,0.008560537360608578,0.6198028326034546,0.7927331924438477,0.010225553996860981,0.49234387278556824,0.6905239820480347,0.07957765460014343,0.5304684042930603,0.6595682501792908,0.08876311033964157,0.5639650225639343,0.6540651321411133,0.08082681894302368,0.5909464359283447,0.653397262096405,0.07389680296182632,0.4857717454433441,0.6590288281440735,0.07493036985397339,0.5297825932502747,0.6310319900512695,0.08521465957164764,0.5651383399963379,0.6256960034370422,0.06818093359470367,0.5974880456924438,0.6360907554626465,0.05390392243862152,0.4761790633201599,0.6241835951805115,0.06365008652210236,0.5230844616889954,0.5946635007858276,0.07021401822566986,0.5591126084327698,0.5881573557853699,0.055941950529813766,0.5895589590072632,0.5976654887199402,0.044409383088350296,0.46386322379112244,0.5891304612159729,0.05010126903653145,0.5056682229042053,0.5623243451118469,0.05622289329767227,0.539219856262207,0.5592727661132812,0.053675100207328796,0.5708838105201721,0.571916401386261,0.05051831901073456
C,0.3812814950942993,0.7210059762001038,6.603809765692858e-07,0.4446335434913635,0.7439042925834656,-0.004015291575342417,0.5045064091682434,0.7449449896812439,-0.0004254353989381343,0.5587610602378845,0.7445031404495239,-0.0026180914137512445,0.6060196757316589,0.7466035485267639,-0.004784603603184223,0.490796834230423,0.6483895182609558,0.06594863533973694,0.5282799601554871,0.6084151864051819,0.07157326489686966,0.5540478229522705,0.6018628478050232,0.06327572464942932,0.5732407569885254,0.6035363674163818,0.05685408040881157,0.480085164308548,0.6188031435012817,0.06160835549235344,0.5191722512245178,0.5775723457336426,0.06841439753770828,0.5481517314910889,0.5672267079353333,0.05158356949687004,0.5719849467277527,0.5734761953353882,0.03856007754802704,0.4656859338283539,0.586973249912262,0.05132768303155899,0.5061028599739075,0.5485175251960754,0.05772869288921356,0.5347574949264526,0.5421457886695862,0.04629852622747421,0.5585044026374817,0.5520973205566406,0.037365108728408813,0.4485671818256378,0.5570354461669922,0.038484685122966766,0.4884432554244995,0.528572142124176,0.0471428744494915,0.5171251893043518,0.521567702293396,0.047528788447380066,0.5436373353004456,0.5267314910888672,0.0466095507144928
C,0.35060980916023254,0.6902015209197998,6.902552627252589e-07,0.41703370213508606,0.722781777381897,-0.006840571761131287,0.48056429624557495,0.7210574150085449,-0.0011337555479258299,0.5333124995231628,0.7136732935905457,-5.984802555758506e-06,0.5804314613342285,0.7116749882698059,0.0013604887062683702,0.4596908688545227,0.6215711832046509,0.06735387444496155,0.4948519766330719,0.5805970430374146,0.07716090977191925,0.5235168933868408,0.5685303807258606,0.07306293398141861,0.5442656874656677,0.5662457942962646,0.06968338787555695,0.4472750425338745,0.5895599126815796,0.06668825447559357,0.4855039417743683,0.5477471947669983,0.0780150517821312,0.5162414908409119,0.5366690158843994,0.06439237296581268,0.5431190729141235,0.5427204370498657,0.05390157178044319,0.43259838223457336,0.5574007630348206,0.05987956374883652,0.47361430525779724,0.5169108510017395,0.06858702749013901,0.505040168762207,0.5086677670478821,0.05665801465511322,0.5319002270698547,0.5178834199905396,0.04757704958319664,0.41602379083633423,0.5261551141738892,0.05054595693945885,0.4582676887512207,0.49545037746429443,0.05949944630265236,0.48940935730934143,0.4870670437812805,0.05802621319890022,0.5176376700401306,0.49159181118011475,0.05606687441468239
C,0.32845863699913025,0.691494345664978,7.301790674318909e-07,0.39850613474845886,0.7157579064369202,-0.004178756382316351,0.4570191204547882,0.7057591676712036,0.0014444086700677872,0.5077664256095886,0.7012933492660522,0.0012883988674730062,0.5534911155700684,0.6913225650787354,0.0014458291698247194,0.42505040764808655,0.5961873531341553,0.0664890706539154,0.4623207747936249,0.5588607788085938,0.0688835084438324,0.4983173906803131,0.5525707006454468,0.058691542595624924,0.5278582572937012,0.5539093017578125,0.05110558867454529,0.4162414073944092,0.5665972232818604,0.061749525368213654,0.4596221148967743,0.5300130844116211,0.06649864464998245,0.49601003527641296,0.5232709646224976,0.04964581876993179,0.5284199118614197,0.5338850617408752,0.036638293415308,0.4039597809314728,0.5357256531715393,0.05035825073719025,0.45099619030952454,0.49731484055519104,0.052739597856998444,0.4882480502128601,0.48796334862709045,0.03894360736012459,0.5206488966941833,0.4955924451351166,0.028808627277612686,0.3885192275047302,0.5062276721000671,0.036509882658720016,0.43205341696739197,0.47262048721313477,0.03918078914284706,0.4672754108905792,0.4649367332458496,0.03521962836384773,0.5003216862678528,0.4705755412578583,0.031755536794662476
C,0.3278510272502899,0.695878267288208,6.972439905439387e-07,0.40001168847084045,0.7201284170150757,-0.0025431602261960506,0.45814061164855957,0.7108060121536255,0.00262318248860538,0.5134153962135315,0.7020459175109863,0.0008029647287912667,0.5616202354431152,0.6900665760040283,-0.0010643682908266783,0.4291704297065735,0.6092517375946045,0.07287712395191193,0.46418440341949463,0.5685310959815979,0.07805539667606354,0.4970995783805847,0.5567691326141357,0.06837314367294312,0.525486409664154,0.5522193312644958,0.0606888085603714,0.41827505826950073,0.5775042176246643,0.0672345981001854,0.45992255210876465,0.5377660989761353,0.07516072690486908,0.49465420842170715,0.5266236066818237,0.05907038226723671,0.5285654664039612,0.5328302383422852,0.04602409154176712,0.4027242660522461,0.5441114902496338,0.05477064102888107,0.44865313172340393,0.5024119019508362,0.059604670852422714,0.4838086664676666,0.4875420928001404,0.04699535295367241,0.5165576934814453,0.49038147926330566,0.03712906315922737,0.38409489393234253,0.5122933983802795,0.03975865989923477,0.4278103709220886,0.4737834930419922,0.04460030049085617,0.4626011550426483,0.46288979053497314,0.0429423563182354,0.4961179792881012,0.4689558744430542,0.04091940447688103
C,0.3240049481391907,0.6974309086799622,6.665018190687988e-07,0.39627209305763245,0.72222900390625,-0.0020676562562584877,0.4541610777378082,0.7114697694778442,0.0037457281723618507,0.5090585947036743,0.7038732171058655,0.0028366020414978266,0.5549737215042114,0.6953997015953064,0.00187888671644032,0.4262557923793793,0.6041567921638489,0.06868509948253632,0.4633372724056244,0.5651171207427979,0.07215859740972519,0.497261106967926,0.5542673468589783,0.06203821301460266,0.5262649655342102,0.5504594445228577,0.05412773787975311,0.41650429368019104,0.5745967626571655,0.06237239018082619,0.45998403429985046,0.5358279347419739,0.06719471514225006,0.49592751264572144,0.5271491408348083,0.0504530593752861,0.5294546484947205,0.5348671674728394,0.037452686578035355,0.4023549258708954,0.5433281064033508,0.0494813546538353,0.4501112401485443,0.5027133226394653,0.051320631057024,0.48706725239753723,0.4905082583427429,0.037599995732307434,0.5189580917358398,0.49474257230758667,0.027529923245310783,0.384996622800827,0.5126129388809204,0.03427483141422272,0.42906588315963745,0.4742352366447449,0.03651350736618042,0.46463543176651,0.4634973704814911,0.033277880400419235,0.49820899963378906,0.46914899349212646,0.030382858589291573
C,0.3235984742641449,0.7004597187042236,7.237223371703294e-07,0.4009382724761963,0.7239380478858948,0.005743477493524551,0.45783233642578125,0.7125845551490784,0.017006272450089455,0.5136480927467346,0.7027119994163513,0.019554829224944115,0.5615713000297546,0.6907479763031006,0.02166048437356949,0.4253034293651581,0.6048029661178589,0.09250294417142868,0.4626520872116089,0.5645983815193176,0.10398469120264053,0.4976106286048889,0.5544808506965637,0.09562590718269348,0.5275952816009521,0.5508584976196289,0.08773845434188843,0.4161601960659027,0.5748935341835022,0.08369144797325134,0.4589940011501312,0.5359505414962769,0.09599678218364716,0.4963362514972687,0.5266554951667786,0.07684298604726791,0.5312829613685608,0.5361913442611694,0.06082511320710182,0.4027891457080841,0.5420930981636047,0.06816700100898743,0.4495887756347656,0.50264573097229,0.07771284133195877,0.48639804124832153,0.4904082119464874,0.06311134994029999,0.519208550453186,0.4953422546386719,0.0506134033203125,0.38621264696121216,0.5131644606590271,0.05051667243242264,0.4299507439136505,0.4742196798324585,0.05914568901062012,0.46573135256767273,0.46321558952331543,0.0571182444691658,0.5003397464752197,0.4676835238933563,0.0538005456328392
C,0.3263159394264221,0.6905903220176697,7.800059051987773e-07,0.4030894637107849,0.7139945030212402,0.0014386483235284686,0.4600697159767151,0.703070342540741,0.011323041282594204,0.5160880088806152,0.6886616945266724,0.013193279504776001,0.5623713731765747,0.6714890599250793,0.014789755456149578,0.42477384209632874,0.5897058248519897,0.09025130420923233,0.46210694313049316,0.5498952269554138,0.10142297297716141,0.4959964156150818,0.5388729572296143,0.09317383915185928,0.5239630937576294,0.53401118516922,0.08543605357408524,0.4144718050956726,0.5603430271148682,0.0834263488650322,0.45848092436790466,0.5193930268287659,0.09244981408119202,0.49555519223213196,0.5100591778755188,0.0714520514011383,0.5287755131721497,0.5197640657424927,0.05541243776679039,0.40099453926086426,0.5278814435005188,0.06959505379199982,0.44822147488594055,0.4852665066719055,0.07501299679279327,0.48650527000427246,0.47400546073913574,0.057310063391923904,0.518551230430603,0.4802858233451843,0.04423900321125984,0.3831997513771057,0.4973435699939728,0.0536511093378067,0.42623984813690186,0.45847779512405396,0.05851998180150986,0.4610021114349365,0.4485189914703369,0.05383697897195816,0.49444544315338135,0.4541919231414795,0.04956533759832382
C,0.3231621980667114,0.6933329105377197,7.084337880769453e-07,0.4030882716178894,0.7159371972084045,0.005770175252109766,0.4623517394065857,0.7006821036338806,0.01712803728878498,0.518396258354187,0.6856591105461121,0.01954585686326027,0.5663069486618042,0.6725085377693176,0.021398406475782394,0.42529749870300293,0.5953180193901062,0.09250304847955704,0.45840317010879517,0.5525681376457214,0.10387559235095978,0.4927181601524353,0.5375233888626099,0.09586018323898315,0.5218523740768433,0.5300482511520386,0.08828055113554001,0.41414356231689453,0.5639016628265381,0.08310289680957794,0.4566563367843628,0.52118319272995,0.09438164532184601,0.494354248046875,0.5085002183914185,0.07555942982435226,0.5292662382125854,0.5150377154350281,0.060355283319950104,0.3989410400390625,0.5315611362457275,0.06690943986177444,0.44606637954711914,0.4872095584869385,0.07472983002662659,0.4837339222431183,0.4740751087665558,0.05966755747795105,0.5164339542388916,0.4781007766723633,0.047498349100351334,0.3806084394454956,0.502002477645874,0.0487019382417202,0.4237898588180542,0.4581416845321655,0.05573654919862747,0.4592781960964203,0.44556552171707153,0.053243573755025864,0.4933149516582489,0.44867220520973206,0.049956366419792175
C,0.3233349919319153,0.6941567659378052,6.940155117263203e-07,0.40326249599456787,0.7153160572052002,0.005626055411994457,0.46117672324180603,0.6997910737991333,0.016964344307780266,0.5166960954666138,0.6864635348320007,0.019359992817044258,0.5640672445297241,0.675387978553772,0.021194366738200188,0.4247382879257202,0.5920807123184204,0.09013509750366211,0.4592066705226898,0.5488985180854797,0.09999579191207886,0.49355465173721313,0.534818172454834,0.09144584089517593,0.5227310657501221,0.5285220742225647,0.08365233242511749,0.4142954349517822,0.5621564388275146,0.08037406206130981,0.4569166302680969,0.519451916217804,0.08953604102134705,0.49480804800987244,0.5085314512252808,0.07037973403930664,0.5295928716659546,0.51702880859375,0.05534255877137184,0.39962267875671387,0.5306471586227417,0.06381963938474655,0.4467295706272125,0.48624783754348755,0.06969687342643738,0.48464542627334595,0.4744499921798706,0.05436621606349945,0.5172792673110962,0.47976821660995483,0.042529910802841187,0.3814595937728882,0.5015576481819153,0.04525955393910408,0.4243960976600647,0.4573524594306946,0.050633590668439865,0.46016472578048706,0.44522714614868164,0.04754767566919327,0.49487361311912537,0.44946134090423584,0.044162776321172714
C,0.3219166696071625,0.6956287026405334,7.308865406230325e-07,0.40247219800949097,0.7160755395889282,0.008679666556417942,0.4608002007007599,0.7001581192016602,0.020862234756350517,0.5169583559036255,0.6857444047927856,0.023235436528921127,0.5643243789672852,0.6703294515609741,0.024854086339473724,0.4254803955554962,0.5923498868942261,0.09928565472364426,0.46015575528144836,0.5488961935043335,0.11275886744260788,0.4943349361419678,0.5340811014175415,0.10503566265106201,0.5232852101325989,0.5263087749481201,0.09718437492847443,0.4147242307662964,0.5613032579421997,0.08837548643350601,0.4579949676990509,0.517582893371582,0.10185456275939941,0.49502620100975037,0.504951536655426,0.08244652301073074,0.5291730761528015,0.5119816064834595,0.06635201722383499,0.4002446234226227,0.5288389325141907,0.07072463631629944,0.4471338093280792,0.48392337560653687,0.08145595341920853,0.48425862193107605,0.47097551822662354,0.06643335521221161,0.5165755748748779,0.47599804401397705,0.05352474004030228,0.3824740946292877,0.5007027983665466,0.05110359936952591,0.4258371591567993,0.4576188921928406,0.06097091734409332,0.4608813226222992,0.44503021240234375,0.059338126331567764,0.49399667978286743,0.44837692379951477,0.05605831369757652
C,0.3231436610221863,0.6951540112495422,7.042334573270637e-07,0.40152621269226074,0.714310348033905,0.0049451724626123905,0.4590558707714081,0.6973534822463989,0.014155256561934948,0.516204297542572,0.6833028793334961,0.014281460084021091,0.5631954073905945,0.6685202121734619,0.013731790706515312,0.42745524644851685,0.5886107683181763,0.08833005279302597,0.4626504182815552,0.5447818040847778,0.09740548580884933,0.49630850553512573,0.5303261280059814,0.0881992056965828,0.5251091718673706,0.523398756980896,0.079849973320961,0.4163378179073334,0.5581480264663696,0.07845328748226166,0.45975130796432495,0.5138399004936218,0.08732708543539047,0.49620628356933594,0.5021541714668274,0.06818492710590363,0.5298109650611877,0.5103843808174133,0.053102973848581314,0.4009793996810913,0.5270165205001831,0.0618477500975132,0.44847503304481506,0.48065686225891113,0.06818706542253494,0.48541486263275146,0.46830546855926514,0.052979834377765656,0.5173701047897339,0.4742347002029419,0.040957972407341,0.38241755962371826,0.4990801215171814,0.04316882789134979,0.4257047474384308,0.45574063062667847,0.04890396445989609,0.46055060625076294,0.4431873559951782,0.04576270654797554,0.49397557973861694,0.4475792348384857,0.042195748537778854
C,0.32253050804138184,0.6936443448066711,7.0388784934039e-07,0.4028019607067108,0.7130042314529419,0.008218190632760525,0.45999401807785034,0.6968335509300232,0.02007332630455494,0.5163952112197876,0.6832249164581299,0.022190898656845093,0.563557505607605,0.6687583923339844,0.023560283705592155,0.4267732799053192,0.5915746688842773,0.09686672687530518,0.46190372109413147,0.5483207106590271,0.10922754555940628,0.4958125948905945,0.5332297086715698,0.10131290555000305,0.5248848795890808,0.5255692005157471,0.0936010554432869,0.4159270226955414,0.5603004693984985,0.08616314083337784,0.4589254856109619,0.5171552300453186,0.09911324828863144,0.49601200222969055,0.5039563775062561,0.08037268370389938,0.5316691398620605,0.5102890729904175,0.0647536888718605,0.4007367491722107,0.5276141166687012,0.06866579502820969,0.44833528995513916,0.4833037853240967,0.07812485098838806,0.48523014783859253,0.47047480940818787,0.06285405904054642,0.5183656811714172,0.47486454248428345,0.04999905452132225,0.38247695565223694,0.498202919960022,0.04925726354122162,0.42580950260162354,0.45558303594589233,0.05759076774120331,0.46066567301750183,0.4438343644142151,0.05530250445008278,0.4946403503417969,0.4479960501194,0.051797762513160706
C,0.3279859721660614,0.6955752372741699,7.240975037348107e-07,0.40640249848365784,0.7131675481796265,0.007275908254086971,0.4625368118286133,0.697519063949585,0.019429221749305725,0.5180374979972839,0.684782087802887,0.022310782223939896,0.565021276473999,0.6700178980827332,0.02469119243323803,0.42638251185417175,0.5938364267349243,0.09623200446367264,0.4614083170890808,0.5505582690238953,0.10813502967357635,0.4960205852985382,0.5366039872169495,0.09975386410951614,0.5261285901069641,0.5296993255615234,0.0918453112244606,0.4159727096557617,0.5625901818275452,0.08661975711584091,0.4583308696746826,0.5212148427963257,0.09956242889165878,0.4961036741733551,0.508862316608429,0.08022475242614746,0.5328958034515381,0.5155520439147949,0.063959501683712,0.4017755389213562,0.5297868251800537,0.07017669826745987,0.4480644762516022,0.48746025562286377,0.08021066337823868,0.48492491245269775,0.474624902009964,0.06506739556789398,0.5191745758056641,0.4785754084587097,0.052043016999959946,0.38418132066726685,0.5001717209815979,0.05175354704260826,0.4270327687263489,0.4603271484375,0.061115868389606476,0.4613616168498993,0.44778120517730713,0.05932994931936264,0.4953163266181946,0.45032799243927,0.056026995182037354
C,0.3195846676826477,0.6844449043273926,6.866807211736159e-07,0.3946511447429657,0.7062832713127136,-0.003919710870832205,0.45382052659988403,0.6914973258972168,0.0021118009462952614,0.5087220668792725,0.6704396605491638,0.001754680764861405,0.5557467937469482,0.6536518335342407,0.0015933006070554256,0.42219462990760803,0.5897852182388306,0.07201045006513596,0.45688992738723755,0.5441503524780273,0.07671377807855606,0.48882967233657837,0.5289575457572937,0.06702445447444916,0.516217052936554,0.5211283564567566,0.0592070110142231,0.41022270917892456,0.5572464466094971,0.06729290634393692,0.4521835148334503,0.512347936630249,0.07270807027816772,0.4868626892566681,0.5006605386734009,0.05518476292490959,0.5194334387779236,0.5063783526420593,0.041647572070360184,0.39385756850242615,0.5230981111526489,0.055647123605012894,0.44032490253448486,0.4785057604312897,0.05862950161099434,0.4764486253261566,0.4633634090423584,0.044359635561704636,0.5086805820465088,0.4661790132522583,0.03371167927980423,0.374362587928772,0.4896186292171478,0.04151251167058945,0.4166537821292877,0.4512368440628052,0.04528879374265671,0.4510011374950409,0.43959832191467285,0.042099930346012115,0.48448362946510315,0.44349005818367004,0.03904484957456589
C,0.31181809306144714,0.6808891296386719,7.574239475616196e-07,0.3912632167339325,0.7033442258834839,0.0068626985885202885,0.4486106336116791,0.6880230903625488,0.017447562888264656,0.5035420060157776,0.6703688502311707,0.018498994410037994,0.5523489713668823,0.6540894508361816,0.018461493775248528,0.4111972153186798,0.5850843191146851,0.096268430352211,0.44627130031585693,0.5407500863075256,0.10918988287448883,0.4807626008987427,0.5246496200561523,0.1025005504488945,0.510039746761322,0.5162400007247925,0.09561944752931595,0.40041184425354004,0.5544381737709045,0.08635938167572021,0.44329673051834106,0.510274350643158,0.0997004434466362,0.48049381375312805,0.4984270930290222,0.08206195384263992,0.5152835249900818,0.5045344829559326,0.067380391061306,0.3852892518043518,0.5217099189758301,0.06947492808103561,0.4321964979171753,0.47644704580307007,0.0797244980931282,0.470398873090744,0.4613833427429199,0.06480499356985092,0.5044226050376892,0.4637019634246826,0.0519447922706604,0.36703234910964966,0.4919279217720032,0.05060918256640434,0.4092828035354614,0.4497193694114685,0.06035705283284187,0.44442376494407654,0.4374704957008362,0.05816202238202095,0.47785064578056335,0.43970394134521484,0.05428529158234596
C,0.30899012088775635,0.6829843521118164,7.733266329523758e-07,0.3884028196334839,0.7065414190292358,0.010877234861254692,0.4451856315135956,0.690229058265686,0.024484695866703987,0.5009100437164307,0.6733006834983826,0.02789216861128807,0.548812985420227,0.6560462713241577,0.030132515355944633,0.41101083159446716,0.5849441289901733,0.10295002907514572,0.44833970069885254,0.5400826930999756,0.11886955052614212,0.48396730422973633,0.525412380695343,0.11317909508943558,0.51433926820755,0.5187181830406189,0.10674456506967545,0.4000380337238312,0.5529283881187439,0.09222570806741714,0.4435206353664398,0.5090819597244263,0.10874888300895691,0.4814005196094513,0.4961870312690735,0.09068691730499268,0.5176874399185181,0.5021335482597351,0.07530655711889267,0.38521677255630493,0.51963210105896,0.07488100975751877,0.43167799711227417,0.47442954778671265,0.08882525563240051,0.46904638409614563,0.4583999514579773,0.07365056872367859,0.5033193230628967,0.45981746912002563,0.059883568435907364,0.367156445980072,0.49084192514419556,0.055754825472831726,0.40867823362350464,0.4479718804359436,0.06783981621265411,0.44417470693588257,0.43492060899734497,0.06558528542518616,0.47879332304000854,0.43745365738868713,0.06144394725561142
C,0.3265672028064728,0.690518856048584,7.211915544758085e-07,0.4036273658275604,0.7118151187896729,-0.004143292084336281,0.4623175263404846,0.6953843235969543,0.00047994093620218337,0.516671895980835,0.6765685081481934,-0.0017754866275936365,0.5656207799911499,0.659382164478302,-0.004107190761715174,0.42601847648620605,0.5895281434059143,0.07123104482889175,0.4596021771430969,0.545667827129364,0.07392169535160065,0.4935404360294342,0.5314627885818481,0.06265801191329956,0.5228433609008789,0.5264174342155457,0.054028935730457306,0.4138142168521881,0.5593611598014832,0.06557845324277878,0.4553772211074829,0.5135635733604431,0.06923600286245346,0.49255919456481934,0.5029594898223877,0.051343221217393875,0.5266125798225403,0.5115740299224854,0.037989430129528046,0.39737382531166077,0.5268041491508484,0.0527963861823082,0.4430713653564453,0.47971540689468384,0.05358317494392395,0.48043718934059143,0.46395570039749146,0.039110612124204636,0.5140810608863831,0.46709364652633667,0.02894996851682663,0.3785969018936157,0.49479687213897705,0.03743442893028259,0.42094743251800537,0.4545447826385498,0.038604140281677246,0.4570074677467346,0.44163793325424194,0.03415938466787338,0.4918895661830902,0.4464055895805359,0.03067179024219513
C,0.3268277049064636,0.6926391124725342,7.12600638053118e-07,0.4017457962036133,0.7113311886787415,-0.003883667290210724,0.4596402645111084,0.6936941146850586,0.0009186609531752765,0.516688883304596,0.6738457083702087,-0.0009018962155096233,0.5652774572372437,0.6576200723648071,-0.002944520441815257,0.42810842394828796,0.587445080280304,0.07081426680088043,0.46402570605278015,0.5439047813415527,0.07433518022298813,0.4978727102279663,0.5301754474639893,0.06357633322477341,0.527011513710022,0.524027943611145,0.05506211146712303,0.41607457399368286,0.5578891634941101,0.06552368402481079,0.458586186170578,0.513836145401001,0.07042379677295685,0.493995726108551,0.5017942190170288,0.052867088466882706,0.5282676219940186,0.50638747215271,0.039310429245233536,0.3990635871887207,0.5267344117164612,0.05327145382761955,0.44484490156173706,0.4796716570854187,0.05527534708380699,0.48014548420906067,0.4615813195705414,0.04108108952641487,0.5127265453338623,0.46164196729660034,0.030588505789637566,0.3784366250038147,0.4965992569923401,0.03851427882909775,0.41958722472190857,0.45408689975738525,0.04096315801143646,0.4543112516403198,0.43846848607063293,0.037244610488414764,0.4888085126876831,0.43986010551452637,0.03393412381410599
C,0.317510724067688,0.6913816332817078,7.176091116889438e-07,0.39755624532699585,0.7098149061203003,0.003945967648178339,0.45632678270339966,0.6893373727798462,0.013926954008638859,0.5120381712913513,0.6685536503791809,0.01541091501712799,0.560428261756897,0.6509333848953247,0.016392918303608894,0.42009738087654114,0.5833573341369629,0.08714817464351654,0.4564208388328552,0.5382407307624817,0.09612193703651428,0.49102964997291565,0.5237036347389221,0.08754578232765198,0.5209582448005676,0.5163596272468567,0.07979606837034225,0.4083651900291443,0.5530446171760559,0.07824650406837463,0.4517418146133423,0.5086237192153931,0.08786839246749878,0.4889642298221588,0.49678686261177063,0.07011158764362335,0.5241204500198364,0.5026286840438843,0.055777955800294876,0.3916018009185791,0.5219293236732483,0.06238129734992981,0.4387527406215668,0.47542303800582886,0.06878139078617096,0.47682252526283264,0.45989882946014404,0.054444849491119385,0.5109663009643555,0.46155527234077454,0.042926687747240067,0.3716181218624115,0.49400728940963745,0.04434944689273834,0.415127158164978,0.4496822953224182,0.05010691657662392,0.4512661099433899,0.43621429800987244,0.04720904678106308,0.48631832003593445,0.4382002055644989,0.043793514370918274
C,0.31608468294143677,0.6907203197479248,7.479476380467531e-07,0.3982437252998352,0.7073379755020142,0.006540864706039429,0.4565839171409607,0.6891000866889954,0.01737971417605877,0.5130891799926758,0.6697182655334473,0.018701894208788872,0.5620492100715637,0.6510371565818787,0.019233809784054756,0.4191970229148865,0.5846959352493286,0.0958089828491211,0.4550122022628784,0.5396502614021301,0.1070341244339943,0.4896754026412964,0.5251832008361816,0.09854887425899506,0.5202365517616272,0.5177580118179321,0.09056463092565536,0.4074135720729828,0.5532124638557434,0.08581522852182388,0.45044830441474915,0.509232759475708,0.0982043445110321,0.488086462020874,0.4960611164569855,0.07943610846996307,0.5247437953948975,0.5014212131500244,0.06378214061260223,0.39087605476379395,0.5210704803466797,0.068728506565094,0.4377022087574005,0.4755779802799225,0.07793012261390686,0.47465580701828003,0.4608314037322998,0.06285730004310608,0.5091080069541931,0.46300601959228516,0.050123490393161774,0.37142279744148254,0.49280503392219543,0.049529608339071274,0.41435539722442627,0.4484274089336395,0.05770828574895859,0.4504590928554535,0.43540483713150024,0.05506753548979759,0.48590680956840515,0.4384039342403412,0.05135997757315636
C,0.3141855001449585,0.6890577673912048,7.522139071625134e-07,0.39584246277809143,0.7092384099960327,0.008691699244081974,0.4526936113834381,0.6916866302490234,0.020917152985930443,0.5088036060333252,0.6740103960037231,0.023241575807332993,0.558052659034729,0.6570861339569092,0.024753298610448837,0.4163399040699005,0.5879126787185669,0.10036922991275787,0.4531921148300171,0.5433030128479004,0.11379345506429672,0.4889009892940521,0.5276981592178345,0.10633796453475952,0.5195680856704712,0.5197746157646179,0.09885469824075699,0.4052673280239105,0.5553557276725769,0.09009009599685669,0.44896113872528076,0.5121738910675049,0.10489509254693985,0.4876925051212311,0.49890437722206116,0.08642978221178055,0.525192379951477,0.5049625039100647,0.07067913562059402,0.390251100063324,0.5223441123962402,0.07289186865091324,0.43731093406677246,0.4775644540786743,0.0849972665309906,0.4744814336299896,0.46332448720932007,0.07022957503795624,0.5091782212257385,0.466458261013031,0.0570545420050621,0.3728604316711426,0.4936617314815521,0.053653717041015625,0.41460633277893066,0.4499642252922058,0.06451470404863358,0.44999319314956665,0.4371464252471924,0.062709279358387,0.48470672965049744,0.44016778469085693,0.05913298949599266
C,0.3136380612850189,0.6890942454338074,7.451517376466654e-07,0.39286288619041443,0.7085608839988708,0.003183892695233226,0.4508182406425476,0.6910985708236694,0.011500854976475239,0.507967472076416,0.6709927916526794,0.011166892945766449,0.5579171180725098,0.6539743542671204,0.009960037656128407,0.4175199866294861,0.5840631723403931,0.08779483288526535,0.4552839696407318,0.5396162867546082,0.0978299155831337,0.4893554747104645,0.5246849656105042,0.08983439207077026,0.5185396671295166,0.5173053741455078,0.08243699371814728,0.4057788848876953,0.5535171627998352,0.0794055238366127,0.4490858316421509,0.509560227394104,0.09027976542711258,0.4855079650878906,0.49662381410598755,0.07283403724431992,0.5204929709434509,0.5016923546791077,0.05865204706788063,0.38908708095550537,0.5211223363876343,0.06403358280658722,0.43629714846611023,0.4748988151550293,0.07187917083501816,0.4729434549808502,0.4587429165840149,0.057263828814029694,0.5064120888710022,0.46043911576271057,0.04521525278687477,0.36929863691329956,0.49116113781929016,0.04644116014242172,0.41154587268829346,0.44754505157470703,0.05332975462079048,0.4472733438014984,0.43390190601348877,0.05019725114107132,0.48220983147621155,0.43708717823028564,0.04644579440355301
C,0.31232398748397827,0.6902517676353455,7.607598035974661e-07,0.39262720942497253,0.7092522382736206,0.003342533251270652,0.45066946744918823,0.6906324028968811,0.011435700580477715,0.5083184838294983,0.6697705388069153,0.010612974874675274,0.5598465204238892,0.6534097790718079,0.008972477167844772,0.41643834114074707,0.5870253443717957,0.0898706316947937,0.45405134558677673,0.5413148999214172,0.09955042600631714,0.48852235078811646,0.5258370637893677,0.0910419300198555,0.5188741683959961,0.5184345841407776,0.08340554684400558,0.4049510657787323,0.5548388361930847,0.08156952261924744,0.44863468408584595,0.5105388164520264,0.0930679515004158,0.485306054353714,0.4966754615306854,0.07514269649982452,0.5214218497276306,0.5015656352043152,0.06044936180114746,0.3883810043334961,0.5212482213973999,0.06618160009384155,0.4363020360469818,0.4757283926010132,0.07518787682056427,0.4719628393650055,0.459820419549942,0.06038736552000046,0.5056705474853516,0.46208876371383667,0.04794715717434883,0.3689742982387543,0.49064043164253235,0.04851686954498291,0.41171419620513916,0.4480327367782593,0.05684496462345123,0.44742247462272644,0.4349415898323059,0.0540459081530571,0.4825482964515686,0.4388792812824249,0.05035332217812538
C,0.2999849319458008,0.686797559261322,7.634770327058504e-07,0.38646361231803894,0.7052628397941589,0.015487579628825188,0.44477397203445435,0.6864784359931946,0.030859077349305153,0.49965208768844604,0.6668382883071899,0.03461460769176483,0.5485214591026306,0.6470662355422974,0.03697524592280388,0.40662628412246704,0.5800765752792358,0.11289156973361969,0.44315868616104126,0.5335049033164978,0.12958726286888123,0.47873106598854065,0.5181711912155151,0.12256570160388947,0.5089995861053467,0.5093860626220703,0.11455103009939194,0.3952195644378662,0.5493294596672058,0.09860408306121826,0.43978750705718994,0.5023086667060852,0.11465741693973541,0.47846776247024536,0.4899449348449707,0.09386105090379715,0.5129814743995667,0.4977593421936035,0.07620426267385483,0.3794293701648712,0.5168863534927368,0.07756122201681137,0.4272594153881073,0.46915194392204285,0.09111665189266205,0.46645039319992065,0.45427167415618896,0.0744016021490097,0.5007307529449463,0.45850348472595215,0.059334833174943924,0.36080488562583923,0.48962241411209106,0.05495571345090866,0.40305420756340027,0.4451565742492676,0.06687809526920319,0.43847978115081787,0.43285149335861206,0.06430040299892426,0.47196251153945923,0.4358069896697998,0.059528134763240814
C,0.29510167241096497,0.6922802329063416,7.579190537398972e-07,0.3808360695838928,0.7069574594497681,0.014326049946248531,0.4398163855075836,0.6863736510276794,0.028888346627354622,0.4966733455657959,0.667797863483429,0.032038621604442596,0.5460732579231262,0.6495240330696106,0.034048061817884445,0.40393784642219543,0.580470621585846,0.1106407567858696,0.44087299704551697,0.5353552103042603,0.12552087008953094,0.47678929567337036,0.521433413028717,0.11660308390855789,0.50750732421875,0.5130010843276978,0.1071879044175148,0.3924362361431122,0.5487006902694702,0.09664615988731384,0.43715763092041016,0.5044862627983093,0.11171996593475342,0.47573137283325195,0.49132397770881653,0.08985008299350739,0.5111112594604492,0.4976681172847748,0.0710224062204361,0.3771020472049713,0.5157676935195923,0.07587194442749023,0.4252079725265503,0.47071027755737305,0.08777377754449844,0.4631113111972809,0.4560636281967163,0.07053937017917633,0.4970369040966034,0.4601311683654785,0.055144697427749634,0.3589191138744354,0.4875469207763672,0.053517550230026245,0.4038057029247284,0.4471917152404785,0.06356906145811081,0.4388416111469269,0.43574830889701843,0.06069277599453926,0.4724962115287781,0.439716100692749,0.05597667023539543
C,0.29969748854637146,0.6900871396064758,6.842888637947908e-07,0.38185662031173706,0.7054855823516846,0.0013242093846201897,0.4401448667049408,0.6869031190872192,0.010238227434456348,0.49649783968925476,0.6666371822357178,0.011122494004666805,0.5441680550575256,0.6468034982681274,0.011818155646324158,0.40743809938430786,0.5803981423377991,0.08340044319629669,0.44246137142181396,0.5347242951393127,0.08866871148347855,0.4768128991127014,0.5195980072021484,0.07721279561519623,0.5068359375,0.5118439793586731,0.06782251596450806,0.39484795928001404,0.5487241148948669,0.07550591975450516,0.43850821256637573,0.5032186508178711,0.08145271986722946,0.4752497673034668,0.4889887571334839,0.06145068258047104,0.5101829767227173,0.49401620030403137,0.04576420411467552,0.37797656655311584,0.5172262191772461,0.0604606568813324,0.4247663617134094,0.4687277674674988,0.06337444484233856,0.46105822920799255,0.4526127874851227,0.04789351299405098,0.49413663148880005,0.454939067363739,0.03619465231895447,0.35724717378616333,0.48833027482032776,0.043178532272577286,0.3997713029384613,0.44528692960739136,0.04583612084388733,0.43409234285354614,0.43083858489990234,0.04195394366979599,0.46830496191978455,0.4322766661643982,0.03839389607310295
C,0.2983633577823639,0.6898705959320068,7.420296697091544e-07,0.38045817613601685,0.7062221765518188,0.0025948614347726107,0.4395831525325775,0.6873126029968262,0.011141518130898476,0.496975302696228,0.6661978363990784,0.01114743947982788,0.5467420816421509,0.647391676902771,0.01062860619276762,0.4053966701030731,0.5788551568984985,0.08791886270046234,0.4425153434276581,0.5327551960945129,0.09527986496686935,0.4780057668685913,0.5184556245803833,0.08467091619968414,0.5087175369262695,0.5117107629776001,0.07567168027162552,0.3930189311504364,0.5473400354385376,0.07960566133260727,0.4372907280921936,0.5018149018287659,0.08804815262556076,0.47514817118644714,0.48837581276893616,0.06803395599126816,0.5111241340637207,0.4949069023132324,0.052069686353206635,0.3760029375553131,0.5160309672355652,0.0641547441482544,0.4233677387237549,0.4679022431373596,0.07017134875059128,0.46007972955703735,0.4521711468696594,0.054354116320610046,0.494107723236084,0.4553210735321045,0.04175039753317833,0.35563531517982483,0.4883919358253479,0.04646001756191254,0.39916521310806274,0.4449445605278015,0.05189736932516098,0.43440327048301697,0.4307926297187805,0.048223454505205154,0.4693508744239807,0.4331204295158386,0.04431992024183273
C,0.3095337748527527,0.6947473287582397,6.938942078704713e-07,0.38861122727394104,0.7113776206970215,-0.0005137947155162692,0.4476282596588135,0.6910672187805176,0.004978945013135672,0.5040358304977417,0.6698073744773865,0.0025497747119516134,0.5550089478492737,0.6539444923400879,-0.00016677536768838763,0.4158669412136078,0.5851299166679382,0.07775366306304932,0.4494593143463135,0.5375540852546692,0.0821651965379715,0.482552170753479,0.5220797657966614,0.07154085487127304,0.5109360814094543,0.5176045894622803,0.06338467448949814,0.4035806655883789,0.5548016428947449,0.07057490199804306,0.4460655748844147,0.5045444369316101,0.07570398598909378,0.482769250869751,0.49369198083877563,0.05726669356226921,0.5156354904174805,0.5051161050796509,0.04365770146250725,0.38648131489753723,0.5223259329795837,0.056475456804037094,0.43321067094802856,0.47314924001693726,0.05960284546017647,0.46964767575263977,0.4614037871360779,0.044583700597286224,0.5020153522491455,0.4701817035675049,0.03366655856370926,0.3664993643760681,0.4907137453556061,0.04004273936152458,0.4072003662586212,0.4474804997444153,0.04337059333920479,0.44301632046699524,0.4349542260169983,0.039083581417798996,0.47824305295944214,0.4411991536617279,0.035434361547231674
C,0.3181006610393524,0.699059247970581,6.855962055851705e-07,0.39547333121299744,0.7195870876312256,0.0014082739362493157,0.45388486981391907,0.7026944756507874,0.008748569525778294,0.509655237197876,0.681935727596283,0.007867375388741493,0.5599098801612854,0.6662434935569763,0.006703212391585112,0.42513641715049744,0.5957179665565491,0.08491307497024536,0.4596884846687317,0.5497877597808838,0.0927651971578598,0.49275368452072144,0.5358129143714905,0.08299238234758377,0.5204872488975525,0.5312200784683228,0.07472214102745056,0.41343238949775696,0.5648682117462158,0.07743952423334122,0.4562492370605469,0.5170195698738098,0.08611970394849777,0.49214082956314087,0.5067348480224609,0.06725416332483292,0.5239989757537842,0.5170303583145142,0.05250633880496025,0.39791756868362427,0.5323319435119629,0.06311770528554916,0.4442303478717804,0.4860179126262665,0.06993009150028229,0.4800760746002197,0.4735345244407654,0.05545762553811073,0.5113527774810791,0.4800853133201599,0.043882422149181366,0.37946397066116333,0.5013827085494995,0.04641876742243767,0.4190831780433655,0.46106383204460144,0.05321190878748894,0.4531857967376709,0.44988515973091125,0.05076109617948532,0.4859630763530731,0.4556168019771576,0.047705043107271194
C,0.3091222643852234,0.6865218281745911,5.944301051385992e-07,0.38011667132377625,0.7018668055534363,-0.01070097554475069,0.4444514513015747,0.688704788684845,-0.008846757002174854,0.5017585754394531,0.6710426807403564,-0.010639650747179985,0.5479036569595337,0.6529906392097473,-0.011628829874098301,0.43167099356651306,0.5873825550079346,0.050346244126558304,0.47019168734550476,0.5415103435516357,0.04877931997179985,0.4989432394504547,0.5273017287254333,0.036746732890605927,0.5218793153762817,0.522355854511261,0.02836998738348484,0.41593390703201294,0.5551832318305969,0.04883332923054695,0.45753228664398193,0.5046509504318237,0.048263467848300934,0.4880010783672333,0.48950445652008057,0.030069731175899506,0.514041006565094,0.4914829432964325,0.016687534749507904,0.3961590826511383,0.5234931111335754,0.04116755723953247,0.4384538531303406,0.4751651883125305,0.03908948972821236,0.46949678659439087,0.46074989438056946,0.025691421702504158,0.494637131690979,0.4663502871990204,0.016629192978143692,0.3733872175216675,0.4932214021682739,0.03092060424387455,0.41257110238075256,0.45488590002059937,0.030844684690237045,0.44392991065979004,0.4391264319419861,0.02758140303194523,0.4727395176887512,0.4390358328819275,0.025344200432300568
C,0.3107128143310547,0.6841253042221069,5.823799256177153e-07,0.3830210864543915,0.7011162042617798,-0.012638794258236885,0.44587984681129456,0.6879500150680542,-0.012563486583530903,0.5025833249092102,0.671188235282898,-0.015519271604716778,0.5484850406646729,0.653091549873352,-0.017847353592514992,0.43461206555366516,0.5822126865386963,0.043255969882011414,0.47219720482826233,0.5378952622413635,0.03982939571142197,0.49978339672088623,0.5243139863014221,0.027308741584420204,0.5220969319343567,0.5200641751289368,0.018608679994940758,0.41757023334503174,0.5501493811607361,0.0421980619430542,0.45852673053741455,0.5007440447807312,0.03998018428683281,0.48785650730133057,0.48640257120132446,0.023209739476442337,0.5129600763320923,0.4880606532096863,0.010998639278113842,0.39643239974975586,0.519606351852417,0.03508343547582626,0.43880897760391235,0.471181720495224,0.030852587893605232,0.4694804549217224,0.45732295513153076,0.019235530868172646,0.49422499537467957,0.4617207646369934,0.011691048741340637,0.37199103832244873,0.4915493130683899,0.025357702746987343,0.41189390420913696,0.4536105990409851,0.023014899343252182,0.44341182708740234,0.4379946291446686,0.020169002935290337,0.4724457561969757,0.4365292489528656,0.018486356362700462
C,0.29690659046173096,0.678846001625061,6.669259846603381e-07,0.3729225695133209,0.698296308517456,-0.007129668723791838,0.43503057956695557,0.6787024140357971,-0.0022950726561248302,0.49182435870170593,0.6574915647506714,-0.0027584971394389868,0.5385056734085083,0.6374190449714661,-0.0029685727786272764,0.4067073166370392,0.5673837661743164,0.0617324635386467,0.4423891305923462,0.5206080079078674,0.06127198413014412,0.4749627113342285,0.506736695766449,0.04877050220966339,0.5036026835441589,0.5009137988090515,0.0392736978828907,0.3924679160118103,0.5374690294265747,0.057434290647506714,0.4359702169895172,0.48786604404449463,0.05766645446419716,0.4708867073059082,0.4743218421936035,0.039193399250507355,0.5032036900520325,0.47923073172569275,0.025287343189120293,0.37361806631088257,0.5081437230110168,0.04610364884138107,0.419765830039978,0.4582890272140503,0.04346802458167076,0.4548760950565338,0.44157397747039795,0.02905404008924961,0.48584359884262085,0.44471508264541626,0.019209112972021103,0.351168155670166,0.4811238944530487,0.03217693418264389,0.3912939131259918,0.43798208236694336,0.030121108517050743,0.4250945746898651,0.42275553941726685,0.02459220215678215,0.45832088589668274,0.42373576760292053,0.02054283395409584
C,0.307577520608902,0.6989293694496155,6.428618348763848e-07,0.3839300870895386,0.7161154747009277,-0.007021465804427862,0.4445326328277588,0.695506751537323,-0.004841261077672243,0.49890992045402527,0.6732354164123535,-0.008510562591254711,0.5482208728790283,0.6517152786254883,-0.012099668383598328,0.4181981682777405,0.5864716172218323,0.06457746028900146,0.45066359639167786,0.5414524078369141,0.06600846350193024,0.48196595907211304,0.5271652340888977,0.05381504446268082,0.5089007019996643,0.5216726660728455,0.04448254778981209,0.40324199199676514,0.5574485063552856,0.06027109920978546,0.44435006380081177,0.5085992217063904,0.06359755992889404,0.47740235924720764,0.4963008761405945,0.046399377286434174,0.5083410739898682,0.5021806359291077,0.03343110531568527,0.3835803270339966,0.528130829334259,0.049069419503211975,0.42858389019966125,0.4777643084526062,0.05016622692346573,0.4629043638706207,0.4631507396697998,0.038080766797065735,0.4945111870765686,0.46707889437675476,0.02935662865638733,0.36020970344543457,0.5008630156517029,0.035069696605205536,0.3990940451622009,0.4564445912837982,0.03712771087884903,0.43202266097068787,0.4425451159477234,0.03511609137058258,0.4640160799026489,0.44573813676834106,0.03325271233916283
C,0.3061053156852722,0.7041812539100647,6.676546604467148e-07,0.38132697343826294,0.7188208103179932,-0.00962930265814066,0.44360408186912537,0.696642279624939,-0.009662323631346226,0.49983999133110046,0.6740279197692871,-0.014976357109844685,0.5481780767440796,0.6554162502288818,-0.020137809216976166,0.4182549715042114,0.5891035199165344,0.055308688431978226,0.4513844847679138,0.5443938374519348,0.05257130786776543,0.48258790373802185,0.5297330617904663,0.0392894446849823,0.5093916058540344,0.5240793824195862,0.029877932742238045,0.40252140164375305,0.5582108497619629,0.05196094140410423,0.44522708654403687,0.5096071362495422,0.05121206119656563,0.4783281683921814,0.49813270568847656,0.034110672771930695,0.5091705918312073,0.5046761631965637,0.021827947348356247,0.3820051848888397,0.527907133102417,0.04176884517073631,0.4292064905166626,0.4779297113418579,0.039022549986839294,0.4631583094596863,0.4628579020500183,0.0254457239061594,0.49353334307670593,0.46865275502204895,0.016442732885479927,0.35822397470474243,0.4989634156227112,0.028871804475784302,0.40004968643188477,0.4584295451641083,0.027488872408866882,0.43338659405708313,0.4440544843673706,0.02294791117310524,0.4653487205505371,0.44700267910957336,0.019885048270225525
C,0.3036779761314392,0.6968765258789062,6.845616553619038e-07,0.38088253140449524,0.7126163244247437,-0.004550641868263483,0.4401308000087738,0.6945124864578247,-0.0015130898682400584,0.49695926904678345,0.67219477891922,-0.005168076138943434,0.5449734926223755,0.652247428894043,-0.008909126743674278,0.41150814294815063,0.5858737230300903,0.06714531034231186,0.4472441077232361,0.5382593870162964,0.06851653754711151,0.48019129037857056,0.5221712589263916,0.05699433013796806,0.5076669454574585,0.5152266621589661,0.04829895496368408,0.39756301045417786,0.5547716617584229,0.0615062415599823,0.44210368394851685,0.505710780620575,0.06409075856208801,0.4766762852668762,0.49329254031181335,0.04634099081158638,0.5080049633979797,0.4994499087333679,0.03312322124838829,0.37907901406288147,0.523674488067627,0.04907217249274254,0.42722752690315247,0.47324901819229126,0.04989059269428253,0.4622453451156616,0.45709913969039917,0.03644130006432533,0.4926317036151886,0.46088987588882446,0.026753121986985207,0.35704174637794495,0.49422112107276917,0.03410619497299194,0.3982549011707306,0.4507436752319336,0.035742342472076416,0.43253809213638306,0.4347986876964569,0.032380733639001846,0.4653794467449188,0.4364181160926819,0.029625607654452324
C,0.30325374007225037,0.7037948369979858,6.893977797517437e-07,0.3804558515548706,0.7179113030433655,-0.009397724643349648,0.4404979646205902,0.6995615363121033,-0.010583157651126385,0.49652376770973206,0.6758537292480469,-0.01713554561138153,0.5463926792144775,0.6547090411186218,-0.023640066385269165,0.41209807991981506,0.58495032787323,0.05396784842014313,0.4477136433124542,0.5369107127189636,0.049722250550985336,0.48183733224868774,0.5233715772628784,0.035232916474342346,0.5115137696266174,0.5186399817466736,0.02501775324344635,0.395345538854599,0.552512526512146,0.04960188269615173,0.4393104910850525,0.5021079778671265,0.04860586300492287,0.47425031661987305,0.4908205568790436,0.03128945082426071,0.507169246673584,0.4974304437637329,0.018612224608659744,0.3739135265350342,0.5229476094245911,0.03839467465877533,0.42101964354515076,0.47040337324142456,0.03608742356300354,0.45710545778274536,0.45185601711273193,0.02359587885439396,0.49082544445991516,0.452509343624115,0.014964760281145573,0.34956029057502747,0.49779829382896423,0.024380559101700783,0.391687273979187,0.4512821137905121,0.023516898974776268,0.4260634481906891,0.43352532386779785,0.02026241458952427,0.45971447229385376,0.4317362308502197,0.017954502254724503
C,0.3021327257156372,0.7036988735198975,6.944539450159937e-07,0.3797687292098999,0.7186821103096008,-0.008919153362512589,0.44129666686058044,0.7003976106643677,-0.009533155709505081,0.4981614351272583,0.6751970648765564,-0.015866074711084366,0.5486468076705933,0.6537588834762573,-0.022098766639828682,0.4124853014945984,0.5852961540222168,0.05852341279387474,0.44747981429100037,0.5369573831558228,0.05575395002961159,0.48125189542770386,0.5237429141998291,0.04136873409152031,0.5102625489234924,0.5201472640037537,0.031170856207609177,0.3956225514411926,0.5533673763275146,0.054327234625816345,0.43908417224884033,0.5024398565292358,0.05501985549926758,0.4739155173301697,0.48998188972473145,0.03731938824057579,0.506830096244812,0.49697238206863403,0.02410482056438923,0.3741001784801483,0.5236403346061707,0.04312102496623993,0.42096009850502014,0.4711867570877075,0.042713627219200134,0.45604097843170166,0.4524645209312439,0.03012278489768505,0.4891287088394165,0.4532487988471985,0.021047919988632202,0.3497351109981537,0.497805655002594,0.02897050604224205,0.3910023868083954,0.45160573720932007,0.029595015570521355,0.4251081049442291,0.43327224254608154,0.02656368725001812,0.4590713083744049,0.4316920042037964,0.02423279546201229
C,0.29002442955970764,0.7820026278495789,5.664034574692778e-07,0.3549453616142273,0.8106063008308411,-0.017354799434542656,0.4231627583503723,0.7851923108100891,-0.018921256065368652,0.4752427339553833,0.7565957307815552,-0.021967483684420586,0.524572491645813,0.7317241430282593,-0.024412265047430992,0.40887734293937683,0.6352589726448059,0.03224319592118263,0.4441291093826294,0.5806798934936523,0.027165716513991356,0.4775836169719696,0.5579966902732849,0.014259119518101215,0.5077654719352722,0.5472827553749084,0.00476012984290719,0.3877667784690857,0.599361002445221,0.030851522460579872,0.42866313457489014,0.5368190407752991,0.030010832473635674,0.46389344334602356,0.5064951777458191,0.015735678374767303,0.49969592690467834,0.49335065484046936,0.00458824448287487,0.3608817756175995,0.5721490383148193,0.02321939915418625,0.40169960260391235,0.509080708026886,0.0181183572858572,0.4368809163570404,0.4796565771102905,0.00721490615978837,0.4740128815174103,0.4657512903213501,-0.00014086920418776572,0.32764124870300293,0.5563679337501526,0.01244134921580553,0.36339354515075684,0.4963964819908142,0.007832399569451809,0.3920096158981323,0.4710695147514343,0.005115420091897249,0.42236629128456116,0.45982563495635986,0.003404868533834815
C,0.27999287843704224,0.790252685546875,6.217895247573324e-07,0.3513646125793457,0.8079309463500977,-0.014275058172643185,0.4200800359249115,0.7840771675109863,-0.015381565317511559,0.47606125473976135,0.7573399543762207,-0.019285015761852264,0.5242748260498047,0.7268137335777283,-0.022326746955513954,0.41172656416893005,0.6329072713851929,0.041124407202005386,0.45023345947265625,0.574474036693573,0.03663824871182442,0.4829140603542328,0.5555323958396912,0.021600140258669853,0.5110840201377869,0.5482244491577148,0.010827995836734772,0.3908429443836212,0.5970130562782288,0.03832758963108063,0.43121403455734253,0.534050703048706,0.039835501462221146,0.46571171283721924,0.5051374435424805,0.023414453491568565,0.4991249144077301,0.4950195550918579,0.009692983701825142,0.3632313311100006,0.5703766345977783,0.028916943818330765,0.40434667468070984,0.5066990852355957,0.02713998779654503,0.4382272958755493,0.4782373309135437,0.014234648086130619,0.47267621755599976,0.4682196378707886,0.0042658704333007336,0.33105042576789856,0.5528099536895752,0.016339343041181564,0.3648657202720642,0.4943352937698364,0.013862963765859604,0.3919059932231903,0.4688718020915985,0.010375412181019783,0.4209842085838318,0.459738552570343,0.007740435656160116
