D,0.9986788630485535,0.7698750495910645,3.738569205324893e-07,0.9429870247840881,0.7835670113563538,-0.047603972256183624,0.8857202529907227,0.7595767974853516,-0.07640667259693146,0.837744951248169,0.7289769649505615,-0.09871543943881989,0.8018851280212402,0.7050818800926208,-0.12174279242753983,0.8860894441604614,0.6037352085113525,-0.06350503861904144,0.8339482545852661,0.5204874277114868,-0.09079468250274658,0.8044933080673218,0.4699237644672394,-0.1115904375910759,0.7808024287223816,0.4288555681705475,-0.12665797770023346,0.9269968867301941,0.5594203472137451,-0.05897136032581329,0.8839887380599976,0.4605337977409363,-0.0838775560259819,0.8558570146560669,0.40130335092544556,-0.1048445925116539,0.8330757021903992,0.3552057445049286,-0.12017393857240677,0.971274733543396,0.5443800687789917,-0.05790563300251961,0.9548231959342957,0.44348275661468506,-0.08376871049404144,0.940615713596344,0.37817618250846863,-0.1038573831319809,0.9283432364463806,0.32759761810302734,-0.11775694042444229,1.0138823986053467,0.5510092377662659,-0.059722352772951126,1.0163154602050781,0.4702162444591522,-0.08397798240184784,1.0207656621932983,0.41930288076400757,-0.09459903091192245,1.0238360166549683,0.3808729648590088,-0.10073509812355042
D,1.0093854665756226,0.8040745258331299,5.756645578003372e-07,0.9375231862068176,0.8247717618942261,-0.05106609687209129,0.8691986799240112,0.8004539012908936,-0.07520860433578491,0.8098521828651428,0.7795352935791016,-0.09207631647586823,0.7638451457023621,0.7615947723388672,-0.10857949405908585,0.8793058395385742,0.6143518686294556,-0.04408123344182968,0.8272255063056946,0.5298646092414856,-0.06251648813486099,0.7977823615074158,0.4761802554130554,-0.08025504648685455,0.7751479148864746,0.4320064187049866,-0.09356652945280075,0.922211766242981,0.570756733417511,-0.03454030305147171,0.8785598278045654,0.46474578976631165,-0.04957689717411995,0.8496609926223755,0.3994431495666504,-0.06835566461086273,0.8288378715515137,0.3483065962791443,-0.08273235708475113,0.9690523743629456,0.5551594495773315,-0.030230093747377396,0.9553361535072327,0.44524073600769043,-0.04957233741879463,0.9411950707435608,0.3813798725605011,-0.0706179141998291,0.9287427663803101,0.3313559591770172,-0.08505568653345108,1.0143805742263794,0.5589182376861572,-0.02950134128332138,1.0157800912857056,0.46862539649009705,-0.0483991876244545,1.0185692310333252,0.4154415726661682,-0.05943584442138672,1.0184359550476074,0.37023496627807617,-0.0663788691163063
D,0.9935327172279358,0.782256007194519,5.276837669043744e-07,0.9035630822181702,0.8045263886451721,-0.02950683981180191,0.8186275959014893,0.768706738948822,-0.04091007262468338,0.7544098496437073,0.7347499132156372,-0.04925927892327309,0.6982543468475342,0.7171871066093445,-0.05700932443141937,0.8361539840698242,0.5815311670303345,-0.012073758989572525,0.7748989462852478,0.5001199245452881,-0.020666658878326416,0.7400407791137695,0.44763511419296265,-0.031731538474559784,0.7138078808784485,0.4034421741962433,-0.04108447581529617,0.8800164461135864,0.5338976979255676,-0.011114915832877159,0.8332916498184204,0.4326302707195282,-0.01588575355708599,0.8041896820068359,0.3714882731437683,-0.026874855160713196,0.7830826044082642,0.3255300223827362,-0.03642582893371582,0.9280986189842224,0.513502836227417,-0.01527563389390707,0.9058170318603516,0.4067046046257019,-0.026993002742528915,0.8910150527954102,0.34592148661613464,-0.04353336617350578,0.8773775696754456,0.2950773537158966,-0.05586093291640282,0.9769715070724487,0.5120593905448914,-0.022051818668842316,0.9792049527168274,0.41536861658096313,-0.036510445177555084,0.9782361388206482,0.3571365773677826,-0.04714434593915939,0.9737828969955444,0.3023606538772583,-0.054571427404880524
D,0.9810320138931274,0.7856934070587158,4.564148525787459e-07,0.8876103758811951,0.7973811030387878,-0.02687416411936283,0.805164098739624,0.7554066777229309,-0.03218945115804672,0.7426347136497498,0.7109460234642029,-0.035912156105041504,0.6878854036331177,0.6898584961891174,-0.03865720331668854,0.8249693512916565,0.5657737851142883,0.009037766605615616,0.7643051743507385,0.48633620142936707,0.004673667252063751,0.7311584949493408,0.4377095103263855,-0.006341072265058756,0.7055293917655945,0.39103081822395325,-0.01671684719622135,0.8697526454925537,0.5192784070968628,0.009053008630871773,0.8254743814468384,0.41758325695991516,0.009397421032190323,0.7962785363197327,0.3561621904373169,-0.00193983712233603,0.7750757932662964,0.3090451657772064,-0.012800969183444977,0.9184495210647583,0.5019407272338867,0.0025678619276732206,0.8975503444671631,0.39502623677253723,-0.00672772154211998,0.8829382061958313,0.3346123993396759,-0.022419936954975128,0.8687924146652222,0.2844369113445282,-0.03436308354139328,0.9680014848709106,0.5027344226837158,-0.006974268704652786,0.9714785814285278,0.40361666679382324,-0.020202646031975746,0.970199465751648,0.3446108102798462,-0.030045434832572937,0.9659490585327148,0.2885366380214691,-0.03714229166507721
D,0.9732668995857239,0.7776287794113159,3.940792794310255e-07,0.8801755309104919,0.7832445502281189,-0.0271780863404274,0.794701874256134,0.7399390935897827,-0.034036289900541306,0.7327194809913635,0.700375497341156,-0.039602480828762054,0.683896541595459,0.6767134070396423,-0.04358983412384987,0.8142977952957153,0.555554986000061,0.003745667403563857,0.7511476278305054,0.4807075560092926,-0.00565019017085433,0.7164483070373535,0.43623560667037964,-0.018956931307911873,0.6899265646934509,0.3927121162414551,-0.029944133013486862,0.8594740033149719,0.5077388882637024,0.0027489245403558016,0.814732015132904,0.41096872091293335,0.000992878107354045,0.7873615026473999,0.3502129018306732,-0.007680629845708609,0.7672805190086365,0.30512169003486633,-0.01588226668536663,0.9093992710113525,0.48813652992248535,-0.005180322099477053,0.8892677426338196,0.38754206895828247,-0.01395663432776928,0.8761118054389954,0.33037272095680237,-0.024319050833582878,0.8630560040473938,0.2832907438278198,-0.031957630068063736,0.960673451423645,0.48765313625335693,-0.016860777512192726,0.9623784422874451,0.3939591646194458,-0.028769269585609436,0.96014803647995,0.33760276436805725,-0.035460442304611206,0.9553632140159607,0.28406211733818054,-0.03956226259469986
D,0.9782237410545349,0.7806127071380615,3.47557687518929e-07,0.8875489830970764,0.7878411412239075,-0.030934631824493408,0.8030633926391602,0.7426144480705261,-0.04017983004450798,0.7395192384719849,0.6984003782272339,-0.048490010201931,0.687421441078186,0.6750078201293945,-0.054916828870773315,0.8231912851333618,0.561834990978241,0.0013118181377649307,0.7562664747238159,0.4895540475845337,-0.012597555294632912,0.7171698808670044,0.44718703627586365,-0.028106248006224632,0.6853036880493164,0.40693333745002747,-0.03960577771067619,0.8681702613830566,0.512641191482544,0.0006591079873032868,0.824524998664856,0.4137943387031555,-0.004265600349754095,0.7963494062423706,0.35431230068206787,-0.012493439950048923,0.7737920880317688,0.3084135949611664,-0.018959123641252518,0.9167672395706177,0.4917088449001312,-0.007550111040472984,0.8981872797012329,0.38885873556137085,-0.018102293834090233,0.885168194770813,0.3308671712875366,-0.024261651560664177,0.8715444207191467,0.2817438244819641,-0.027874866500496864,0.9658634662628174,0.49121278524398804,-0.020318707451224327,0.968110203742981,0.3999392092227936,-0.03160601854324341,0.9652661085128784,0.34319034218788147,-0.03429659083485603,0.9604325294494629,0.2887585461139679,-0.034777551889419556
D,0.9780874252319336,0.7800566554069519,3.486540833819163e-07,0.8874832987785339,0.7876333594322205,-0.028013315051794052,0.8031213879585266,0.7422850131988525,-0.035520508885383606,0.7408784031867981,0.6990700960159302,-0.042181238532066345,0.6908813714981079,0.6738166809082031,-0.047256726771593094,0.8210774660110474,0.5626737475395203,0.002593295183032751,0.7546966671943665,0.49055176973342896,-0.010257738642394543,0.7158571481704712,0.4483189582824707,-0.025638103485107422,0.6838324069976807,0.4078783094882965,-0.03759237006306648,0.8661831617355347,0.5128752589225769,0.0007576710777357221,0.8225328922271729,0.4139920473098755,-0.004621714819222689,0.7940342426300049,0.35341423749923706,-0.01497884001582861,0.7710386514663696,0.30878496170043945,-0.023483404889702797,0.9152626395225525,0.49192461371421814,-0.008111796341836452,0.8968594670295715,0.3891315460205078,-0.01931925304234028,0.8835327625274658,0.3297102451324463,-0.02916730009019375,0.8698074817657471,0.28121089935302734,-0.0357857383787632,0.9652877449989319,0.49156543612480164,-0.02088691107928753,0.9680823087692261,0.3984430432319641,-0.03311155363917351,0.965980052947998,0.3405423164367676,-0.03806058317422867,0.9612576365470886,0.28674450516700745,-0.04059550538659096
D,0.9766529202461243,0.7866144180297852,3.111321973392478e-07,0.8874416351318359,0.7950547337532043,-0.02842126600444317,0.8042052388191223,0.7492337822914124,-0.036101073026657104,0.7437272667884827,0.7038238048553467,-0.042895685881376266,0.6940680742263794,0.6762726306915283,-0.0481666699051857,0.822476327419281,0.5701904892921448,0.0007844761130400002,0.7553511261940002,0.5001118779182434,-0.014110821299254894,0.7142341136932373,0.4600159823894501,-0.030992163345217705,0.6796562671661377,0.423397421836853,-0.04389875382184982,0.8674421310424805,0.5199241042137146,-0.0015579101163893938,0.8247990608215332,0.4205547869205475,-0.009437200613319874,0.7957230806350708,0.3592834770679474,-0.02185347117483616,0.7717141509056091,0.31439322233200073,-0.0319083072245121,0.9162457585334778,0.4990352988243103,-0.010907107032835484,0.900051474571228,0.39584776759147644,-0.024780476465821266,0.8868537545204163,0.3344888687133789,-0.03638152405619621,0.8724406957626343,0.28381428122520447,-0.04415025934576988,0.9659014940261841,0.49915212392807007,-0.02402832731604576,0.9698764681816101,0.40576162934303284,-0.03785160928964615,0.9679170250892639,0.34690552949905396,-0.04360692575573921,0.9624269604682922,0.2923058569431305,-0.04696446284651756
D,0.9757462739944458,0.7847515940666199,3.327998570057389e-07,0.8867811560630798,0.7943457365036011,-0.028960876166820526,0.8041892051696777,0.7486373782157898,-0.036998946219682693,0.7438188195228577,0.7036134004592896,-0.043940864503383636,0.6948040723800659,0.6752408742904663,-0.04938038811087608,0.8216733932495117,0.5695798993110657,-4.5521701395045966e-05,0.7552834749221802,0.4985887408256531,-0.014856324531137943,0.7145060300827026,0.45891451835632324,-0.03174804151058197,0.6802667379379272,0.4220718741416931,-0.044690292328596115,0.8667822480201721,0.5195689797401428,-0.0019070832058787346,0.8237611651420593,0.41963088512420654,-0.009394444525241852,0.7950599193572998,0.358134925365448,-0.02166670933365822,0.7709179520606995,0.31270045042037964,-0.03172587230801582,0.9159426093101501,0.49917611479759216,-0.0108296824619174,0.8987635374069214,0.39569777250289917,-0.02457565814256668,0.8856350779533386,0.33472883701324463,-0.03690258413553238,0.8709015250205994,0.28449827432632446,-0.045204900205135345,0.966055154800415,0.4994088411331177,-0.023495176807045937,0.9700895547866821,0.40432488918304443,-0.03802987188100815,0.9687615036964417,0.3446422219276428,-0.044804006814956665,0.9636772274971008,0.28921428322792053,-0.04879792034626007
D,0.9919425249099731,0.7891194820404053,3.199058937752852e-07,0.8964487314224243,0.798732578754425,-0.02171037159860134,0.8110208511352539,0.7480321526527405,-0.02333913929760456,0.7500444054603577,0.7012880444526672,-0.025514639914035797,0.7017977237701416,0.6747305989265442,-0.025902362540364265,0.8267765045166016,0.5741062164306641,0.016973363235592842,0.7576462030410767,0.5013278126716614,0.006693651899695396,0.7147050499916077,0.4628642499446869,-0.00788679625838995,0.6780456304550171,0.42910921573638916,-0.018553994596004486,0.8713105916976929,0.5223029851913452,0.013820390217006207,0.8280912637710571,0.42385751008987427,0.01360987313091755,0.7990899085998535,0.3623925447463989,0.005276863928884268,0.7740626931190491,0.3187524378299713,-0.0013333846582099795,0.9208674430847168,0.5000189542770386,0.003308279672637582,0.9045719504356384,0.3970875144004822,-0.003660588525235653,0.8911340236663818,0.33332058787345886,-0.011640061624348164,0.8774805068969727,0.28228214383125305,-0.016602057963609695,0.9720541834831238,0.4986437261104584,-0.01090774592012167,0.9755634665489197,0.405872642993927,-0.019569197669625282,0.9738005995750427,0.34645527601242065,-0.022214405238628387,0.9705660939216614,0.29092928767204285,-0.022568795830011368
D,0.9905061721801758,0.7883998155593872,3.603197740176256e-07,0.8964793682098389,0.7992017269134521,-0.025913193821907043,0.810653030872345,0.7505312561988831,-0.028507050126791,0.7497685551643372,0.7041268348693848,-0.030275262892246246,0.7028534412384033,0.6730048060417175,-0.030299045145511627,0.8269833922386169,0.573392391204834,0.011718698777258396,0.7573482990264893,0.5017229914665222,0.001655725296586752,0.7139698266983032,0.4623413681983948,-0.012503375299274921,0.6765908002853394,0.42643028497695923,-0.02342238835990429,0.8725788593292236,0.5221022963523865,0.011147383600473404,0.8288758993148804,0.4234837591648102,0.010371103882789612,0.7996723055839539,0.3635842800140381,0.0017137958202511072,0.7741892337799072,0.3209172785282135,-0.005600728094577789,0.9218959808349609,0.5012041330337524,0.0030780492816120386,0.9053922295570374,0.3979496359825134,-0.0049032228998839855,0.8914188742637634,0.3343559801578522,-0.014264625497162342,0.87674480676651,0.28201213479042053,-0.020555822178721428,0.9724334478378296,0.5012397766113281,-0.008814512751996517,0.9756154417991638,0.4072455167770386,-0.01872512325644493,0.9743102788925171,0.3484821915626526,-0.022897226735949516,0.9705833792686462,0.2922958731651306,-0.02484085224568844
D,1.0132997035980225,0.786357581615448,3.9762318237990257e-07,0.9077723622322083,0.798653244972229,-0.016433095559477806,0.820067286491394,0.7497020363807678,-0.00801768060773611,0.7571595907211304,0.7047030329704285,-0.0009405672899447381,0.7096697092056274,0.6699306964874268,0.009351211600005627,0.837874174118042,0.5788353085517883,0.048410944640636444,0.7653458118438721,0.5035563707351685,0.05481872707605362,0.7205235362052917,0.461286723613739,0.05044325441122055,0.6847933530807495,0.42525896430015564,0.04646725207567215,0.8843900561332703,0.5270841121673584,0.04855736345052719,0.8351510167121887,0.4252670407295227,0.06853922456502914,0.8061903119087219,0.36475491523742676,0.07077618688344955,0.7817203998565674,0.32257890701293945,0.070853590965271,0.9335672855377197,0.5023636221885681,0.03985534980893135,0.9120016098022461,0.397519052028656,0.04934094473719597,0.8975840210914612,0.3367547392845154,0.04792284965515137,0.885164201259613,0.28739842772483826,0.04586602374911308,0.9860645532608032,0.4939919114112854,0.026910418644547462,0.988106369972229,0.4017028212547302,0.029102060943841934,0.986810028553009,0.3443838953971863,0.029534514993429184,0.9849304556846619,0.2861812114715576,0.03061964549124241
D,1.017150640487671,0.7865195274353027,5.258806936581095e-07,0.9070903658866882,0.7979394197463989,-0.014878506772220135,0.821658194065094,0.7512794733047485,-0.0016752306837588549,0.7627853155136108,0.7060710787773132,0.010045582428574562,0.7149357199668884,0.6686230301856995,0.025211958214640617,0.8410403728485107,0.5815666317939758,0.06590242683887482,0.7665352821350098,0.5064371824264526,0.08215965330600739,0.7194540500640869,0.4608965218067169,0.08325829356908798,0.682949423789978,0.4254416227340698,0.08298423141241074,0.8892959356307983,0.5317651033401489,0.06861774623394012,0.8384962677955627,0.4266622066497803,0.10263170301914215,0.8075674176216125,0.3650488257408142,0.11119598895311356,0.782425582408905,0.32441815733909607,0.11485789716243744,0.9389447569847107,0.5065310597419739,0.061353858560323715,0.9142991900444031,0.4016598165035248,0.08404956758022308,0.8971866369247437,0.3372248411178589,0.08619364351034164,0.8833459615707397,0.2838286757469177,0.08470699936151505,0.9916713237762451,0.4959476590156555,0.04925371706485748,0.991306483745575,0.40215572714805603,0.06177107244729996,0.9900652766227722,0.34679606556892395,0.06576156616210938,0.9887226819992065,0.29058459401130676,0.06820304691791534
D,1.0173388719558716,0.7851381301879883,5.437352115222893e-07,0.9066964983940125,0.7969114780426025,-0.014346685260534286,0.8223739266395569,0.7495574355125427,-0.0008083689026534557,0.7626168727874756,0.7049806714057922,0.011401176452636719,0.7138984203338623,0.6691506505012512,0.026979587972164154,0.839690089225769,0.5812084674835205,0.06718188524246216,0.7661029696464539,0.5061116218566895,0.08364206552505493,0.7204708456993103,0.46036210656166077,0.08368954062461853,0.6845277547836304,0.42440086603164673,0.08201207220554352,0.8887724280357361,0.5305227041244507,0.06961128860712051,0.836587131023407,0.42537298798561096,0.10244176536798477,0.8058557510375977,0.36325812339782715,0.10817782580852509,0.7801841497421265,0.32257917523384094,0.10920906811952591,0.9402979016304016,0.5048381686210632,0.062288932502269745,0.9138489961624146,0.3997083902359009,0.08391453325748444,0.894795835018158,0.33519354462623596,0.083210788667202,0.8790450692176819,0.28102561831474304,0.07919320464134216,0.995810329914093,0.4946591854095459,0.05047072842717171,0.9947404265403748,0.4010502099990845,0.0633586049079895,0.9932475686073303,0.34646445512771606,0.06680300086736679,0.991036593914032,0.2907457649707794,0.06800701469182968
D,1.016552209854126,0.7758691310882568,3.063396434299648e-07,0.9282532334327698,0.7662466764450073,-0.01928507722914219,0.8419278860092163,0.7137259840965271,-0.025173330679535866,0.7795507907867432,0.6696960926055908,-0.031808603554964066,0.7270285487174988,0.6482326984405518,-0.038540925830602646,0.8567121028900146,0.5650898814201355,0.001294514979235828,0.7921397686004639,0.48793062567710876,-0.015004140324890614,0.753014326095581,0.4457530379295349,-0.03208861127495766,0.7185472249984741,0.4090396761894226,-0.04512040689587593,0.8984691500663757,0.5221313238143921,-0.006942759733647108,0.8493648767471313,0.41313332319259644,-0.019491413608193398,0.8139116168022156,0.35308367013931274,-0.037306711077690125,0.7817915678024292,0.30506208539009094,-0.05117389187216759,0.9456934332847595,0.5030822157859802,-0.020216580480337143,0.9144625663757324,0.39072978496551514,-0.03668125346302986,0.8864075541496277,0.3271111845970154,-0.052617210894823074,0.858269453048706,0.27373915910720825,-0.0642784982919693,0.9969552755355835,0.5019044280052185,-0.03567047789692879,0.9884348511695862,0.406992107629776,-0.05009446293115616,0.9778047800064087,0.34583085775375366,-0.05648034065961838,0.963883638381958,0.2912503778934479,-0.061218421906232834
D,1.0180001258850098,0.7679240107536316,2.781707451049442e-07,0.9292968511581421,0.7656664848327637,-0.01850210316479206,0.8430282473564148,0.714647114276886,-0.022773219272494316,0.7817103862762451,0.666174054145813,-0.02746981754899025,0.7301809787750244,0.6426550149917603,-0.032228801399469376,0.8561601042747498,0.5693848729133606,0.003338500624522567,0.7898921966552734,0.49327924847602844,-0.010564316064119339,0.7478735446929932,0.4512465000152588,-0.026075931265950203,0.710371196269989,0.41473811864852905,-0.038540132343769073,0.8969628810882568,0.5238348245620728,-0.004289024509489536,0.8475593328475952,0.414986789226532,-0.015516295097768307,0.8106127977371216,0.353609561920166,-0.03371580317616463,0.776607871055603,0.30382007360458374,-0.04809748753905296,0.9427766799926758,0.5035389065742493,-0.016630351543426514,0.9125975370407104,0.39633017778396606,-0.03210856765508652,0.8848462104797363,0.32946836948394775,-0.0503818579018116,0.8577929139137268,0.2735651135444641,-0.06409516930580139,0.9929049015045166,0.5014023780822754,-0.030900854617357254,0.9854718446731567,0.4114552140235901,-0.04472900927066803,0.9751460552215576,0.3504425287246704,-0.05267235264182091,0.9619659185409546,0.29502031207084656,-0.05897500365972519
D,1.0308434963226318,0.8308935165405273,-9.016513047299668e-08,0.9385913014411926,0.7763360738754272,-0.0035160977859050035,0.8710387349128723,0.6677109003067017,-0.0014459494268521667,0.8266428112983704,0.5837337970733643,-0.003722777357324958,0.7737974524497986,0.5306491851806641,-0.004245813935995102,0.9285369515419006,0.5512086153030396,0.03784484788775444,0.899279773235321,0.4471839964389801,0.02277526445686817,0.8657720685005188,0.4214199185371399,0.0005213217227719724,0.83808833360672,0.4306885600090027,-0.012140180915594101,0.9685548543930054,0.5358978509902954,0.029995037242770195,0.9443112015724182,0.42214149236679077,0.02174421213567257,0.906071126461029,0.3933653235435486,0.000770619953982532,0.8769732117652893,0.4033251404762268,-0.013744286261498928,1.006549596786499,0.5369662642478943,0.017210619524121284,0.9943365454673767,0.4226717948913574,0.011837144382297993,0.9561949968338013,0.39285409450531006,0.0017149661434814334,0.9240694642066956,0.3959948420524597,-0.0045561408624053,1.0444473028182983,0.5485672354698181,0.002873564837500453,1.0377073287963867,0.4523126482963562,0.0014161625877022743,1.0081071853637695,0.4176808297634125,0.0008852005121298134,0.9780261516571045,0.41206449270248413,0.0012719648657366633
D,1.1202137470245361,0.7235939502716064,-5.365197921491927e-07,1.016268253326416,0.7091835141181946,-0.005973379593342543,0.9210214614868164,0.6387648582458496,0.007697308901697397,0.8494528532028198,0.5846726298332214,0.01765298843383789,0.7927471995353699,0.560906171798706,0.03233635798096657,0.9766811728477478,0.4851198196411133,0.07122882455587387,0.9127591848373413,0.40604767203330994,0.07443761080503464,0.8717834949493408,0.4334453344345093,0.06434885412454605,0.8565976023674011,0.4786919057369232,0.061511773616075516,1.0050957202911377,0.45602142810821533,0.07804714888334274,0.9422993063926697,0.36189568042755127,0.08296223729848862,0.8904321789741516,0.41030725836753845,0.06889339536428452,0.8727715015411377,0.4723564386367798,0.0646718367934227,1.0346879959106445,0.4459789991378784,0.07865528017282486,0.9787192940711975,0.35961639881134033,0.08331196755170822,0.9262471795082092,0.40611135959625244,0.06829001009464264,0.9108569622039795,0.4692026376724243,0.06305751949548721,1.0632636547088623,0.4483572840690613,0.07818488776683807,1.0129141807556152,0.3914153575897217,0.087458036839962,0.9655908346176147,0.41439807415008545,0.08559989184141159,0.9448301196098328,0.4582894444465637,0.08739671111106873
D,1.1089632511138916,0.7064396739006042,-3.6800855696128565e-07,1.0072978734970093,0.6924528479576111,0.002934392774477601,0.9174008965492249,0.6251516938209534,0.00976144801825285,0.8502013683319092,0.5779151916503906,0.008713104762136936,0.7890958786010742,0.5623926520347595,0.011048785410821438,0.9621374011039734,0.4845983684062958,0.06726105511188507,0.9118342995643616,0.40296339988708496,0.05497746169567108,0.868961751461029,0.42376554012298584,0.03417646884918213,0.8485357761383057,0.46660226583480835,0.02349853329360485,0.9902536273002625,0.4627521336078644,0.057504571974277496,0.9399265050888062,0.3595956563949585,0.04640122875571251,0.8874818086624146,0.3861067295074463,0.025084752589464188,0.8619949221611023,0.4382003843784332,0.014539137482643127,1.0203391313552856,0.45629599690437317,0.04081086069345474,0.9776638746261597,0.3616511821746826,0.03237292915582657,0.9203392863273621,0.3846842348575592,0.016949808225035667,0.8907561898231506,0.43313342332839966,0.010298823937773705,1.0531136989593506,0.4592076241970062,0.022961897775530815,1.017449975013733,0.39834368228912354,0.021989980712532997,0.9707320332527161,0.40634438395500183,0.017916826531291008,0.9405529499053955,0.43576106429100037,0.01656009629368782
D,1.0869770050048828,0.7120868563652039,-4.454204542980733e-07,0.9960643649101257,0.6908303499221802,0.007517396938055754,0.9139326810836792,0.6228275299072266,0.008680214174091816,0.8524344563484192,0.5778529047966003,0.0006532967090606689,0.7957425117492676,0.5621341466903687,-0.0058113159611821175,0.960746705532074,0.48486101627349854,0.04583970457315445,0.9152730703353882,0.40133875608444214,0.02147245965898037,0.8708686232566833,0.42246267199516296,-0.0051287696696817875,0.8509387373924255,0.46756330132484436,-0.01975107565522194,0.9899927973747253,0.4697342813014984,0.026923900470137596,0.9412340521812439,0.3647582530975342,0.0022156452760100365,0.886506199836731,0.3937421143054962,-0.02197013422846794,0.8616372346878052,0.4482482075691223,-0.03387916460633278,1.020095944404602,0.4688652455806732,0.0023755168076604605,0.9793035984039307,0.3661038279533386,-0.017969535663723946,0.9206445813179016,0.38920164108276367,-0.033265333622694016,0.8908366560935974,0.4367040693759918,-0.0391077846288681,1.0518962144851685,0.477588951587677,-0.022592155262827873,1.019400954246521,0.41229569911956787,-0.03655781224370003,0.972885251045227,0.41579318046569824,-0.043953586369752884,0.9421141743659973,0.4411311149597168,-0.04657603055238724
D,1.0457537174224854,0.6951882839202881,-4.601551779614965e-07,0.9720779061317444,0.6753469705581665,-0.002722929697483778,0.8980250358581543,0.6112082004547119,-0.007295250426977873,0.8356484770774841,0.5736565589904785,-0.020913967862725258,0.7802161574363708,0.5630978345870972,-0.031481776386499405,0.9296507835388184,0.4795861542224884,0.0370454303920269,0.8901198506355286,0.39172154664993286,0.006747111678123474,0.850804328918457,0.4236389994621277,-0.01880268193781376,0.837633490562439,0.47375741600990295,-0.030640985816717148,0.9483330845832825,0.46494537591934204,0.022637441754341125,0.9064149260520935,0.35501694679260254,-0.009502454660832882,0.8565776944160461,0.4049068093299866,-0.028406936675310135,0.8423460721969604,0.4700559377670288,-0.03178245574235916,0.9699371457099915,0.459389328956604,0.0011779355118051171,0.9314388632774353,0.35901355743408203,-0.023934906348586082,0.8790767192840576,0.41335830092430115,-0.03244420513510704,0.8619081377983093,0.47609689831733704,-0.029264267534017563,0.9915926456451416,0.46465954184532166,-0.022306956350803375,0.9525244832038879,0.4035258889198303,-0.03333807736635208,0.9055701494216919,0.4350428581237793,-0.03553609177470207,0.8824987411499023,0.48001646995544434,-0.03253782168030739
D,1.0391064882278442,0.6846798062324524,-5.994043021928519e-07,0.9569912552833557,0.6686369180679321,0.005500387400388718,0.8856953978538513,0.6136630177497864,0.0015930867521092296,0.8265287280082703,0.5780653357505798,-0.013956842012703419,0.770990252494812,0.5656275749206543,-0.027587490156292915,0.9194222092628479,0.4751652777194977,0.043461017310619354,0.87501060962677,0.3911151885986328,0.01303019467741251,0.8361955881118774,0.42720067501068115,-0.013108422979712486,0.8258723020553589,0.4781906306743622,-0.02637334354221821,0.9393316507339478,0.4583320617675781,0.022787492722272873,0.8878461122512817,0.3577609956264496,-0.011158711276948452,0.8389123678207397,0.41943585872650146,-0.03238464891910553,0.8290319442749023,0.4863257110118866,-0.03803128004074097,0.9614855051040649,0.4519883692264557,-0.004458953160792589,0.9147518873214722,0.355166494846344,-0.03225434944033623,0.8608893752098083,0.41899290680885315,-0.0432688444852829,0.8459370136260986,0.4849499762058258,-0.0425993986427784,0.9824590086936951,0.4574543237686157,-0.03284304961562157,0.9372885823249817,0.40243345499038696,-0.04945290461182594,0.888700544834137,0.44355034828186035,-0.055035676807165146,0.8674965500831604,0.49378344416618347,-0.05443596839904785
D,1.039960265159607,0.6845447421073914,-6.414861672965344e-07,0.9565922021865845,0.6679469347000122,0.0061340718530118465,0.8856332898139954,0.6105483770370483,0.0023223652970045805,0.8259267807006836,0.5762437582015991,-0.013339108787477016,0.7699984312057495,0.566521942615509,-0.026840219274163246,0.918496310710907,0.4733564853668213,0.04604789614677429,0.872651994228363,0.392853319644928,0.015124917030334473,0.833633303642273,0.43300533294677734,-0.012453637085855007,0.8223488330841064,0.4873245656490326,-0.026694996282458305,0.9381277561187744,0.4577508568763733,0.024353154003620148,0.885934054851532,0.36199864745140076,-0.009232885204255581,0.8376060724258423,0.42271241545677185,-0.03204485774040222,0.8276594877243042,0.488312304019928,-0.03940606489777565,0.9600586891174316,0.45249611139297485,-0.004029729403555393,0.9131895303726196,0.3566620349884033,-0.03143391013145447,0.8592612743377686,0.418962299823761,-0.04284023120999336,0.8436996340751648,0.483623206615448,-0.042779650539159775,0.981128454208374,0.4576657712459564,-0.03357690945267677,0.9362481236457825,0.3974887728691101,-0.04946445673704147,0.8887229561805725,0.43757033348083496,-0.05395800620317459,0.8681593537330627,0.4886089563369751,-0.05281728506088257
D,1.0401803255081177,0.6789303421974182,-6.459914061451855e-07,0.9498461484909058,0.6637294888496399,0.01828978955745697,0.8789891004562378,0.6114706993103027,0.018175868317484856,0.8200172781944275,0.5766986608505249,0.002972892252728343,0.7635598182678223,0.5661618709564209,-0.011429830454289913,0.9105920195579529,0.4775409996509552,0.056132618337869644,0.8613770604133606,0.3968654274940491,0.027830323204398155,0.8245871663093567,0.4393484592437744,0.002082006074488163,0.8160364031791687,0.49379971623420715,-0.011906619183719158,0.9315036535263062,0.46150487661361694,0.026403818279504776,0.8722951412200928,0.36473986506462097,-0.006492383312433958,0.8243073225021362,0.43119311332702637,-0.029529977589845657,0.817169189453125,0.4992479085922241,-0.03772078454494476,0.954875648021698,0.45670127868652344,-0.009271498769521713,0.9008886814117432,0.36150723695755005,-0.037332650274038315,0.8467615246772766,0.43157505989074707,-0.049623217433691025,0.8340965509414673,0.499289333820343,-0.0509524829685688,0.9758578538894653,0.4624003767967224,-0.04501310735940933,0.9232804179191589,0.4045734107494354,-0.06266309320926666,0.876194417476654,0.4537132680416107,-0.0679464340209961,0.8593418598175049,0.5091533660888672,-0.06807024031877518
D,1.0421184301376343,0.6799318194389343,-6.637541787313239e-07,0.9532405138015747,0.6651508808135986,0.017465787008404732,0.8799274563789368,0.6123764514923096,0.0186008270829916,0.8194931149482727,0.5774718523025513,0.004807654768228531,0.7634047865867615,0.5677455067634583,-0.00760501716285944,0.9083003997802734,0.47799554467201233,0.061793696135282516,0.8562613129615784,0.4015383720397949,0.034645017236471176,0.820144772529602,0.44802191853523254,0.008971276693046093,0.813499927520752,0.5039016008377075,-0.004616161342710257,0.9289740920066833,0.46213558316230774,0.03324674069881439,0.8682867884635925,0.3686106204986572,0.001129482639953494,0.822058916091919,0.43672505021095276,-0.022383568808436394,0.8167351484298706,0.5055865049362183,-0.030329395085573196,0.9519442319869995,0.45654621720314026,-0.0016783270984888077,0.8951073884963989,0.3669247627258301,-0.028897138312458992,0.8437806367874146,0.43849077820777893,-0.04177701473236084,0.8341114521026611,0.5058517456054688,-0.04297976940870285,0.9734507203102112,0.4601971209049225,-0.03680739924311638,0.9181020259857178,0.40677279233932495,-0.05316673219203949,0.8731480240821838,0.457599014043808,-0.058079689741134644,0.859207034111023,0.5130369067192078,-0.057733312249183655
D,1.0402247905731201,0.6819623708724976,-6.60761941162491e-07,0.9543730616569519,0.666540265083313,0.010586323216557503,0.8808947205543518,0.6126506328582764,0.008485420607030392,0.81927889585495,0.5774657726287842,-0.0066966949962079525,0.7627414464950562,0.5658068060874939,-0.020033273845911026,0.906400203704834,0.47874000668525696,0.05083918571472168,0.8524380922317505,0.4031095504760742,0.02065819688141346,0.8156000375747681,0.45238909125328064,-0.0057969591580331326,0.8104503154754639,0.5084766745567322,-0.01945665292441845,0.9280285239219666,0.4626138210296631,0.02590814232826233,0.8672754168510437,0.36774876713752747,-0.008332215249538422,0.8207680583000183,0.43839049339294434,-0.031127100810408592,0.8164246082305908,0.5067776441574097,-0.038261882960796356,0.9523967504501343,0.45714354515075684,-0.0056075965985655785,0.8961214423179626,0.36422473192214966,-0.03438246622681618,0.8436468243598938,0.437136173248291,-0.046574946492910385,0.8338873386383057,0.5044491291046143,-0.04698400944471359,0.9753882884979248,0.4617624878883362,-0.0377606563270092,0.9200820922851562,0.4076257348060608,-0.055336207151412964,0.8743681907653809,0.4583778381347656,-0.06068425625562668,0.859868586063385,0.5128807425498962,-0.060296233743429184
D,1.0382064580917358,0.6820579767227173,-6.231691713765031e-07,0.9508527517318726,0.6676651239395142,0.008110739290714264,0.8775911331176758,0.6154112219810486,0.004288017749786377,0.8148359656333923,0.5840947031974792,-0.012163389474153519,0.7576336860656738,0.5793392062187195,-0.026891708374023438,0.9056341052055359,0.4835617244243622,0.046502482146024704,0.8552221655845642,0.40531060099601746,0.015875721350312233,0.8195292949676514,0.44955167174339294,-0.010370216332376003,0.8137820363044739,0.5034573078155518,-0.023823918774724007,0.9257277846336365,0.46598511934280396,0.02322092279791832,0.8639088273048401,0.37221524119377136,-0.01116215530782938,0.817366361618042,0.4419045150279999,-0.03308902680873871,0.8123951554298401,0.5114415287971497,-0.03968701884150505,0.9489762783050537,0.45991259813308716,-0.006634967401623726,0.889159083366394,0.3679253160953522,-0.03683580458164215,0.8384717702865601,0.4441547691822052,-0.04817211255431175,0.8303219079971313,0.5141821503639221,-0.04754071310162544,0.9695855975151062,0.4671030640602112,-0.03715072572231293,0.9120988845825195,0.4120616316795349,-0.055244751274585724,0.8692086935043335,0.46658554673194885,-0.05951068550348282,0.8580886125564575,0.5251099467277527,-0.05824316665530205
D,1.0369607210159302,0.6853405237197876,-6.35407559457235e-07,0.9479813575744629,0.671491265296936,0.005430477671325207,0.8738300204277039,0.6193898916244507,-0.00026105044526048005,0.8103125095367432,0.5875017046928406,-0.018043000251054764,0.7523825168609619,0.5800241827964783,-0.0342930443584919,0.8998333811759949,0.4888921082019806,0.04212777316570282,0.8440842032432556,0.41650697588920593,0.008327608928084373,0.8086802363395691,0.4607461094856262,-0.020498408004641533,0.8033183217048645,0.5153414011001587,-0.03540646657347679,0.9221252202987671,0.4700324833393097,0.019085824489593506,0.8566961288452148,0.37955978512763977,-0.018357383087277412,0.8121989965438843,0.45038947463035583,-0.04255165532231331,0.8084700107574463,0.5209586024284363,-0.05047569051384926,0.9483673572540283,0.4642876982688904,-0.010697991587221622,0.8867860436439514,0.3741985559463501,-0.04300868511199951,0.8369143605232239,0.45099499821662903,-0.055419448763132095,0.829425573348999,0.5219596028327942,-0.055281441658735275,0.9721149802207947,0.4724660813808441,-0.0413588210940361,0.9140403270721436,0.41788914799690247,-0.06119030714035034,0.8691084384918213,0.47084760665893555,-0.06663266569375992,0.8558709621429443,0.5284673571586609,-0.06609048694372177
D,1.0402523279190063,0.6906117796897888,-6.310534672593349e-07,0.9483169317245483,0.6754157543182373,0.012145094573497772,0.8756736516952515,0.6236230731010437,0.008529728278517723,0.8147016763687134,0.5931129455566406,-0.009094679728150368,0.7577148675918579,0.5832363367080688,-0.02543221414089203,0.902146577835083,0.49137523770332336,0.049674082547426224,0.8504721522331238,0.4137991666793823,0.016409091651439667,0.8121557235717773,0.45529603958129883,-0.012059095315635204,0.8040263652801514,0.5086652040481567,-0.026968615129590034,0.9241862893104553,0.4739428460597992,0.022000636905431747,0.8602705597877502,0.38076794147491455,-0.016076425090432167,0.81263267993927,0.451490193605423,-0.040491897612810135,0.8075410723686218,0.5220237970352173,-0.04831457510590553,0.9492791891098022,0.46919679641723633,-0.012312923558056355,0.8895096182823181,0.37869560718536377,-0.04458443075418472,0.8377090096473694,0.4554446041584015,-0.056634917855262756,0.8290243148803711,0.525083065032959,-0.05632440745830536,0.9725292921066284,0.4775311350822449,-0.0472097173333168,0.9159258008003235,0.42488038539886475,-0.06710249185562134,0.8705783486366272,0.4778755009174347,-0.07247656583786011,0.8570957779884338,0.5339094400405884,-0.07186909765005112
D,1.042260766029358,0.6916862726211548,-6.405815042853646e-07,0.9497877359390259,0.6768166422843933,0.012404766865074635,0.876233696937561,0.6247881650924683,0.009212206117808819,0.8145942687988281,0.5925748348236084,-0.008112170733511448,0.756354033946991,0.5832182765007019,-0.023932579904794693,0.9021846652030945,0.4910246431827545,0.051720425486564636,0.8484349846839905,0.4150294065475464,0.018835436552762985,0.8106216192245483,0.4590034484863281,-0.009823140688240528,0.803203284740448,0.5145220160484314,-0.024877307936549187,0.9240905046463013,0.47379231452941895,0.024073628708720207,0.8595005869865417,0.38190773129463196,-0.012827243655920029,0.8125215172767639,0.45369234681129456,-0.03699696063995361,0.8079136610031128,0.5241647362709045,-0.044996727257966995,0.9491078853607178,0.4693629741668701,-0.010329494252800941,0.889344334602356,0.3785379230976105,-0.04172508418560028,0.8374254107475281,0.4542527496814728,-0.0534835085272789,0.8288293480873108,0.5237642526626587,-0.05330885201692581,0.9715473651885986,0.47828882932662964,-0.04536819085478783,0.9153957366943359,0.4238296151161194,-0.06475257873535156,0.8697401881217957,0.4770035147666931,-0.06973675638437271,0.8560817241668701,0.5338878035545349,-0.06897497177124023
D,1.0308804512023926,0.7047322988510132,-6.931475127203157e-07,0.9466515779495239,0.681678831577301,0.001658372930251062,0.8735413551330566,0.6246262788772583,-0.005303478334099054,0.8108704090118408,0.5887407660484314,-0.023063762113451958,0.7534561157226562,0.5791305899620056,-0.03863423317670822,0.9006465077400208,0.49179717898368835,0.03769664466381073,0.8436682820320129,0.4239431619644165,0.0013966560363769531,0.807538628578186,0.47813504934310913,-0.029014799743890762,0.8026886582374573,0.5369951725006104,-0.0445580817759037,0.9244239330291748,0.47415998578071594,0.01727852039039135,0.860571026802063,0.38569486141204834,-0.021276626735925674,0.8167858123779297,0.45900729298591614,-0.04528418183326721,0.8142907619476318,0.527794599533081,-0.05312683805823326,0.9516714811325073,0.46940502524375916,-0.010142660699784756,0.8942762017250061,0.38185179233551025,-0.042567621916532516,0.8428646326065063,0.4582056999206543,-0.05441291257739067,0.8342542052268982,0.5272257924079895,-0.05387478321790695,0.9779482483863831,0.47781407833099365,-0.03877529874444008,0.9248121380805969,0.4259810447692871,-0.058122169226408005,0.8779956698417664,0.4771670699119568,-0.06369190663099289,0.8614858388900757,0.5324662327766418,-0.06314382702112198
D,1.0336717367172241,0.7017809152603149,-6.714133746754669e-07,0.9470159411430359,0.6807210445404053,0.0023610470816493034,0.8745392560958862,0.6234766244888306,-0.004394059535115957,0.8127091526985168,0.5879849791526794,-0.022580092772841454,0.7554721832275391,0.5800139904022217,-0.03894736245274544,0.9007660746574402,0.49454885721206665,0.0400393009185791,0.8498356342315674,0.41989850997924805,0.004021613392978907,0.8150449395179749,0.46774789690971375,-0.026273459196090698,0.8074918985366821,0.5240864753723145,-0.04156474024057388,0.9244347810745239,0.47767722606658936,0.019046297296881676,0.8646083474159241,0.38331857323646545,-0.02201162651181221,0.8207786679267883,0.45601949095726013,-0.04767557606101036,0.8152308464050293,0.5281434655189514,-0.05490748584270477,0.9515619874000549,0.47255346179008484,-0.008761313743889332,0.8958161473274231,0.38359975814819336,-0.04334070906043053,0.8470245003700256,0.46170854568481445,-0.05602608621120453,0.83785480260849,0.5337179899215698,-0.054454509168863297,0.9781107902526855,0.4800032377243042,-0.03758619353175163,0.9250471591949463,0.4252856969833374,-0.05735829100012779,0.8797158002853394,0.4769613742828369,-0.06216156482696533,0.8631511330604553,0.533891499042511,-0.060298509895801544
D,1.0371487140655518,0.7021658420562744,-5.021271931582305e-07,0.9613069295883179,0.6977423429489136,-0.003040880663320422,0.8815721273422241,0.6408643126487732,-0.007068428210914135,0.8183737993240356,0.6062641143798828,-0.018900102004408836,0.7629107236862183,0.5987603664398193,-0.028432495892047882,0.9017122983932495,0.4863693416118622,0.035594891756772995,0.8504074811935425,0.41344285011291504,0.00764434365555644,0.8087682723999023,0.4332369863986969,-0.02066582627594471,0.7878047227859497,0.47532331943511963,-0.03636465594172478,0.9251355528831482,0.46688252687454224,0.02109760418534279,0.8740173578262329,0.390779972076416,-0.0045238942839205265,0.8267222046852112,0.42068737745285034,-0.027549175545573235,0.8026341199874878,0.47107794880867004,-0.038805216550827026,0.9523139595985413,0.4585067629814148,0.00010774719703476876,0.9078152775764465,0.38261109590530396,-0.02187075838446617,0.858614444732666,0.41406476497650146,-0.033320046961307526,0.8327131867408752,0.46382367610931396,-0.03594507649540901,0.9816581010818481,0.4608610272407532,-0.022818390280008316,0.9401074051856995,0.4104180932044983,-0.037003591656684875,0.8994224071502686,0.4277885854244232,-0.04115414246916771,0.8736526966094971,0.46393537521362305,-0.04049910232424736
D,1.0484708547592163,0.695643424987793,-4.839878897655581e-07,0.963425874710083,0.6974276304244995,0.010156684555113316,0.8820409774780273,0.6430858373641968,0.012168219313025475,0.8187364935874939,0.6072729825973511,0.002914685755968094,0.7609350681304932,0.5990228652954102,-0.005425042472779751,0.9079087376594543,0.4979218542575836,0.053878165781497955,0.8542655110359192,0.4239782392978668,0.029261240735650063,0.8116927742958069,0.4351661801338196,0.0008002858376130462,0.789279580116272,0.4729575514793396,-0.016009870916604996,0.9325337409973145,0.47606849670410156,0.030564043670892715,0.8791953325271606,0.394694447517395,0.0031617064960300922,0.8284720182418823,0.4185626804828644,-0.02529914490878582,0.8010045289993286,0.47109073400497437,-0.04014858603477478,0.960345447063446,0.4654068946838379,0.0011052570771425962,0.9147762060165405,0.38355544209480286,-0.023427728563547134,0.8621318340301514,0.40981829166412354,-0.04173159971833229,0.8343844413757324,0.45909300446510315,-0.048902858048677444,0.9898470044136047,0.46331360936164856,-0.02909092605113983,0.9467824697494507,0.4057205617427826,-0.047823790460824966,0.902876615524292,0.41844093799591064,-0.05765339732170105,0.8745490908622742,0.45251500606536865,-0.06136537715792656
D,1.0528258085250854,0.7009989023208618,-2.7653626943902054e-07,0.9645500183105469,0.6993812918663025,0.004422800615429878,0.8823283314704895,0.6416815519332886,-0.00023398478515446186,0.8174704313278198,0.6160718202590942,-0.015340243466198444,0.7552297711372375,0.6141805052757263,-0.03177780658006668,0.9087426662445068,0.5082584023475647,0.03617529198527336,0.859251856803894,0.42764654755592346,0.0013957069022580981,0.8116161227226257,0.4209010899066925,-0.03690803423523903,0.7780211567878723,0.44836702942848206,-0.06154035031795502,0.9361192584037781,0.4861237108707428,0.010036704130470753,0.8901286721229553,0.3813607096672058,-0.03328647464513779,0.8336178064346313,0.38509753346443176,-0.07808086276054382,0.7916929721832275,0.42801472544670105,-0.10399475693702698,0.9679631590843201,0.4742133617401123,-0.021637510508298874,0.9286075830459595,0.37063950300216675,-0.0564328134059906,0.8703863024711609,0.37532758712768555,-0.09080269187688828,0.8303292989730835,0.4144909977912903,-0.10931757092475891,1.0052851438522339,0.47260934114456177,-0.05386028811335564,0.9695761203765869,0.39952704310417175,-0.08056870847940445,0.9228813648223877,0.3889855742454529,-0.10268320143222809,0.8839383721351624,0.40600821375846863,-0.11685333400964737
D,1.0486233234405518,0.7077528238296509,-2.6871200020650576e-07,0.959630012512207,0.70078444480896,0.006391220260411501,0.8806083798408508,0.6420758962631226,0.0029861205257475376,0.8169785737991333,0.6141214370727539,-0.01148827001452446,0.7543014883995056,0.6128842234611511,-0.027438178658485413,0.9080126881599426,0.5089004635810852,0.04256753996014595,0.8587342500686646,0.4270763397216797,0.009681958705186844,0.8113163709640503,0.4190181493759155,-0.028319748118519783,0.778497576713562,0.44488459825515747,-0.05290898308157921,0.9350523948669434,0.48749855160713196,0.015856005251407623,0.8901913166046143,0.37911105155944824,-0.02547547221183777,0.8343124389648438,0.382365882396698,-0.07007640600204468,0.7934693694114685,0.4257863461971283,-0.09599591791629791,0.9662981033325195,0.47587820887565613,-0.016446616500616074,0.9281286001205444,0.36792707443237305,-0.048569828271865845,0.8708041906356812,0.37153181433677673,-0.08179544657468796,0.8328200578689575,0.41079986095428467,-0.099871926009655,1.0034233331680298,0.47393718361854553,-0.049385037273168564,0.9663463830947876,0.39950770139694214,-0.07309816777706146,0.9201288819313049,0.3892090916633606,-0.09337925165891647,0.8828739523887634,0.40606972575187683,-0.10654003918170929
D,1.0609036684036255,0.69290691614151,-2.549938074025704e-07,0.9729392528533936,0.6897251605987549,0.012221424840390682,0.890716016292572,0.6332848072052002,0.015198507346212864,0.8247271776199341,0.6043533086776733,0.0056714145466685295,0.7643342018127441,0.6023768782615662,-0.004856294486671686,0.9082342386245728,0.4940018355846405,0.06435384601354599,0.8524877429008484,0.4310970902442932,0.04598160460591316,0.8056941628456116,0.42374587059020996,0.019184783101081848,0.7695391178131104,0.43912410736083984,0.0003766736772377044,0.9315235614776611,0.46593794226646423,0.03637516498565674,0.8741838335990906,0.3737454116344452,0.012494479306042194,0.8172082304954529,0.3723341226577759,-0.019494064152240753,0.7734041213989258,0.40592068433761597,-0.038627032190561295,0.9603369832038879,0.45323091745376587,0.0020754635334014893,0.9088463187217712,0.3509122133255005,-0.020346125587821007,0.8450391292572021,0.35071372985839844,-0.044308800250291824,0.7968398332595825,0.3806627690792084,-0.057219497859478,0.9902429580688477,0.4554904103279114,-0.03294426202774048,0.9377145171165466,0.38793709874153137,-0.05198235437273979,0.8834977746009827,0.38252386450767517,-0.06623726338148117,0.8400978446006775,0.39743363857269287,-0.07487230002880096
D,1.0628247261047363,0.7003343105316162,-2.935566953965463e-07,0.9794657826423645,0.6972688436508179,0.0017390595749020576,0.8938613533973694,0.6346264481544495,0.002894008532166481,0.8277954459190369,0.5978823304176331,-0.004818974528461695,0.7680246233940125,0.5904164910316467,-0.011981995776295662,0.9050107002258301,0.4994659721851349,0.05003243684768677,0.8485415577888489,0.432539165019989,0.028920011594891548,0.8010733127593994,0.4258914291858673,0.00143034930806607,0.7659354209899902,0.44429072737693787,-0.016480721533298492,0.9264773726463318,0.4750482738018036,0.03127099573612213,0.8707740902900696,0.380074679851532,0.006238446105271578,0.8159275054931641,0.38077110052108765,-0.02403826266527176,0.7754152417182922,0.41936707496643066,-0.04118536040186882,0.9540125727653503,0.46292296051979065,0.006173634901642799,0.9040641188621521,0.3563746511936188,-0.015042546205222607,0.8427638411521912,0.3526226282119751,-0.03684784099459648,0.7974715828895569,0.385079562664032,-0.0479702427983284,0.9842260479927063,0.46368861198425293,-0.02039884403347969,0.9335538148880005,0.3916052281856537,-0.036776505410671234,0.8808079361915588,0.38131430745124817,-0.04915924742817879,0.8383016586303711,0.3968771994113922,-0.05618026480078697
D,1.067084550857544,0.7042691707611084,-2.855658465250599e-07,0.9832008481025696,0.7004879117012024,0.0026257424615323544,0.8966319561004639,0.6367788314819336,0.004889918025583029,0.8295730948448181,0.5993169546127319,-0.001675309962593019,0.7681370377540588,0.5905789732933044,-0.0077085187658667564,0.9069871306419373,0.5014756917953491,0.052656881511211395,0.8499001860618591,0.43437710404396057,0.032792363315820694,0.8015627264976501,0.427864670753479,0.00612975750118494,0.7662934064865112,0.4460044205188751,-0.011330845765769482,0.9291021227836609,0.47678110003471375,0.033785801380872726,0.8721747398376465,0.3817058801651001,0.010763351805508137,0.8164801001548767,0.38136106729507446,-0.019084779545664787,0.7750120162963867,0.4174483120441437,-0.03665481507778168,0.956997275352478,0.46498769521713257,0.008492655120790005,0.905951201915741,0.3582545518875122,-0.011916110292077065,0.8425683379173279,0.35323625802993774,-0.03449114412069321,0.7955713868141174,0.3843356966972351,-0.04668053984642029,0.9872589111328125,0.46589890122413635,-0.01808801293373108,0.9351261854171753,0.39312538504600525,-0.03434113413095474,0.8817253708839417,0.3830758333206177,-0.047200415283441544,0.8385077118873596,0.39859920740127563,-0.05493653193116188
D,1.0675095319747925,0.7122107148170471,-2.6731837010629533e-07,0.9828591346740723,0.7053612470626831,-0.002224040450528264,0.8958200216293335,0.6367517709732056,-0.002622579922899604,0.8284109830856323,0.5938959121704102,-0.01029858086258173,0.7664375901222229,0.5840491652488708,-0.017199402675032616,0.904000461101532,0.5052889585494995,0.042389124631881714,0.8478149771690369,0.4371793270111084,0.02094511315226555,0.8023875951766968,0.4274921417236328,-0.005871487315744162,0.7663264274597168,0.4409550130367279,-0.024001413956284523,0.9270790815353394,0.4806748032569885,0.025833608582615852,0.8706279993057251,0.3891885280609131,0.0003698141663335264,0.8190301656723022,0.38465216755867004,-0.029738450422883034,0.7774214744567871,0.4166015386581421,-0.04743667319417,0.9567753672599792,0.46944329142570496,0.003094542771577835,0.9051390290260315,0.36734509468078613,-0.019313139840960503,0.846070408821106,0.358823299407959,-0.041705723851919174,0.7993674278259277,0.38719362020492554,-0.05370446667075157,0.9910670518875122,0.47028297185897827,-0.021152855828404427,0.9408002495765686,0.4009944200515747,-0.03877793252468109,0.8912554979324341,0.38799548149108887,-0.05195989832282066,0.8494762182235718,0.40080177783966064,-0.05983110889792442
D,1.0618001222610474,0.7151052951812744,-2.678233386177453e-07,0.9799506664276123,0.7052600383758545,-0.00201395689509809,0.8943166732788086,0.6364550590515137,-0.0025071613490581512,0.8283940553665161,0.5941780209541321,-0.010165554471313953,0.7679702639579773,0.5846584439277649,-0.016989918425679207,0.9060152173042297,0.5043587684631348,0.041446927934885025,0.8496137857437134,0.43464526534080505,0.01890222728252411,0.80257248878479,0.4259256422519684,-0.008435760624706745,0.7673725485801697,0.44217449426651,-0.026146795600652695,0.9296847581863403,0.4801015853881836,0.025217799469828606,0.8729881644248962,0.3862506151199341,-0.0001871268468676135,0.8194983005523682,0.3820565342903137,-0.029389269649982452,0.7788187265396118,0.41575440764427185,-0.04619927704334259,0.9592262506484985,0.469314306974411,0.0027739477809518576,0.9070197939872742,0.3671833574771881,-0.018833031877875328,0.8464637994766235,0.3592032492160797,-0.0397656187415123,0.8005685210227966,0.38838285207748413,-0.050673000514507294,0.9925944805145264,0.47087281942367554,-0.02121378853917122,0.9416388273239136,0.4007262885570526,-0.037585265934467316,0.8913322687149048,0.3880525827407837,-0.049331847578287125,0.8493310213088989,0.4012792408466339,-0.056103698909282684
D,1.0753377676010132,0.7119286060333252,-2.8420362241377006e-07,0.9844144582748413,0.7051960229873657,0.009330167435109615,0.8989945650100708,0.6393680572509766,0.01450935285538435,0.8333836197853088,0.5956267714500427,0.00899469293653965,0.7709412574768066,0.5821275115013123,0.0034519138280302286,0.9098630547523499,0.5064093470573425,0.06445294618606567,0.8521746397018433,0.4414510130882263,0.048248160630464554,0.8062770366668701,0.4288628101348877,0.022144438698887825,0.768823504447937,0.43955549597740173,0.0033199714962393045,0.9325742125511169,0.48021048307418823,0.0407257080078125,0.8759262561798096,0.38863030076026917,0.01793753169476986,0.8229534029960632,0.3809153139591217,-0.014665722846984863,0.7789687514305115,0.41150981187820435,-0.03446023911237717,0.9610437750816345,0.46919989585876465,0.01075699832290411,0.9096102118492126,0.36692315340042114,-0.010087662376463413,0.8499944806098938,0.3561766445636749,-0.03474599868059158,0.8024482727050781,0.3819996118545532,-0.048774201422929764,0.9926988482475281,0.47063517570495605,-0.020060507580637932,0.9396118521690369,0.40249156951904297,-0.037552785128355026,0.8885433673858643,0.3901548981666565,-0.05161954089999199,0.8455115556716919,0.40058040618896484,-0.060548506677150726
D,1.0604541301727295,0.7265293598175049,-2.653896729043481e-07,0.9764755368232727,0.7096554636955261,0.005123950075358152,0.893440842628479,0.6370363235473633,0.010161982849240303,0.8297445774078369,0.5922292470932007,0.006488792598247528,0.7697994112968445,0.5802069902420044,0.0033530602231621742,0.907217800617218,0.5065698623657227,0.056966256350278854,0.8536776304244995,0.44009363651275635,0.0415903702378273,0.8086275458335876,0.4276467561721802,0.01785210147500038,0.7706320881843567,0.43927133083343506,0.0013656471855938435,0.9303247928619385,0.4803747832775116,0.03805097937583923,0.8780890703201294,0.39114898443222046,0.02054041624069214,0.8268046379089355,0.3801516890525818,-0.0056370897218585014,0.7828071117401123,0.404377281665802,-0.022307226434350014,0.958622932434082,0.46862053871154785,0.012804371304810047,0.910030722618103,0.3687279224395752,-0.00367244821973145,0.8516274094581604,0.3545820713043213,-0.022809673100709915,0.8033417463302612,0.3759133815765381,-0.03407949581742287,0.9893211126327515,0.4692287743091583,-0.013677660375833511,0.9378874897956848,0.39876970648765564,-0.026639996096491814,0.8877339959144592,0.3833378553390503,-0.036413662135601044,0.8432686924934387,0.3911694288253784,-0.04278162121772766
D,1.0698994398117065,0.7148023843765259,-2.9227729214653664e-07,0.9795334339141846,0.7041947841644287,0.00985732488334179,0.8955373167991638,0.6377322673797607,0.016811786219477654,0.8308359384536743,0.5956249833106995,0.013080120086669922,0.769736647605896,0.5805087089538574,0.009696457535028458,0.9101330637931824,0.5025739669799805,0.07020025700330734,0.8536269068717957,0.4381803870201111,0.05621035024523735,0.8088537454605103,0.4248712956905365,0.031008483842015266,0.771204948425293,0.4356969892978668,0.013198202475905418,0.9326592683792114,0.47680917382240295,0.048148829489946365,0.8768385052680969,0.39147961139678955,0.031185071915388107,0.8257689476013184,0.3787798285484314,0.0016738203121349216,0.7813448905944824,0.4015428125858307,-0.01741880364716053,0.9609614014625549,0.46406638622283936,0.019366808235645294,0.9100738763809204,0.36791664361953735,0.0029668903443962336,0.8524366617202759,0.35196006298065186,-0.019243057817220688,0.8051337599754333,0.37141919136047363,-0.03258253633975983,0.9925163388252258,0.4614599347114563,-0.010432901792228222,0.938078761100769,0.3947021961212158,-0.024098055437207222,0.8870591521263123,0.381650447845459,-0.035291194915771484,0.843193531036377,0.39011865854263306,-0.04262024909257889
D,1.0670905113220215,0.7031994462013245,-2.2116621778422996e-07,0.9779077172279358,0.6978935599327087,0.012775261886417866,0.8923422694206238,0.6372406482696533,0.022523583844304085,0.8277997970581055,0.597052276134491,0.021720359101891518,0.768101692199707,0.5860803127288818,0.02077905833721161,0.9038982391357422,0.5015963912010193,0.07289981096982956,0.8482670187950134,0.43763095140457153,0.06583801656961441,0.8074565529823303,0.42019814252853394,0.046107202768325806,0.7713333964347839,0.4241001009941101,0.030824188143014908,0.928430438041687,0.47474345564842224,0.050405096262693405,0.8741016387939453,0.39272403717041016,0.03966487571597099,0.826601505279541,0.3756785988807678,0.013955012895166874,0.7849850058555603,0.3938959538936615,-0.003773800563067198,0.957311749458313,0.4619421362876892,0.02169540524482727,0.9084740877151489,0.36896100640296936,0.009318942204117775,0.8534770011901855,0.3481709361076355,-0.011425312608480453,0.8068393468856812,0.36246341466903687,-0.025091392919421196,0.9884437918663025,0.45906248688697815,-0.007687138393521309,0.9364128708839417,0.39318886399269104,-0.019931185990571976,0.8886442184448242,0.376259446144104,-0.030968651175498962,0.8463254570960999,0.37959805130958557,-0.03889269381761551
D,1.0690019130706787,0.7021177411079407,-1.7384454054081289e-07,0.9750891327857971,0.6983767151832581,0.00843966007232666,0.8895004987716675,0.6401985287666321,0.014377291314303875,0.8254892826080322,0.6042316555976868,0.010812264867126942,0.7658060789108276,0.5915244817733765,0.006674462463706732,0.9032473564147949,0.5058537125587463,0.05988737568259239,0.8469097018241882,0.4388851225376129,0.04630584642291069,0.8051596283912659,0.4175916910171509,0.022435899823904037,0.7681050300598145,0.4178040027618408,0.004445893224328756,0.9282974600791931,0.48101407289505005,0.03826988488435745,0.8735982179641724,0.3990570306777954,0.020207053050398827,0.8256776332855225,0.37951934337615967,-0.010483607649803162,0.7828149199485779,0.3918496072292328,-0.031556136906147,0.9589006304740906,0.46743589639663696,0.01087329350411892,0.9094599485397339,0.3763105869293213,-0.006693888455629349,0.8553200364112854,0.35065120458602905,-0.030580751597881317,0.8083860278129578,0.35899680852890015,-0.04604177922010422,0.9953253865242004,0.46213895082473755,-0.017286350950598717,0.9480224847793579,0.3892025351524353,-0.03311752900481224,0.9003432393074036,0.36272507905960083,-0.046536773443222046,0.8553242683410645,0.3584115505218506,-0.05612325295805931
D,1.0663492679595947,0.7006673216819763,-1.6379146927647525e-07,0.9749019145965576,0.6971123814582825,0.007212760858237743,0.8909650444984436,0.640902042388916,0.012464913539588451,0.8277583122253418,0.6063401103019714,0.008442860096693039,0.7676634788513184,0.5938817858695984,0.0038775717839598656,0.9040519595146179,0.5050346851348877,0.058309417217969894,0.8475675582885742,0.43885916471481323,0.04456997290253639,0.8048835396766663,0.4190896153450012,0.020888688042759895,0.7664334774017334,0.42068105936050415,0.003126108553260565,0.9287859797477722,0.4799320697784424,0.037023019045591354,0.8747144341468811,0.397077351808548,0.019067781046032906,0.8249121904373169,0.3804834187030792,-0.010672654956579208,0.7806516885757446,0.3954852819442749,-0.031134074553847313,0.9581894874572754,0.46669960021972656,0.009779868647456169,0.9091078042984009,0.3722618818283081,-0.008492684923112392,0.8526042103767395,0.34949225187301636,-0.03202447667717934,0.80398029088974,0.36098361015319824,-0.04701188579201698,0.9921461939811707,0.4618759751319885,-0.018295342102646828,0.9429437518119812,0.3877471089363098,-0.035084571689367294,0.8934752345085144,0.3640260696411133,-0.048532404005527496,0.8473085165023804,0.3629909157752991,-0.05789322406053543
D,1.0736451148986816,0.6964325904846191,-1.0994632759775413e-07,0.9733862280845642,0.6953193545341492,0.023299215361475945,0.8891832828521729,0.643288791179657,0.03938863053917885,0.8258057236671448,0.6122616529464722,0.04215751960873604,0.7636091709136963,0.6016643047332764,0.04316195473074913,0.9083889722824097,0.5083526372909546,0.09251830726861954,0.8481284976005554,0.4428574740886688,0.09349863231182098,0.8053056001663208,0.41812700033187866,0.0766257718205452,0.7652771472930908,0.4106728434562683,0.060635756701231,0.9324803352355957,0.4811069965362549,0.06313297152519226,0.8740274310112,0.4036174416542053,0.05711432173848152,0.8233040571212769,0.38001877069473267,0.028248731046915054,0.7782009243965149,0.38488709926605225,0.005911309737712145,0.960961103439331,0.46555811166763306,0.02774796448647976,0.9067111015319824,0.3771741986274719,0.017007671296596527,0.8523745536804199,0.34858810901641846,-0.007384000811725855,0.8036369681358337,0.34853294491767883,-0.025183113291859627,0.9940853714942932,0.45605963468551636,-0.007586304098367691,0.9391709566116333,0.3829152584075928,-0.0207926444709301,0.8910648226737976,0.35664087533950806,-0.034012917429208755,0.845229983329773,0.34587913751602173,-0.044901344925165176
D,1.074520230293274,0.6913678646087646,-3.6286508020566544e-08,0.9788352251052856,0.6955281496047974,0.017256703227758408,0.8924583196640015,0.6471531391143799,0.027142006903886795,0.8276345133781433,0.6196820139884949,0.024912601336836815,0.7635226845741272,0.6124935746192932,0.020360717549920082,0.9093189239501953,0.5076833367347717,0.07554979622364044,0.8492333889007568,0.4415524899959564,0.07182783633470535,0.806551992893219,0.4167361259460449,0.052544355392456055,0.7655522227287292,0.4080684781074524,0.03482185676693916,0.9356754422187805,0.4804595410823822,0.04688548296689987,0.8769875764846802,0.4006180167198181,0.036862242966890335,0.8260727524757385,0.37455612421035767,0.006501647178083658,0.7797300815582275,0.37570592761039734,-0.01739463210105896,0.9654197096824646,0.465835839509964,0.012524585239589214,0.9126392006874084,0.3761354684829712,-0.0008937910315580666,0.859004557132721,0.34358423948287964,-0.02660941518843174,0.8098860383033752,0.33949804306030273,-0.045929715037345886,0.9995033740997314,0.4582718014717102,-0.022071991115808487,0.9472795724868774,0.3849732279777527,-0.03688022494316101,0.9001315236091614,0.355072021484375,-0.05132364481687546,0.8536501526832581,0.34184974431991577,-0.0636700764298439
D,1.0680638551712036,0.6926497220993042,-4.4632436413394316e-08,0.9791519641876221,0.6974068880081177,0.002310223877429962,0.8933857083320618,0.6471705436706543,0.004778655245900154,0.8282577991485596,0.618580162525177,-0.0005599012947641313,0.7656679749488831,0.6153557896614075,-0.007245057728141546,0.9020737409591675,0.5079047083854675,0.04677173122763634,0.8439838290214539,0.44551926851272583,0.03636642545461655,0.8016992211341858,0.420744925737381,0.015887495130300522,0.7616012096405029,0.40887850522994995,-0.0015540074091404676,0.9272868037223816,0.4809335470199585,0.02716590091586113,0.8701010942459106,0.4027963876724243,0.012551894411444664,0.8211839199066162,0.3780689835548401,-0.014184522442519665,0.7768822908401489,0.37679553031921387,-0.03425666689872742,0.9586601257324219,0.4668745994567871,0.002008535899221897,0.907285749912262,0.37724852561950684,-0.01460905373096466,0.8552021384239197,0.34544041752815247,-0.03714440017938614,0.8084343671798706,0.34071409702301025,-0.052934929728507996,0.9955180287361145,0.46135956048965454,-0.024280289188027382,0.9457380771636963,0.3891558349132538,-0.041156694293022156,0.8986618518829346,0.3602067530155182,-0.05482197552919388,0.853290319442749,0.34889721870422363,-0.06525755673646927
D,1.0697658061981201,0.6918282508850098,-2.3279257632680128e-08,0.9816897511482239,0.6989951133728027,-0.002200324786826968,0.8949759006500244,0.6476472616195679,-0.0014158918056637049,0.8289210796356201,0.6184202432632446,-0.007078900001943111,0.7661324143409729,0.615772008895874,-0.013820908032357693,0.9027280211448669,0.5091723799705505,0.03916006535291672,0.8445795178413391,0.4459986090660095,0.027026450261473656,0.801550030708313,0.41991931200027466,0.006498462520539761,0.7613714933395386,0.4064510464668274,-0.01064347568899393,0.9289423227310181,0.48289069533348083,0.022108592092990875,0.873967707157135,0.40208446979522705,0.0071097202599048615,0.8246568441390991,0.3750874996185303,-0.018228407949209213,0.7798603773117065,0.3700050115585327,-0.03745841979980469,0.9620252251625061,0.4699418544769287,-0.0005935399094596505,0.9125275015830994,0.37909406423568726,-0.01752905175089836,0.8597628474235535,0.3454076945781708,-0.039004694670438766,0.8131740689277649,0.3379178047180176,-0.05418204888701439,1.0004701614379883,0.46616652607917786,-0.024732248857617378,0.9531206488609314,0.39291682839393616,-0.041766516864299774,0.9064387679100037,0.36160707473754883,-0.05502110347151756,0.8618196845054626,0.34776395559310913,-0.06516806036233902
D,1.0781153440475464,0.6891528367996216,4.761824001775494e-08,0.986122190952301,0.7007322311401367,0.00874283630400896,0.895827054977417,0.6479126811027527,0.020242564380168915,0.8320524096488953,0.6121672987937927,0.02241729572415352,0.7705113887786865,0.6063628196716309,0.022918934002518654,0.9054879546165466,0.5155487656593323,0.06686708331108093,0.8448910117149353,0.4527099132537842,0.06673452258110046,0.8008451461791992,0.4217284321784973,0.05234728753566742,0.7597182989120483,0.40081703662872314,0.03750728443264961,0.9320603609085083,0.4866589605808258,0.04526237025856972,0.873307466506958,0.40615665912628174,0.03973731771111488,0.822025716304779,0.37224501371383667,0.014058410190045834,0.7765408754348755,0.36069855093955994,-0.006677734665572643,0.9647500514984131,0.4710000455379486,0.01783759705722332,0.9102025628089905,0.3818647861480713,0.006125477608293295,0.8549361824989319,0.3445979952812195,-0.019268356263637543,0.8063676953315735,0.3312891125679016,-0.038151320070028305,1.0021123886108398,0.4630018472671509,-0.01026612613350153,0.9492117166519165,0.3904231786727905,-0.025072062388062477,0.8999353647232056,0.35988929867744446,-0.040261853486299515,0.8534366488456726,0.3442217707633972,-0.05275595933198929
D,1.071706771850586,0.6975669264793396,3.78602535988648e-08,0.9843434691429138,0.7033957839012146,0.004349479451775551,0.8950188755989075,0.648723840713501,0.011484778486192226,0.8306723237037659,0.6123015880584717,0.01059188973158598,0.7687477469444275,0.6052228808403015,0.00808918010443449,0.9013778567314148,0.5138568878173828,0.053667258471250534,0.8417409658432007,0.45004040002822876,0.04928067326545715,0.7984945178031921,0.4205312728881836,0.033134642988443375,0.757533073425293,0.40129971504211426,0.01767655462026596,0.9285057783126831,0.4849534034729004,0.0337795689702034,0.8706977963447571,0.40455883741378784,0.02477378025650978,0.821070671081543,0.37362581491470337,-0.00038315352867357433,0.7763199806213379,0.36517536640167236,-0.02024516649544239,0.961053729057312,0.47023260593414307,0.008399181999266148,0.9062759876251221,0.3802264332771301,-0.005415364168584347,0.8535240888595581,0.34549617767333984,-0.028865361586213112,0.8064752817153931,0.3350224196910858,-0.046073734760284424,0.9982211589813232,0.463174432516098,-0.01787387579679489,0.9444371461868286,0.38952314853668213,-0.033886801451444626,0.8973761200904846,0.3602868318557739,-0.04807339236140251,0.8525853753089905,0.34728503227233887,-0.05936543270945549
D,1.0321019887924194,0.746580958366394,1.306525234667788e-07,0.9529446959495544,0.7312232255935669,-0.015865107998251915,0.8661425113677979,0.6567351818084717,-0.01601814664900303,0.8048197031021118,0.6132412552833557,-0.018735894933342934,0.7482472658157349,0.6030160784721375,-0.021194692701101303,0.8780255913734436,0.5302741527557373,0.02348564751446247,0.8279039859771729,0.45783907175064087,0.013172323815524578,0.7899343967437744,0.4224497675895691,-0.0038020212668925524,0.7530460357666016,0.39690864086151123,-0.0178039763122797,0.9046997427940369,0.5016148686408997,0.016480468213558197,0.8554863333702087,0.4170039892196655,0.00583446491509676,0.8082764744758606,0.38159698247909546,-0.014082456938922405,0.7654547095298767,0.36617493629455566,-0.028773613274097443,0.9382505416870117,0.48553961515426636,0.0036054872907698154,0.8938008546829224,0.3925817012786865,-0.007682367227971554,0.8473250865936279,0.3497796058654785,-0.023534951731562614,0.8049060702323914,0.32686373591423035,-0.03455786406993866,0.9770541191101074,0.4781915545463562,-0.012199915945529938,0.9354398250579834,0.3993857800960541,-0.02250395156443119,0.8939473628997803,0.3617151379585266,-0.030213668942451477,0.8536828756332397,0.3409532904624939,-0.035821396857500076
D,1.0292272567749023,0.756709098815918,-3.223626521275946e-08,0.9505506157875061,0.7418504357337952,-0.010665124282240868,0.8644474744796753,0.6612967848777771,-0.007747543975710869,0.8066593408584595,0.6140915155410767,-0.008848452009260654,0.7526780366897583,0.5950927734375,-0.009341235272586346,0.8768463730812073,0.5259555578231812,0.03327855467796326,0.8249878883361816,0.4556457996368408,0.024809857830405235,0.7875783443450928,0.42252492904663086,0.008242118172347546,0.7516186833381653,0.40061455965042114,-0.0056711421348154545,0.9039692282676697,0.49755993485450745,0.02373407408595085,0.8532410264015198,0.41402560472488403,0.013977929949760437,0.8081179857254028,0.3806758224964142,-0.0054965573363006115,0.7659788131713867,0.3679860830307007,-0.019501855596899986,0.9380167722702026,0.48212453722953796,0.008201545104384422,0.8942272067070007,0.3876907229423523,-0.002863706322386861,0.8492610454559326,0.3462926745414734,-0.018213674426078796,0.8073482513427734,0.32519787549972534,-0.028674118220806122,0.9780187606811523,0.47659793496131897,-0.009987285360693932,0.9378340840339661,0.39554905891418457,-0.019877441227436066,0.8973404765129089,0.35760021209716797,-0.026858014985919,0.8570022583007812,0.33649590611457825,-0.031870026141405106
D,1.022383689880371,0.7586873173713684,4.2071435224499965e-09,0.9369844198226929,0.7513079643249512,-0.010983156971633434,0.8471904993057251,0.6790623664855957,-0.012605381198227406,0.7799879312515259,0.6346195340156555,-0.019974488765001297,0.716322660446167,0.6223729252815247,-0.02743968367576599,0.8619043827056885,0.5407447218894958,0.037748146802186966,0.8104791641235352,0.4680624008178711,0.025156240910291672,0.7724437713623047,0.43569111824035645,0.0037332847714424133,0.7338165640830994,0.4153090715408325,-0.01386722456663847,0.8861233592033386,0.5141459703445435,0.02604430355131626,0.8321765065193176,0.4350910782814026,0.011986587196588516,0.7849071025848389,0.40059205889701843,-0.012135586701333523,0.7403173446655273,0.3853839635848999,-0.029931198805570602,0.9173274636268616,0.49952828884124756,0.0075638992711901665,0.8647217750549316,0.4107287526130676,-0.006730708293616772,0.818888783454895,0.3737858533859253,-0.023830028250813484,0.7753644585609436,0.3572167158126831,-0.035442207008600235,0.9565048813819885,0.4946296215057373,-0.013875839300453663,0.9099246263504028,0.41529083251953125,-0.025743037462234497,0.8675752282142639,0.3782705068588257,-0.03432929888367653,0.8262355923652649,0.3571230173110962,-0.04074469208717346
D,1.0181394815444946,0.7560282945632935,6.285073794742857e-08,0.9279289245605469,0.7461233139038086,0.007120264694094658,0.840874969959259,0.683489978313446,0.01830510050058365,0.7776113748550415,0.641258955001831,0.018828807398676872,0.716638445854187,0.6270675659179688,0.018337322399020195,0.8567575812339783,0.550786554813385,0.0824340209364891,0.8071276545524597,0.48090922832489014,0.08625935763120651,0.7708852887153625,0.4471321702003479,0.07087008655071259,0.7325395941734314,0.4229731559753418,0.05459659546613693,0.8807134032249451,0.5229339003562927,0.06247452273964882,0.8249512314796448,0.4451969265937805,0.05982179939746857,0.7776604294776917,0.4096314311027527,0.03300848603248596,0.7326927185058594,0.39586687088012695,0.011462290771305561,0.9094571471214294,0.505563497543335,0.03552274405956268,0.8560618162155151,0.41535961627960205,0.02817513421177864,0.8080753087997437,0.3764117658138275,0.005980723071843386,0.7625834941864014,0.3618135154247284,-0.010859685018658638,0.9451756477355957,0.49428755044937134,0.006724475417286158,0.8961743116378784,0.4142976403236389,-0.0016937598120421171,0.8533827066421509,0.3774881958961487,-0.012517609633505344,0.8113425374031067,0.3571683466434479,-0.02218334563076496
D,1.0133695602416992,0.7584581971168518,1.0252345816752495e-07,0.9214665293693542,0.747593879699707,0.007570749614387751,0.83897465467453,0.6848282217979431,0.020090142264962196,0.7774377465248108,0.6436408162117004,0.021449416875839233,0.7163928747177124,0.6248486042022705,0.021489622071385384,0.8584327697753906,0.5499039888381958,0.08902963995933533,0.8087265491485596,0.47951358556747437,0.0946773886680603,0.7709550857543945,0.44666510820388794,0.0793297216296196,0.7311611771583557,0.42359811067581177,0.06256335973739624,0.8830726146697998,0.5221230983734131,0.06836511939764023,0.8296659588813782,0.44124412536621094,0.06628342717885971,0.7815487384796143,0.4051132798194885,0.0366748683154583,0.7349893450737,0.39059770107269287,0.012791873887181282,0.9119983911514282,0.5055273175239563,0.040430035442113876,0.8608255386352539,0.4128367304801941,0.03214496001601219,0.8118939995765686,0.3736054301261902,0.0057884021662175655,0.7646151781082153,0.35898393392562866,-0.013984328135848045,0.9477462768554688,0.4952835738658905,0.010828046128153801,0.899827241897583,0.4137204885482788,0.0006085284403525293,0.8560298085212708,0.3783573508262634,-0.01317485049366951,0.8123513460159302,0.359852135181427,-0.025196408852934837
D,1.0161926746368408,0.749937891960144,4.399898045903683e-08,0.925189197063446,0.7451225519180298,0.010017270222306252,0.8396459221839905,0.6874263882637024,0.01934705302119255,0.7767202854156494,0.6454914808273315,0.01736341044306755,0.7144405245780945,0.6295667886734009,0.013883726671338081,0.8554558157920837,0.5498152375221252,0.07982169836759567,0.8046689629554749,0.4804271459579468,0.08120172470808029,0.7689447999000549,0.45016220211982727,0.06409337371587753,0.7318847179412842,0.4293803572654724,0.04661015793681145,0.8794840574264526,0.5211700797080994,0.05662303790450096,0.822338879108429,0.4449000358581543,0.05146499350667,0.7744404673576355,0.4113204777240753,0.022780565544962883,0.7297351956367493,0.3993989825248718,-0.0004100783553440124,0.9086987376213074,0.504464328289032,0.026828303933143616,0.854675829410553,0.41655319929122925,0.017381269484758377,0.8070225715637207,0.37916767597198486,-0.006239751819521189,0.7620211839675903,0.36560916900634766,-0.024498367682099342,0.9465280771255493,0.4947306513786316,-0.004431192763149738,0.897925615310669,0.41548001766204834,-0.014913183636963367,0.8556600213050842,0.37913644313812256,-0.027192775160074234,0.8130402565002441,0.35803741216659546,-0.03825249895453453
D,1.0105156898498535,0.7489579319953918,1.3981741098234579e-08,0.9274694323539734,0.7496407628059387,-0.007247558794915676,0.8409669995307922,0.6913400292396545,-0.006983591243624687,0.7770776748657227,0.6491379141807556,-0.013064690865576267,0.7162495851516724,0.6348531246185303,-0.019564669579267502,0.851503312587738,0.550320029258728,0.04242726415395737,0.8029657006263733,0.47854775190353394,0.03126176819205284,0.7670398950576782,0.44834673404693604,0.009817452169954777,0.7300648093223572,0.42905354499816895,-0.008488118648529053,0.8757612705230713,0.5220226645469666,0.028853854164481163,0.8220131397247314,0.4423283338546753,0.013432066887617111,0.7764079570770264,0.41224437952041626,-0.014223432168364525,0.7321072220802307,0.40262341499328613,-0.03484886512160301,0.9065499901771545,0.5060458183288574,0.00898319948464632,0.8541801571846008,0.4157368540763855,-0.0083705373108387,0.8075649738311768,0.38182058930397034,-0.030459484085440636,0.7637233734130859,0.37232705950737,-0.04562066122889519,0.9451338052749634,0.4977877140045166,-0.013047568500041962,0.900060772895813,0.4189159870147705,-0.02913486212491989,0.8581230640411377,0.38305529952049255,-0.04224067181348801,0.8160380721092224,0.3648832440376282,-0.05211839824914932
D,1.0104576349258423,0.7464685440063477,5.294313432102626e-09,0.9254586696624756,0.7474309802055359,-0.003934862557798624,0.8398449420928955,0.6904052495956421,-0.0017090310575440526,0.776963472366333,0.6482803821563721,-0.006977851502597332,0.7161731123924255,0.6333763003349304,-0.012996044009923935,0.8527641296386719,0.5508487820625305,0.05013721063733101,0.8037328124046326,0.4784903824329376,0.040771570056676865,0.7679740786552429,0.4485718905925751,0.01942761428654194,0.7311773300170898,0.4293365180492401,0.0006852847873233259,0.8768540620803833,0.5217932462692261,0.03431326895952225,0.8223700523376465,0.4431878328323364,0.01972833275794983,0.7762657999992371,0.4130265414714813,-0.009752517566084862,0.7317535877227783,0.40276607871055603,-0.03212853521108627,0.9069087505340576,0.5048378705978394,0.012038534507155418,0.8540329933166504,0.41529035568237305,-0.005128849763423204,0.8071557283401489,0.3817804455757141,-0.02937891148030758,0.763243556022644,0.372339129447937,-0.04637986421585083,0.9451992511749268,0.4946644902229309,-0.012193003669381142,0.8991960287094116,0.41614291071891785,-0.02853379026055336,0.8567432761192322,0.38107171654701233,-0.04296247661113739,0.8139582276344299,0.3630528151988983,-0.054227620363235474
D,1.023319125175476,0.7519717216491699,7.2686252572395915e-09,0.9332441687583923,0.7455741167068481,0.01887625642120838,0.845798671245575,0.6868135929107666,0.03493795543909073,0.7843824028968811,0.6496840715408325,0.03778858110308647,0.723530650138855,0.6323577165603638,0.038778483867645264,0.8703488111495972,0.5458454489707947,0.09318194538354874,0.8173884749412537,0.4743599593639374,0.09945636987686157,0.7790124416351318,0.4428265392780304,0.08570811152458191,0.7389006018638611,0.42305541038513184,0.07017671316862106,0.8949437141418457,0.5212091207504272,0.0653986781835556,0.8414763808250427,0.4419674277305603,0.06448830664157867,0.7940340042114258,0.4079303741455078,0.03779670223593712,0.7479551434516907,0.3949304223060608,0.015672285109758377,0.9236064553260803,0.506916880607605,0.031154103577136993,0.8733881711959839,0.41880306601524353,0.023542603477835655,0.8271089196205139,0.3798968195915222,0.0005344346864148974,0.7808809280395508,0.3612822890281677,-0.01752314902842045,0.9569391012191772,0.49838176369667053,-0.003958519548177719,0.9101372361183167,0.41915857791900635,-0.014892165549099445,0.8680258393287659,0.3848569989204407,-0.026998937129974365,0.8250378370285034,0.3630683422088623,-0.03795326501131058
D,1.0255457162857056,0.769655168056488,-5.728327323595295e-08,0.9463895559310913,0.7563281655311584,-0.009838441386818886,0.862485408782959,0.6880938410758972,-0.009271379560232162,0.8050926327705383,0.6523251533508301,-0.013375074602663517,0.7536312341690063,0.6334326267242432,-0.01740734837949276,0.8829300403594971,0.5517545938491821,0.027556218206882477,0.8343851566314697,0.4740283489227295,0.013864361681044102,0.7958842515945435,0.44208991527557373,-0.00538835022598505,0.7584253549575806,0.42434120178222656,-0.020040899515151978,0.9099805355072021,0.5262763500213623,0.016874512657523155,0.8611180782318115,0.44193917512893677,0.003936768043786287,0.8152044415473938,0.4068640470504761,-0.01662597618997097,0.7705773115158081,0.3872915804386139,-0.03182961046695709,0.9439110159873962,0.5105623006820679,0.0003767098532989621,0.899742603302002,0.4184270203113556,-0.013063021935522556,0.8540740013122559,0.37800711393356323,-0.029521718621253967,0.8091035485267639,0.35356074571609497,-0.04089915007352829,0.9837585091590881,0.501864492893219,-0.018552513793110847,0.9462255239486694,0.42046594619750977,-0.03052588365972042,0.9080325961112976,0.38313162326812744,-0.03815101087093353,0.8681666851043701,0.3626362085342407,-0.0435841903090477
D,1.0483722686767578,0.7591297030448914,-1.2931840842611564e-07,0.961320161819458,0.7483993768692017,-0.0009630503482185304,0.8781493902206421,0.6846586465835571,0.0029861419461667538,0.8219146132469177,0.6525663137435913,0.00033937476109713316,0.7723197340965271,0.6352902054786682,-0.0026344223879277706,0.8914921283721924,0.5485868453979492,0.039771582931280136,0.8410540819168091,0.47184646129608154,0.02755865640938282,0.8044583797454834,0.43972933292388916,0.008123783394694328,0.767440915107727,0.42474883794784546,-0.006748488172888756,0.9193970561027527,0.5229484438896179,0.02470277063548565,0.8678185343742371,0.44129323959350586,0.0095584811642766,0.8225749135017395,0.4110672175884247,-0.014934787526726723,0.7787209749221802,0.402652770280838,-0.03163781017065048,0.9541720151901245,0.5075405240058899,0.0043107811361551285,0.9067042469978333,0.41549575328826904,-0.01081945188343525,0.8597592115402222,0.37865692377090454,-0.031159978359937668,0.8143101334571838,0.36422011256217957,-0.04416520521044731,0.9966294169425964,0.5006712675094604,-0.01752270944416523,0.9544570446014404,0.4199568033218384,-0.03173183649778366,0.9117522239685059,0.3837706446647644,-0.042766157537698746,0.8676466345787048,0.3647793233394623,-0.04993978515267372
D,1.0551426410675049,0.7596443295478821,-6.769745652945858e-08,0.9657409191131592,0.7512204647064209,0.001115563209168613,0.8804802298545837,0.6882374286651611,0.007063517812639475,0.8226298093795776,0.6519657969474792,0.005577163305133581,0.7695231437683105,0.6331075429916382,0.003724523587152362,0.8954658508300781,0.5521689653396606,0.05072391405701637,0.844518780708313,0.4776666462421417,0.04164176434278488,0.8072751760482788,0.4456664025783539,0.02224486507475376,0.7694165110588074,0.429563969373703,0.006571338977664709,0.9229111075401306,0.5233293771743774,0.03432084247469902,0.8688807487487793,0.4430575966835022,0.02120880037546158,0.8217506408691406,0.412125825881958,-0.004969113506376743,0.7770836353302002,0.4047287702560425,-0.023408230394124985,0.9560652375221252,0.5052142143249512,0.012130375020205975,0.9062552452087402,0.4133034944534302,-0.0015414425870403647,0.8581714034080505,0.376079261302948,-0.02290952578186989,0.8126978874206543,0.3628186285495758,-0.0370376817882061,0.9966424703598022,0.4939314126968384,-0.011542645283043385,0.9516028761863708,0.41433337330818176,-0.02447970025241375,0.9082633852958679,0.37806594371795654,-0.035697758197784424,0.8644943237304688,0.3588939905166626,-0.043499402701854706
D,1.0688549280166626,0.7856807112693787,3.725595831838291e-08,0.9754693508148193,0.7734953761100769,-0.004214446991682053,0.8947446346282959,0.7090302109718323,-0.0013589750742539763,0.8395382761955261,0.6744539141654968,-0.004570945166051388,0.7859646081924438,0.6475855112075806,-0.00888653565198183,0.9122459888458252,0.5641728639602661,0.0425470806658268,0.8601620197296143,0.4809916019439697,0.0324833057820797,0.8217902779579163,0.44516175985336304,0.01089903898537159,0.7817095518112183,0.4248388409614563,-0.007455641403794289,0.9480968713760376,0.5401668548583984,0.026686102151870728,0.8967418670654297,0.45028162002563477,0.012220592238008976,0.850447416305542,0.4112021327018738,-0.02011898159980774,0.8039970397949219,0.3939833641052246,-0.04473746567964554,0.9885263442993164,0.5287718772888184,0.005250849761068821,0.9419272541999817,0.4327046275138855,-0.010813991539180279,0.8930981755256653,0.3884463906288147,-0.039618875831365585,0.8440418243408203,0.36638396978378296,-0.060611072927713394,1.036451816558838,0.5237168669700623,-0.01754317246377468,0.9986166954040527,0.4390549063682556,-0.03454027324914932,0.9586590528488159,0.39902567863464355,-0.05099305883049965,0.9154298901557922,0.3754608631134033,-0.06377808749675751
D,1.0762052536010742,0.801645815372467,-3.963691153074933e-09,0.9762963056564331,0.7930934429168701,0.007325015962123871,0.89788419008255,0.7247164845466614,0.017843807116150856,0.8467175960540771,0.6795135736465454,0.018642764538526535,0.7921746969223022,0.6501153111457825,0.01858832873404026,0.9216023087501526,0.573509693145752,0.07618828862905502,0.8700287342071533,0.4928300082683563,0.0767526850104332,0.8309943079948425,0.45731472969055176,0.05948057398200035,0.7902387380599976,0.43720871210098267,0.04374855384230614,0.9518632888793945,0.5440729856491089,0.05623384192585945,0.8980428576469421,0.45794880390167236,0.05188066512346268,0.84834885597229,0.42120620608329773,0.022408440709114075,0.8015239238739014,0.4088662266731262,2.6286992579116486e-05,0.9856895208358765,0.5261503458023071,0.030080178752541542,0.9372335076332092,0.4301368296146393,0.02381063438951969,0.8872226476669312,0.38773125410079956,-0.0005733266589231789,0.8385874032974243,0.3695743680000305,-0.018479544669389725,1.0263071060180664,0.5157163739204407,0.002421298762783408,0.9825173020362854,0.4294866919517517,-0.005496408324688673,0.9377761483192444,0.39010971784591675,-0.016521720215678215,0.8918429613113403,0.36727410554885864,-0.025344837456941605
D,1.0651689767837524,0.8320637941360474,-4.832461897308349e-08,0.9720373749732971,0.813237190246582,0.0009614056907594204,0.8955838680267334,0.73453688621521,0.0068445513024926186,0.844804584980011,0.683001697063446,0.0047981347888708115,0.7910293936729431,0.6520426869392395,0.002496914006769657,0.9207242727279663,0.5805213451385498,0.056745778769254684,0.8707274794578552,0.49726390838623047,0.04805808514356613,0.8319154977798462,0.45841169357299805,0.027262186631560326,0.7917640209197998,0.435441255569458,0.010391319170594215,0.9519550204277039,0.5514121055603027,0.03871893137693405,0.8989614248275757,0.4618464410305023,0.02605382725596428,0.8490602374076843,0.42250245809555054,-0.002656437922269106,0.8010330200195312,0.40902334451675415,-0.023111633956432343,0.9875044226646423,0.5347585678100586,0.014538261108100414,0.9405613541603088,0.43455609679222107,0.00081052997848019,0.890194833278656,0.39013534784317017,-0.02201022021472454,0.841089129447937,0.37079793214797974,-0.03699563816189766,1.029089093208313,0.5270484089851379,-0.011438687331974506,0.9880404472351074,0.43621236085891724,-0.024746714159846306,0.944124162197113,0.39261943101882935,-0.03612793982028961,0.8979918956756592,0.36771079897880554,-0.04375002533197403
D,1.0748934745788574,0.8285846710205078,-7.116252476180307e-08,0.984517514705658,0.8130515813827515,-0.0033715993631631136,0.9073789119720459,0.7387447357177734,0.0004129657754674554,0.8541719913482666,0.6855977773666382,-0.0029653352685272694,0.7999491691589355,0.6507195234298706,-0.005287140142172575,0.9211373329162598,0.5748701095581055,0.05960811674594879,0.8727148771286011,0.4869720935821533,0.050359468907117844,0.8358206748962402,0.45343858003616333,0.027853280305862427,0.7967091798782349,0.4379177689552307,0.010694478638470173,0.951865017414093,0.545840859413147,0.04529300332069397,0.9043070077896118,0.45079243183135986,0.033878326416015625,0.8580672144889832,0.4152170419692993,0.004206087905913591,0.810481607913971,0.4064958095550537,-0.016574563458561897,0.9874359965324402,0.5292759537696838,0.024046970531344414,0.947947084903717,0.42367684841156006,0.011969063431024551,0.9015014171600342,0.3825264573097229,-0.011250176467001438,0.8534305095672607,0.3711351156234741,-0.02650431916117668,1.0303007364273071,0.520689070224762,0.0005490758339874446,0.99482262134552,0.4303027391433716,-0.010252125561237335,0.955449104309082,0.392604261636734,-0.020551323890686035,0.9131989479064941,0.37521493434906006,-0.027360452339053154
D,1.0916707515716553,0.8106023073196411,-5.3820023993012e-08,0.9913690686225891,0.7933018803596497,0.005657212343066931,0.9117084741592407,0.7278510332107544,0.015852002426981926,0.856640636920929,0.6834719181060791,0.016807710751891136,0.8012158870697021,0.653554379940033,0.01776425912976265,0.9293849468231201,0.5721694231033325,0.08070733398199081,0.8768659234046936,0.4891098141670227,0.08099782466888428,0.8399733304977417,0.45471906661987305,0.06163453683257103,0.8001266121864319,0.4357696771621704,0.04476657509803772,0.9614809155464172,0.5426203608512878,0.06324758380651474,0.9101228713989258,0.4532521665096283,0.06055853143334389,0.8632305264472961,0.4178880453109741,0.03024677000939846,0.8157347440719604,0.40722912549972534,0.00682850880548358,0.9986223578453064,0.5244935750961304,0.03907668590545654,0.9542008638381958,0.42553168535232544,0.03433052450418472,0.9063215255737305,0.38396474719047546,0.010035956278443336,0.8584436178207397,0.3704504072666168,-0.008161837235093117,1.0444331169128418,0.5134214758872986,0.013179182074964046,1.0052794218063354,0.4278196394443512,0.008123859763145447,0.964084804058075,0.3906988501548767,-0.0009393811342306435,0.9214043617248535,0.37153661251068115,-0.008652055636048317
D,1.0865880250930786,0.8098163604736328,-3.21606279385378e-08,0.9914961457252502,0.7934236526489258,0.0075576393865048885,0.912401556968689,0.7269324064254761,0.017032979056239128,0.8575483560562134,0.6837374567985535,0.016767876222729683,0.8011592626571655,0.6573130488395691,0.016045816242694855,0.9312424063682556,0.5728000998497009,0.07749223709106445,0.8778985738754272,0.49046772718429565,0.07701615244150162,0.8395674824714661,0.45714572072029114,0.058841947466135025,0.7998112440109253,0.4398595094680786,0.04302167892456055,0.9631022810935974,0.5425187945365906,0.057713527232408524,0.9078373908996582,0.45431143045425415,0.053343456238508224,0.8593863844871521,0.4188808798789978,0.024468176066875458,0.8124847412109375,0.4105188846588135,0.0026011504232883453,0.9985458850860596,0.5234957337379456,0.03147326409816742,0.9491490721702576,0.42409855127334595,0.025046145543456078,0.8994635343551636,0.38408520817756653,0.0015516136772930622,0.8502374887466431,0.3715081512928009,-0.015516222454607487,1.0410674810409546,0.5102826356887817,0.0037813326343894005,0.995722770690918,0.42438581585884094,-0.0035383733920753,0.9518454670906067,0.3880903124809265,-0.013416741974651814,0.9065415859222412,0.3697440028190613,-0.021247558295726776
D,1.0968648195266724,0.8051835894584656,-1.859419818117658e-08,0.990870475769043,0.7983721494674683,0.015340005047619343,0.9091955423355103,0.7362059950828552,0.032158248126506805,0.8540688753128052,0.6911672949790955,0.037283025681972504,0.7964497804641724,0.658064067363739,0.04191609472036362,0.9310026168823242,0.5773578882217407,0.10347846895456314,0.8776496052742004,0.4935985207557678,0.11310740560293198,0.8385158777236938,0.45862048864364624,0.09758070856332779,0.796493649482727,0.4399428367614746,0.0817999318242073,0.963434636592865,0.5459738969802856,0.08094696700572968,0.907433032989502,0.4558461308479309,0.08490278571844101,0.8584394454956055,0.4179254174232483,0.05310983210802078,0.8106161952018738,0.4097476005554199,0.027582798153162003,0.9968390464782715,0.5241727232933044,0.05164453014731407,0.9470504522323608,0.42404836416244507,0.05174855887889862,0.8967803716659546,0.38223379850387573,0.024292191490530968,0.8473883867263794,0.37007617950439453,0.002846216782927513,1.0375134944915771,0.5063515901565552,0.021169837564229965,0.9888137578964233,0.42123013734817505,0.017427882179617882,0.9427589178085327,0.38532164692878723,0.005558333359658718,0.8957553505897522,0.36573362350463867,-0.004922215361148119
D,1.0896962881088257,0.804691731929779,-1.3440573098932873e-08,0.9956062436103821,0.7944852709770203,6.950538227101788e-05,0.912792980670929,0.7292526364326477,0.007936290465295315,0.8566276431083679,0.6864082217216492,0.008254065178334713,0.8008202910423279,0.6603928208351135,0.008838804438710213,0.9286460876464844,0.5740191340446472,0.06541726738214493,0.8757491707801819,0.4928073287010193,0.06406907737255096,0.8375412225723267,0.45746809244155884,0.04729989543557167,0.7977024912834167,0.4360443651676178,0.03239666298031807,0.9601844549179077,0.5423339009284973,0.05018480122089386,0.904951810836792,0.45633384585380554,0.04486798867583275,0.8562042713165283,0.4222942590713501,0.01877186819911003,0.8091837167739868,0.41314375400543213,-0.0007047136314213276,0.9958211183547974,0.5217276215553284,0.028364408761262894,0.9461797475814819,0.425747811794281,0.020952021703124046,0.8973002433776855,0.38578474521636963,-0.0006936336285434663,0.8493850231170654,0.37051913142204285,-0.016085777431726456,1.0379005670547485,0.5075941681861877,0.00451370794326067,0.9929385185241699,0.4255099296569824,-0.003567409235984087,0.9500613212585449,0.38944798707962036,-0.013000679202377796,0.9065455198287964,0.3699188232421875,-0.020019201561808586
D,1.0868594646453857,0.8077070713043213,-1.7405634267220194e-08,0.9937483072280884,0.8022627830505371,-0.00238028890453279,0.911945104598999,0.7397676706314087,0.002148120431229472,0.8545472621917725,0.692762017250061,-0.0009639219497330487,0.7959115505218506,0.6614989042282104,-0.003391373436897993,0.9271298050880432,0.5737480521202087,0.06798294931650162,0.8740290403366089,0.4929347336292267,0.06472370773553848,0.8348565101623535,0.46175873279571533,0.04459646716713905,0.7942874431610107,0.44576001167297363,0.027617625892162323,0.9565197825431824,0.5419406294822693,0.053257670253515244,0.8994437456130981,0.45639970898628235,0.04659480229020119,0.849782407283783,0.4230253994464874,0.017366142943501472,0.8022358417510986,0.4143318235874176,-0.004343129228800535,0.9886554479598999,0.5221421718597412,0.031423844397068024,0.9381106495857239,0.4243687391281128,0.023804083466529846,0.8895918130874634,0.38525480031967163,0.0014821166405454278,0.8422437310218811,0.37183552980422974,-0.01435527391731739,1.0288082361221313,0.5082753896713257,0.007140329107642174,0.981722354888916,0.4225711226463318,-0.0007723142625764012,0.938072681427002,0.3848923146724701,-0.01045059785246849,0.893551230430603,0.3636862635612488,-0.01760430447757244
D,1.082342505455017,0.8216695785522461,-6.273249653077073e-08,0.9893126487731934,0.8116251230239868,-0.004831795580685139,0.909098744392395,0.7411484718322754,-0.0008557257242500782,0.8546459674835205,0.6926764845848083,-0.0032059699296951294,0.7988632917404175,0.6620994806289673,-0.004924000706523657,0.9251406192779541,0.5779509544372559,0.055664561688899994,0.8737427592277527,0.49415189027786255,0.0480087548494339,0.8346695303916931,0.4626164436340332,0.02649206854403019,0.794624924659729,0.4488973319530487,0.009384370408952236,0.9560717940330505,0.5463250875473022,0.042679473757743835,0.9014832973480225,0.4558730125427246,0.03291226550936699,0.851351797580719,0.42332932353019714,0.004299109801650047,0.8030350208282471,0.41624289751052856,-0.016629599034786224,0.9917964935302734,0.527877688407898,0.023033274337649345,0.9435997605323792,0.42591655254364014,0.012508030980825424,0.8934416770935059,0.3873055577278137,-0.0103815458714962,0.8452075123786926,0.37526172399520874,-0.026345815509557724,1.0356746912002563,0.5187898278236389,0.0011457678629085422,0.9950045943260193,0.43033134937286377,-0.008954835124313831,0.9521760940551758,0.39232176542282104,-0.019721683114767075,0.9080504179000854,0.37252092361450195,-0.027484219521284103
D,1.0858991146087646,0.8309253454208374,-7.413463976035928e-08,0.9895214438438416,0.8186138868331909,0.0016092370497062802,0.9082739949226379,0.7455909252166748,0.009664712473750114,0.8531777858734131,0.6952013969421387,0.009548183530569077,0.7966768741607666,0.6630454659461975,0.009694449603557587,0.925363302230835,0.5798389911651611,0.07031626254320145,0.8734286427497864,0.4941941499710083,0.06689957529306412,0.8346521854400635,0.4594874083995819,0.04690498486161232,0.7940465211868286,0.44247061014175415,0.030074674636125565,0.9575618505477905,0.54780113697052,0.053728971630334854,0.9039749503135681,0.45748454332351685,0.0469074621796608,0.8539974093437195,0.4225423336029053,0.017597736790776253,0.8046828508377075,0.4143467843532562,-0.004217664245516062,0.9943668842315674,0.5284525752067566,0.030350778251886368,0.94791579246521,0.4264872074127197,0.02195490151643753,0.8978958129882812,0.3859882652759552,-0.001498358673416078,0.8479759693145752,0.37293386459350586,-0.018256431445479393,1.039167881011963,0.5178300738334656,0.005009723361581564,0.9968664646148682,0.4289204478263855,-0.0035041377414017916,0.9544030427932739,0.3910432755947113,-0.013517990708351135,0.9102450013160706,0.37082427740097046,-0.02108677849173546
D,1.0847346782684326,0.8330244421958923,-5.989615914359092e-08,0.9844002723693848,0.8174527287483215,0.0066481297835707664,0.9040049910545349,0.7432306408882141,0.018748803064227104,0.8491097092628479,0.6918554306030273,0.02164394035935402,0.7928099036216736,0.6627478003501892,0.024496959522366524,0.9226881861686707,0.5837182998657227,0.08174313604831696,0.871688961982727,0.4956548810005188,0.08347790688276291,0.8337775468826294,0.4590701460838318,0.06623019278049469,0.7923648953437805,0.4377868175506592,0.05034352093935013,0.95567786693573,0.5522978901863098,0.0635942816734314,0.9032559990882874,0.46113964915275574,0.061347756534814835,0.8552238941192627,0.4233682155609131,0.03285938873887062,0.8066222071647644,0.41110652685165405,0.010645000264048576,0.9922637939453125,0.5334672331809998,0.03868850693106651,0.9471850991249084,0.43216490745544434,0.03377213701605797,0.8995173573493958,0.38911277055740356,0.0106157585978508,0.8506669402122498,0.37288981676101685,-0.006903673522174358,1.036583423614502,0.5217047333717346,0.012080268003046513,0.9946250319480896,0.43344470858573914,0.006319201085716486,0.9543684720993042,0.3953244090080261,-0.0027369484305381775,0.9119121432304382,0.37405046820640564,-0.01045429240912199
D,1.0837191343307495,0.825916588306427,-4.215351623315655e-08,0.9792739152908325,0.8103785514831543,0.016611497849225998,0.9010095596313477,0.7429705858230591,0.03368080407381058,0.8473502397537231,0.6961190700531006,0.039142120629549026,0.790972113609314,0.6694421172142029,0.0441221222281456,0.920231282711029,0.5815897583961487,0.09980298578739166,0.8677085041999817,0.49496495723724365,0.10592827200889587,0.8291370272636414,0.4606858491897583,0.08892449736595154,0.7870820760726929,0.4432207942008972,0.07295189797878265,0.9520069360733032,0.550804078578949,0.07719644904136658,0.8985945582389832,0.45805561542510986,0.07916818559169769,0.8501291275024414,0.42129063606262207,0.04876304790377617,0.8017083406448364,0.4131145775318146,0.024717465043067932,0.986380934715271,0.5320081114768982,0.04798761010169983,0.9409913420677185,0.4301152229309082,0.04727784916758537,0.8922524452209473,0.3875682055950165,0.02208520844578743,0.8436540365219116,0.3743256628513336,0.002271955134347081,1.0287483930587769,0.5185561180114746,0.017660154029726982,0.9872317910194397,0.4309479594230652,0.01495001558214426,0.9459052681922913,0.3938930332660675,0.0053085461258888245,0.9024448394775391,0.3735172152519226,-0.0035563199780881405
D,1.0860910415649414,0.8306654095649719,-6.545059960672006e-08,0.9816464781761169,0.817439079284668,0.014885196462273598,0.8995773196220398,0.7468937635421753,0.03332924842834473,0.8451394438743591,0.6974390745162964,0.04072599485516548,0.7880839109420776,0.6686081290245056,0.04773611202836037,0.9184884428977966,0.5861251354217529,0.10036073625087738,0.866176187992096,0.499561607837677,0.10575921833515167,0.8272255659103394,0.4653937816619873,0.08755013346672058,0.7849240303039551,0.4499143362045288,0.0709478110074997,0.9498417377471924,0.556331992149353,0.07869311422109604,0.8970858454704285,0.45993345975875854,0.07945191115140915,0.8480298519134521,0.4216344356536865,0.04661104083061218,0.7994685769081116,0.4149765968322754,0.021264517679810524,0.9840676188468933,0.5375873446464539,0.050226327031850815,0.9374474287033081,0.4323354959487915,0.04808627441525459,0.8878446817398071,0.3886760175228119,0.019689179956912994,0.8386072516441345,0.37617892026901245,-0.0017102350248023868,1.0252715349197388,0.5247348546981812,0.020686602219939232,0.9800865054130554,0.43477845191955566,0.015512626618146896,0.9368004202842712,0.3964824080467224,0.0030143619515001774,0.8924297094345093,0.3757964074611664,-0.007508669514209032
D,1.0979679822921753,0.8136001229286194,-1.2861607956438093e-07,0.9832091331481934,0.806357741355896,0.03403620421886444,0.9015293717384338,0.7479947805404663,0.06387671828269958,0.847211480140686,0.7032777070999146,0.07818939536809921,0.7884230613708496,0.6722872853279114,0.09127549082040787,0.9204605221748352,0.5924873352050781,0.13441020250320435,0.8651358485221863,0.5088549256324768,0.14919736981391907,0.825271725654602,0.473507821559906,0.13418428599834442,0.7837805151939392,0.45641231536865234,0.11863317340612411,0.9496914744377136,0.5584843158721924,0.10414157062768936,0.8914300203323364,0.46814265847206116,0.11360028386116028,0.8397476077079773,0.4306004047393799,0.08015654236078262,0.7910736799240112,0.4237839877605438,0.0526273250579834,0.980438768863678,0.5325884222984314,0.0672122985124588,0.9273946285247803,0.4334014058113098,0.07080657035112381,0.8754609823226929,0.3931529223918915,0.0413033552467823,0.8269065022468567,0.3820514678955078,0.017763787880539894,1.0179089307785034,0.5093384981155396,0.03042077086865902,0.9642710089683533,0.4246954321861267,0.027578670531511307,0.9170680642127991,0.3906504511833191,0.014610729180276394,0.8700783252716064,0.37116363644599915,0.00287162559106946
D,1.088171362876892,0.81113201379776,4.4562774803580396e-08,0.9882135391235352,0.802976667881012,0.002016500337049365,0.8970771431922913,0.7374480366706848,0.012177878059446812,0.8373956680297852,0.696016788482666,0.014057395048439503,0.7778263688087463,0.6724334359169006,0.0157027468085289,0.9112970232963562,0.5838501453399658,0.07092230021953583,0.8585445880889893,0.5015094876289368,0.06948714703321457,0.8190647959709167,0.4651890993118286,0.05132110044360161,0.778610110282898,0.4452647566795349,0.03514356538653374,0.9440890550613403,0.5532956719398499,0.05395710468292236,0.8899741172790527,0.4659461975097656,0.047555748373270035,0.839266836643219,0.43100956082344055,0.01831641234457493,0.7914683818817139,0.4231826663017273,-0.003555898554623127,0.9813559055328369,0.5350518822669983,0.030287090688943863,0.9306515455245972,0.43920159339904785,0.020753363147377968,0.8800714612007141,0.3988199830055237,-0.003808973589912057,0.8321039080619812,0.38525956869125366,-0.020887598395347595,1.0253170728683472,0.523661732673645,0.004887312650680542,0.9780824184417725,0.43711382150650024,-0.005703624803572893,0.9324721693992615,0.3988196849822998,-0.017207762226462364,0.8871498107910156,0.37806886434555054,-0.025754330679774284
D,1.0711359977722168,0.8157004117965698,5.97829767912117e-08,0.9695847034454346,0.8034849166870117,-0.004104554653167725,0.8799687027931213,0.7290550470352173,0.003383155446499586,0.8213576674461365,0.6875523328781128,0.004930742550641298,0.7644321322441101,0.6718966364860535,0.006904520094394684,0.899716317653656,0.5809763073921204,0.06148548051714897,0.8466877937316895,0.4987538158893585,0.05911149084568024,0.8085862994194031,0.46473246812820435,0.04085927456617355,0.7698779106140137,0.4473627805709839,0.025528017431497574,0.9336700439453125,0.5511495471000671,0.050164952874183655,0.8779876232147217,0.46501654386520386,0.045747216790914536,0.8286731839179993,0.4318559765815735,0.019141610711812973,0.7818853855133057,0.4222714900970459,-0.0007456709863618016,0.971672534942627,0.5349308848381042,0.03220111131668091,0.9208088517189026,0.43885546922683716,0.0273482333868742,0.8714821338653564,0.3994482159614563,0.006274644751101732,0.8245236873626709,0.3827338218688965,-0.009178242646157742,1.016308069229126,0.526084303855896,0.01197190023958683,0.9716722965240479,0.4414907693862915,0.007441757246851921,0.9274507761001587,0.40323758125305176,-0.0006281374953687191,0.882658064365387,0.3800123333930969,-0.007198043633252382
D,1.0602359771728516,0.8128454685211182,-6.388820139591189e-08,0.9672801494598389,0.797176718711853,0.0021803805138915777,0.8819708824157715,0.7292369604110718,0.009522512555122375,0.8256558775901794,0.6899522542953491,0.00900185015052557,0.7710996866226196,0.668180525302887,0.008452441543340683,0.8942657709121704,0.579160213470459,0.06024513766169548,0.8409335613250732,0.4982481002807617,0.05411834642291069,0.8032556176185608,0.4652649164199829,0.03482957184314728,0.7638847827911377,0.44793203473091125,0.01900649257004261,0.923759400844574,0.5512580275535583,0.043518248945474625,0.868047833442688,0.4642910361289978,0.03426378220319748,0.8211666941642761,0.43050867319107056,0.00728058023378253,0.7752987146377563,0.4210670590400696,-0.012158028781414032,0.9588497281074524,0.5340981483459473,0.020632104948163033,0.9059948921203613,0.4377961754798889,0.010756985284388065,0.8582003712654114,0.39825019240379333,-0.010593169368803501,0.8115086555480957,0.3828657567501068,-0.02526957541704178,1.0022062063217163,0.5231800675392151,-0.003992952406406403,0.9513561725616455,0.4398731589317322,-0.01401685643941164,0.9064741134643555,0.40181848406791687,-0.02389187552034855,0.8614197969436646,0.37978219985961914,-0.030895313248038292
D,1.0648447275161743,0.8019003868103027,-1.25021173857931e-07,0.9661978483200073,0.7897314429283142,0.013752726837992668,0.8815019130706787,0.7262145280838013,0.02744491957128048,0.826318621635437,0.6864526867866516,0.030389070510864258,0.7713123559951782,0.6655153632164001,0.032375626266002655,0.8943846225738525,0.5789609551429749,0.08006370812654495,0.8415267467498779,0.49835121631622314,0.07917540520429611,0.8038278818130493,0.4668596684932709,0.06132645159959793,0.76384437084198,0.45175522565841675,0.045600540935993195,0.9226040840148926,0.549087405204773,0.05761660635471344,0.866382360458374,0.4641574025154114,0.05192360654473305,0.8185308575630188,0.432345986366272,0.023340053856372833,0.7716705799102783,0.42534980177879333,0.0020504326093941927,0.956156849861145,0.5298638343811035,0.02924329787492752,0.9030019640922546,0.4340290427207947,0.021579574793577194,0.8544079065322876,0.394986629486084,-0.0017622187733650208,0.8066620230674744,0.38095229864120483,-0.018637316301465034,0.9988968372344971,0.5165356397628784,-3.0487966796499677e-05,0.9466026425361633,0.4329807162284851,-0.009457709267735481,0.901127815246582,0.39743536710739136,-0.020110953599214554,0.8555044531822205,0.3780671954154968,-0.028344454243779182
D,1.0549472570419312,0.7875138521194458,-3.476846899275188e-08,0.948133647441864,0.7797317504882812,0.026864659041166306,0.8632451295852661,0.7188898324966431,0.047818373888731,0.805598258972168,0.6849831938743591,0.05458499863743782,0.7483457922935486,0.6704861521720886,0.05963919311761856,0.8811174035072327,0.5729413032531738,0.1083822250366211,0.8284348845481873,0.4988163709640503,0.1152857318520546,0.7906382083892822,0.471285879611969,0.09893538057804108,0.7526289224624634,0.4621061682701111,0.08344945311546326,0.9073449373245239,0.5427941679954529,0.07968754321336746,0.8490615487098694,0.46273699402809143,0.08221796154975891,0.7997627258300781,0.4314727485179901,0.053356170654296875,0.7538080215454102,0.4266354441642761,0.03053361177444458,0.9375142455101013,0.5246047377586365,0.044717937707901,0.8843979835510254,0.433430016040802,0.04399782791733742,0.83677738904953,0.39684611558914185,0.021171508356928825,0.7902873158454895,0.3835722804069519,0.0029498678632080555,0.9760592579841614,0.5128931999206543,0.009301664307713509,0.9270244836807251,0.4312768876552582,0.005327566061168909,0.8845899105072021,0.3977543115615845,-0.00387384626083076,0.8408778309822083,0.3777458667755127,-0.01259865052998066
D,1.0496273040771484,0.7905763387680054,-3.741885379326959e-08,0.9455481767654419,0.780402421951294,0.02284972183406353,0.8618062734603882,0.7223373651504517,0.04289982467889786,0.8055944442749023,0.6874568462371826,0.04953622445464134,0.7478569746017456,0.6667346358299255,0.05399408936500549,0.884286642074585,0.5769012570381165,0.10268734395503998,0.83005690574646,0.499891459941864,0.11062118411064148,0.7901811003684998,0.469455361366272,0.0954337939620018,0.7487602233886719,0.45564988255500793,0.07977814227342606,0.9107908606529236,0.5491414070129395,0.07533019781112671,0.8529186248779297,0.4640915095806122,0.07646508514881134,0.8028650283813477,0.43231111764907837,0.04614606127142906,0.7557353973388672,0.4262999892234802,0.022081933915615082,0.940881609916687,0.5312129259109497,0.04183221608400345,0.8866804838180542,0.43627017736434937,0.03868734836578369,0.8381397724151611,0.3979684114456177,0.012663399800658226,0.7900676131248474,0.3827722668647766,-0.0076873451471328735,0.979352593421936,0.5190044045448303,0.007864560931921005,0.9297782182693481,0.43626391887664795,0.000880171253811568,0.886172354221344,0.4015427231788635,-0.011188489384949207,0.8411197662353516,0.3809061348438263,-0.022049391642212868
D,1.0442299842834473,0.7849758863449097,-1.1436122804298066e-07,0.9390607476234436,0.7742417454719543,0.026076465845108032,0.8572100400924683,0.7194390892982483,0.04609418287873268,0.8034238219261169,0.6835392117500305,0.05229465290904045,0.7474594116210938,0.6586219668388367,0.056320931762456894,0.8790801167488098,0.5757574439048767,0.09833419322967529,0.8233669400215149,0.4985100030899048,0.10095781832933426,0.7837559580802917,0.46784982085227966,0.08241352438926697,0.743877112865448,0.45640599727630615,0.06537166237831116,0.9062928557395935,0.5470697283744812,0.06837094575166702,0.84498530626297,0.46240460872650146,0.063808873295784,0.7945420145988464,0.4333980977535248,0.02984304539859295,0.7467782497406006,0.43230730295181274,0.003907880280166864,0.9357767105102539,0.5278980135917664,0.032772716134786606,0.8786888122558594,0.432782381772995,0.024866078048944473,0.8291648626327515,0.3972509801387787,-0.00478643411770463,0.7813428044319153,0.3879866600036621,-0.026905618607997894,0.9719859957695007,0.5150032639503479,-0.002610378200188279,0.9196336269378662,0.4322195053100586,-0.013819984160363674,0.876328706741333,0.39777547121047974,-0.029132887721061707,0.8318547606468201,0.37878113985061646,-0.041884563863277435
D,1.034120798110962,0.7840096354484558,-7.584634431623272e-08,0.9331909418106079,0.767755925655365,0.023709736764431,0.8527494072914124,0.7122868299484253,0.04034841060638428,0.798591673374176,0.6804127097129822,0.04338451474905014,0.7416604161262512,0.6572387218475342,0.04411187767982483,0.8742866516113281,0.5676417350769043,0.09317495673894882,0.8174088001251221,0.4914895296096802,0.09478283673524857,0.7775510549545288,0.46283382177352905,0.0758584588766098,0.736739993095398,0.4521412253379822,0.058081526309251785,0.9030495285987854,0.540488064289093,0.0630590170621872,0.8412570953369141,0.4549436569213867,0.05720396712422371,0.7918347120285034,0.4265211820602417,0.023072419688105583,0.7445230484008789,0.42563244700431824,-0.003274893620982766,0.9341287612915039,0.5238924622535706,0.027251454070210457,0.8768444061279297,0.4268823564052582,0.017184797674417496,0.8271437883377075,0.39148765802383423,-0.013236429542303085,0.7784755229949951,0.38299793004989624,-0.035800933837890625,0.9721546769142151,0.5134478807449341,-0.008362462744116783,0.9187789559364319,0.43046653270721436,-0.02153017744421959,0.8743008971214294,0.3984415829181671,-0.03775094822049141,0.8288644552230835,0.38287216424942017,-0.05117171257734299
D,1.0397275686264038,0.7737225890159607,-1.6153113335803937e-07,0.9356698393821716,0.7654252052307129,0.030992303043603897,0.8548668026924133,0.7132514715194702,0.052480123937129974,0.8006916642189026,0.6809018850326538,0.05936766415834427,0.745105504989624,0.659547746181488,0.06362605094909668,0.872989296913147,0.5663294196128845,0.10258349776268005,0.8156021237373352,0.4910668134689331,0.10807564854621887,0.7763082981109619,0.4624958634376526,0.09125073999166489,0.7362487316131592,0.45131078362464905,0.07441674917936325,0.9013348817825317,0.538131594657898,0.07023468613624573,0.8389159440994263,0.4530627727508545,0.06838728487491608,0.7910033464431763,0.4242106080055237,0.03536946699023247,0.7452301979064941,0.42165741324424744,0.009034750983119011,0.9323748350143433,0.5208278894424438,0.03270101547241211,0.8752280473709106,0.4238434433937073,0.025836508721113205,0.8265237808227539,0.3895277678966522,-0.0038198004476726055,0.7787109613418579,0.3796688914299011,-0.026938006281852722,0.9707653522491455,0.510099470615387,-0.004017149563878775,0.9168959259986877,0.4294251799583435,-0.0158682968467474,0.8730078339576721,0.40009796619415283,-0.03187178447842598,0.8282561898231506,0.38396888971328735,-0.045722845941782
D,1.026921272277832,0.7897015810012817,-1.4129292935649573e-07,0.9271770715713501,0.7710537910461426,0.026035068556666374,0.8463740348815918,0.7116678357124329,0.045648932456970215,0.7907246947288513,0.6752946376800537,0.051784951239824295,0.7346250414848328,0.6564956903457642,0.055922847241163254,0.8699317574501038,0.5668334364891052,0.0980466976761818,0.8131231665611267,0.49247971177101135,0.10175999999046326,0.7729995846748352,0.4647247791290283,0.0842348039150238,0.7323044538497925,0.45450860261917114,0.06755561381578445,0.8969883322715759,0.5399035215377808,0.06868790835142136,0.8339703679084778,0.45747265219688416,0.06538177281618118,0.7845701575279236,0.4299849569797516,0.033888645470142365,0.7385733723640442,0.4309324324131012,0.009562868624925613,0.9266611933708191,0.523298978805542,0.033736344426870346,0.8681026697158813,0.42815232276916504,0.026885077357292175,0.8192104697227478,0.3936172127723694,0.00011354470188962296,0.7721574306488037,0.3850281238555908,-0.020165743306279182,0.9632620811462402,0.5123217105865479,-0.00104803079739213,0.9102424383163452,0.4303855895996094,-0.011339624412357807,0.8667487502098083,0.39780086278915405,-0.025193655863404274,0.8225895166397095,0.3809140622615814,-0.03690233826637268
D,1.0331262350082397,0.7775975465774536,-1.3380805796714412e-07,0.9398168325424194,0.7660958170890808,0.006882154382765293,0.8525987863540649,0.7025668621063232,0.015089549124240875,0.7902433276176453,0.662329375743866,0.013842645101249218,0.7316244840621948,0.6394462585449219,0.01234244555234909,0.8611565232276917,0.5622986555099487,0.06898925453424454,0.8056007027626038,0.4851837158203125,0.062379833310842514,0.7664397954940796,0.4611774682998657,0.041245851665735245,0.7289451360702515,0.45708298683166504,0.02424762211740017,0.8863331079483032,0.5364028811454773,0.049427855759859085,0.8277631402015686,0.4537544250488281,0.039152659475803375,0.7826977372169495,0.4273604154586792,0.009547383524477482,0.7402241826057434,0.4290272891521454,-0.011827993206679821,0.9187895655632019,0.5209119915962219,0.023479994386434555,0.8646062612533569,0.4269193410873413,0.012168998830020428,0.8180792927742004,0.3928401470184326,-0.011540791019797325,0.7730772495269775,0.3856245279312134,-0.028270794078707695,0.9610604047775269,0.5122665762901306,-0.003743545152246952,0.9109528064727783,0.4308260679244995,-0.015269766561686993,0.8675673007965088,0.3987776041030884,-0.027362525463104248,0.8236238360404968,0.38329392671585083,-0.036723628640174866
D,1.0423585176467896,0.7555935978889465,-2.145683311027824e-07,0.9571303129196167,0.7440665364265442,0.005188843235373497,0.8671973943710327,0.6754130721092224,0.01465868204832077,0.8102059960365295,0.6251263618469238,0.016316264867782593,0.7575324773788452,0.59980309009552,0.019169583916664124,0.8764956593513489,0.5376600623130798,0.05922473222017288,0.8296065330505371,0.46473443508148193,0.052075471729040146,0.7935453653335571,0.4431467056274414,0.03419549763202667,0.7583420276641846,0.44186413288116455,0.021078813821077347,0.9012720584869385,0.5116267204284668,0.043966516852378845,0.8526691198348999,0.4264976978302002,0.03500770032405853,0.8121251463890076,0.4059329330921173,0.014144357293844223,0.7735552191734314,0.4134160876274109,0.0008172272355295718,0.9309888482093811,0.49523481726646423,0.02296491339802742,0.8833016157150269,0.4038122296333313,0.014970371499657631,0.8389164209365845,0.3785574436187744,0.0009940341114997864,0.7980172634124756,0.38047194480895996,-0.0076217856258153915,0.9665740728378296,0.48542332649230957,0.0003268157597631216,0.9211506247520447,0.4088367223739624,-0.005812597926706076,0.8780959248542786,0.38295724987983704,-0.01086103729903698,0.8374667167663574,0.37642616033554077,-0.013970417901873589
D,1.0434752702713013,0.7395839691162109,-2.0693987323738838e-07,0.9590782523155212,0.733254611492157,0.003293367102742195,0.868813693523407,0.6663128137588501,0.010617999359965324,0.8096283078193665,0.6195184588432312,0.010788043960928917,0.7568016648292542,0.6039823293685913,0.012092500925064087,0.8749996423721313,0.5295219421386719,0.053316302597522736,0.8276530504226685,0.4578004479408264,0.043827611953020096,0.792067289352417,0.4381769895553589,0.025660555809736252,0.756750226020813,0.4395328760147095,0.01292751170694828,0.8994247913360596,0.5057789087295532,0.03890516236424446,0.8497341275215149,0.4225471615791321,0.027561523020267487,0.8093578815460205,0.4043760895729065,0.00624591251835227,0.7713363170623779,0.4156697988510132,-0.006789569742977619,0.9292700290679932,0.4903967082500458,0.01894487999379635,0.878555178642273,0.401340126991272,0.008710632100701332,0.8329571485519409,0.378903329372406,-0.005769598763436079,0.7922250032424927,0.38546517491340637,-0.013822732493281364,0.9650434851646423,0.480979323387146,-0.0025361250154674053,0.9139432907104492,0.4063604474067688,-0.01070820726454258,0.8693804144859314,0.3808992803096771,-0.016862232238054276,0.8287513852119446,0.3761777877807617,-0.020021332427859306
D,1.0144129991531372,0.5418589115142822,-6.662945111202134e-07,0.9427782893180847,0.5649726390838623,-0.006188357248902321,0.8817493319511414,0.5409290790557861,-0.010140568017959595,0.8524747490882874,0.4902144968509674,-0.016698217019438744,0.8364465832710266,0.4439343214035034,-0.02051243931055069,0.8752688765525818,0.40026500821113586,0.02273816242814064,0.8554813861846924,0.425647109746933,0.009092675521969795,0.8669371604919434,0.47270286083221436,-0.009842862375080585,0.8815934658050537,0.5034318566322327,-0.022444432601332664,0.9020763635635376,0.36379027366638184,0.017773734405636787,0.8721988201141357,0.393419086933136,0.006724934093654156,0.8718755841255188,0.4349817633628845,-0.009204108268022537,0.8769010305404663,0.4711952209472656,-0.018531741574406624,0.9327860474586487,0.3449811339378357,0.009314109571278095,0.9004383683204651,0.36886680126190186,-0.002075563184916973,0.8883336186408997,0.40401095151901245,-0.007132821716368198,0.8814111351966858,0.4384489357471466,-0.008115766569972038,0.9692854285240173,0.3398955762386322,-0.00047271858784370124,0.9405795335769653,0.3569246530532837,-0.01063625980168581,0.9191194772720337,0.38216501474380493,-0.011597175151109695,0.8989534378051758,0.408905565738678,-0.008794226683676243
D,1.0160025358200073,0.5048291087150574,-2.3297387485854415e-07,0.9375256299972534,0.5447505116462708,-0.017668630927801132,0.869350254535675,0.5407864451408386,-0.029819553717970848,0.8331468105316162,0.5072067379951477,-0.04365042597055435,0.8204308748245239,0.458006352186203,-0.05585683137178421,0.8646150231361389,0.4053908884525299,0.013238070532679558,0.8402738571166992,0.4149102568626404,-0.01150184590369463,0.8221151828765869,0.43197354674339294,-0.04003554955124855,0.8084102272987366,0.45201441645622253,-0.060264673084020615,0.8854979872703552,0.3671923577785492,0.008489766158163548,0.8561612963676453,0.38174912333488464,-0.016642341390252113,0.8379818201065063,0.40628108382225037,-0.04290428012609482,0.8272061944007874,0.43762674927711487,-0.059513404965400696,0.9138790965080261,0.3454609513282776,-0.0022328735794872046,0.8828679919242859,0.3544120192527771,-0.029027380049228668,0.8578655123710632,0.3813982605934143,-0.046589601784944534,0.8412449359893799,0.41797688603401184,-0.055010560899972916,0.9501715898513794,0.3372730314731598,-0.015186836943030357,0.9209828972816467,0.3462863564491272,-0.04139800742268562,0.8971728682518005,0.37018144130706787,-0.055074721574783325,0.8754907846450806,0.40083980560302734,-0.061230484396219254
D,1.0125972032546997,0.478324830532074,-1.3657655983934092e-07,0.9338452816009521,0.5298494100570679,-0.014601756818592548,0.8698853254318237,0.5361841917037964,-0.026634618639945984,0.8332759737968445,0.5080589652061462,-0.04387889429926872,0.8179370760917664,0.4571075439453125,-0.06096840277314186,0.8642945885658264,0.40346747636795044,0.03459643945097923,0.8367336392402649,0.40568065643310547,0.005655578337609768,0.8172657489776611,0.4258214235305786,-0.03129938617348671,0.8073011636734009,0.4526802897453308,-0.057743269950151443,0.8848986625671387,0.3655864894390106,0.024070024490356445,0.8488712310791016,0.36796608567237854,-0.011636869981884956,0.8320967555046082,0.39817559719085693,-0.05608179047703743,0.8239964246749878,0.43460431694984436,-0.08459194749593735,0.9100577235221863,0.343649685382843,0.006498720962554216,0.8755425810813904,0.34230631589889526,-0.028759106993675232,0.8536611199378967,0.3738049864768982,-0.063230961561203,0.8450647592544556,0.41438356041908264,-0.08228395879268646,0.9456087350845337,0.3310581147670746,-0.01272072084248066,0.9149588346481323,0.3355675935745239,-0.04227932170033455,0.8901161551475525,0.36010509729385376,-0.065517857670784,0.8702452182769775,0.39271512627601624,-0.0799383744597435
D,0.9994593858718872,0.4881790578365326,-7.34050900064176e-08,0.9277644753456116,0.537493109703064,-0.030215293169021606,0.864976704120636,0.541869044303894,-0.05628613755106926,0.8304312229156494,0.5175552368164062,-0.08417849242687225,0.8189054131507874,0.46287328004837036,-0.11219977587461472,0.8560330867767334,0.40482059121131897,-0.014189476147294044,0.8264532089233398,0.4082241654396057,-0.0639733076095581,0.8104431629180908,0.43174752593040466,-0.11030306667089462,0.8070008158683777,0.4580048620700836,-0.1407187432050705,0.879906952381134,0.36933207511901855,-0.02418050542473793,0.8434593677520752,0.3661889135837555,-0.08225810527801514,0.8288483023643494,0.39891108870506287,-0.13177628815174103,0.8268123865127563,0.432233065366745,-0.16128043830394745,0.9093942046165466,0.3479500114917755,-0.04115976020693779,0.8742555975914001,0.3436576724052429,-0.0936291441321373,0.8546746969223022,0.37607070803642273,-0.13017046451568604,0.8507540225982666,0.41392531991004944,-0.14856451749801636,0.9469190239906311,0.3356511890888214,-0.06049635261297226,0.9166462421417236,0.33589598536491394,-0.10247045755386353,0.8927749395370483,0.360016405582428,-0.12919725477695465,0.8747339248657227,0.393055260181427,-0.14509861171245575
D,0.9895322918891907,0.5172461271286011,-2.6850662493416166e-07,0.9223860502243042,0.5295425653457642,-0.010409895330667496,0.8677014112472534,0.5057763457298279,-0.017258180305361748,0.8397244811058044,0.4698628783226013,-0.026417981833219528,0.8291230201721191,0.4296123683452606,-0.03472308814525604,0.8720056414604187,0.3793328106403351,0.01270151138305664,0.8513995409011841,0.37116342782974243,-0.0035596233792603016,0.8366990089416504,0.3888200521469116,-0.02408847212791443,0.826577365398407,0.40748170018196106,-0.038451410830020905,0.8996466994285583,0.3494682013988495,0.007649479433894157,0.8733874559402466,0.3465372323989868,-0.007696028798818588,0.8569484353065491,0.3670486807823181,-0.02752745896577835,0.8464860320091248,0.39317911863327026,-0.04067744314670563,0.9311771988868713,0.3344189524650574,-0.0009861389407888055,0.9052425622940063,0.3288375735282898,-0.019373230636119843,0.8839926719665527,0.35106605291366577,-0.03189104050397873,0.8703812956809998,0.38437366485595703,-0.03736193850636482,0.9672545790672302,0.33299440145492554,-0.010631119832396507,0.9421732425689697,0.3228864073753357,-0.027505388483405113,0.919805645942688,0.342134028673172,-0.034042757004499435,0.9015336632728577,0.3738471269607544,-0.035503752529621124
D,1.0217443704605103,0.5037411451339722,-3.2435752927995054e-07,0.950157880783081,0.5344974398612976,-0.014330281876027584,0.886058509349823,0.5130221843719482,-0.0190249253064394,0.8571128249168396,0.4673258662223816,-0.02480759099125862,0.8443281650543213,0.41963160037994385,-0.028461139649152756,0.8987863659858704,0.3769557476043701,0.02082988992333412,0.8722103834152222,0.3846243619918823,0.007485358975827694,0.8533501029014587,0.39978957176208496,-0.011431122198700905,0.8439522385597229,0.41438305377960205,-0.025408294051885605,0.9233561158180237,0.34243714809417725,0.018685555085539818,0.8896040320396423,0.3558729887008667,0.008360039442777634,0.8709096908569336,0.3716522753238678,-0.008152917958796024,0.8602835536003113,0.3917950987815857,-0.020033860579133034,0.9517718553543091,0.32777416706085205,0.011091258376836777,0.916838526725769,0.33918172121047974,-0.005205324850976467,0.8929829597473145,0.3580951690673828,-0.016757406294345856,0.8780093193054199,0.38339632749557495,-0.022707441821694374,0.9846625328063965,0.32636961340904236,0.00145512365270406,0.9528700113296509,0.33804595470428467,-0.016625918447971344,0.9294283390045166,0.35750555992126465,-0.02558608539402485,0.9103042483329773,0.3819689154624939,-0.029174022376537323
D,1.0195543766021729,0.49068963527679443,-3.4758372180476726e-07,0.9489496350288391,0.5267032384872437,-0.014141824096441269,0.8820950388908386,0.5121652483940125,-0.020413026213645935,0.8537061214447021,0.4714585542678833,-0.027680853381752968,0.8457382917404175,0.4266142249107361,-0.03306630626320839,0.8891517519950867,0.36782363057136536,0.012952422723174095,0.8631126284599304,0.3929389417171478,-0.003751206211745739,0.8524726629257202,0.42135465145111084,-0.023527225479483604,0.8490406274795532,0.44302669167518616,-0.03719645366072655,0.9116848111152649,0.33391615748405457,0.010303894057869911,0.8794828057289124,0.36244553327560425,-0.0036629752721637487,0.8681328296661377,0.3907722532749176,-0.017968738451600075,0.8642532229423523,0.41824638843536377,-0.026659611612558365,0.9387897253036499,0.31956496834754944,0.0027568808291107416,0.9058605432510376,0.34714192152023315,-0.014610008336603642,0.8891229629516602,0.3747861087322235,-0.020273840054869652,0.8796954154968262,0.4023648500442505,-0.02123008482158184,0.9706304669380188,0.31970781087875366,-0.006951435934752226,0.9406474828720093,0.34103310108184814,-0.025047501549124718,0.9230797290802002,0.3650510013103485,-0.029475364834070206,0.9082612991333008,0.38903844356536865,-0.02856561541557312
D,1.0043714046478271,0.5145658254623413,-2.599909976197523e-07,0.9476348161697388,0.5193707942962646,-0.022147145122289658,0.9025282263755798,0.5063237547874451,-0.03761204704642296,0.8803924918174744,0.48056721687316895,-0.052562277764081955,0.8758902549743652,0.439421147108078,-0.06573253124952316,0.9077022075653076,0.3632686734199524,-0.004182037897408009,0.8885514736175537,0.3755400776863098,-0.02558443322777748,0.8783036470413208,0.39321357011795044,-0.049060676246881485,0.87427818775177,0.40797847509384155,-0.06513908505439758,0.9344243407249451,0.3363800644874573,-0.0042768665589392185,0.9081941246986389,0.3546813726425171,-0.022777482867240906,0.8964182138442993,0.37401658296585083,-0.04226842522621155,0.8908716440200806,0.39697372913360596,-0.05529610067605972,0.9634410738945007,0.32728874683380127,-0.008659308776259422,0.9398664236068726,0.34734755754470825,-0.028268972411751747,0.925661027431488,0.3688190281391144,-0.03956281766295433,0.9158514738082886,0.3974858224391937,-0.044693320989608765,0.9956817626953125,0.33351635932922363,-0.01547317672520876,0.9776674509048462,0.34612277150154114,-0.03343783691525459,0.9630780220031738,0.36602288484573364,-0.04075232520699501,0.9490960240364075,0.39437437057495117,-0.042777687311172485
D,1.0052697658538818,0.5326409339904785,-3.398447177005437e-07,0.9561737179756165,0.5347319841384888,-0.01752515695989132,0.9182173013687134,0.5043855905532837,-0.02643284574151039,0.9007623791694641,0.4663178324699402,-0.03602699190378189,0.8921215534210205,0.4284103214740753,-0.04353757202625275,0.925436794757843,0.39567121863365173,0.006103606428951025,0.9058898091316223,0.3761328160762787,-0.011897112242877483,0.8997087478637695,0.3962118923664093,-0.030846428126096725,0.9040555953979492,0.4225848615169525,-0.042430900037288666,0.9522036910057068,0.36710789799690247,0.00605040742084384,0.9290317893028259,0.35463640093803406,-0.008818057365715504,0.9238307476043701,0.38214111328125,-0.024858733639121056,0.9277742505073547,0.41274574398994446,-0.03383674845099449,0.9819854497909546,0.3546738922595978,0.0017366978572681546,0.9600501656532288,0.3442091941833496,-0.013223723508417606,0.9505374431610107,0.3698931038379669,-0.02098109759390354,0.9511906504631042,0.40079885721206665,-0.023272648453712463,1.0167299509048462,0.3551708161830902,-0.004635766614228487,0.9988281726837158,0.347507119178772,-0.016390059143304825,0.9861142039299011,0.3663703203201294,-0.019306261092424393,0.9805312156677246,0.39336350560188293,-0.018175248056650162
D,1.0372283458709717,0.5180912613868713,-3.1723601523481193e-07,0.9831966757774353,0.5380036234855652,-0.026061085984110832,0.9338772892951965,0.5197449326515198,-0.041456546634435654,0.9049032926559448,0.4852919578552246,-0.05622658506035805,0.8920689225196838,0.4425226151943207,-0.06851723790168762,0.9285853505134583,0.38982704281806946,-0.002102683298289776,0.9010044932365417,0.3859149217605591,-0.02776050753891468,0.8924548029899597,0.4088745713233948,-0.05292191356420517,0.8957748413085938,0.43663179874420166,-0.06844224035739899,0.95340496301651,0.3591517210006714,-0.0007274321978911757,0.9235173463821411,0.36382555961608887,-0.02352634072303772,0.9162229299545288,0.39781641960144043,-0.04478231444954872,0.9201453924179077,0.43036067485809326,-0.056610118597745895,0.9829891324043274,0.34688931703567505,-0.0046730018220841885,0.9550463557243347,0.351656049489975,-0.026379834860563278,0.9431602358818054,0.38380730152130127,-0.037499550729990005,0.9436414837837219,0.41833314299583435,-0.04124163091182709,1.0194981098175049,0.3484501540660858,-0.011473355814814568,0.9931609034538269,0.35229840874671936,-0.028262967243790627,0.9785223007202148,0.37624743580818176,-0.034126121550798416,0.9726704359054565,0.4054291546344757,-0.0347292385995388
D,1.0535029172897339,0.507663369178772,-2.9625937258970225e-07,0.9948949217796326,0.5325905084609985,-0.03248497471213341,0.9394261837005615,0.5119208693504333,-0.04784199595451355,0.9062504172325134,0.4765624701976776,-0.06087271124124527,0.8906385898590088,0.4327879548072815,-0.07125525176525116,0.9354717135429382,0.38052016496658325,-0.003193651558831334,0.9036777019500732,0.3928154706954956,-0.03167721629142761,0.897354006767273,0.4165423810482025,-0.05976731330156326,0.9027381539344788,0.4389423131942749,-0.07696869224309921,0.9561914205551147,0.3528742492198944,0.0022556267213076353,0.9206727743148804,0.36952537298202515,-0.025691112503409386,0.9177557229995728,0.4025901257991791,-0.051580313593149185,0.9254006743431091,0.42999497056007385,-0.06632796674966812,0.9816016554832458,0.3414778709411621,0.001521082129329443,0.9504567980766296,0.35880887508392334,-0.02632293850183487,0.9416015148162842,0.39068669080734253,-0.043166689574718475,0.9445531368255615,0.4237680435180664,-0.049804821610450745,1.013583779335022,0.34114131331443787,-0.0023709037341177464,0.9883198738098145,0.35505056381225586,-0.025311412289738655,0.9770821928977966,0.37963536381721497,-0.03747250884771347,0.9716614484786987,0.4060293734073639,-0.04207020252943039
D,1.0266187191009521,0.5513061881065369,-1.4104352885624394e-07,0.973663866519928,0.5596056580543518,-0.024320965632796288,0.9301074743270874,0.529915452003479,-0.03847051411867142,0.9111937880516052,0.49100619554519653,-0.05243804305791855,0.9079555869102478,0.444280743598938,-0.06467185169458389,0.932746946811676,0.421142041683197,-0.00041299211443401873,0.9136471152305603,0.39718198776245117,-0.025073427706956863,0.9044521450996399,0.4124569892883301,-0.04992222413420677,0.9048771262168884,0.43560895323753357,-0.06511419266462326,0.9572702050209045,0.3940494954586029,0.0006453798268921673,0.9352782368659973,0.3657281994819641,-0.022261545062065125,0.9239777326583862,0.3851631283760071,-0.04650363326072693,0.9228554964065552,0.4132247865200043,-0.06125069782137871,0.9849522709846497,0.38200822472572327,-0.0033848797902464867,0.9673445820808411,0.3547804653644562,-0.02618773840367794,0.9520564079284668,0.37499701976776123,-0.04361766204237938,0.9481663703918457,0.4095597565174103,-0.052032969892024994,1.0175153017044067,0.381399005651474,-0.009580967016518116,1.003359079360962,0.3614060878753662,-0.0285634845495224,0.9881129860877991,0.376505047082901,-0.03948625922203064,0.9783564805984497,0.40593546628952026,-0.04442259296774864
D,0.48305070400238037,0.8146102428436279,2.982812929985812e-07,0.5701941251754761,0.7976277470588684,0.03651244565844536,0.6313493847846985,0.7285569310188293,0.05564684048295021,0.672461211681366,0.6898630261421204,0.06124522164463997,0.7038942575454712,0.6753226518630981,0.06818228960037231,0.5778924226760864,0.5963233113288879,0.0695560947060585,0.6295998692512512,0.5248994827270508,0.06105504557490349,0.6851145625114441,0.5459243059158325,0.047646746039390564,0.7164169549942017,0.5922209620475769,0.041006289422512054,0.5628014802932739,0.581156849861145,0.04257844015955925,0.624049723148346,0.501787543296814,0.031309351325035095,0.686603307723999,0.5320442318916321,0.015565870329737663,0.7215954661369324,0.5822998881340027,0.007742842193692923,0.5572500824928284,0.5783719420433044,0.013340778648853302,0.6242450475692749,0.4948657751083374,0.0015589501708745956,0.6871156692504883,0.5279410481452942,-0.009996836073696613,0.7213584184646606,0.5774003267288208,-0.014249070547521114,0.5629281401634216,0.5898919701576233,-0.014060071669518948,0.6282696723937988,0.5244104862213135,-0.022788286209106445,0.6794620752334595,0.5406028032302856,-0.026549484580755234,0.7112829685211182,0.5748947262763977,-0.026904290542006493
D,0.6781656742095947,0.5898470282554626,6.46975365725666e-07,0.7400580644607544,0.6121458411216736,-0.002687180647626519,0.8183384537696838,0.59395432472229,0.00023509773018304259,0.879285454750061,0.5895991325378418,-0.0007029048865661025,0.9304181933403015,0.5884770154953003,0.0013631790643557906,0.7916356921195984,0.44179701805114746,0.03543498367071152,0.8575122356414795,0.3835151195526123,0.031294289976358414,0.9010685682296753,0.4136260747909546,0.021456239745020866,0.9194501638412476,0.4564298689365387,0.017237400636076927,0.7795199155807495,0.4133954346179962,0.031706418842077255,0.8541584014892578,0.36434412002563477,0.026423446834087372,0.9026694297790527,0.40499788522720337,0.008531907573342323,0.9216116666793823,0.4609639644622803,-0.0018928636563941836,0.7756386399269104,0.398688942193985,0.025098221376538277,0.8534398674964905,0.36277589201927185,0.024567319080233574,0.9014193415641785,0.4024289548397064,0.014042082242667675,0.9222542643547058,0.4506084620952606,0.007639557588845491,0.7775310277938843,0.39631375670433044,0.017103489488363266,0.8439341187477112,0.3579268455505371,0.020304067060351372,0.8859296441078186,0.38016313314437866,0.020772265270352364,0.9075848460197449,0.4153686761856079,0.022044723853468895
D,0.7273117899894714,0.5876013040542603,2.575210373834125e-07,0.7997267842292786,0.6268829107284546,0.018283989280462265,0.8692635893821716,0.6093798875808716,0.03159922733902931,0.9275659322738647,0.6056323647499084,0.033508751541376114,0.9684767723083496,0.5979886651039124,0.037717994302511215,0.8379611372947693,0.45676514506340027,0.08345704525709152,0.916419506072998,0.4577527642250061,0.09359975159168243,0.9526519179344177,0.5015081167221069,0.08812617510557175,0.9589815735816956,0.5433683395385742,0.0854400098323822,0.8403934240341187,0.4233442544937134,0.07335060834884644,0.9216025471687317,0.41912877559661865,0.08398928493261337,0.9607931971549988,0.4735715389251709,0.06910478323698044,0.9689232110977173,0.526181161403656,0.05975082889199257,0.8553193807601929,0.40791213512420654,0.06036937236785889,0.93214350938797,0.3949797749519348,0.07029008120298386,0.9689362049102783,0.45183277130126953,0.05765862390398979,0.9755327701568604,0.5043936967849731,0.04970668628811836,0.8813032507896423,0.4070644974708557,0.047533322125673294,0.9534690380096436,0.39512667059898376,0.05947185680270195,0.9802537560462952,0.43815797567367554,0.06115748733282089,0.9820834398269653,0.48889943957328796,0.06294379383325577
D,0.7628709077835083,0.5813997983932495,2.933027190010762e-07,0.8318859934806824,0.6309540867805481,0.03676390275359154,0.8961582183837891,0.6330506801605225,0.06294116377830505,0.9598738551139832,0.6393514275550842,0.07138950377702713,1.0072762966156006,0.6296136975288391,0.07902182638645172,0.8911505341529846,0.49940693378448486,0.139220729470253,0.9522522687911987,0.5185132026672363,0.16666530072689056,0.9923743009567261,0.5473331809043884,0.16564570367336273,1.0095914602279663,0.5748491883277893,0.1623663753271103,0.9016163349151611,0.4630686342716217,0.11927485466003418,0.9706089496612549,0.4814058244228363,0.14744062721729279,1.0072696208953857,0.5170416831970215,0.13250727951526642,1.0247135162353516,0.5520040988922119,0.11858619749546051,0.9176821112632751,0.43320855498313904,0.09460412710905075,0.9833792448043823,0.4482463598251343,0.11768937110900879,1.0149478912353516,0.4911230802536011,0.10356219112873077,1.0235610008239746,0.5373742580413818,0.09024368971586227,0.9380613565444946,0.4106636047363281,0.06990067660808563,0.9951361417770386,0.42689433693885803,0.09094972163438797,1.0185444355010986,0.4659414291381836,0.09304562211036682,1.0206446647644043,0.5133747458457947,0.09184997528791428
D,0.773025393486023,0.5865249037742615,4.887576210421685e-07,0.8438127636909485,0.630881667137146,0.03176483139395714,0.9119089245796204,0.6325005888938904,0.054032761603593826,0.9736956357955933,0.6417124271392822,0.06152566522359848,1.0205872058868408,0.6356657147407532,0.06882403045892715,0.9003819823265076,0.5133969187736511,0.12128663808107376,0.9623088836669922,0.5210517048835754,0.1422557681798935,1.0008809566497803,0.5524571537971497,0.13887104392051697,1.0164514780044556,0.5790027976036072,0.13557326793670654,0.9057599902153015,0.47282612323760986,0.10539600998163223,0.9779022336006165,0.4815710783004761,0.1279146522283554,1.011377215385437,0.5219032764434814,0.11199910938739777,1.0250707864761353,0.563254714012146,0.09864845871925354,0.9141131043434143,0.4361492991447449,0.08553247898817062,0.9850082397460938,0.4407499432563782,0.1087425947189331,1.0158064365386963,0.4882919192314148,0.09869319200515747,1.0223219394683838,0.5354024171829224,0.08812538534402847,0.9227787256240845,0.4046284258365631,0.06568139791488647,0.9868152141571045,0.41159191727638245,0.08973768353462219,1.0149606466293335,0.45280712842941284,0.09641152620315552,1.0203797817230225,0.498047411441803,0.09857558459043503
D,0.7797691822052002,0.5725976824760437,5.294156153468066e-07,0.8453424572944641,0.6246421337127686,0.03774556890130043,0.9132864475250244,0.6327731013298035,0.06365654617547989,0.9792907238006592,0.6450515985488892,0.07231705635786057,1.0303901433944702,0.639167845249176,0.07992615550756454,0.9004256129264832,0.5167423486709595,0.1492566168308258,0.9646635055541992,0.5342690944671631,0.1798584908246994,1.007620096206665,0.5687776207923889,0.1795346885919571,1.0269113779067993,0.5956411957740784,0.17753095924854279,0.9124419689178467,0.48027461767196655,0.1311115026473999,0.9864956736564636,0.5004386901855469,0.16217583417892456,1.0211671590805054,0.5417922139167786,0.1445147544145584,1.0358657836914062,0.5812084078788757,0.12959152460098267,0.9265031814575195,0.4444183111190796,0.10836532711982727,0.9968892335891724,0.4605554938316345,0.1409478783607483,1.0269695520401,0.5042757987976074,0.12963521480560303,1.0340335369110107,0.5467575192451477,0.1168251782655716,0.9427228569984436,0.4136761426925659,0.08549926429986954,1.0063729286193848,0.41681644320487976,0.11954636871814728,1.0344287157058716,0.45369619131088257,0.12851905822753906,1.0406572818756104,0.49450767040252686,0.1305295079946518
D,0.7685458660125732,0.5472185611724854,5.047695594839752e-07,0.8172239661216736,0.6038024425506592,0.004914322402328253,0.8914834260940552,0.6164200305938721,0.02259891666471958,0.9543392658233643,0.6196432709693909,0.03430340066552162,0.9990444779396057,0.6065008640289307,0.04806824028491974,0.8816368579864502,0.5168184638023376,0.07980285584926605,0.9464277029037476,0.5317934155464172,0.09390907734632492,0.9948133230209351,0.5559914112091064,0.09212486445903778,1.0249041318893433,0.5737016797065735,0.09088999778032303,0.8975921273231506,0.4769972562789917,0.07950613647699356,0.9708753824234009,0.49890565872192383,0.0967022255063057,1.0157160758972168,0.5286728143692017,0.08645837008953094,1.0469145774841309,0.5567769408226013,0.07788481563329697,0.913070559501648,0.4409749209880829,0.07408455014228821,0.980697512626648,0.4570188820362091,0.088408462703228,1.0169578790664673,0.4840019941329956,0.08030905574560165,1.037867784500122,0.5104364156723022,0.07383457571268082,0.927177369594574,0.40425974130630493,0.06709474325180054,0.989273726940155,0.40514668822288513,0.081682950258255,1.0252093076705933,0.43002450466156006,0.08495494723320007,1.046142578125,0.46020692586898804,0.0867164358496666
D,0.7753934860229492,0.54886794090271,3.1998612826100725e-07,0.8434046506881714,0.604706883430481,0.010642564855515957,0.9052788615226746,0.6258628964424133,0.0204003993421793,0.9591649770736694,0.6565943956375122,0.018263159319758415,1.0038135051727295,0.6883046627044678,0.015339290723204613,0.9074410796165466,0.5170209407806396,0.09281352162361145,0.9568192958831787,0.5203461647033691,0.09940728545188904,0.9772904515266418,0.5514399409294128,0.08584585785865784,0.9824200868606567,0.5792080163955688,0.07605444639921188,0.9131348729133606,0.4828815162181854,0.08165926486253738,0.9661712646484375,0.4855075776576996,0.08086831122636795,0.9827101826667786,0.5251955986022949,0.050390660762786865,0.9778579473495483,0.569812536239624,0.03123883716762066,0.9176949262619019,0.4453025162220001,0.06554633378982544,0.971976101398468,0.44420063495635986,0.0687924325466156,0.9868193864822388,0.49229735136032104,0.04652228206396103,0.9797878265380859,0.5408942699432373,0.032652758061885834,0.9182401895523071,0.40648794174194336,0.048454876989126205,0.9717756509780884,0.3917178213596344,0.05818440020084381,0.9877006411552429,0.42571088671684265,0.05711377039551735,0.9824133515357971,0.47011303901672363,0.0560898520052433
D,0.7874755859375,0.5467261075973511,5.06317803683487e-07,0.8518584370613098,0.6091054677963257,0.016300182789564133,0.9098735451698303,0.6291694641113281,0.02990577183663845,0.963365375995636,0.6599106192588806,0.029506320133805275,1.004546880722046,0.6941390037536621,0.02773728221654892,0.9050714373588562,0.5161505341529846,0.11632212996482849,0.9520017504692078,0.5182067155838013,0.1339174211025238,0.973762035369873,0.544489860534668,0.1273317188024521,0.9804717302322388,0.5672444701194763,0.12138992547988892,0.9130632281303406,0.48165956139564514,0.10328952223062515,0.9635751843452454,0.48402050137519836,0.11071663349866867,0.9826807379722595,0.5231676697731018,0.08181531727313995,0.9799148440361023,0.5655454397201538,0.06453673541545868,0.9208422899246216,0.4430930018424988,0.08482689410448074,0.9727295637130737,0.4451315701007843,0.09325295686721802,0.98627769947052,0.49537840485572815,0.0680975392460823,0.977654218673706,0.5431563854217529,0.05285022780299187,0.9255090355873108,0.4035179018974304,0.06581402570009232,0.9751091003417969,0.3893100619316101,0.07838208973407745,0.9912965297698975,0.4243532419204712,0.07472334057092667,0.9870086312294006,0.4708387553691864,0.07212057709693909
D,0.7919026613235474,0.5463865399360657,3.4495889167374116e-07,0.852249801158905,0.601709246635437,0.011453953571617603,0.9109776020050049,0.6198148727416992,0.01873369701206684,0.9637311697006226,0.6463732719421387,0.01425885409116745,1.0087882280349731,0.6686919927597046,0.00837081391364336,0.9206064343452454,0.5168972611427307,0.08786565810441971,0.9688057899475098,0.5276738405227661,0.09465080499649048,0.9831151962280273,0.5617342591285706,0.08260956406593323,0.9822264909744263,0.5886606574058533,0.07374518364667892,0.9276286959648132,0.4825182259082794,0.07598797231912613,0.9794226288795471,0.4920733571052551,0.07743816822767258,0.9907218813896179,0.5330222249031067,0.04989520460367203,0.9805535674095154,0.5719084143638611,0.03255857154726982,0.9306135773658752,0.44401317834854126,0.05972328782081604,0.9863684177398682,0.4454723596572876,0.06426733732223511,0.99724280834198,0.49297982454299927,0.04368061199784279,0.9852712154388428,0.5355255603790283,0.030445003882050514,0.9277129173278809,0.40741166472435,0.04278266429901123,0.9808565378189087,0.39453333616256714,0.049620192497968674,0.9967806935310364,0.43155205249786377,0.04658735916018486,0.9902560710906982,0.477411687374115,0.044716447591781616
D,0.791440486907959,0.5381664633750916,4.2082439222212997e-07,0.8534518480300903,0.5957290530204773,0.012169156223535538,0.913083553314209,0.6144140362739563,0.019570384174585342,0.9677672386169434,0.6409134268760681,0.014410733245313168,1.014898419380188,0.6666549444198608,0.007264725863933563,0.9217234253883362,0.5155062675476074,0.09462933242321014,0.9697065949440002,0.5248919725418091,0.10234152525663376,0.9868978261947632,0.5601792335510254,0.09011657536029816,0.9885594248771667,0.5892021656036377,0.08104310929775238,0.9273620247840881,0.48230499029159546,0.08203021436929703,0.9815230369567871,0.4888119697570801,0.08214978873729706,0.9954089522361755,0.5305290818214417,0.052348122000694275,0.9853718280792236,0.5723896622657776,0.034080054610967636,0.9291545152664185,0.4428673982620239,0.06462159007787704,0.9876693487167358,0.44554659724235535,0.06658580899238586,0.998121440410614,0.49449294805526733,0.04319872334599495,0.9839688539505005,0.5397475361824036,0.029184408485889435,0.9256507158279419,0.404516339302063,0.04677692428231239,0.9809420704841614,0.39303886890411377,0.052143871784210205,0.9966732263565063,0.4281030297279358,0.04723535478115082,0.9884898066520691,0.47247743606567383,0.04420667886734009
D,0.7928905487060547,0.5384262800216675,4.0314972693522577e-07,0.8534236550331116,0.5952988862991333,0.01154771726578474,0.912763237953186,0.614460289478302,0.01890254020690918,0.9666059613227844,0.6413367986679077,0.013956516981124878,1.0133283138275146,0.6672259569168091,0.007180398795753717,0.9231470227241516,0.5140978693962097,0.09269732236862183,0.9703066349029541,0.5230616331100464,0.09946007281541824,0.9868935942649841,0.559320867061615,0.08712034672498703,0.987251341342926,0.5894612669944763,0.07808269560337067,0.9289847612380981,0.48214688897132874,0.08017264306545258,0.9826001524925232,0.49016299843788147,0.07945923507213593,0.9944526553153992,0.533675491809845,0.05025935918092728,0.982559084892273,0.5751713514328003,0.032464805990457535,0.9313384890556335,0.44356569647789,0.06275636702775955,0.9898356795310974,0.4491857886314392,0.06310760974884033,0.9982550144195557,0.4992862045764923,0.040523987263441086,0.9819847345352173,0.5433962345123291,0.027346916496753693,0.9281642436981201,0.40477585792541504,0.044861070811748505,0.982422411441803,0.39268139004707336,0.048753250390291214,0.9958488941192627,0.4290943443775177,0.04392857477068901,0.9850461483001709,0.4732869863510132,0.0411643385887146
D,0.7812646627426147,0.5352959036827087,4.220055416226387e-07,0.8381794691085815,0.5954697132110596,0.007188189309090376,0.8971973657608032,0.6173502802848816,0.015782823786139488,0.9523316621780396,0.638767421245575,0.013717417605221272,1.0021597146987915,0.6563040018081665,0.011019052937626839,0.9059403538703918,0.5135790705680847,0.0937924012541771,0.9520750045776367,0.5244081616401672,0.10245765745639801,0.9709482789039612,0.5576133728027344,0.09053396433591843,0.974132239818573,0.5842085480690002,0.08184517174959183,0.9148545265197754,0.48024478554725647,0.08493059873580933,0.9658997654914856,0.49082323908805847,0.0840352326631546,0.9805666208267212,0.5336751341819763,0.05224210396409035,0.9709830284118652,0.5779283046722412,0.03310791403055191,0.9211905002593994,0.44243693351745605,0.07097548991441727,0.9733179211616516,0.45148444175720215,0.07293102145195007,0.9857105612754822,0.49967658519744873,0.047338929027318954,0.9737445712089539,0.5465434193611145,0.032154299318790436,0.922602117061615,0.404384583234787,0.056145258247852325,0.9728161096572876,0.39550265669822693,0.06266538798809052,0.9910265207290649,0.43051642179489136,0.05651223286986351,0.986788809299469,0.4788099527359009,0.052695054560899734
D,0.7600407004356384,0.5228433609008789,8.888198266276959e-08,0.8121002912521362,0.5911375284194946,2.9927001378382556e-05,0.8745517730712891,0.6201286315917969,0.0032709185034036636,0.9263121485710144,0.632512092590332,-0.0009215979371219873,0.9686933159828186,0.6524028778076172,-0.0033721989020705223,0.9104381203651428,0.5299327373504639,0.051125623285770416,0.9658066034317017,0.5352498292922974,0.0402810275554657,0.9696134328842163,0.5758010149002075,0.024323996156454086,0.949386715888977,0.6066139936447144,0.017250947654247284,0.9150609374046326,0.49488866329193115,0.04445132240653038,0.9798373579978943,0.5092264413833618,0.03021598607301712,0.9754401445388794,0.5504137873649597,0.008652073331177235,0.9467389583587646,0.5800299644470215,-0.0007196504157036543,0.9165853261947632,0.4540671110153198,0.03272503614425659,0.9769303798675537,0.4699728488922119,0.018826059997081757,0.9746665358543396,0.5166413187980652,0.003959360532462597,0.9493589997291565,0.553491473197937,-0.0001127577488659881,0.9118391275405884,0.40778058767318726,0.020134184509515762,0.9598757028579712,0.42555660009384155,0.011238634586334229,0.9727707505226135,0.4693104028701782,0.004701629281044006,0.9663560390472412,0.5136481523513794,0.00396712776273489
D,0.7377179265022278,0.5268201231956482,2.1473792344295362e-07,0.7855711579322815,0.587614893913269,-0.007422762457281351,0.8440257906913757,0.6147013902664185,-0.009555509313941002,0.8930419683456421,0.6241753101348877,-0.017410913482308388,0.9350892305374146,0.6366358399391174,-0.022813763469457626,0.894445538520813,0.5105258226394653,0.0352090559899807,0.9582634568214417,0.5147305130958557,0.015373513102531433,0.9605311751365662,0.5646088123321533,-0.005038444884121418,0.9389328360557556,0.6002637147903442,-0.014096480794250965,0.8938894271850586,0.47813475131988525,0.030323177576065063,0.9609329700469971,0.4903089106082916,0.010292028076946735,0.9571152925491333,0.5426934957504272,-0.012471022084355354,0.9318705201148987,0.5775216817855835,-0.02334597334265709,0.890771210193634,0.43916797637939453,0.01986970752477646,0.9527531266212463,0.45680731534957886,0.0007570663001388311,0.9521295428276062,0.5123438239097595,-0.012660166248679161,0.928425133228302,0.5515139102935791,-0.015898069366812706,0.8811737298965454,0.3950708508491516,0.007969070225954056,0.9316306710243225,0.413612425327301,-0.0056875585578382015,0.9421491026878357,0.463756263256073,-0.011847496964037418,0.9326430559158325,0.5092383623123169,-0.01206990610808134
D,0.7249807715415955,0.5217912197113037,2.1584871490176738e-07,0.7830402255058289,0.5896074771881104,0.0014133225195109844,0.8430748581886292,0.6126337647438049,0.0055252970196306705,0.8943560123443604,0.62333083152771,0.0009557577432133257,0.9384790062904358,0.6391245722770691,-0.0017208583885803819,0.8838358521461487,0.5089515447616577,0.06028015911579132,0.9418022036552429,0.5126139521598816,0.04714467003941536,0.946145236492157,0.5584725737571716,0.02781406044960022,0.9277325868606567,0.59217369556427,0.01853249780833721,0.8867049813270569,0.4766780138015747,0.05175352096557617,0.950081467628479,0.4854735732078552,0.03698933124542236,0.9505338072776794,0.5340973734855652,0.012134592048823833,0.9283304214477539,0.5724072456359863,-0.0002771736471913755,0.8863936066627502,0.4374299943447113,0.03723724186420441,0.9458118081092834,0.4521564841270447,0.0221303291618824,0.9479044079780579,0.5057492256164551,0.005790260154753923,0.9273209571838379,0.5482358932495117,0.00045005057472735643,0.8799554109573364,0.3946128487586975,0.021649833768606186,0.9290094971656799,0.4164479374885559,0.011964816600084305,0.9407837986946106,0.4628356397151947,0.005808809772133827,0.9340984225273132,0.5069350004196167,0.005216612014919519
D,0.6678981184959412,0.5021219849586487,2.537720433792856e-07,0.7165374755859375,0.5594338178634644,-0.00786760076880455,0.7765153646469116,0.5929804444313049,-0.011711843311786652,0.8313148617744446,0.6097012162208557,-0.021871017292141914,0.8786838054656982,0.6229862570762634,-0.030269378796219826,0.8261317014694214,0.4778684973716736,0.04244501516222954,0.888357400894165,0.4857851266860962,0.025746317580342293,0.8947857618331909,0.5347447395324707,0.0059938072226941586,0.8769616484642029,0.574821949005127,-0.0037469519302248955,0.8290726542472839,0.44353172183036804,0.03656091168522835,0.8974911570549011,0.45870888233184814,0.01848842017352581,0.8976955413818359,0.5093129873275757,-0.00552668422460556,0.8755073547363281,0.5506893992424011,-0.017251910641789436,0.8282954096794128,0.4049191474914551,0.024908797815442085,0.891747236251831,0.4219704270362854,0.008967350237071514,0.8939610719680786,0.4743187129497528,-0.0049677398055791855,0.8736445307731628,0.5182124376296997,-0.009198088198900223,0.8190622925758362,0.3661123514175415,0.011332081630825996,0.8687769174575806,0.38018763065338135,0.0009843066800385714,0.8818525075912476,0.4280807673931122,-0.00414806604385376,0.8759639859199524,0.4773566722869873,-0.004052439704537392
D,0.6239401698112488,0.5146276354789734,2.670791161563102e-07,0.6847916841506958,0.5712166428565979,0.009127257391810417,0.746172308921814,0.5890131592750549,0.015600640326738358,0.8018568158149719,0.6056073904037476,0.010958599857985973,0.8531790375709534,0.6204189658164978,0.006800857372581959,0.7756335139274597,0.4610632658004761,0.08476603031158447,0.8259021043777466,0.45504409074783325,0.08377090096473694,0.8398112058639526,0.49843189120292664,0.06719254702329636,0.8335729837417603,0.539400577545166,0.05586126819252968,0.7776791453361511,0.4329809248447418,0.06951237469911575,0.8364094495773315,0.4214639663696289,0.06336910277605057,0.853936493396759,0.47047361731529236,0.036203932017087936,0.8445998430252075,0.5233938694000244,0.0191119983792305,0.7776711583137512,0.39956408739089966,0.048185527324676514,0.8400464653968811,0.39149999618530273,0.0418928824365139,0.8584244251251221,0.44591274857521057,0.023668326437473297,0.8506373763084412,0.4999951124191284,0.013408481143414974,0.7730882167816162,0.3714098334312439,0.025442548096179962,0.8301507234573364,0.36801043152809143,0.02153759077191353,0.8500227332115173,0.4131259024143219,0.016644056886434555,0.8492146134376526,0.46603912115097046,0.014483426697552204
D,0.5705587267875671,0.5234359502792358,3.3283311040577246e-07,0.6311802268028259,0.5818274021148682,0.01978263631463051,0.6985412836074829,0.5934155583381653,0.029326973482966423,0.7600516676902771,0.6070594787597656,0.025009602308273315,0.8147972822189331,0.6280633807182312,0.020149067044258118,0.7290284037590027,0.4596085250377655,0.10436220467090607,0.780451774597168,0.45795586705207825,0.115756094455719,0.8002626299858093,0.4995121657848358,0.10685042291879654,0.801375150680542,0.5395663976669312,0.09939251095056534,0.734333872795105,0.43431025743484497,0.08559400588274002,0.794579267501831,0.42191892862319946,0.09495116025209427,0.8180383443832397,0.46852535009384155,0.07604683190584183,0.8178168535232544,0.5213236212730408,0.06312385201454163,0.7361842393875122,0.4059848189353943,0.061294253915548325,0.8008174896240234,0.39527833461761475,0.0696822926402092,0.8246313333511353,0.45027315616607666,0.05528176203370094,0.8237355947494507,0.5069000124931335,0.04476301372051239,0.7346920371055603,0.3859975337982178,0.035941485315561295,0.7951825261116028,0.38519176840782166,0.04418637976050377,0.8190948963165283,0.4310433864593506,0.04251949489116669,0.8225323557853699,0.48332148790359497,0.04069726914167404
D,0.566340446472168,0.5273988246917725,3.514108186664089e-07,0.6317838430404663,0.5833114981651306,0.018074514344334602,0.7000006437301636,0.5952414274215698,0.025613009929656982,0.7606872320175171,0.6086801290512085,0.020052136853337288,0.8139270544052124,0.627863883972168,0.014795797877013683,0.7287090420722961,0.4632774889469147,0.09443756192922592,0.7832436561584473,0.4599534273147583,0.10053813457489014,0.8042380809783936,0.4999125897884369,0.0891682580113411,0.8033174872398376,0.5360087752342224,0.08107597380876541,0.7312595844268799,0.4358479976654053,0.07566159963607788,0.7946484684944153,0.41576558351516724,0.07793466746807098,0.8185209035873413,0.46425119042396545,0.05615425854921341,0.8131235241889954,0.5172465443611145,0.0427827350795269,0.7308294177055359,0.4073343276977539,0.051999252289533615,0.7984107732772827,0.3848508596420288,0.05461645498871803,0.8245704770088196,0.44168803095817566,0.039842743426561356,0.8211907744407654,0.4997412860393524,0.030789690092206,0.7288612723350525,0.38814252614974976,0.0275590717792511,0.7941155433654785,0.38048306107521057,0.030911752954125404,0.8186609148979187,0.42715978622436523,0.029509184882044792,0.8196893334388733,0.4799165725708008,0.029334131628274918
D,0.5368120670318604,0.5329344272613525,2.7043071781918115e-07,0.6013630032539368,0.5868784785270691,0.007641949225217104,0.6721705794334412,0.6045795679092407,0.009677864611148834,0.7342240810394287,0.6238020658493042,0.0010600031819194555,0.7854692339897156,0.6507361531257629,-0.006586018949747086,0.7067242860794067,0.48127758502960205,0.06670916080474854,0.7640722393989563,0.4698602557182312,0.06096026301383972,0.7869923710823059,0.5092632174491882,0.04417838901281357,0.7903561592102051,0.5507209300994873,0.03338342159986496,0.7089405655860901,0.45081377029418945,0.05080794543027878,0.7763424515724182,0.4248204529285431,0.04113774001598358,0.802227795124054,0.4718538224697113,0.01902548409998417,0.800159215927124,0.5288933515548706,0.006858514621853828,0.706464409828186,0.4214097559452057,0.029705528169870377,0.7774332761764526,0.3958037495613098,0.021573888137936592,0.8058794140815735,0.4493904113769531,0.006522474344819784,0.8067681789398193,0.5117613673210144,-0.000863906869199127,0.7021830081939697,0.4001283049583435,0.007097987923771143,0.7649644017219543,0.39649131894111633,0.001623791758902371,0.7932993769645691,0.4392610192298889,-0.003267287276685238,0.8006384968757629,0.4933410882949829,-0.00457550585269928
D,0.5285570025444031,0.5290310382843018,3.4042236052300723e-07,0.5928688645362854,0.5932608842849731,0.011064027436077595,0.6588655710220337,0.6206426024436951,0.01013933401554823,0.7156877517700195,0.6457691788673401,-0.0030266104731708765,0.7684140205383301,0.6710919141769409,-0.0157203059643507,0.7057160139083862,0.4934478998184204,0.06734489649534225,0.7637269496917725,0.484765887260437,0.061811696738004684,0.7866765856742859,0.5222022533416748,0.04666415974497795,0.7881079912185669,0.5610650777816772,0.03747907653450966,0.7072018384933472,0.4622268080711365,0.047244954854249954,0.7762581706047058,0.43258392810821533,0.03677796572446823,0.8008166551589966,0.48365020751953125,0.015506938099861145,0.7930446863174438,0.5415093302726746,0.0050706337206065655,0.7036173939704895,0.43093961477279663,0.022353457286953926,0.776111364364624,0.40415123105049133,0.013968314044177532,0.8034632205963135,0.46444427967071533,0.0006197159527800977,0.7991242408752441,0.5270531177520752,-0.005134586710482836,0.697209894657135,0.4091114401817322,-0.0037118769250810146,0.7619552612304688,0.40002894401550293,-0.009634965099394321,0.7899885773658752,0.44742992520332336,-0.012893514707684517,0.7933786511421204,0.5034173130989075,-0.012573042884469032
D,0.520703911781311,0.528273344039917,3.2918046599661466e-07,0.5850031971931458,0.5908868908882141,0.0037102133501321077,0.652728259563446,0.6193528771400452,0.0018638430628925562,0.7118418216705322,0.6441011428833008,-0.009908719919621944,0.7664230465888977,0.6680627465248108,-0.02109292335808277,0.6998265981674194,0.5041319727897644,0.05733812227845192,0.7566119432449341,0.49869468808174133,0.0483149029314518,0.778732419013977,0.5348398685455322,0.03059663064777851,0.7831124663352966,0.5708974599838257,0.01920662261545658,0.7016237378120422,0.4706331789493561,0.041141118854284286,0.770655632019043,0.44413360953330994,0.025567732751369476,0.7926827073097229,0.4929088354110718,0.0015475710388273,0.7863311767578125,0.5493137240409851,-0.010879146866500378,0.6969912648200989,0.4375300705432892,0.019781537353992462,0.7709149718284607,0.40869393944740295,0.005007454659789801,0.7963605523109436,0.46728309988975525,-0.011370090767741203,0.7935513257980347,0.5322838425636292,-0.018420081585645676,0.687964141368866,0.4124757647514343,-0.0029275021515786648,0.7532578110694885,0.4036906957626343,-0.014954153448343277,0.7823491096496582,0.4507012963294983,-0.02198643982410431,0.788938045501709,0.5094912648200989,-0.02395368181169033
D,0.520931601524353,0.5263748168945312,3.447949552537466e-07,0.5853907465934753,0.5890036821365356,0.006253034342080355,0.6508914232254028,0.6145516633987427,0.0071485345251858234,0.708616316318512,0.6375657916069031,-0.0024016075767576694,0.7606582045555115,0.6558483839035034,-0.011779410764575005,0.6975380182266235,0.5012999773025513,0.06317009776830673,0.7533234357833862,0.500296950340271,0.05626300349831581,0.7767088413238525,0.5367122292518616,0.03945370763540268,0.7830302119255066,0.5719195008277893,0.028513947501778603,0.700725793838501,0.4708409905433655,0.04636643826961517,0.7684620022773743,0.4521019160747528,0.03265653923153877,0.7898140549659729,0.5008592009544373,0.008516047149896622,0.7837505340576172,0.5551427602767944,-0.004082400351762772,0.697765588760376,0.43864375352859497,0.024421831592917442,0.7707178592681885,0.4152420461177826,0.012051846832036972,0.7947342991828918,0.4737774133682251,-0.004337011836469173,0.7910602688789368,0.5373595356941223,-0.011616065166890621,0.6899323463439941,0.4125880300998688,0.0011218334548175335,0.7552109360694885,0.4016288220882416,-0.008453162387013435,0.7829786539077759,0.448519229888916,-0.014723140746355057,0.7872328758239746,0.5074460506439209,-0.01642962172627449
D,0.5229696035385132,0.5238052010536194,2.9909855925325246e-07,0.5864138603210449,0.5880122184753418,0.007748213596642017,0.6520707607269287,0.6094532012939453,0.010407240130007267,0.7108110785484314,0.6288699507713318,0.002606390742585063,0.7619909048080444,0.6466723680496216,-0.004841610323637724,0.6977202296257019,0.4999595880508423,0.06332915276288986,0.7532767653465271,0.49918732047080994,0.05591634660959244,0.7749384045600891,0.5374792218208313,0.03925992175936699,0.7782821655273438,0.5726686716079712,0.02870992012321949,0.7007737159729004,0.4702158570289612,0.04637989401817322,0.7695064544677734,0.4525643587112427,0.03175533190369606,0.7899373769760132,0.5036172270774841,0.00784540269523859,0.7814128398895264,0.5566674470901489,-0.004348847083747387,0.6981182098388672,0.4386363923549652,0.02433820255100727,0.7720984220504761,0.4155924320220947,0.01076203677803278,0.7952845692634583,0.47582507133483887,-0.006073864176869392,0.789567768573761,0.5382224917411804,-0.013346254825592041,0.6909083127975464,0.4124341607093811,0.0012242456432431936,0.7558082938194275,0.4034232497215271,-0.009446969255805016,0.7825973033905029,0.45128437876701355,-0.01661541312932968,0.7856677174568176,0.5092499852180481,-0.018901871517300606
D,0.5247746109962463,0.5227658152580261,3.8526133039340493e-07,0.5900603532791138,0.583759605884552,0.003979876171797514,0.6538739800453186,0.6111096739768982,0.0031603151001036167,0.7107106447219849,0.6300438642501831,-0.007685850374400616,0.7673642039299011,0.6356544494628906,-0.018001915886998177,0.6964247822761536,0.4978836178779602,0.06521198898553848,0.7511079907417297,0.501103401184082,0.05738122761249542,0.7730766534805298,0.5394287109375,0.038508590310811996,0.7768298983573914,0.5719058513641357,0.026483580470085144,0.6998575925827026,0.4683462083339691,0.04988786578178406,0.7694897651672363,0.4527958333492279,0.035631213337183,0.7899793386459351,0.5030563473701477,0.009169823490083218,0.780097246170044,0.5551634430885315,-0.005240292754024267,0.6981251835823059,0.4360368251800537,0.029075641185045242,0.772180438041687,0.41628149151802063,0.016794776543974876,0.7946678996086121,0.47701722383499146,-0.0007083136588335037,0.7870177030563354,0.5386529564857483,-0.008952585980296135,0.6915984749794006,0.4105486273765564,0.006836154032498598,0.7566220760345459,0.4072413444519043,-0.0018878044793382287,0.7818541526794434,0.45681294798851013,-0.0079272435978055,0.7821432948112488,0.5135058164596558,-0.009812300093472004
D,0.5272372364997864,0.5184663534164429,3.460454536252655e-07,0.5921825766563416,0.5801228284835815,0.0022637054789811373,0.6579790115356445,0.6053425669670105,0.003646639408543706,0.7161156535148621,0.6224880218505859,-0.004104516003280878,0.7714518308639526,0.6137329339981079,-0.01163576077669859,0.6949271559715271,0.5005736351013184,0.05929871276021004,0.7484394311904907,0.507921576499939,0.0495821088552475,0.7717598676681519,0.5454261302947998,0.030100885778665543,0.7779864072799683,0.5767683386802673,0.018116634339094162,0.6994738578796387,0.470019668340683,0.045795951038599014,0.7671259045600891,0.45893579721450806,0.030269937589764595,0.7881978750228882,0.5084278583526611,0.004174345638602972,0.7800219058990479,0.5594598054885864,-0.009928400628268719,0.6977124810218811,0.43659359216690063,0.02678760327398777,0.7702382206916809,0.4202885925769806,0.011951531283557415,0.7917895317077637,0.47943544387817383,-0.006377583369612694,0.7843999862670898,0.539550244808197,-0.0145162558183074,0.69121915102005,0.40839481353759766,0.006421621423214674,0.7561978101730347,0.40457504987716675,-0.005006282590329647,0.781537652015686,0.4521031975746155,-0.012350601144134998,0.7822222113609314,0.5078738331794739,-0.01467632595449686
D,0.5317786931991577,0.5154188871383667,3.233835172977706e-07,0.5963886976242065,0.5795679092407227,0.00467719417065382,0.6604239344596863,0.6021112203598022,0.009918658062815666,0.7166760563850403,0.6177422404289246,0.00584512110799551,0.7697300910949707,0.606076180934906,0.0020829779095947742,0.6985079050064087,0.4968620538711548,0.06622955203056335,0.7499872446060181,0.5040783286094666,0.05920431762933731,0.7719666361808777,0.5411726832389832,0.040418244898319244,0.7783416509628296,0.5719529986381531,0.028299877420067787,0.7029033899307251,0.4678497612476349,0.05257095769047737,0.7690381407737732,0.458659291267395,0.03950951620936394,0.7902600765228271,0.5053864121437073,0.01326932106167078,0.7837890386581421,0.5537317991256714,-0.0016477638855576515,0.7014933228492737,0.43529748916625977,0.03329341486096382,0.7725870013237,0.4223085641860962,0.020106671378016472,0.7942379713058472,0.47958070039749146,0.0009243561653420329,0.7874502539634705,0.5373614430427551,-0.008300666697323322,0.6955388188362122,0.40748438239097595,0.012748817913234234,0.7588917016983032,0.40535205602645874,0.0017546515446156263,0.7829240560531616,0.45224493741989136,-0.006374405696988106,0.7831563949584961,0.5074892640113831,-0.0095814885571599
D,0.5325215458869934,0.5153171420097351,3.451127099651785e-07,0.5961506366729736,0.57863849401474,0.0024534794501960278,0.6607046723365784,0.6022148132324219,0.00530734658241272,0.7167330384254456,0.6178372502326965,-0.0007869568071328104,0.7703430652618408,0.6053888201713562,-0.006315313279628754,0.6994954347610474,0.4956561028957367,0.06191521883010864,0.752286970615387,0.50239098072052,0.0523160919547081,0.7731684446334839,0.5409595966339111,0.03217553719878197,0.775906503200531,0.5729956030845642,0.019879842177033424,0.7036947011947632,0.46710339188575745,0.04881450533866882,0.7704535722732544,0.45764899253845215,0.033649690449237823,0.7911521196365356,0.5065457224845886,0.006510798819363117,0.7817729115486145,0.5562214255332947,-0.008368492126464844,0.7023431062698364,0.4347878098487854,0.030087092891335487,0.7731800675392151,0.42116579413414,0.01601165533065796,0.7947039008140564,0.4793839454650879,-0.0029652216471731663,0.7866798639297485,0.5376033782958984,-0.01164209470152855,0.6958706974983215,0.4075363874435425,0.009932282380759716,0.7587752938270569,0.40637141466140747,-0.0011687474325299263,0.7832537889480591,0.4533224105834961,-0.008910587057471275,0.7834081053733826,0.5078058242797852,-0.011535605415701866
D,0.5346336960792542,0.5134080648422241,3.5226520367359626e-07,0.5990744233131409,0.5767354965209961,0.001116269500926137,0.6621240973472595,0.600250780582428,0.0040934267453849316,0.7186873555183411,0.6161715388298035,-0.0016739029670134187,0.7711300849914551,0.5979834794998169,-0.007243483327329159,0.6981831789016724,0.4966820478439331,0.06121469661593437,0.7498932480812073,0.5040882229804993,0.05148157477378845,0.7719976305961609,0.5406490564346313,0.03105221502482891,0.7776675820350647,0.5713098049163818,0.018363934010267258,0.7029996514320374,0.466818630695343,0.04892027750611305,0.7685809135437012,0.4585144817829132,0.03395795077085495,0.790411651134491,0.5048111081123352,0.006747341714799404,0.7844293117523193,0.5538285374641418,-0.008677631616592407,0.7020134925842285,0.4334520697593689,0.03075919672846794,0.7720150351524353,0.42060455679893494,0.0158940888941288,0.7941415309906006,0.47712016105651855,-0.004027930088341236,0.7877520322799683,0.535453736782074,-0.013476301915943623,0.6955121159553528,0.4041285514831543,0.011101911775767803,0.7581605911254883,0.401878297328949,-0.0009978892048820853,0.7824307680130005,0.44905179738998413,-0.009597685188055038,0.7826321721076965,0.50521320104599,-0.012972407042980194
D,0.5377535223960876,0.5123290419578552,3.4979422025571694e-07,0.6022584438323975,0.5771707892417908,-0.0011217909632250667,0.6649594902992249,0.6025867462158203,0.0015157891903072596,0.7205290794372559,0.6181381940841675,-0.003915700595825911,0.7713919281959534,0.5975898504257202,-0.0090620843693614,0.6990344524383545,0.49707385897636414,0.0578296072781086,0.7495718598365784,0.5032381415367126,0.04732256755232811,0.771166980266571,0.5396948456764221,0.02681584469974041,0.777530312538147,0.5705908536911011,0.014101843349635601,0.7035610675811768,0.46732309460639954,0.04693170264363289,0.7679802179336548,0.4607369899749756,0.030599454417824745,0.7892441153526306,0.5060381293296814,0.0030160562600940466,0.7840318083763123,0.5535434484481812,-0.012442359700798988,0.7025451064109802,0.4339941143989563,0.03009977750480175,0.7716230154037476,0.42326533794403076,0.013926043175160885,0.7928678393363953,0.47905227541923523,-0.0063997129909694195,0.7857117056846619,0.5360841751098633,-0.015695927664637566,0.696065366268158,0.40366116166114807,0.011638622730970383,0.7577557563781738,0.40092307329177856,-0.001518216566182673,0.7823365926742554,0.4472150504589081,-0.010964700020849705,0.7831092476844788,0.5028524994850159,-0.014753218740224838
D,0.5395650863647461,0.5119208097457886,3.550340181845968e-07,0.6029653549194336,0.5790910720825195,-1.8068474673782475e-05,0.6647561192512512,0.6035215854644775,0.0030788257718086243,0.720416247844696,0.6183895468711853,-0.002203018171712756,0.7712059617042542,0.5978015661239624,-0.0072868457064032555,0.7002198100090027,0.4969334602355957,0.05994443967938423,0.7506914138793945,0.5028591156005859,0.049997393041849136,0.7716996073722839,0.5393012166023254,0.029644818976521492,0.7772115468978882,0.5699626207351685,0.016840292140841484,0.7043778896331787,0.4668239951133728,0.04852048307657242,0.7693977355957031,0.4595363736152649,0.03241218626499176,0.7904850840568542,0.5052462816238403,0.004576199222356081,0.7846110463142395,0.5529198050498962,-0.011075957678258419,0.7031939029693604,0.4333173930644989,0.031168559566140175,0.7729679346084595,0.4223436415195465,0.015062490478157997,0.7944727540016174,0.4789421558380127,-0.005724653135985136,0.78706955909729,0.5362253189086914,-0.015408510342240334,0.6965917348861694,0.40335091948509216,0.01230340451002121,0.7577071785926819,0.40165215730667114,-0.0013921636855229735,0.7819063067436218,0.449105829000473,-0.011648527346551418,0.7823864221572876,0.5056245923042297,-0.016006160527467728
D,0.5403240323066711,0.5123549699783325,3.261200731685676e-07,0.603401780128479,0.5786836743354797,7.105543772922829e-05,0.665536642074585,0.6036519408226013,0.0030286998953670263,0.720921516418457,0.617743968963623,-0.002398320473730564,0.7715931534767151,0.5989025235176086,-0.007500129751861095,0.7008205652236938,0.4978155791759491,0.057852886617183685,0.7515158653259277,0.5039634108543396,0.04707649350166321,0.7719406485557556,0.5427728891372681,0.026934226974844933,0.7774466276168823,0.5750666856765747,0.01439752895385027,0.7057849764823914,0.4688754081726074,0.04624520614743233,0.76885986328125,0.4624820947647095,0.029160331934690475,0.7883898615837097,0.5100297331809998,0.0019240976544097066,0.7827972173690796,0.5588999390602112,-0.012987936846911907,0.7059467434883118,0.43615657091140747,0.02880282513797283,0.773801326751709,0.4249266982078552,0.012042678892612457,0.7939953804016113,0.4825328588485718,-0.007789661176502705,0.7870426177978516,0.5414203405380249,-0.016555871814489365,0.7009192705154419,0.406135618686676,0.009789839386940002,0.76084303855896,0.40432900190353394,-0.004183725453913212,0.7843221426010132,0.45260241627693176,-0.013934571295976639,0.7849011421203613,0.5104195475578308,-0.017686234787106514
D,0.5406715869903564,0.5119544267654419,3.2028518148763396e-07,0.6036654710769653,0.5796634554862976,0.000722560565918684,0.6661450862884521,0.6039603352546692,0.004892239812761545,0.7216981053352356,0.6183014512062073,0.0006506170611828566,0.7720094919204712,0.600918173789978,-0.003244119929149747,0.7013287544250488,0.5007834434509277,0.05940377712249756,0.7512311339378357,0.5085808038711548,0.04977020248770714,0.7716118097305298,0.5441085696220398,0.030352246016263962,0.7776272892951965,0.5735920071601868,0.01820567436516285,0.7060515284538269,0.47075513005256653,0.047739818692207336,0.7693151235580444,0.4638611674308777,0.0309450663626194,0.7894992232322693,0.5100222229957581,0.0037979271728545427,0.784287691116333,0.5585011839866638,-0.0109024029225111,0.7055140137672424,0.4377463459968567,0.030241146683692932,0.77390456199646,0.4258820414543152,0.012979150749742985,0.7941239476203918,0.4827198088169098,-0.007783624343574047,0.7869820594787598,0.5413044691085815,-0.01692982204258442,0.6999930143356323,0.4077647924423218,0.011352185159921646,0.7601990103721619,0.40681031346321106,-0.003157999599352479,0.7837116122245789,0.4544694125652313,-0.01373699214309454,0.7846298813819885,0.5117424726486206,-0.01806081458926201
D,0.5415017604827881,0.511497974395752,3.249921292081126e-07,0.6049585938453674,0.5785306692123413,0.00021326146088540554,0.6661437153816223,0.6028180122375488,0.00385544216260314,0.7214784622192383,0.6195414662361145,-0.0007777936989441514,0.7715076208114624,0.6012009382247925,-0.005231591407209635,0.7026804685592651,0.5006590485572815,0.057528428733348846,0.7532503604888916,0.5082740187644958,0.04712660610675812,0.7728439569473267,0.544126033782959,0.027162795886397362,0.7783249020576477,0.5742445588111877,0.014675877057015896,0.7070906162261963,0.47063180804252625,0.046104978770017624,0.7710812091827393,0.4649534225463867,0.029417099431157112,0.7909160852432251,0.5100244879722595,0.002199850045144558,0.7857375144958496,0.5575118660926819,-0.01289076916873455,0.7060944437980652,0.43739935755729675,0.02886979468166828,0.774519145488739,0.426885724067688,0.011870001442730427,0.7950022220611572,0.48279768228530884,-0.009039045311510563,0.7881932258605957,0.5405709147453308,-0.018562398850917816,0.6999422907829285,0.40704524517059326,0.010200134478509426,0.7603676915168762,0.4060180187225342,-0.004327309783548117,0.783911406993866,0.4533769488334656,-0.015058185905218124,0.7846642732620239,0.5107200145721436,-0.01957879401743412
D,0.5421369075775146,0.5114039778709412,3.2510482128600415e-07,0.6051000356674194,0.5785027146339417,0.0005947962636128068,0.6659826040267944,0.6029114127159119,0.004459983669221401,0.7211443185806274,0.61937016248703,-4.6233053581090644e-05,0.7713316679000854,0.6012868881225586,-0.004367470741271973,0.7032984495162964,0.5014051795005798,0.05859770625829697,0.7538121342658997,0.5088056921958923,0.048753317445516586,0.7730966210365295,0.5446202158927917,0.029068704694509506,0.7781936526298523,0.5748386383056641,0.016718540340662003,0.7076799869537354,0.4711177349090576,0.04701470211148262,0.7715022563934326,0.4651838541030884,0.0307304710149765,0.7911224961280823,0.5103592276573181,0.0035786556545645,0.7856495976448059,0.5578930377960205,-0.011463449336588383,0.7066214084625244,0.4377081096172333,0.029617948457598686,0.7747538685798645,0.42717206478118896,0.01291747111827135,0.7949590682983398,0.48325812816619873,-0.008027740754187107,0.7880244255065918,0.5409899353981018,-0.017603345215320587,0.7004498243331909,0.40728551149368286,0.010821039788424969,0.7606699466705322,0.40598660707473755,-0.0034868621733039618,0.7839782238006592,0.4532952606678009,-0.014148363843560219,0.7845779061317444,0.5106624364852905,-0.018635496497154236
D,0.5450169444084167,0.5122727751731873,2.9297103765202337e-07,0.6059956550598145,0.5790648460388184,-0.0015286760171875358,0.668783962726593,0.6056962013244629,0.001958829117938876,0.7244328260421753,0.6216881275177002,-0.0019965367391705513,0.7729983925819397,0.6041816473007202,-0.0056361365132033825,0.7075086832046509,0.5086160898208618,0.05283881351351738,0.7570945620536804,0.5169721841812134,0.042764052748680115,0.7746911644935608,0.5522491931915283,0.023955823853611946,0.7787606120109558,0.5811855792999268,0.012133010663092136,0.7113882303237915,0.477811336517334,0.042886264622211456,0.7734859585762024,0.47280895709991455,0.02612634375691414,0.7908540964126587,0.5171678066253662,0.0003155400336254388,0.7846768498420715,0.5617079734802246,-0.013773192651569843,0.7098357081413269,0.4440176486968994,0.027272317558526993,0.7768921852111816,0.43293216824531555,0.009609762579202652,0.7945448160171509,0.48790574073791504,-0.0104674706235528,0.7856223583221436,0.5437088012695312,-0.01929478347301483,0.7035736441612244,0.4121240973472595,0.010220295749604702,0.7623822093009949,0.4100354015827179,-0.005024186335504055,0.7846489548683167,0.45594534277915955,-0.015839828178286552,0.78473299741745,0.5112886428833008,-0.020341578871011734
D,0.546268105506897,0.5120570063591003,3.242755042265344e-07,0.6054913401603699,0.5796827077865601,-0.003499559359624982,0.6679056882858276,0.60675048828125,-0.0012778672389686108,0.7246749997138977,0.6258238554000854,-0.006129115354269743,0.7739832997322083,0.6072688102722168,-0.010670091025531292,0.7084373831748962,0.5088733434677124,0.04951833188533783,0.759710431098938,0.5174286365509033,0.038630709052085876,0.7766578197479248,0.554363489151001,0.0193977952003479,0.7798287272453308,0.5846562385559082,0.007283875718712807,0.7123619318008423,0.477774977684021,0.040199849754571915,0.7761009335517883,0.4743346571922302,0.02344495803117752,0.7938520908355713,0.5188010931015015,-0.0025877682492136955,0.7877848148345947,0.563144326210022,-0.017195753753185272,0.7109224796295166,0.4436580538749695,0.02519519254565239,0.7778889536857605,0.4352394640445709,0.007648506201803684,0.7959136366844177,0.4898327887058258,-0.012824186123907566,0.7872654795646667,0.5446758270263672,-0.022284843027591705,0.7044888138771057,0.4118139147758484,0.008562681265175343,0.7629015445709229,0.41211745142936707,-0.007028977852314711,0.7847900986671448,0.4586374759674072,-0.01836608164012432,0.7842051386833191,0.5141555070877075,-0.023372069001197815
D,0.5500149726867676,0.5123467445373535,3.185918160397705e-07,0.6065487265586853,0.5779032111167908,-0.008069881238043308,0.6677765846252441,0.6084353923797607,-0.008620794862508774,0.72439044713974,0.6259444952011108,-0.015124667435884476,0.7744791507720947,0.6093453764915466,-0.021064074710011482,0.7123311161994934,0.5167418122291565,0.04053819924592972,0.7638775110244751,0.5254339575767517,0.027752645313739777,0.7795183062553406,0.5607107877731323,0.00872062612324953,0.7801488041877747,0.5894914865493774,-0.0028125434182584286,0.7163223624229431,0.48427581787109375,0.03375331684947014,0.7801108360290527,0.4813230335712433,0.015777302905917168,0.7962952256202698,0.5227425694465637,-0.00879651214927435,0.788939356803894,0.5645806193351746,-0.022049028426408768,0.7146934866905212,0.4492335915565491,0.02132856659591198,0.7819112539291382,0.4394384026527405,0.0032111438922584057,0.798768162727356,0.4905826449394226,-0.014872769825160503,0.7894691228866577,0.5437803864479065,-0.022428805008530617,0.7070664167404175,0.4154360294342041,0.006967978086322546,0.7646377086639404,0.4155961871147156,-0.008372741751372814,0.7875412702560425,0.45924219489097595,-0.018412092700600624,0.787746250629425,0.5128695368766785,-0.02224860154092312
D,0.5507645010948181,0.5095049142837524,3.195007138856454e-07,0.6060569882392883,0.576231062412262,-0.008149622939527035,0.6672977209091187,0.6079524755477905,-0.009128029458224773,0.724074125289917,0.6268485188484192,-0.016223842278122902,0.7745639085769653,0.609341561794281,-0.022755194455385208,0.7126718163490295,0.51743084192276,0.04131823405623436,0.7634603977203369,0.5283195376396179,0.027694689109921455,0.7781903743743896,0.5651087164878845,0.007837576791644096,0.7784497737884521,0.5943446159362793,-0.004275715444236994,0.7173430323600769,0.48520627617836,0.034176334738731384,0.7808076739311218,0.4837474524974823,0.015110722742974758,0.7955908179283142,0.5260783433914185,-0.010223452933132648,0.7879887223243713,0.5678502321243286,-0.023868683725595474,0.7168137431144714,0.4502158761024475,0.021259812638163567,0.7833089232444763,0.44109728932380676,0.0020623812451958656,0.7985581159591675,0.4935470223426819,-0.016433866694569588,0.7879559397697449,0.5469894409179688,-0.024113638326525688,0.710198163986206,0.4165201187133789,0.0063543920405209064,0.7668740153312683,0.41722285747528076,-0.009980429895222187,0.7880708575248718,0.4624421000480652,-0.020530616864562035,0.7868737578392029,0.5170155167579651,-0.02467718906700611
D,0.5539960265159607,0.5136552453041077,3.072632637213246e-07,0.6090002655982971,0.5802887082099915,-0.006533850450068712,0.6698829531669617,0.6128185987472534,-0.006721164099872112,0.7256268858909607,0.6323175430297852,-0.013291451148688793,0.7748262882232666,0.6150885820388794,-0.01901429332792759,0.7181596755981445,0.5203247666358948,0.04362454637885094,0.7698044180870056,0.5280019640922546,0.03051227331161499,0.7815049290657043,0.5662990212440491,0.010784415528178215,0.7777264714241028,0.5968202352523804,-0.001090113422833383,0.7228816151618958,0.49000492691993713,0.035835638642311096,0.7867254614830017,0.4857219457626343,0.01733316481113434,0.7995291948318481,0.5303417444229126,-0.00809879507869482,0.7886618375778198,0.5723999738693237,-0.021645236760377884,0.7220836281776428,0.4566992521286011,0.02244137041270733,0.7878389358520508,0.4458714723587036,0.004611429292708635,0.8016374111175537,0.5001801252365112,-0.013510402292013168,0.7899320125579834,0.553261935710907,-0.02112109586596489,0.7151610255241394,0.42537930607795715,0.0071323346346616745,0.7715491056442261,0.42553699016571045,-0.007558373734354973,0.7917006015777588,0.4711377024650574,-0.01709628477692604,0.789901852607727,0.5249184966087341,-0.020671339705586433
D,0.5543501377105713,0.5139377117156982,3.285363447957934e-07,0.6084152460098267,0.5808608531951904,-0.007478445302695036,0.6679016947746277,0.614913821220398,-0.010168759152293205,0.7240602374076843,0.6366677284240723,-0.019580643624067307,0.7725651860237122,0.6165525913238525,-0.0282804723829031,0.7158592343330383,0.5202773213386536,0.042611509561538696,0.7686748504638672,0.5281924605369568,0.029116662219166756,0.7812539339065552,0.5653948187828064,0.00968158058822155,0.7777433395385742,0.5944211483001709,-0.0017330837436020374,0.720464289188385,0.4900972843170166,0.03471657633781433,0.7846863269805908,0.4861244857311249,0.015772663056850433,0.7963758707046509,0.5303618907928467,-0.009532908909022808,0.7857271432876587,0.5730446577072144,-0.02262522466480732,0.7209877371788025,0.45692941546440125,0.021175751462578773,0.7864904999732971,0.44721734523773193,0.003481118241325021,0.7999672889709473,0.5018579959869385,-0.014624730683863163,0.7879960536956787,0.5559229850769043,-0.022129377350211143,0.715653121471405,0.4261426329612732,0.00555838318541646,0.7724872827529907,0.42756029963493347,-0.0084603950381279,0.7931578159332275,0.47391796112060547,-0.018074937164783478,0.7913731932640076,0.5288550853729248,-0.021807484328746796
D,0.5549957752227783,0.5150332450866699,3.4092877854163817e-07,0.6092396378517151,0.5814803242683411,-0.007579933851957321,0.6678967475891113,0.614894688129425,-0.009908071719110012,0.7238119840621948,0.6367227435112,-0.018946899101138115,0.7714918255805969,0.6158563494682312,-0.027363639324903488,0.715194582939148,0.5209455490112305,0.04385478049516678,0.7673806548118591,0.529988706111908,0.03137555718421936,0.7803835868835449,0.5664263367652893,0.012478348799049854,0.7781292200088501,0.5952389240264893,0.001245786901563406,0.7195298075675964,0.49030035734176636,0.03622337803244591,0.7827247381210327,0.48895567655563354,0.017982210963964462,0.7945572733879089,0.5319961309432983,-0.007328905165195465,0.7852873802185059,0.5742475986480713,-0.020494509488344193,0.7200140357017517,0.4565538763999939,0.022921830415725708,0.7844415307044983,0.44927501678466797,0.005741553381085396,0.7981884479522705,0.5029749870300293,-0.012807429768145084,0.787156343460083,0.5567083954811096,-0.0206910353153944,0.7148770093917847,0.4249371588230133,0.007534780073910952,0.7716195583343506,0.4268932342529297,-0.006262645591050386,0.7924174070358276,0.4728473424911499,-0.016107913106679916,0.7910943627357483,0.5283558964729309,-0.020040372386574745
D,0.5579276084899902,0.5148708820343018,3.621991027102922e-07,0.6111851334571838,0.5803254842758179,-0.003461140440776944,0.6688098907470703,0.6112664937973022,-0.004558291751891375,0.7224776744842529,0.6324005126953125,-0.013248661532998085,0.7698617577552795,0.6114014387130737,-0.021172385662794113,0.714614987373352,0.5100499391555786,0.04848932847380638,0.7664057612419128,0.5154637098312378,0.035668306052684784,0.7800940275192261,0.5551913976669312,0.016117198392748833,0.7768207788467407,0.5876628756523132,0.004953931085765362,0.7191658020019531,0.48126664757728577,0.038784295320510864,0.7834544777870178,0.4761698246002197,0.02135498635470867,0.7969136238098145,0.524024486541748,-0.0032891915179789066,0.7868144512176514,0.570244312286377,-0.015918537974357605,0.7196967601776123,0.4488559663295746,0.023377759382128716,0.7856214642524719,0.44242921471595764,0.007086099125444889,0.7998327016830444,0.5002323985099792,-0.010930142365396023,0.7885350584983826,0.5549386143684387,-0.01844533160328865,0.7147008776664734,0.4197125732898712,0.006189656909555197,0.7729800343513489,0.4259420335292816,-0.006869183387607336,0.7924427390098572,0.47565606236457825,-0.016054321080446243,0.7894708514213562,0.5318647027015686,-0.01944354549050331
D,0.5561466813087463,0.5108711123466492,3.7674681152566336e-07,0.6109498739242554,0.5782009959220886,-3.5516634397936286e-06,0.6689491868019104,0.6088826060295105,-0.00034208057331852615,0.7219864130020142,0.6281231045722961,-0.009374527260661125,0.7712956666946411,0.6067104935646057,-0.01771032251417637,0.7155014872550964,0.5029156804084778,0.05640771985054016,0.7673404216766357,0.5071497559547424,0.04647785425186157,0.7828688025474548,0.5456769466400146,0.02780652977526188,0.7808627486228943,0.5765827894210815,0.01676934026181698,0.7193920016288757,0.47461041808128357,0.04443879798054695,0.78456050157547,0.4671437740325928,0.029277365654706955,0.7999354600906372,0.515423059463501,0.0041621970012784,0.7891667485237122,0.5628929138183594,-0.009142238646745682,0.7193667888641357,0.4419630765914917,0.026815081015229225,0.7851769328117371,0.43646907806396484,0.012940722517669201,0.8005063533782959,0.49577441811561584,-0.0049832104705274105,0.7886328101158142,0.5510159730911255,-0.012981504201889038,0.7138563394546509,0.4137513041496277,0.007544208783656359,0.7722755074501038,0.42075079679489136,-0.003424836089834571,0.792847752571106,0.4701448976993561,-0.011891075409948826,0.7904670238494873,0.5253044962882996,-0.015156588517129421
D,0.556167721748352,0.5119205117225647,3.231245102597313e-07,0.6121264100074768,0.577195942401886,-5.2124170906608924e-05,0.6686094403266907,0.6081002354621887,-0.000651287438813597,0.7201149463653564,0.6283047199249268,-0.009685488417744637,0.7674214243888855,0.6083774566650391,-0.017912786453962326,0.7148576378822327,0.5012879371643066,0.05428881198167801,0.7648503184318542,0.5068433284759521,0.043126631528139114,0.7783176898956299,0.5448373556137085,0.023697009310126305,0.7750994563102722,0.5747984051704407,0.012362481094896793,0.7188064455986023,0.4731792211532593,0.042441993951797485,0.7827663421630859,0.46635109186172485,0.026011640205979347,0.7950063943862915,0.5152947902679443,0.0008018881781026721,0.7822130918502808,0.5628945827484131,-0.0121309207752347,0.7185729146003723,0.44131195545196533,0.025135483592748642,0.7837567329406738,0.4334985911846161,0.010416848585009575,0.798101544380188,0.4922901391983032,-0.006691753398627043,0.7865810990333557,0.5478830933570862,-0.013700837269425392,0.7126111388206482,0.41404464840888977,0.0062487139366567135,0.7706367373466492,0.41863778233528137,-0.004868648946285248,0.7908850312232971,0.46810755133628845,-0.01235897932201624,0.7893896102905273,0.5235018134117126,-0.014608165249228477
D,0.5560122728347778,0.5119268298149109,3.165227155932371e-07,0.6119505167007446,0.5779295563697815,0.0008214112604036927,0.6694445013999939,0.6082447171211243,0.0007480710046365857,0.7208144068717957,0.627387523651123,-0.007946687750518322,0.7679651975631714,0.6062527894973755,-0.015808092430233955,0.7150378227233887,0.500046968460083,0.0552004873752594,0.7657560706138611,0.5049218535423279,0.04379347339272499,0.7789165377616882,0.5447747111320496,0.024134255945682526,0.7745164036750793,0.5763438940048218,0.012762816622853279,0.7188670039176941,0.4725675880908966,0.042886558920145035,0.7836040258407593,0.4656725525856018,0.02671988308429718,0.796051025390625,0.5159426331520081,0.001527259941212833,0.7827998399734497,0.5642210841178894,-0.011519976891577244,0.7185731530189514,0.4411543011665344,0.025086717680096626,0.784468412399292,0.4347509741783142,0.010405872017145157,0.7987541556358337,0.4949430823326111,-0.006605970207601786,0.7867434620857239,0.5504671931266785,-0.013621560297906399,0.7124412655830383,0.4143168032169342,0.005777172278612852,0.7710837125778198,0.4208364486694336,-0.005506899207830429,0.7910179495811462,0.4716988503932953,-0.01296923216432333,0.7890701293945312,0.5270744562149048,-0.015207170508801937
D,0.5541478395462036,0.5101720690727234,2.982785929361853e-07,0.6122812628746033,0.5751522183418274,0.0014334337320178747,0.6691069602966309,0.6065483689308167,0.001656144275330007,0.7206118106842041,0.6265259385108948,-0.00684354780241847,0.7670143246650696,0.6051250696182251,-0.014799642376601696,0.7112874984741211,0.5027185082435608,0.05508047714829445,0.7613953948020935,0.5093815922737122,0.04436657205224037,0.7761476635932922,0.545039713382721,0.025393707677721977,0.7758229374885559,0.5718977451324463,0.014225577004253864,0.7158770561218262,0.47447702288627625,0.04234004393219948,0.7795371413230896,0.4684661328792572,0.02654958888888359,0.7925329804420471,0.5162979960441589,0.002245331881567836,0.7814214825630188,0.5629348754882812,-0.010172468610107899,0.715792715549469,0.44259247183799744,0.024225981906056404,0.7821754813194275,0.4347555637359619,0.009784664958715439,0.7967642545700073,0.49183517694473267,-0.00617712689563632,0.7865825891494751,0.5464587807655334,-0.012473712675273418,0.7100726366043091,0.4153255522251129,0.004600717686116695,0.7688007354736328,0.41889339685440063,-0.006429189350455999,0.7890670895576477,0.46814119815826416,-0.013113562949001789,0.7877898216247559,0.5232017040252686,-0.014767240732908249
D,0.5542128086090088,0.507866382598877,2.9605493523376936e-07,0.6118028163909912,0.573662281036377,0.0010357365244999528,0.6677608489990234,0.6051716208457947,0.001766470493748784,0.7188628315925598,0.6261285543441772,-0.00613199919462204,0.7656806707382202,0.6050246357917786,-0.013549397699534893,0.7111605405807495,0.503577709197998,0.055799663066864014,0.7607884407043457,0.5114034414291382,0.04444204643368721,0.775036096572876,0.5461689829826355,0.024607814848423004,0.7740321755409241,0.5729356408119202,0.012998560443520546,0.7156256437301636,0.4755793809890747,0.04340973496437073,0.7789510488510132,0.47183090448379517,0.027357066050171852,0.7931026220321655,0.5170941352844238,0.0023472614120692015,0.783442497253418,0.5620848536491394,-0.010696390643715858,0.7154790759086609,0.44350379705429077,0.025410767644643784,0.7818947434425354,0.43728163838386536,0.010548386722803116,0.79784095287323,0.4930031895637512,-0.0061631095595657825,0.7888676524162292,0.5470699667930603,-0.012910146266222,0.7095326781272888,0.41495776176452637,0.0058384425938129425,0.7689430117607117,0.4176193177700043,-0.00586222019046545,0.7893329858779907,0.4655781686306,-0.013047093525528908,0.7880352735519409,0.5206495523452759,-0.014970014803111553
D,0.5552130937576294,0.5082398056983948,2.539925390010467e-07,0.6118727922439575,0.5746383666992188,0.0005766835529357195,0.6685532927513123,0.6056857109069824,0.002095533302053809,0.7203288078308105,0.6251730918884277,-0.0044206175953149796,0.765570342540741,0.6018106937408447,-0.010348213836550713,0.7118365168571472,0.5053262710571289,0.051207829266786575,0.7623631954193115,0.5113829970359802,0.039168182760477066,0.7756307721138,0.5470271110534668,0.019950667396187782,0.7735629677772522,0.5738650560379028,0.008775576017796993,0.7160634398460388,0.47682419419288635,0.03939741849899292,0.7806951403617859,0.47079387307167053,0.021748503670096397,0.792940080165863,0.5173827409744263,-0.0028374174144119024,0.7807930707931519,0.5614115595817566,-0.015291254036128521,0.7152772545814514,0.44451701641082764,0.022237863391637802,0.7827366590499878,0.4348563551902771,0.005238717887550592,0.7968226671218872,0.49141770601272583,-0.011957522481679916,0.7854527235031128,0.5450941324234009,-0.018641702830791473,0.7088097333908081,0.4150550365447998,0.0037056950386613607,0.7674816250801086,0.41634681820869446,-0.010398452170193195,0.7871218323707581,0.46512654423713684,-0.0191640742123127,0.7849264740943909,0.5205256342887878,-0.021996740251779556
D,0.5547210574150085,0.5072212815284729,2.606786324577115e-07,0.6109945178031921,0.5741949081420898,0.001358706271275878,0.6677066683769226,0.6056213974952698,0.0031614243052899837,0.7198054194450378,0.6253278851509094,-0.0033623352646827698,0.7656950354576111,0.6022929549217224,-0.009308907203376293,0.7111750245094299,0.5057539939880371,0.05355418473482132,0.7616052031517029,0.5120909214019775,0.04257064685225487,0.7751590013504028,0.5471652150154114,0.023918282240629196,0.7733680605888367,0.5731313228607178,0.013004838488996029,0.7157769203186035,0.47758206725120544,0.041283831000328064,0.7802343368530273,0.4716780483722687,0.024451224133372307,0.7925622463226318,0.5182863473892212,4.617705417331308e-05,0.7803727388381958,0.5623180866241455,-0.012270474806427956,0.7155715227127075,0.4452972412109375,0.023667190223932266,0.7828265428543091,0.43585386872291565,0.007619847077876329,0.7968946099281311,0.4923657774925232,-0.009115980938076973,0.7855870723724365,0.5459279417991638,-0.015600884333252907,0.7096068859100342,0.41596436500549316,0.004663530737161636,0.7677053213119507,0.4168168902397156,-0.008507290855050087,0.7874792814254761,0.46541517972946167,-0.016721662133932114,0.7854599952697754,0.5207215547561646,-0.01924627646803856
D,0.5557217597961426,0.5090886354446411,2.447694100737863e-07,0.6142762303352356,0.5748631954193115,0.0010743761667981744,0.6702108979225159,0.6053038239479065,0.00310057052411139,0.7211154103279114,0.6237411499023438,-0.002873665187507868,0.765398383140564,0.6020500659942627,-0.008298714645206928,0.7118014097213745,0.506703794002533,0.05029941350221634,0.7622594833374023,0.5123745799064636,0.038193538784980774,0.7748737931251526,0.5483911037445068,0.019329607486724854,0.7732053399085999,0.5759701132774353,0.008249737322330475,0.7152607440948486,0.4784436821937561,0.038237564265728,0.7801868319511414,0.47063320875167847,0.01917591318488121,0.7915610074996948,0.517658531665802,-0.0057197511196136475,0.7788252830505371,0.5617594122886658,-0.018071003258228302,0.7139261960983276,0.4463420808315277,0.020961858332157135,0.7809447050094604,0.43477532267570496,0.0025047301314771175,0.7942479252815247,0.4916267395019531,-0.01518233958631754,0.7821894288063049,0.5457357168197632,-0.021754911169409752,0.7071812748908997,0.4168028235435486,0.0024567299988120794,0.7646369934082031,0.4163130223751068,-0.012743344530463219,0.7852217555046082,0.46461260318756104,-0.022338684648275375,0.7844544053077698,0.5199450254440308,-0.02564198337495327
D,0.5532921552658081,0.5095004439353943,2.3723431752387114e-07,0.610202431678772,0.574200451374054,0.0004681007412727922,0.6678261756896973,0.6033624410629272,0.003071429440751672,0.7196551561355591,0.6232988834381104,-0.0019234686624258757,0.7622362375259399,0.6017877459526062,-0.006395834963768721,0.7108779549598694,0.5055127143859863,0.049262773245573044,0.7608651518821716,0.5130411982536316,0.037324272096157074,0.7737477421760559,0.549311637878418,0.018357668071985245,0.7718154191970825,0.5774820446968079,0.007192767225205898,0.7141168713569641,0.4771495759487152,0.03778519853949547,0.7775529026985168,0.4732475280761719,0.019633790478110313,0.7893799543380737,0.519588053226471,-0.005202881060540676,0.7777096629142761,0.5630993843078613,-0.017927607521414757,0.7125889658927917,0.4448052644729614,0.02110663242638111,0.7784082889556885,0.43606266379356384,0.00321407662704587,0.7922554016113281,0.49043765664100647,-0.015175947919487953,0.7812118530273438,0.5429290533065796,-0.02260272204875946,0.7058074474334717,0.4145638346672058,0.0031506100203841925,0.7627949714660645,0.41324087977409363,-0.011979850009083748,0.783577561378479,0.4603853225708008,-0.022084394469857216,0.7834644913673401,0.5157060027122498,-0.025946559384465218
D,0.5513973236083984,0.5067989826202393,2.478020917351387e-07,0.6084862351417542,0.5742793083190918,0.002053877105936408,0.6671956777572632,0.6029189229011536,0.005540172569453716,0.7191025614738464,0.6222622394561768,0.00068766123149544,0.7629846930503845,0.6005814075469971,-0.0037968438118696213,0.7087358832359314,0.5041943192481995,0.053054194897413254,0.7606150507926941,0.5099782943725586,0.041583795100450516,0.7737201452255249,0.5482525825500488,0.022355129942297935,0.7711681127548218,0.5780290961265564,0.010818909853696823,0.7119433283805847,0.4756532609462738,0.04036184027791023,0.7770373821258545,0.46924588084220886,0.02203473076224327,0.7895126938819885,0.5178297162055969,-0.004368280526250601,0.7766324877738953,0.5635361671447754,-0.018276222050189972,0.7105022668838501,0.4433191120624542,0.022399302572011948,0.7778420448303223,0.4329121708869934,0.004312838893383741,0.7920551896095276,0.4905155897140503,-0.015577321872115135,0.7800173163414001,0.545244574546814,-0.02414453774690628,0.7040285468101501,0.4136234521865845,0.0032906080596148968,0.7618840336799622,0.414385586977005,-0.012112637050449848,0.7825702428817749,0.4635356664657593,-0.023265892639756203,0.7815200686454773,0.5196641087532043,-0.02809499204158783
D,0.5513249635696411,0.5069006085395813,2.45915032337507e-07,0.6089036464691162,0.5745102763175964,0.001942786038853228,0.6671658158302307,0.6026944518089294,0.005249818321317434,0.719290554523468,0.6210280656814575,8.673511911183596e-05,0.7631759643554688,0.5986963510513306,-0.004729533568024635,0.7073054909706116,0.5038812160491943,0.053191911429166794,0.7609072327613831,0.5088956356048584,0.04147912561893463,0.7733581066131592,0.5477445125579834,0.022139478474855423,0.7694582939147949,0.5776459574699402,0.010624428279697895,0.7107348442077637,0.4757883846759796,0.04068668559193611,0.7767024040222168,0.4696803689002991,0.022562088444828987,0.7889122366905212,0.5179384350776672,-0.00401955284178257,0.775786817073822,0.5627375245094299,-0.018229980021715164,0.709805428981781,0.4438475966453552,0.022877758368849754,0.778005838394165,0.43350517749786377,0.005273246672004461,0.7924776077270508,0.491163045167923,-0.014712105505168438,0.780102014541626,0.545630931854248,-0.023562684655189514,0.7038144469261169,0.4141344726085663,0.0038746753707528114,0.7621097564697266,0.415083646774292,-0.010945972055196762,0.7827726006507874,0.4642145335674286,-0.022017057985067368,0.7811534404754639,0.5201067924499512,-0.02698611468076706
D,0.54963618516922,0.5074425935745239,2.2528298870838626e-07,0.6088511943817139,0.5743424892425537,0.003410669509321451,0.6666783690452576,0.6020492315292358,0.0068029495887458324,0.7176700830459595,0.6184754967689514,0.0015419695992022753,0.7616689801216125,0.5973309278488159,-0.0032956183422356844,0.7080147862434387,0.5043893456459045,0.05331386998295784,0.761044442653656,0.5093743801116943,0.040818654000759125,0.7721001505851746,0.5482245087623596,0.021310463547706604,0.7672990560531616,0.5780117511749268,0.010074041783809662,0.711624264717102,0.47628703713417053,0.04012904688715935,0.777915894985199,0.47164613008499146,0.021968461573123932,0.7880480885505676,0.5206389427185059,-0.0034691649489104748,0.7730004787445068,0.5652744174003601,-0.016433140262961388,0.7105578780174255,0.4441867172718048,0.021769685670733452,0.7780102491378784,0.43622303009033203,0.0046655843034386635,0.7906048893928528,0.4937697947025299,-0.013175544328987598,0.7775806784629822,0.5474329590797424,-0.020301681011915207,0.7040644884109497,0.41448771953582764,0.0022698212414979935,0.7613458633422852,0.41587331891059875,-0.011683082208037376,0.7814320921897888,0.4649282991886139,-0.020850079134106636,0.7801192998886108,0.5201203227043152,-0.024107906967401505
D,0.5458704829216003,0.5060028433799744,2.634071449847397e-07,0.6048276424407959,0.571792483329773,-0.0011354513699188828,0.6633042097091675,0.601882815361023,0.0005465481081046164,0.7166722416877747,0.6197558641433716,-0.0054184505715966225,0.7610481381416321,0.5977360010147095,-0.010798042640089989,0.7044230103492737,0.5049989819526672,0.0501120388507843,0.7564226388931274,0.5110883712768555,0.037365227937698364,0.7694708108901978,0.547868549823761,0.017586426809430122,0.7672087550163269,0.5769195556640625,0.0059150210581719875,0.7082445025444031,0.4754251539707184,0.0392916165292263,0.7733081579208374,0.471701055765152,0.020718984305858612,0.7852464914321899,0.5180349349975586,-0.004956485237926245,0.7733858227729797,0.5623192191123962,-0.01828637905418873,0.707274854183197,0.44290122389793396,0.022974664345383644,0.7744138836860657,0.4343668222427368,0.005086787976324558,0.7895547151565552,0.4895389974117279,-0.01332431472837925,0.7793489694595337,0.5438476204872131,-0.020876334980130196,0.7008153200149536,0.41282764077186584,0.0051560974679887295,0.7578944563865662,0.4145916700363159,-0.009511620737612247,0.7789661288261414,0.4618924856185913,-0.019247544929385185,0.7786296606063843,0.5170485973358154,-0.022932905703783035
D,0.5464081168174744,0.5059375166893005,2.8199849566590274e-07,0.603021502494812,0.5716214776039124,-0.0007313835085369647,0.6609631180763245,0.600990355014801,0.0013873991556465626,0.714390218257904,0.6194731593132019,-0.004403978586196899,0.7590674757957458,0.5970922112464905,-0.009530548006296158,0.7040197253227234,0.5035963654518127,0.052348360419273376,0.7569917440414429,0.5093933343887329,0.04010062664747238,0.7698811888694763,0.5476318001747131,0.020237592980265617,0.7665203213691711,0.5784234404563904,0.0085096200928092,0.7082027196884155,0.4739742577075958,0.04144803807139397,0.7738409042358398,0.4681522846221924,0.023462427780032158,0.78657466173172,0.5155744552612305,-0.002621531253680587,0.7742775082588196,0.5610359907150269,-0.01642916537821293,0.7073628306388855,0.44186171889305115,0.024923164397478104,0.7741242051124573,0.43305572867393494,0.007644686847925186,0.7894555330276489,0.49041417241096497,-0.011809553019702435,0.7780640721321106,0.5458036065101624,-0.020292792469263077,0.7013776302337646,0.41286829113960266,0.006894746329635382,0.7583719491958618,0.4155530035495758,-0.007262847851961851,0.7795394062995911,0.4637870192527771,-0.017787879332900047,0.778658390045166,0.5197876691818237,-0.022335974499583244
D,0.5458537936210632,0.5053197145462036,2.569377670624817e-07,0.6024725437164307,0.5724375247955322,-0.00018673991144169122,0.6616342663764954,0.602271556854248,0.0024496621917933226,0.714733898639679,0.6193058490753174,-0.0025221058167517185,0.7605557441711426,0.5971423387527466,-0.0067963204346597195,0.7037818431854248,0.5031161904335022,0.050432801246643066,0.7586685419082642,0.508665919303894,0.03835738077759743,0.7707998156547546,0.5485818982124329,0.01895200088620186,0.7654657363891602,0.5783202052116394,0.007690270431339741,0.7076468467712402,0.4736155867576599,0.039600346237421036,0.7768727540969849,0.46778807044029236,0.02202034741640091,0.788091242313385,0.517944872379303,-0.0037170853465795517,0.7722857594490051,0.5623084902763367,-0.017285402864217758,0.706135094165802,0.4413142502307892,0.023508362472057343,0.7755981087684631,0.4315919876098633,0.006832018028944731,0.7898086309432983,0.4900726079940796,-0.011936614289879799,0.7761124968528748,0.5430365800857544,-0.020076807588338852,0.6989286541938782,0.4117701053619385,0.006119036581367254,0.757331132888794,0.4127684533596039,-0.007703201845288277,0.7783124446868896,0.46111440658569336,-0.017676664516329765,0.7764988541603088,0.5149142742156982,-0.02184041403234005
D,0.5382125377655029,0.5009002089500427,2.3457958775452425e-07,0.5931922197341919,0.5672116279602051,-0.003688633441925049,0.6527658700942993,0.6013637781143188,-0.003536286298185587,0.7080497741699219,0.6237845420837402,-0.009803085587918758,0.754388689994812,0.6071560382843018,-0.015153381042182446,0.701892077922821,0.5059894323348999,0.041354116052389145,0.7550670504570007,0.510180652141571,0.028694316744804382,0.7678687572479248,0.5441840291023254,0.01030813343822956,0.7643128037452698,0.5705882906913757,-0.0003495806304272264,0.7052204012870789,0.47535941004753113,0.03245972469449043,0.772875189781189,0.46808964014053345,0.013870159164071083,0.7838166952133179,0.5127580165863037,-0.009600118733942509,0.7697913646697998,0.5547261834144592,-0.02101283334195614,0.7031677961349487,0.44301915168762207,0.018632004037499428,0.7723135948181152,0.4294548034667969,0.0008018091903068125,0.7854390144348145,0.4825991094112396,-0.015420457348227501,0.7726935148239136,0.5345538258552551,-0.0212765671312809,0.6951307654380798,0.41371965408325195,0.0033129912335425615,0.7514618635177612,0.4147854745388031,-0.011498935520648956,0.7720646262168884,0.46033725142478943,-0.020360514521598816,0.7717065215110779,0.5129251480102539,-0.02302485704421997
D,0.5404908061027527,0.5017611980438232,2.531859024657024e-07,0.5930616855621338,0.5660760402679443,-0.006011110730469227,0.6528646349906921,0.5995320081710815,-0.007286624982953072,0.7072250247001648,0.6224806308746338,-0.014392806217074394,0.7532831430435181,0.605528712272644,-0.02057548239827156,0.7049421072006226,0.5056592226028442,0.03509022295475006,0.7608861327171326,0.5082027912139893,0.02059025689959526,0.772463858127594,0.5459986925125122,0.0015515851555392146,0.7662523984909058,0.5757352113723755,-0.009363788180053234,0.7072948813438416,0.47605833411216736,0.02702772617340088,0.7778636813163757,0.4672231376171112,0.007262697909027338,0.7885382771492004,0.5144801139831543,-0.016813553869724274,0.7726176381111145,0.5561821460723877,-0.029046110808849335,0.7042801976203918,0.4441145956516266,0.014099649153649807,0.7747764587402344,0.43083879351615906,-0.004518136382102966,0.7871724367141724,0.48677584528923035,-0.022121520712971687,0.7716355323791504,0.5379107594490051,-0.029251141473650932,0.6958187818527222,0.4137534499168396,-0.0004201071569696069,0.753294825553894,0.41232380270957947,-0.01615922339260578,0.7727599740028381,0.4577980637550354,-0.02640600875020027,0.7693843245506287,0.5087710022926331,-0.030392972752451897
D,0.5397140383720398,0.5027794241905212,2.7575291028369975e-07,0.5925391912460327,0.5666691064834595,-0.008251624181866646,0.6517889499664307,0.60235595703125,-0.012445656582713127,0.7063765525817871,0.6245244145393372,-0.022576183080673218,0.7545033693313599,0.6069601774215698,-0.03191547840833664,0.7029427289962769,0.5101627707481384,0.03337198123335838,0.7592592835426331,0.5154547691345215,0.016783487051725388,0.7699839472770691,0.5529078841209412,-0.003617019858211279,0.762650728225708,0.5812731981277466,-0.015128008089959621,0.7062716484069824,0.4798882305622101,0.025621235370635986,0.7769337892532349,0.4743974208831787,0.003709136275574565,0.78621506690979,0.5213729739189148,-0.021676627919077873,0.7699677348136902,0.5634542107582092,-0.034274134784936905,0.7045979499816895,0.44722068309783936,0.012775413691997528,0.7760390043258667,0.4360450804233551,-0.007088224869221449,0.7877459526062012,0.49175825715065,-0.024578360840678215,0.772304892539978,0.5441674590110779,-0.03130253031849861,0.6963179111480713,0.41652870178222656,-0.001874451874755323,0.7537113428115845,0.41975024342536926,-0.01774516887962818,0.7740681171417236,0.4666915535926819,-0.027697565034031868,0.7720520496368408,0.5187160968780518,-0.03140780329704285
D,0.541283369064331,0.5028446316719055,2.772646325865935e-07,0.5940069556236267,0.5650855898857117,-0.010057180188596249,0.6512839198112488,0.6028121113777161,-0.015473034232854843,0.7051116824150085,0.6250457167625427,-0.026265962049365044,0.7533705234527588,0.6086015701293945,-0.03613705188035965,0.7037020921707153,0.5133755803108215,0.02938935160636902,0.7608168125152588,0.5199479460716248,0.01192694716155529,0.7708730697631836,0.5576443672180176,-0.008642799220979214,0.7628572583198547,0.586139440536499,-0.020113777369260788,0.7070000767707825,0.4829094707965851,0.02258569747209549,0.7781617045402527,0.47978830337524414,0.0004326959606260061,0.7866565585136414,0.5258895754814148,-0.024524731561541557,0.7697358131408691,0.5663937330245972,-0.0369701161980629,0.705332338809967,0.4497108459472656,0.010726657696068287,0.7760200500488281,0.44084441661834717,-0.009275429882109165,0.7871163487434387,0.49500229954719543,-0.026198163628578186,0.7717134356498718,0.5456490516662598,-0.03267371281981468,0.6970776915550232,0.4176672399044037,-0.003037060145288706,0.753075122833252,0.4205157160758972,-0.018773153424263,0.7723801732063293,0.4655287563800812,-0.02808518148958683,0.7697044610977173,0.5153462886810303,-0.031358569860458374
D,0.5427865982055664,0.5028761029243469,2.8494500270426215e-07,0.5944952964782715,0.5646969676017761,-0.011575443670153618,0.6510306596755981,0.6025599241256714,-0.01748034358024597,0.7051427364349365,0.6255123019218445,-0.02824256755411625,0.7529367208480835,0.6077446937561035,-0.038039762526750565,0.7035629749298096,0.5136860013008118,0.027140412479639053,0.7592953443527222,0.5219839215278625,0.008838972076773643,0.7693520188331604,0.5584490299224854,-0.012088625691831112,0.7612295150756836,0.586526095867157,-0.023605041205883026,0.7071776390075684,0.4828629195690155,0.021328981965780258,0.7770968675613403,0.4814356565475464,-0.0006373164360411465,0.7861499786376953,0.5252333879470825,-0.024876102805137634,0.7709680795669556,0.5647836327552795,-0.03703013435006142,0.7055643200874329,0.44994667172431946,0.010282150469720364,0.7748953104019165,0.441231369972229,-0.009653172455728054,0.7873266935348511,0.49293315410614014,-0.026288386434316635,0.7742149233818054,0.5432073473930359,-0.03277948498725891,0.6971480846405029,0.41783207654953003,-0.002814781153574586,0.7515758275985718,0.4187738299369812,-0.018727123737335205,0.771384596824646,0.462420254945755,-0.028224339708685875,0.7701521515846252,0.5126402974128723,-0.031688619405031204
D,0.5415610671043396,0.501727283000946,2.8082524750061566e-07,0.5918977856636047,0.5638825297355652,-0.009691933169960976,0.6480954885482788,0.6006410717964172,-0.0143885537981987,0.7017516493797302,0.6241378784179688,-0.024118702858686447,0.7499011754989624,0.6110629439353943,-0.032867059111595154,0.7012926936149597,0.5120171904563904,0.029392531141638756,0.7547118663787842,0.5188676118850708,0.012660685926675797,0.7664988040924072,0.5548399686813354,-0.007215303834527731,0.761513888835907,0.5824187994003296,-0.0182757880538702,0.7050548195838928,0.48146113753318787,0.022836266085505486,0.7738372087478638,0.47796547412872314,0.0022330821957439184,0.7839596271514893,0.5223037600517273,-0.02049941010773182,0.7702651619911194,0.5622495412826538,-0.031659889966249466,0.7031159996986389,0.4492933452129364,0.011150694452226162,0.7726970911026001,0.43922847509384155,-0.00860412884503603,0.7847992777824402,0.491285502910614,-0.024246899411082268,0.7718918323516846,0.5412594079971313,-0.029860008507966995,0.6946820616722107,0.41888946294784546,-0.0023561802227050066,0.75065016746521,0.4210284948348999,-0.018660206347703934,0.7696635723114014,0.4653313457965851,-0.027468403801321983,0.7674290537834167,0.514869213104248,-0.030147818848490715
D,0.5419703125953674,0.5008621215820312,2.725573153838923e-07,0.5923223495483398,0.5639612674713135,-0.010029871016740799,0.6478148698806763,0.6011607646942139,-0.015060005709528923,0.701016902923584,0.6229071617126465,-0.025103919208049774,0.7498692274093628,0.6092193126678467,-0.03415616601705551,0.7012130618095398,0.5137138366699219,0.028814373537898064,0.7548612356185913,0.52024906873703,0.011448911391198635,0.7657013535499573,0.5565816760063171,-0.00876306276768446,0.7596405744552612,0.5833916068077087,-0.019942855462431908,0.7049468755722046,0.4833264946937561,0.022335339337587357,0.7742812037467957,0.47934338450431824,0.0007271204376593232,0.7838071584701538,0.524405837059021,-0.02268642745912075,0.7686168551445007,0.5634523630142212,-0.034066446125507355,0.7032663822174072,0.4505783021450043,0.010725673288106918,0.7723878026008606,0.44080373644828796,-0.009649204090237617,0.7836362719535828,0.49429160356521606,-0.02545931190252304,0.7696329951286316,0.5435512065887451,-0.0309652928262949,0.6950076222419739,0.4188891053199768,-0.0027008235920220613,0.749677300453186,0.421154260635376,-0.01929633505642414,0.767892599105835,0.46665331721305847,-0.028254622593522072,0.7651783227920532,0.5161073803901672,-0.030957631766796112
D,0.5426687002182007,0.5009887218475342,2.7585900852500345e-07,0.5913864374160767,0.5635977387428284,-0.010704541578888893,0.6469862461090088,0.6003066301345825,-0.015961779281497,0.6999673843383789,0.6227474808692932,-0.02599574811756611,0.7487552165985107,0.6099022030830383,-0.03510241582989693,0.7016875147819519,0.5144398808479309,0.026977216824889183,0.7549570798873901,0.5229406356811523,0.00945664569735527,0.7657967805862427,0.5592382550239563,-0.010672681964933872,0.7595680952072144,0.5856035351753235,-0.021794915199279785,0.7054443359375,0.4838240146636963,0.02082340233027935,0.7746251225471497,0.4809877276420593,-0.0006660359213128686,0.7837157845497131,0.5256762504577637,-0.023824570700526237,0.7681455612182617,0.5637701153755188,-0.035123035311698914,0.703590989112854,0.4508694112300873,0.0096094636246562,0.7725409865379333,0.4414881467819214,-0.010761156678199768,0.7833854556083679,0.4944469928741455,-0.026383783668279648,0.7689327597618103,0.5426627397537231,-0.031857263296842575,0.69477778673172,0.41882818937301636,-0.0034386389888823032,0.7493637204170227,0.4205568730831146,-0.020243871957063675,0.7677267789840698,0.46549952030181885,-0.029228366911411285,0.7649856209754944,0.5142971873283386,-0.03198936581611633
D,0.5419339537620544,0.5017951726913452,2.8827298592659645e-07,0.5902163982391357,0.56517094373703,-0.010780244134366512,0.6460922360420227,0.602562665939331,-0.016435746103525162,0.6987181305885315,0.6242821216583252,-0.027286993339657784,0.7481917142868042,0.6092391610145569,-0.03725741431117058,0.7016324400901794,0.5177464485168457,0.02924956940114498,0.7561826109886169,0.5263694524765015,0.011224589310586452,0.7659603953361511,0.5633144378662109,-0.009994798339903355,0.7568117380142212,0.588765025138855,-0.021764539182186127,0.7056115865707397,0.4860043525695801,0.022590741515159607,0.7748631834983826,0.4836682081222534,0.0009168475517071784,0.7832273244857788,0.5282829403877258,-0.02401629462838173,0.7651946544647217,0.5656643509864807,-0.036795612424612045,0.7043688297271729,0.45155608654022217,0.010704460553824902,0.7729576230049133,0.4440964162349701,-0.009083992801606655,0.7827262878417969,0.4962131679058075,-0.02535761147737503,0.7659984827041626,0.5424329042434692,-0.0316409096121788,0.695525586605072,0.4183897376060486,-0.00314789148978889,0.7502493858337402,0.4220294952392578,-0.01912856660783291,0.7684895396232605,0.4664035141468048,-0.02805204503238201,0.764211118221283,0.5139042735099792,-0.031137432903051376
D,0.541217029094696,0.5008141994476318,2.9253604338919104e-07,0.5918919444084167,0.5651314854621887,-0.008557898923754692,0.6476973295211792,0.601527988910675,-0.012573146261274815,0.7005768418312073,0.6256667375564575,-0.022227901965379715,0.7484416365623474,0.6089773178100586,-0.03125447779893875,0.6988635659217834,0.513923704624176,0.03192489594221115,0.7532026767730713,0.5224370360374451,0.014576021581888199,0.7634763717651367,0.5592266321182251,-0.00689225597307086,0.7554370164871216,0.5862537622451782,-0.018992610275745392,0.7030770778656006,0.48217326402664185,0.02429318241775036,0.7730667591094971,0.4789765775203705,0.0033376512583345175,0.7834824323654175,0.5232682824134827,-0.022185401991009712,0.7676995992660522,0.5630310773849487,-0.0357079915702343,0.7015819549560547,0.4489024877548218,0.01156562753021717,0.7705945372581482,0.4397484362125397,-0.007644188590347767,0.7829915285110474,0.49146199226379395,-0.025520209223031998,0.7684987187385559,0.5400834083557129,-0.033227793872356415,0.692588210105896,0.417959988117218,-0.0029628020711243153,0.7478943467140198,0.4198099970817566,-0.018672510981559753,0.7680875062942505,0.4635917842388153,-0.028706490993499756,0.766007125377655,0.5129316449165344,-0.03291339799761772
D,0.5420202016830444,0.5022170543670654,2.773022913515888e-07,0.5915313959121704,0.5657414197921753,-0.008068462833762169,0.6476369500160217,0.6024250388145447,-0.012687710113823414,0.7003799676895142,0.6267174482345581,-0.023209813982248306,0.7483956813812256,0.6076112389564514,-0.033305082470178604,0.6994262933731079,0.5137273073196411,0.031683847308158875,0.75597083568573,0.5223682522773743,0.014869390055537224,0.7648577094078064,0.561130166053772,-0.006200899835675955,0.7550011873245239,0.5871084928512573,-0.018151961266994476,0.7031601071357727,0.4830206036567688,0.023494550958275795,0.7746473550796509,0.48062172532081604,0.0028597344644367695,0.7824827432632446,0.5275104641914368,-0.022978052496910095,0.7637020349502563,0.5656028985977173,-0.03680210933089256,0.7016053795814514,0.44976407289505005,0.010412272065877914,0.7717394232749939,0.441434383392334,-0.0077653247863054276,0.7819549441337585,0.4959123134613037,-0.025244222953915596,0.7647495269775391,0.5428771376609802,-0.03299137204885483,0.6924256682395935,0.4184855818748474,-0.004447051323950291,0.7490876913070679,0.41880327463150024,-0.019160570576786995,0.7685680389404297,0.46394261717796326,-0.028697771951556206,0.7646151781082153,0.5125694870948792,-0.03288435563445091
D,0.5425217747688293,0.5022426247596741,2.6876867309511e-07,0.5938538908958435,0.5667093992233276,-0.007657101843506098,0.6486380696296692,0.6031359434127808,-0.011016256175935268,0.7007700800895691,0.628961443901062,-0.020061848685145378,0.7483129501342773,0.6132059693336487,-0.02873137593269348,0.6987254619598389,0.5138764381408691,0.03173243626952171,0.7523924112319946,0.5216562747955322,0.014963093213737011,0.7639006972312927,0.5582044720649719,-0.006070299074053764,0.7585965991020203,0.5860889554023743,-0.018363621085882187,0.7027458548545837,0.4831860661506653,0.023697474971413612,0.7726192474365234,0.48011958599090576,0.0023258852306753397,0.7832300066947937,0.5247871279716492,-0.023226367309689522,0.7685284614562988,0.5648131966590881,-0.03683806210756302,0.7012229561805725,0.45024821162223816,0.010705645196139812,0.7709710001945496,0.4409205913543701,-0.009416835382580757,0.7830519080162048,0.49339568614959717,-0.027416478842496872,0.7687893509864807,0.5425452589988708,-0.03501928225159645,0.6926934719085693,0.41880762577056885,-0.00394462188705802,0.7483307123184204,0.41944998502731323,-0.0210252795368433,0.7673733234405518,0.4642598330974579,-0.03151620551943779,0.764741063117981,0.5143237709999084,-0.035822708159685135
D,0.5427402257919312,0.5048681497573853,3.081039210428571e-07,0.5942913889884949,0.5696160197257996,-0.011080186814069748,0.6513838171958923,0.6077736616134644,-0.015600204467773438,0.7040074467658997,0.63243567943573,-0.025216078385710716,0.752025306224823,0.6168142557144165,-0.03414323553442955,0.7027677297592163,0.5187500715255737,0.02966165915131569,0.7580692768096924,0.5248129367828369,0.012562032788991928,0.7693555355072021,0.5606172680854797,-0.008594884537160397,0.764036238193512,0.5904198884963989,-0.02105911821126938,0.7055855989456177,0.486403226852417,0.023270228877663612,0.7746254801750183,0.4827192723751068,0.0007532966556027532,0.7846985459327698,0.5265614986419678,-0.025761453434824944,0.770768404006958,0.5679352283477783,-0.03970678523182869,0.7028952836990356,0.4522320330142975,0.011669253930449486,0.7733079195022583,0.44259732961654663,-0.00934353657066822,0.7856525182723999,0.49507540464401245,-0.028114082291722298,0.7723196148872375,0.5465285181999207,-0.03592586889863014,0.693534255027771,0.42006629705429077,-0.0018628838006407022,0.7494229674339294,0.42313188314437866,-0.019565636292099953,0.7687734365463257,0.46740880608558655,-0.030785012990236282,0.766667366027832,0.5176140069961548,-0.03539653867483139
D,0.5412473678588867,0.5056748390197754,3.417576976971759e-07,0.5930012464523315,0.5699787139892578,-0.011125496588647366,0.6507559418678284,0.6070089340209961,-0.015282658860087395,0.7052445411682129,0.632125973701477,-0.02462112158536911,0.7550191879272461,0.6155957579612732,-0.03344428539276123,0.7017388343811035,0.5181801319122314,0.03308434411883354,0.7555480599403381,0.5261339545249939,0.01718181185424328,0.7694542407989502,0.5611311197280884,-0.0038994718343019485,0.7665194272994995,0.5902983546257019,-0.0165450107306242,0.7052321434020996,0.485684335231781,0.026795774698257446,0.7737759947776794,0.4841683506965637,0.006195923779159784,0.7865252494812012,0.5254190564155579,-0.020379522815346718,0.7744096517562866,0.5660187005996704,-0.035004690289497375,0.702901303768158,0.45101842284202576,0.015083073638379574,0.7724499702453613,0.44313469529151917,-0.004470767453312874,0.7868705987930298,0.49287939071655273,-0.023792317137122154,0.7746434211730957,0.5430371165275574,-0.032571058720350266,0.6937819719314575,0.4182130694389343,0.0013790837256237864,0.7499683499336243,0.4205419421195984,-0.01550899539142847,0.7706376314163208,0.4632364809513092,-0.026820098981261253,0.7691671848297119,0.5132785439491272,-0.031836964190006256
D,0.5410600304603577,0.5069581866264343,3.381933026957995e-07,0.5927088260650635,0.5707706809043884,-0.011206556111574173,0.6507301330566406,0.6074953079223633,-0.015646379441022873,0.7048178911209106,0.6325123906135559,-0.025250669568777084,0.7542622089385986,0.6158703565597534,-0.03422103449702263,0.7022587656974792,0.5178420543670654,0.03210350498557091,0.7570036053657532,0.5242791175842285,0.015908438712358475,0.7703552842140198,0.5595747232437134,-0.005294950678944588,0.7660800218582153,0.5893239378929138,-0.017890701070427895,0.7052649259567261,0.48498380184173584,0.025818917900323868,0.7744815945625305,0.48133936524391174,0.005121613387018442,0.7871135473251343,0.5230060815811157,-0.021441219374537468,0.774414598941803,0.5638459324836731,-0.03606264665722847,0.7025277614593506,0.45040446519851685,0.014164909720420837,0.7727487683296204,0.4404260218143463,-0.005396529566496611,0.7868050932884216,0.4905068278312683,-0.024710148572921753,0.7738710045814514,0.5408071279525757,-0.03350802883505821,0.6930248737335205,0.4182427227497101,0.0005295667797327042,0.7495421171188354,0.42051005363464355,-0.016269052401185036,0.7701755166053772,0.4631645679473877,-0.02757413685321808,0.7685731053352356,0.5126203894615173,-0.03263899311423302
D,0.5450416207313538,0.5076417922973633,3.022846044586913e-07,0.59759920835495,0.5723930597305298,-0.009763970971107483,0.6556293368339539,0.6102085113525391,-0.013312110677361488,0.7090166807174683,0.6340650320053101,-0.022485757246613503,0.7570313215255737,0.6148474216461182,-0.030658503994345665,0.7096680402755737,0.5193549394607544,0.034589432179927826,0.7659731507301331,0.5224316120147705,0.017565304413437843,0.7757447957992554,0.5589804649353027,-0.004021306987851858,0.7672871947288513,0.5904436111450195,-0.016320407390594482,0.7123554944992065,0.48750871419906616,0.027831269428133965,0.7810223698616028,0.48290830850601196,0.006527735386043787,0.7906542420387268,0.5264473557472229,-0.019781026989221573,0.7755688428878784,0.567969799041748,-0.03357379510998726,0.7098343372344971,0.4534023404121399,0.01556007657200098,0.7781305313110352,0.4437277615070343,-0.0036567470524460077,0.789604663848877,0.4963749349117279,-0.021850373595952988,0.7748989462852478,0.5480261445045471,-0.029416389763355255,0.7010800838470459,0.420932412147522,0.001174856093712151,0.756834089756012,0.4237399995326996,-0.014615350402891636,0.7753491401672363,0.46795573830604553,-0.024829719215631485,0.7718710899353027,0.5187584161758423,-0.028779402375221252
D,0.5443923473358154,0.5072619318962097,3.0484110880024673e-07,0.5976084470748901,0.5724431276321411,-0.01049765944480896,0.6556471586227417,0.6092265248298645,-0.014027229510247707,0.7100502848625183,0.6348565816879272,-0.023055102676153183,0.7582685351371765,0.617508053779602,-0.031163765117526054,0.7073965072631836,0.5196683406829834,0.03428558632731438,0.7624959349632263,0.5275919437408447,0.016534440219402313,0.7739310264587402,0.5634071826934814,-0.005625016056001186,0.7677701711654663,0.5941035747528076,-0.018281500786542892,0.7104729413986206,0.4871203899383545,0.027677392587065697,0.7789802551269531,0.48644864559173584,0.004994399379938841,0.7899247407913208,0.5291699767112732,-0.0223395936191082,0.7767015695571899,0.5711170434951782,-0.03661146014928818,0.7079226970672607,0.45282572507858276,0.015414879657328129,0.7763015627861023,0.4460591971874237,-0.005530266556888819,0.7898288369178772,0.4971924424171448,-0.025561628863215446,0.7765421867370605,0.5492346882820129,-0.03398928418755531,0.6991947889328003,0.4199712574481964,0.001095754443667829,0.7557691931724548,0.4223717451095581,-0.016117192804813385,0.7773717641830444,0.46534329652786255,-0.028021186590194702,0.776900589466095,0.5171627998352051,-0.03310064598917961
D,0.5454963445663452,0.5063425302505493,3.118290976544813e-07,0.5972914695739746,0.5722741484642029,-0.010433626361191273,0.6553792953491211,0.6094829440116882,-0.013853650540113449,0.7093833684921265,0.6345232725143433,-0.02280040644109249,0.7579160332679749,0.6174699664115906,-0.030747324228286743,0.7094085216522217,0.5187000036239624,0.035116046667099,0.7645602822303772,0.5245288014411926,0.017909372225403786,0.7748466730117798,0.5615854859352112,-0.00395438214763999,0.7669068574905396,0.5929360389709473,-0.016389459371566772,0.7126227021217346,0.4865424633026123,0.02864631451666355,0.780703067779541,0.48493948578834534,0.007167214993387461,0.7910844087600708,0.528436005115509,-0.01967906579375267,0.7768952250480652,0.5703019499778748,-0.033835358917713165,0.7103018164634705,0.45219290256500244,0.01648162677884102,0.7785615921020508,0.44606709480285645,-0.0032968621235340834,0.7914717197418213,0.49834761023521423,-0.022725587710738182,0.7776035666465759,0.5502933263778687,-0.03101322613656521,0.7018958330154419,0.4194137156009674,0.002209915779531002,0.7582840919494629,0.4240035116672516,-0.01412762887775898,0.7786840796470642,0.4682360887527466,-0.025354014709591866,0.7767549753189087,0.5200730562210083,-0.03000597283244133
D,0.5496485829353333,0.5086538791656494,3.1819962487134035e-07,0.6030069589614868,0.5740270018577576,-0.010623008012771606,0.6610785722732544,0.6116528511047363,-0.01411591749638319,0.7152120471000671,0.6337311863899231,-0.023304300382733345,0.7621726989746094,0.611690878868103,-0.03159579634666443,0.7124583721160889,0.5215679407119751,0.03600233793258667,0.7673906683921814,0.5288403630256653,0.019685888662934303,0.7783132195472717,0.565382182598114,-0.0013472390128299594,0.7718783020973206,0.5965765118598938,-0.013449159450829029,0.7159824967384338,0.4896687865257263,0.029514893889427185,0.783240020275116,0.4885011911392212,0.008207430131733418,0.7933842539787292,0.5316826701164246,-0.01816677302122116,0.780150830745697,0.5731337070465088,-0.03186674788594246,0.7146879434585571,0.45556020736694336,0.017292477190494537,0.7823033332824707,0.448708713054657,-0.0023435859475284815,0.7945212721824646,0.5015610456466675,-0.021331051364541054,0.7804092168807983,0.553783118724823,-0.029240472242236137,0.7074552774429321,0.42256441712379456,0.002858532126992941,0.763757586479187,0.4252603352069855,-0.013039613142609596,0.7828636765480042,0.4697817265987396,-0.023672061040997505,0.7791852355003357,0.5218074321746826,-0.027956677600741386
D,0.5487260818481445,0.5095255970954895,3.2874856970011024e-07,0.6033901572227478,0.5755510926246643,-0.010619510896503925,0.6619765162467957,0.6113226413726807,-0.014048884622752666,0.7171833515167236,0.632580041885376,-0.02314957231283188,0.7648699283599854,0.6108716130256653,-0.03139299899339676,0.7107344269752502,0.5202478766441345,0.0359894335269928,0.7655307054519653,0.5265348553657532,0.019209852442145348,0.7773280143737793,0.5634598135948181,-0.0021319102961570024,0.7726272344589233,0.5952005386352539,-0.014525800943374634,0.7140299677848816,0.48839157819747925,0.029347840696573257,0.781827449798584,0.48642686009407043,0.00712543586269021,0.7928921580314636,0.530534029006958,-0.0195786003023386,0.780834972858429,0.5730913281440735,-0.03341127187013626,0.7123590707778931,0.4539567232131958,0.016907265409827232,0.7810432314872742,0.4467325806617737,-0.00393886212259531,0.7943571209907532,0.5001547932624817,-0.023501211777329445,0.7813423871994019,0.5531639456748962,-0.03153417259454727,0.7051796317100525,0.42037227749824524,0.002319800201803446,0.7615428566932678,0.4232328236103058,-0.015024667605757713,0.7812256813049316,0.4683951139450073,-0.026634370908141136,0.7788841128349304,0.5212353467941284,-0.03139259293675423
D,0.5494409203529358,0.5099618434906006,3.1545317824566155e-07,0.6039384007453918,0.5756528377532959,-0.010662932880222797,0.6624593734741211,0.6119807958602905,-0.014059092849493027,0.7167306542396545,0.632424533367157,-0.02299995720386505,0.7633429169654846,0.6100960373878479,-0.03092014789581299,0.7126405835151672,0.5196772813796997,0.03422161191701889,0.7678303718566895,0.523736834526062,0.016630133613944054,0.7789057493209839,0.5619714856147766,-0.00500134052708745,0.7730225324630737,0.5956156253814697,-0.01736391708254814,0.7159738540649414,0.48818886280059814,0.027630386874079704,0.7834087014198303,0.48435869812965393,0.004916425794363022,0.7944210171699524,0.5294299125671387,-0.02154693379998207,0.7817310690879822,0.5731920599937439,-0.03505818918347359,0.7142909169197083,0.4540853500366211,0.015320595353841782,0.7818902134895325,0.4461698830127716,-0.005551474168896675,0.7951784133911133,0.5001809000968933,-0.02449183724820614,0.7824474573135376,0.5540496706962585,-0.03202291950583458,0.7067317962646484,0.42087623476982117,0.0008099914412014186,0.7621346116065979,0.4233226478099823,-0.0162714384496212,0.7818800210952759,0.4687749445438385,-0.027338581159710884,0.7798126935958862,0.5221564173698425,-0.03160242363810539
D,0.5504468679428101,0.5096534490585327,3.0783184001847985e-07,0.6039994359016418,0.5744723677635193,-0.009366761893033981,0.6630155444145203,0.6103335022926331,-0.012541549280285835,0.7175195813179016,0.6320723295211792,-0.02152998559176922,0.7640753388404846,0.6102809906005859,-0.029667768627405167,0.7131037712097168,0.5185117125511169,0.035353247076272964,0.7683994174003601,0.5230756402015686,0.01820719614624977,0.779442548751831,0.5611230731010437,-0.0033777947537600994,0.7724542617797852,0.5932501554489136,-0.01566505804657936,0.7167278528213501,0.48730120062828064,0.02817617356777191,0.7851312160491943,0.4838378131389618,0.006337862461805344,0.7959069013595581,0.5292878746986389,-0.02002647891640663,0.7811771631240845,0.5723689794540405,-0.03360909968614578,0.715030312538147,0.4534146785736084,0.015436586923897266,0.7833911776542664,0.4462229013442993,-0.004285621456801891,0.7964397668838501,0.500167191028595,-0.022964615374803543,0.7826290726661682,0.5527026057243347,-0.03063182532787323,0.7069258093833923,0.4204893708229065,0.0006220536888577044,0.7631824016571045,0.4230046570301056,-0.01538912858814001,0.7830636501312256,0.4678173363208771,-0.025960352271795273,0.7803870439529419,0.5198192000389099,-0.030125515535473824
D,0.5535166263580322,0.5077940225601196,2.8029251097905217e-07,0.6069778800010681,0.5742729902267456,-0.00831423606723547,0.6652562618255615,0.6109964847564697,-0.010213291272521019,0.719149649143219,0.632921576499939,-0.017901048064231873,0.764727771282196,0.6113826036453247,-0.024773327633738518,0.7138798832893372,0.5186948180198669,0.03654690831899643,0.7673097848892212,0.5248404741287231,0.021043401211500168,0.7787762880325317,0.562188446521759,0.0006270937738008797,0.7747502326965332,0.59238600730896,-0.011399539187550545,0.7180654406547546,0.48773184418678284,0.02932608500123024,0.7859106063842773,0.48426908254623413,0.008108571171760559,0.7960702180862427,0.5295918583869934,-0.017623497173190117,0.7820453643798828,0.5715349912643433,-0.030926046893000603,0.7167847752571106,0.4542696177959442,0.01670270599424839,0.7850266695022583,0.4463828504085541,-0.003586163744330406,0.7970238924026489,0.5008673071861267,-0.022542906925082207,0.7826158404350281,0.552914023399353,-0.030254120007157326,0.709636926651001,0.4220612645149231,0.0022361152805387974,0.766072154045105,0.4270250201225281,-0.01457484345883131,0.7846498489379883,0.47357067465782166,-0.025672638788819313,0.7811777591705322,0.5258737802505493,-0.03021777793765068
D,0.5537366271018982,0.5074642896652222,2.9468338880178635e-07,0.6071820855140686,0.5755659937858582,-0.009613695554435253,0.6652243137359619,0.6133984923362732,-0.012396720238029957,0.7197475433349609,0.6346287727355957,-0.02079715207219124,0.7661887407302856,0.611793577671051,-0.02831641212105751,0.7144509553909302,0.5197997093200684,0.03501606360077858,0.7700678110122681,0.5259654521942139,0.018496958538889885,0.7801775336265564,0.5635558366775513,-0.0025601063389331102,0.7737652659416199,0.5940312743186951,-0.014672696590423584,0.7179298996925354,0.4882804751396179,0.028280818834900856,0.7870796918869019,0.4847918152809143,0.006289424374699593,0.7961035966873169,0.5304068922996521,-0.020330283790826797,0.7812455892562866,0.57271808385849,-0.03410933539271355,0.7160059213638306,0.45439255237579346,0.016090471297502518,0.7847967743873596,0.4464280903339386,-0.004320190753787756,0.7969439625740051,0.5009467005729675,-0.02393702231347561,0.7829025387763977,0.5533344149589539,-0.0321667455136776,0.707922637462616,0.4219350218772888,0.001976535888388753,0.7642650008201599,0.42588096857070923,-0.014828416518867016,0.7844698429107666,0.4721355140209198,-0.026597483083605766,0.7829281687736511,0.5250523686408997,-0.03169510141015053
D,0.5541368126869202,0.5075022578239441,2.901675770772272e-07,0.6073437929153442,0.5759510397911072,-0.009279405698180199,0.664893388748169,0.6131704449653625,-0.01207578182220459,0.7192761301994324,0.6347268223762512,-0.020610524341464043,0.7656832933425903,0.6118540167808533,-0.028380634263157845,0.7149862051010132,0.5205879807472229,0.034262195229530334,0.7721303701400757,0.5251666903495789,0.017419913783669472,0.7817387580871582,0.5631790161132812,-0.0037540846969932318,0.7741094827651978,0.5940985679626465,-0.01590069569647312,0.7179623246192932,0.48894280195236206,0.02722233720123768,0.7882164716720581,0.48431211709976196,0.005147871561348438,0.7970401644706726,0.5302057266235352,-0.02166387438774109,0.7817744016647339,0.5722190737724304,-0.03572459518909454,0.7154945731163025,0.4550217390060425,0.014803835190832615,0.7848216891288757,0.4461298882961273,-0.00548762921243906,0.7966745495796204,0.5008318424224854,-0.025276515632867813,0.7820484638214111,0.552949845790863,-0.0337894931435585,0.7067273259162903,0.4223099946975708,0.00047580001410096884,0.7631210088729858,0.4250442683696747,-0.016404256224632263,0.7836397290229797,0.47102826833724976,-0.02851853333413601,0.7821426391601562,0.5236197710037231,-0.0340019054710865
D,0.5592449903488159,0.5122372508049011,3.103581889263296e-07,0.6129655838012695,0.5797154903411865,-0.008833590894937515,0.67228764295578,0.6167128086090088,-0.00929971132427454,0.7262229323387146,0.638547420501709,-0.015125672332942486,0.7718941569328308,0.6187186241149902,-0.01974579133093357,0.7204908728599548,0.522379994392395,0.04008854180574417,0.7716315984725952,0.5320816040039062,0.027843037620186806,0.7838698625564575,0.5677989721298218,0.009460397064685822,0.7831478118896484,0.5965898633003235,-0.0017412456218153238,0.7245864868164062,0.4934854209423065,0.03405027836561203,0.7887124419212341,0.49301689863204956,0.01576923206448555,0.8006155490875244,0.5357244610786438,-0.0084015978500247,0.7908984422683716,0.5761052966117859,-0.021015280857682228,0.7237532734870911,0.4613940119743347,0.02241910621523857,0.7900656461715698,0.4558332860469818,0.004195849411189556,0.8030421137809753,0.5080821514129639,-0.013859009370207787,0.7912606596946716,0.5590070486068726,-0.02116849645972252,0.7183048725128174,0.43005403876304626,0.008765868842601776,0.7741295695304871,0.43657076358795166,-0.006482088007032871,0.7928644418716431,0.48151397705078125,-0.016676321625709534,0.7905304431915283,0.532650351524353,-0.020586306229233742
D,0.582643985748291,0.5323129892349243,3.283190039837791e-07,0.6347057223320007,0.5960888266563416,-0.007806902285665274,0.6914113759994507,0.6404146552085876,-0.010885486379265785,0.7424768805503845,0.6661861538887024,-0.019626503810286522,0.788916826248169,0.6534848213195801,-0.027107100933790207,0.7423143982887268,0.5481318831443787,0.033407166600227356,0.7933149337768555,0.560347855091095,0.016193289309740067,0.8020074963569641,0.6049435138702393,-0.004671589937061071,0.7931722402572632,0.6431050896644592,-0.016168415546417236,0.7482027411460876,0.521223247051239,0.026372551918029785,0.8097726702690125,0.528838574886322,0.006853172555565834,0.8201565742492676,0.5754467844963074,-0.017708314582705498,0.8069376945495605,0.6191773414611816,-0.030718401074409485,0.749964714050293,0.4885624945163727,0.014254630543291569,0.8144766092300415,0.4898674786090851,-0.0016510526183992624,0.8275220394134521,0.5406648516654968,-0.01673451066017151,0.8178228735923767,0.5910393595695496,-0.022940991446375847,0.7457324862480164,0.45438703894615173,-4.7529800212942064e-05,0.7985634207725525,0.4623376727104187,-0.01210695505142212,0.8169216513633728,0.5053800344467163,-0.01902177184820175,0.8161708116531372,0.5538373589515686,-0.020648276433348656
D,0.5953513979911804,0.5332573652267456,3.2177672437683214e-07,0.6450560092926025,0.6019765138626099,-0.0067502399906516075,0.7038451433181763,0.6458830237388611,-0.007286307401955128,0.7540578246116638,0.6737686991691589,-0.01339842937886715,0.7982882857322693,0.6632776260375977,-0.018620533868670464,0.7536343336105347,0.5510685443878174,0.038421280682086945,0.8010098934173584,0.5680643320083618,0.0233683530241251,0.8128185868263245,0.6123342514038086,0.0027094080578535795,0.8088339567184448,0.6490758061408997,-0.009511824697256088,0.7590368390083313,0.5249084234237671,0.031056389212608337,0.8208932876586914,0.5341324806213379,0.011184288188815117,0.8326669335365295,0.581960141658783,-0.014608243480324745,0.820574164390564,0.6250451803207397,-0.028523199260234833,0.759971022605896,0.49321186542510986,0.018445122987031937,0.8260271549224854,0.49685442447662354,8.063377754297107e-05,0.8395777940750122,0.5495843291282654,-0.018513787537813187,0.8285837173461914,0.5986133813858032,-0.02658182382583618,0.755632758140564,0.4601767659187317,0.004021362867206335,0.8108118176460266,0.4712953269481659,-0.011205550283193588,0.8290766477584839,0.5172427296638489,-0.02152547985315323,0.8273290991783142,0.5666715502738953,-0.025616860017180443
D,0.5978826880455017,0.5346341729164124,3.0053544719521597e-07,0.6450696587562561,0.602818489074707,-0.007661459501832724,0.7041863799095154,0.6465789079666138,-0.00988980196416378,0.7541374564170837,0.6735592484474182,-0.017721161246299744,0.7987546920776367,0.6605982780456543,-0.024336285889148712,0.7575424909591675,0.5528531074523926,0.03564587980508804,0.8078061938285828,0.5690405964851379,0.017508406192064285,0.8159173727035522,0.6161627173423767,-0.0046943738125264645,0.8068010807037354,0.6535308361053467,-0.01733059249818325,0.7627881169319153,0.5268318057060242,0.02798614092171192,0.8255502581596375,0.5374338626861572,0.005731686949729919,0.8330044150352478,0.5878183841705322,-0.02077573724091053,0.8178183436393738,0.6329063177108765,-0.03462977334856987,0.763978123664856,0.4950661063194275,0.014952583238482475,0.8304443359375,0.5003659725189209,-0.004290204960852861,0.8420032858848572,0.554902970790863,-0.02143135480582714,0.8307546377182007,0.6069087982177734,-0.028347188606858253,0.7584805488586426,0.46208715438842773,-0.0001436082529835403,0.8114897012710571,0.4748804569244385,-0.015488705597817898,0.8305650949478149,0.5224378705024719,-0.025226149708032608,0.8303236961364746,0.5752601027488708,-0.028826987370848656
D,0.6270210146903992,0.5311030149459839,3.6091500987822656e-07,0.675800085067749,0.5982740521430969,-0.0013036837335675955,0.7361618280410767,0.6398924589157104,0.00017318422032985836,0.7849836349487305,0.6639996767044067,-0.005242182873189449,0.8283974528312683,0.6492189764976501,-0.009392011910676956,0.7922342419624329,0.5458182096481323,0.04354630783200264,0.8489102721214294,0.5534464120864868,0.028963401913642883,0.8594210147857666,0.5973086357116699,0.009476798586547375,0.8463377356529236,0.6368564963340759,-0.00027369920280762017,0.7958136200904846,0.5193801522254944,0.03350608050823212,0.8592814207077026,0.5283454656600952,0.018500402569770813,0.8705844879150391,0.5768647193908691,-0.004715993069112301,0.856666088104248,0.6222700476646423,-0.01711350306868553,0.7982780337333679,0.48845142126083374,0.018286459147930145,0.8627166748046875,0.49803856015205383,0.006190624553710222,0.8777874708175659,0.5514135956764221,-0.00898605678230524,0.867537260055542,0.6003155708312988,-0.01580987311899662,0.7956866025924683,0.45580774545669556,0.0011758054606616497,0.8529863953590393,0.4603755474090576,-0.007699810899794102,0.8744961023330688,0.5053071975708008,-0.013273929245769978,0.8730642199516296,0.5560944080352783,-0.014348505064845085
D,0.6643075942993164,0.49906644225120544,5.015816668674233e-07,0.7120720744132996,0.5671687722206116,-0.010942291468381882,0.7750979661941528,0.6095452904701233,-0.01507827453315258,0.832316517829895,0.6360804438591003,-0.024884482845664024,0.8842727541923523,0.6171005368232727,-0.03244471549987793,0.827199399471283,0.5087299346923828,0.037190474569797516,0.8833756446838379,0.5231488943099976,0.016961362212896347,0.8894996643066406,0.5680038928985596,-0.005191987380385399,0.8700416088104248,0.6038981676101685,-0.015409138053655624,0.8344132900238037,0.4755798578262329,0.030420275405049324,0.8975809216499329,0.483900249004364,0.01047403272241354,0.9146586656570435,0.5305766463279724,-0.014378407038748264,0.906034529209137,0.576250433921814,-0.027450930327177048,0.8391141295433044,0.4379296898841858,0.0169091634452343,0.9068536758422852,0.4459916055202484,-0.0003581084602046758,0.9287333488464355,0.4984223246574402,-0.016576988622546196,0.9230404496192932,0.5484889149665833,-0.023044876754283905,0.83857262134552,0.4007246494293213,0.0007630164036527276,0.9007323980331421,0.40590226650238037,-0.011392414569854736,0.9276657104492188,0.4492051303386688,-0.018119608983397484,0.9294878840446472,0.5006049275398254,-0.019659677520394325
D,0.6784641146659851,0.48455166816711426,3.9073546531653847e-07,0.7228700518608093,0.5514708161354065,-0.006749618332833052,0.7925524115562439,0.5894135236740112,-0.006540946662425995,0.8522668480873108,0.618161141872406,-0.012752782553434372,0.9023987650871277,0.6015179753303528,-0.01736758090555668,0.8439366221427917,0.4737336039543152,0.044117964804172516,0.9040687084197998,0.49067622423171997,0.02410271391272545,0.9152496457099915,0.5408767461776733,0.00041314485133625567,0.8970969915390015,0.5810142755508423,-0.010568705387413502,0.8524200320243835,0.44346731901168823,0.035351648926734924,0.9231811761856079,0.45588886737823486,0.015049310401082039,0.9397485256195068,0.509818434715271,-0.011822475120425224,0.924806535243988,0.5590125322341919,-0.02530059963464737,0.8566030263900757,0.40779438614845276,0.020028211176395416,0.9341951608657837,0.41598084568977356,0.0028445518109947443,0.9567286372184753,0.4728500247001648,-0.015165004879236221,0.9476802945137024,0.5247858166694641,-0.022208696231245995,0.853222131729126,0.37068361043930054,0.002378815086558461,0.921812891960144,0.3722184896469116,-0.010863943956792355,0.9521071910858154,0.4190174639225006,-0.019736560061573982,0.9551064968109131,0.47544583678245544,-0.022295795381069183
D,0.6710184812545776,0.4855174124240875,2.809452155361214e-07,0.7228271961212158,0.5589637756347656,-0.00636947900056839,0.7934675812721252,0.5977728366851807,-0.00785705167800188,0.8557841777801514,0.6228907108306885,-0.01632452942430973,0.9066547155380249,0.5968798398971558,-0.02301962673664093,0.84825599193573,0.47341683506965637,0.0438273660838604,0.9143593311309814,0.4830460250377655,0.02234620414674282,0.9263859391212463,0.5327834486961365,-0.003182047978043556,0.9059076905250549,0.5725610256195068,-0.01521209068596363,0.8536610007286072,0.4387454390525818,0.034337110817432404,0.9319222569465637,0.44111281633377075,0.01158250030130148,0.9454372525215149,0.4993117153644562,-0.017243262380361557,0.9250219464302063,0.5502792596817017,-0.031740427017211914,0.8541794419288635,0.40027961134910583,0.018379582092165947,0.9362794756889343,0.3997386693954468,-0.0011071412591263652,0.9549970626831055,0.46331891417503357,-0.02027537114918232,0.9395564794540405,0.5195214748382568,-0.027699386700987816,0.8474838137626648,0.36327630281448364,0.00032749774982221425,0.9202432632446289,0.36540254950523376,-0.014946169219911098,0.9481906890869141,0.41686898469924927,-0.024527832865715027,0.9477872848510742,0.47487086057662964,-0.027482666075229645
D,0.6645282506942749,0.46312180161476135,4.823460812986013e-07,0.730344831943512,0.5447447896003723,0.007666151504963636,0.8058151006698608,0.578216552734375,0.010963506996631622,0.8712469935417175,0.6031102538108826,0.0020088902674615383,0.9247233271598816,0.57325279712677,-0.006757175084203482,0.8547985553741455,0.4334089756011963,0.0749969482421875,0.9239200949668884,0.44247645139694214,0.06127088516950607,0.9427865743637085,0.4954328238964081,0.03728746995329857,0.9293251037597656,0.540935754776001,0.02455391176044941,0.8617098331451416,0.40084290504455566,0.05632799118757248,0.9447539448738098,0.4006049931049347,0.03793774172663689,0.9629594683647156,0.4718508720397949,0.00480132969096303,0.9421930909156799,0.5370400547981262,-0.012794798240065575,0.8632010817527771,0.36243224143981934,0.03128551319241524,0.9522992372512817,0.3633807301521301,0.015485492534935474,0.9708867073059082,0.4458923637866974,-0.007688548415899277,0.9514420032501221,0.5163209438323975,-0.018316682428121567,0.8559282422065735,0.32819366455078125,0.005050874315202236,0.9368191361427307,0.3381657600402832,-0.0063798921182751656,0.9642453789710999,0.40662938356399536,-0.015864841639995575,0.9592268466949463,0.47834813594818115,-0.019466357305645943
D,0.645113468170166,0.45404767990112305,4.787646616932761e-07,0.7198095321655273,0.5385434627532959,0.008985905908048153,0.7990673780441284,0.5754238963127136,0.012088452465832233,0.8687133193016052,0.6030243635177612,0.0020358609035611153,0.9288074970245361,0.5691236853599548,-0.007567651104182005,0.8491691946983337,0.4252973198890686,0.08582717180252075,0.9172786474227905,0.4364236891269684,0.07760515064001083,0.9422258138656616,0.4888783097267151,0.05516218766570091,0.9411160945892334,0.5283000469207764,0.04225470870733261,0.8534606695175171,0.3878009021282196,0.06560427695512772,0.9413084387779236,0.3764913082122803,0.051660846918821335,0.964615523815155,0.44431617856025696,0.0205063633620739,0.9493142366409302,0.5092348456382751,0.00410224637016654,0.8516141176223755,0.34639087319374084,0.038663432002067566,0.9444331526756287,0.3374341130256653,0.026009200140833855,0.9684301614761353,0.41695767641067505,0.00611436553299427,0.9537103772163391,0.48721376061439514,-0.002432639244943857,0.8429412245750427,0.3148196339607239,0.010253166779875755,0.9298844337463379,0.3191540241241455,7.256511889863759e-05,0.9605302214622498,0.38394895195961,-0.006399405188858509,0.9577908515930176,0.4537495970726013,-0.0075292205438017845
D,0.640781044960022,0.45630401372909546,4.3437020735836995e-07,0.7155978679656982,0.5359334945678711,0.0032846005633473396,0.7959724068641663,0.5726889371871948,0.005131251644343138,0.8669590950012207,0.6013363003730774,-0.0043717920780181885,0.929691731929779,0.5706158876419067,-0.012748008593916893,0.8497218489646912,0.4239937961101532,0.0749160572886467,0.9209263324737549,0.4330051839351654,0.061405014246702194,0.9438526034355164,0.48470425605773926,0.03551974147558212,0.940126895904541,0.5262698531150818,0.020865755155682564,0.8532155752182007,0.38633519411087036,0.05787716433405876,0.9437376260757446,0.3741031289100647,0.03979467228055,0.967549204826355,0.43958455324172974,0.006973360199481249,0.9517509341239929,0.5054640769958496,-0.010662936605513096,0.8502058982849121,0.3464144766330719,0.03387683257460594,0.9435434341430664,0.3368474543094635,0.017727088183164597,0.9707337617874146,0.41446879506111145,-0.004419075325131416,0.9588750600814819,0.48691099882125854,-0.014288132078945637,0.8410440683364868,0.31560537219047546,0.008064393885433674,0.9259386658668518,0.32217806577682495,-0.004705385304987431,0.9580394625663757,0.3864697813987732,-0.013367126695811749,0.9582496881484985,0.45750847458839417,-0.015854887664318085
D,0.6403500437736511,0.4575202763080597,4.2519633325355244e-07,0.7158358097076416,0.534764289855957,0.0008473568013869226,0.7958067059516907,0.5739787220954895,0.0015996114816516638,0.8666423559188843,0.6014314889907837,-0.00825850572437048,0.9303228259086609,0.5710421204566956,-0.016765812411904335,0.8486396074295044,0.42424917221069336,0.0714779868721962,0.9204180240631104,0.434396356344223,0.057110246270895004,0.944229245185852,0.48531046509742737,0.031016957014799118,0.9425746202468872,0.5269404649734497,0.016255082562565804,0.8528711795806885,0.3867541551589966,0.055813342332839966,0.9445633292198181,0.37464767694473267,0.03664441779255867,0.9680324792861938,0.4390092194080353,0.004047243390232325,0.9526664614677429,0.5042222142219543,-0.013227159157395363,0.8503549098968506,0.34694820642471313,0.03312057629227638,0.9449063539505005,0.33733105659484863,0.015920119360089302,0.971398651599884,0.4139581620693207,-0.005999320186674595,0.9593003988265991,0.48610955476760864,-0.015417821705341339,0.8421164751052856,0.31599465012550354,0.00846478994935751,0.9266735315322876,0.3218000531196594,-0.004961327649652958,0.9583913087844849,0.38594409823417664,-0.0137178311124444,0.9588552713394165,0.4567897319793701,-0.016064319759607315
D,0.6392581462860107,0.4580483138561249,4.084423324002273e-07,0.7156722545623779,0.5370617508888245,0.0015546154463663697,0.7939566373825073,0.5781070590019226,0.0015676936600357294,0.8648272752761841,0.6065157651901245,-0.009552357718348503,0.9251803755760193,0.5723978877067566,-0.01949658989906311,0.8462153673171997,0.43040478229522705,0.07367628067731857,0.9155822992324829,0.4434528052806854,0.06034517660737038,0.9383312463760376,0.49243059754371643,0.03401009738445282,0.9382182359695435,0.5295891165733337,0.01837140880525112,0.8518314361572266,0.393568217754364,0.05730051174759865,0.9405866861343384,0.38345468044281006,0.038147810846567154,0.9620561003684998,0.44928354024887085,0.004875155631452799,0.9462767839431763,0.5152437090873718,-0.013073696754872799,0.8501340746879578,0.3544148802757263,0.03405036777257919,0.9437604546546936,0.3412781059741974,0.01741344854235649,0.9670050740242004,0.4167576730251312,-0.0034670992754399776,0.9533147215843201,0.48951807618141174,-0.012470412068068981,0.8414660096168518,0.3248380720615387,0.008731959387660027,0.9249258637428284,0.3303537964820862,-0.0033809966407716274,0.9551428556442261,0.3936658501625061,-0.010944117791950703,0.9548976421356201,0.46393340826034546,-0.012914392165839672
D,0.6408102512359619,0.4605015218257904,3.792216318743158e-07,0.7159192562103271,0.5386244058609009,0.0005004146951250732,0.7939908504486084,0.5789263248443604,0.0002836031490005553,0.8645867109298706,0.6077154874801636,-0.010658646933734417,0.9214593768119812,0.571877658367157,-0.020802201703190804,0.846867561340332,0.438215970993042,0.06725635379552841,0.914670467376709,0.4512333571910858,0.05170779675245285,0.9364706873893738,0.4987162947654724,0.02491537295281887,0.9349791407585144,0.5362794399261475,0.009356260299682617,0.8528580665588379,0.40133535861968994,0.0513475202023983,0.9395697116851807,0.39236173033714294,0.03032858483493328,0.9596564769744873,0.4582892060279846,-0.002433669287711382,0.9422649145126343,0.5239123702049255,-0.019635584205389023,0.8509933352470398,0.36212819814682007,0.028729725629091263,0.9427585601806641,0.34942731261253357,0.010177329182624817,0.9648585319519043,0.4237435758113861,-0.01085620652884245,0.950291633605957,0.4953283369541168,-0.01948726736009121,0.8414079546928406,0.3310892581939697,0.00409289775416255,0.9231228828430176,0.3346204161643982,-0.009726477786898613,0.9521827697753906,0.39622145891189575,-0.017967473715543747,0.9505363702774048,0.4652980864048004,-0.020089834928512573
D,0.6414662599563599,0.4645364284515381,3.604224900755071e-07,0.7165868878364563,0.5424087643623352,0.001449189498089254,0.7910259366035461,0.5827884674072266,0.0010435673175379634,0.8581729531288147,0.6116405129432678,-0.010535184293985367,0.9172253012657166,0.5805923938751221,-0.021067462861537933,0.8453655242919922,0.4441450238227844,0.06946249306201935,0.9119318723678589,0.45368286967277527,0.05459976568818092,0.9318403005599976,0.5019645094871521,0.0285952128469944,0.9296310544013977,0.539454460144043,0.013581085950136185,0.8511062860488892,0.40983936190605164,0.05285518988966942,0.9365260601043701,0.39878568053245544,0.0320839062333107,0.9543617963790894,0.4656431972980499,-0.0003554009017534554,0.9359992742538452,0.5308609008789062,-0.01717110350728035,0.8498502969741821,0.372201532125473,0.029497137293219566,0.9395845532417297,0.3586810827255249,0.011327342130243778,0.9594234228134155,0.43494927883148193,-0.00862652063369751,0.9431731700897217,0.507045567035675,-0.016280896961688995,0.8412008285522461,0.3417675793170929,0.004111177287995815,0.9218352437019348,0.34246397018432617,-0.008573437109589577,0.9495828151702881,0.4037414789199829,-0.015352936461567879,0.9463179111480713,0.47211775183677673,-0.01638634130358696
D,0.6478323936462402,0.48817363381385803,2.0496921138146718e-07,0.718967080116272,0.5606499910354614,-0.0017661331221461296,0.7848972082138062,0.5996452569961548,-0.0064520277082920074,0.845476508140564,0.6243453621864319,-0.021393751725554466,0.9018259644508362,0.6010887026786804,-0.03530583158135414,0.840543270111084,0.47542476654052734,0.047876302152872086,0.9116761088371277,0.4776912331581116,0.027016442269086838,0.923809826374054,0.5309479236602783,0.0009656461770646274,0.9115949869155884,0.5727294087409973,-0.013123768381774426,0.8460041284561157,0.4444144070148468,0.032692525535821915,0.927141010761261,0.4364563226699829,0.007620920892804861,0.9386332631111145,0.5019803047180176,-0.02273937687277794,0.9176454544067383,0.5603201389312744,-0.038420140743255615,0.8456004858016968,0.40841448307037354,0.011378454975783825,0.9298917651176453,0.3972049355506897,-0.00883515365421772,0.9442342519760132,0.4698900878429413,-0.02669045515358448,0.9254654049873352,0.5362199544906616,-0.03347301110625267,0.8380799889564514,0.37485799193382263,-0.012086063623428345,0.9109319448471069,0.3685780167579651,-0.025445271283388138,0.9373123049736023,0.4217957556247711,-0.032017845660448074,0.9340271949768066,0.4831685423851013,-0.03327812999486923
D,0.655494749546051,0.4882573187351227,2.9708712645515334e-07,0.7219218015670776,0.5621842741966248,-0.0007978947251103818,0.7912899851799011,0.5984164476394653,-0.003097988897934556,0.8536797165870667,0.6211660504341125,-0.01519021112471819,0.9048150777816772,0.5893497467041016,-0.026194658130407333,0.8466485142707825,0.4745965301990509,0.05029378458857536,0.9168766736984253,0.47463488578796387,0.029408413916826248,0.9294842481613159,0.5270246267318726,0.003245921339839697,0.9135178923606873,0.5709046721458435,-0.010030753910541534,0.8504018783569336,0.4418933689594269,0.035539254546165466,0.9344643950462341,0.4337991178035736,0.011649761348962784,0.9462317228317261,0.4990980625152588,-0.018252568319439888,0.922110915184021,0.5570132732391357,-0.03289734199643135,0.848679780960083,0.405816912651062,0.014649181626737118,0.9332675933837891,0.39346256852149963,-0.004765562247484922,0.9489730596542358,0.46514782309532166,-0.023620983585715294,0.9288047552108765,0.5293262004852295,-0.030517425388097763,0.8399668335914612,0.37293070554733276,-0.008201428689062595,0.9137470722198486,0.36852556467056274,-0.02154027670621872,0.9392669796943665,0.4240192174911499,-0.029025880619883537,0.9336101412773132,0.48633378744125366,-0.030565574765205383
D,0.6523630619049072,0.4938325583934784,1.622888134988898e-07,0.716782808303833,0.56423020362854,-0.0011195047991350293,0.7782987952232361,0.6042728424072266,-0.004969398491084576,0.8350009322166443,0.6295148134231567,-0.018436191603541374,0.884638249874115,0.6051023006439209,-0.03079691343009472,0.8342500925064087,0.48714330792427063,0.0446123331785202,0.9013881683349609,0.48825567960739136,0.023584356531500816,0.9102224707603455,0.5406767725944519,-0.001906155259348452,0.8950390815734863,0.5834397077560425,-0.015406206250190735,0.8389256000518799,0.4577123522758484,0.03002041205763817,0.9155128002166748,0.45337802171707153,0.006502020172774792,0.9248560667037964,0.5165688991546631,-0.02169889770448208,0.9038280844688416,0.5718688368797302,-0.03651975840330124,0.8383302092552185,0.4237220585346222,0.00953433196991682,0.9188395142555237,0.4173021912574768,-0.009668799117207527,0.9312394261360168,0.48600292205810547,-0.02647305466234684,0.9123813509941101,0.547021210193634,-0.03303496912121773,0.8314535021781921,0.39115676283836365,-0.012990491464734077,0.901965320110321,0.3892909288406372,-0.025854654610157013,0.9249841570854187,0.440496563911438,-0.0321313738822937,0.9200829267501831,0.4971356987953186,-0.03354285657405853
D,0.6342145204544067,0.5167837142944336,9.049445992559413e-08,0.7010436058044434,0.5832637548446655,0.008233875036239624,0.760314404964447,0.6174132227897644,0.00973727647215128,0.808871865272522,0.6390728950500488,0.0003366836754139513,0.8542675375938416,0.6250674724578857,-0.008713891729712486,0.8081924915313721,0.5133543610572815,0.054447632282972336,0.8661094307899475,0.5178350806236267,0.03954584151506424,0.8747429251670837,0.5697842836380005,0.017073102295398712,0.8637728095054626,0.6130208373069763,0.004209327511489391,0.8120104670524597,0.488028347492218,0.03681739419698715,0.8803571462631226,0.48801368474960327,0.019065076485276222,0.8915067911148071,0.5455021262168884,-0.007446465082466602,0.8748487234115601,0.5972306132316589,-0.022261938080191612,0.8127634525299072,0.45731014013290405,0.014233780093491077,0.8855066895484924,0.45694679021835327,0.0006435353425331414,0.8995341658592224,0.5193396806716919,-0.015466656535863876,0.885186493396759,0.575621485710144,-0.02280011959373951,0.8085965514183044,0.4287808835506439,-0.009669754654169083,0.874661922454834,0.43143364787101746,-0.017802296206355095,0.8948327898979187,0.4797491431236267,-0.02203194983303547,0.889721691608429,0.5327261090278625,-0.0226451363414526
D,0.6286114454269409,0.5285195112228394,1.4809251069891616e-07,0.6903272271156311,0.5925520062446594,0.004259570501744747,0.748917281627655,0.6279915571212769,0.006455762777477503,0.795610785484314,0.6485577821731567,-0.00040781861753202975,0.838591992855072,0.6373043656349182,-0.006115587428212166,0.7923885583877563,0.5268255472183228,0.05183429643511772,0.8462547659873962,0.5339938998222351,0.039524827152490616,0.8561160564422607,0.5793043375015259,0.020344844087958336,0.8476139307022095,0.6166600584983826,0.009273751638829708,0.7979110479354858,0.5032854676246643,0.03817300498485565,0.8583847880363464,0.5068224668502808,0.02383606508374214,0.869766116142273,0.5586020946502686,0.00010464718798175454,0.857197642326355,0.6056411862373352,-0.013765738345682621,0.8002156019210815,0.47510915994644165,0.01942998543381691,0.8656786680221558,0.47645267844200134,0.007293598260730505,0.8781758546829224,0.532634973526001,-0.008053923025727272,0.8659415245056152,0.5843598246574402,-0.015592539682984352,0.7985292673110962,0.44757387042045593,-0.0007750177173875272,0.8564488887786865,0.4517275094985962,-0.009086809121072292,0.8734332919120789,0.49854761362075806,-0.014197600074112415,0.8683952689170837,0.5496281981468201,-0.01564675197005272
D,0.6290532350540161,0.5391779541969299,1.6284678849842749e-07,0.6907150745391846,0.6058133840560913,0.007559023331850767,0.7468969821929932,0.6422033309936523,0.010879824869334698,0.7910774350166321,0.6610593795776367,0.004472804721444845,0.8274911046028137,0.6475403308868408,-0.001071796752512455,0.7840566039085388,0.5405687689781189,0.05547046661376953,0.8295977115631104,0.5510169863700867,0.04480370879173279,0.8366382122039795,0.597103476524353,0.026333093643188477,0.8290362358093262,0.6341075897216797,0.01521661039441824,0.789268434047699,0.5180231332778931,0.04069563001394272,0.8451849818229675,0.5236515402793884,0.024623941630125046,0.8525403738021851,0.5781124830245972,9.79486940195784e-05,0.837672233581543,0.626435399055481,-0.013197965919971466,0.791928231716156,0.4902677536010742,0.02132420614361763,0.8532414436340332,0.4932538866996765,0.008006217889487743,0.8635209798812866,0.5541755557060242,-0.008555041626095772,0.8499509692192078,0.6083508133888245,-0.016044052317738533,0.7906420230865479,0.4642521142959595,0.0008984160958789289,0.8465532064437866,0.47436273097991943,-0.007867085747420788,0.860438346862793,0.5254759788513184,-0.013926897197961807,0.8536952137947083,0.579190194606781,-0.015837768092751503
D,0.6322214007377625,0.5487972497940063,1.7403885976818856e-07,0.689765453338623,0.6147048473358154,0.007197354454547167,0.7434889078140259,0.6506890058517456,0.012621860019862652,0.7856612205505371,0.6710353493690491,0.009224970825016499,0.8222927451133728,0.6612268686294556,0.006667116191238165,0.7754830718040466,0.5495288372039795,0.057219572365283966,0.8173040151596069,0.5672203302383423,0.05019183084368706,0.8269219398498535,0.6107196807861328,0.03432396426796913,0.8241515755653381,0.6448973417282104,0.024613332003355026,0.7819125056266785,0.5287907719612122,0.044131532311439514,0.8327145576477051,0.5404070615768433,0.03284909948706627,0.8411844968795776,0.5900177955627441,0.010804474353790283,0.8309773802757263,0.6347598433494568,-0.001857207389548421,0.7863481640815735,0.5026804804801941,0.026434829458594322,0.8432514071464539,0.5108827948570251,0.015418225899338722,0.8546112179756165,0.5670105218887329,-0.0008067914168350399,0.8449707627296448,0.6177597045898438,-0.008715004660189152,0.7877832651138306,0.47727835178375244,0.007781670894473791,0.8420935273170471,0.4877016544342041,-7.551651651738212e-05,0.8547388911247253,0.534939706325531,-0.005677359644323587,0.8484002351760864,0.5854551792144775,-0.007504681590944529
D,0.6329836249351501,0.5486122965812683,2.801019434173213e-07,0.6889804601669312,0.6191002726554871,0.015242118388414383,0.7412409782409668,0.6536714434623718,0.028574110940098763,0.7832933068275452,0.6753013134002686,0.032093774527311325,0.8213070034980774,0.6653632521629333,0.035913895815610886,0.7720327973365784,0.5537427067756653,0.08173402398824692,0.8136838674545288,0.5722436308860779,0.08572190999984741,0.8283956050872803,0.6117843985557556,0.07368145883083344,0.8314340114593506,0.6435154676437378,0.06500081717967987,0.7800174951553345,0.530220091342926,0.06790196150541306,0.8313524723052979,0.5423460006713867,0.06794162094593048,0.8450328707695007,0.5854151248931885,0.046461477875709534,0.83988356590271,0.627466082572937,0.03237975016236305,0.7847093939781189,0.5028067231178284,0.049502160400152206,0.8422982692718506,0.5112229585647583,0.048661697655916214,0.8574770092964172,0.5620028376579285,0.032172489911317825,0.8519847989082336,0.6109055280685425,0.021844737231731415,0.7859238386154175,0.4784529209136963,0.030539188534021378,0.8390159606933594,0.4915012717247009,0.029665188863873482,0.8546768426895142,0.5364705920219421,0.024753395467996597,0.853023111820221,0.5861934423446655,0.022046754136681557
D,0.6358197927474976,0.5471912622451782,2.51949899165993e-07,0.689470648765564,0.6172137260437012,0.013041269965469837,0.7405836582183838,0.6527714729309082,0.02385355345904827,0.7812029719352722,0.673412561416626,0.025247706100344658,0.8198802471160889,0.6639713644981384,0.027244560420513153,0.7764112949371338,0.5506331920623779,0.07356183230876923,0.8196258544921875,0.5685518980026245,0.07296542823314667,0.8306427001953125,0.6095218062400818,0.059139005839824677,0.8279299736022949,0.6420868039131165,0.05019072815775871,0.7829277515411377,0.5278040170669556,0.05967194214463234,0.8362914323806763,0.5394402146339417,0.05477457866072655,0.8466730117797852,0.586154580116272,0.03223146125674248,0.8362515568733215,0.6290698647499084,0.018605779856443405,0.7867977023124695,0.501060962677002,0.04128385707736015,0.8446313142776489,0.5096104741096497,0.03659006580710411,0.858005166053772,0.5640226602554321,0.019692260771989822,0.8493293523788452,0.6135510206222534,0.01021950226277113,0.787189245223999,0.47676897048950195,0.02228647470474243,0.8402215242385864,0.4881235659122467,0.018540209159255028,0.85483717918396,0.5342599749565125,0.012799366377294064,0.8513690829277039,0.5842587351799011,0.010253112763166428
D,0.6345404386520386,0.5481271147727966,2.655429511833063e-07,0.6899959444999695,0.6196938157081604,0.015377150848507881,0.7439888715744019,0.6535536646842957,0.029418494552373886,0.785396158695221,0.6704124808311462,0.0336788035929203,0.8219249844551086,0.6583192348480225,0.038421180099248886,0.7744805216789246,0.5525447726249695,0.08065013587474823,0.8172469139099121,0.5671866536140442,0.0832255408167839,0.83125901222229,0.6049714088439941,0.07055211067199707,0.8327231407165527,0.6379953026771545,0.06174267455935478,0.7803417444229126,0.527438223361969,0.06656375527381897,0.8330348134040833,0.5368993282318115,0.06415347009897232,0.8456532955169678,0.5806328058242798,0.04160471260547638,0.838611900806427,0.6249063611030579,0.027529899030923843,0.7836164832115173,0.4993751347064972,0.04786946624517441,0.842384934425354,0.5078136920928955,0.044740915298461914,0.8572660684585571,0.5605757832527161,0.02682817541062832,0.8508872389793396,0.6114878058433533,0.01622532308101654,0.7839087843894958,0.4745428264141083,0.028727412223815918,0.8378673791885376,0.48755210638046265,0.025533536449074745,0.8539165258407593,0.5335581302642822,0.01861489750444889,0.8533293604850769,0.5852662324905396,0.014907469041645527
D,0.6427390575408936,0.5511650443077087,3.330213189656206e-07,0.6947977542877197,0.6169214844703674,0.0058109816163778305,0.7459101676940918,0.6577398777008057,0.014138806611299515,0.7873955368995667,0.6747885942459106,0.015185210853815079,0.8264304995536804,0.6632766723632812,0.017428521066904068,0.7799034118652344,0.5516087412834167,0.06841682642698288,0.8201585412025452,0.5715585947036743,0.06782446056604385,0.833768904209137,0.6124781966209412,0.054221004247665405,0.834700882434845,0.6452693343162537,0.04553024843335152,0.787346363067627,0.5290867686271667,0.05946679040789604,0.8394951224327087,0.5454275608062744,0.05609140917658806,0.8524303436279297,0.588096022605896,0.03457073122262955,0.847052276134491,0.62813800573349,0.021188175305724144,0.7930266261100769,0.5020724534988403,0.04560772329568863,0.8490163087844849,0.5154095888137817,0.042201749980449677,0.8637006282806396,0.5640174746513367,0.025956273078918457,0.8579583168029785,0.6092619895935059,0.01667519472539425,0.7956231236457825,0.47550538182258606,0.03058290295302868,0.846450686454773,0.49145573377609253,0.028506215661764145,0.8622386455535889,0.5351927280426025,0.02347910776734352,0.8610886335372925,0.581902027130127,0.02134554646909237
D,0.6732650995254517,0.5489174127578735,4.727119744529773e-07,0.715300977230072,0.6128392815589905,0.002185521414503455,0.7670855522155762,0.6566990613937378,0.006878829561173916,0.814115047454834,0.6777032017707825,0.004684865940362215,0.8596391081809998,0.6719152927398682,0.003934849984943867,0.8040621280670166,0.5651530623435974,0.05979033187031746,0.8470031023025513,0.5861498117446899,0.06109565868973732,0.863131046295166,0.6279427409172058,0.04994187876582146,0.8679441809654236,0.6641330122947693,0.04221127927303314,0.8169068694114685,0.5421395301818848,0.0530431792140007,0.8639171719551086,0.565500020980835,0.0549134761095047,0.8808851838111877,0.6089024543762207,0.03577997162938118,0.8831907510757446,0.6526819467544556,0.021685754880309105,0.8282328248023987,0.5163365602493286,0.041975170373916626,0.8780434131622314,0.5406748056411743,0.044126223772764206,0.8939723968505859,0.589746356010437,0.03104865364730358,0.8922411203384399,0.6350182294845581,0.021356593817472458,0.8356661796569824,0.49017852544784546,0.029270825907588005,0.8816277980804443,0.5140569806098938,0.03274066746234894,0.8977044224739075,0.5581744909286499,0.031132565811276436,0.8963037729263306,0.6034979224205017,0.03021543100476265
D,0.7067744135856628,0.5571908950805664,4.5147427840674936e-07,0.7501046061515808,0.6250051856040955,0.0032926045823842287,0.7989657521247864,0.6693240404129028,0.009157978929579258,0.8448330760002136,0.6838364005088806,0.00784960389137268,0.8883264660835266,0.6724027991294861,0.00779956579208374,0.8334333896636963,0.5878179669380188,0.06109732389450073,0.8758243918418884,0.6088517308235168,0.062179528176784515,0.8907625675201416,0.6443363428115845,0.0517512746155262,0.8950717449188232,0.6737552881240845,0.04479215666651726,0.8458724617958069,0.5629221796989441,0.054138313978910446,0.892957866191864,0.5845428109169006,0.056210268288850784,0.9090476036071777,0.621251106262207,0.03932039439678192,0.9122022986412048,0.658733606338501,0.027063259854912758,0.8583448529243469,0.5347487330436707,0.04249085858464241,0.9063451290130615,0.5583590269088745,0.04320403188467026,0.9216537475585938,0.6030612587928772,0.03060932643711567,0.9205906391143799,0.644943118095398,0.0217836182564497,0.8681113719940186,0.5056938529014587,0.0293728057295084,0.9099739193916321,0.5375154614448547,0.03136027231812477,0.9234192967414856,0.5806038975715637,0.029293272644281387,0.9215807318687439,0.6229085922241211,0.02816130593419075
D,0.7217286825180054,0.5556278228759766,3.7619994941451296e-07,0.7600860595703125,0.6266117691993713,-0.006982405669987202,0.8037506341934204,0.6711410284042358,-0.00642506405711174,0.8469821810722351,0.683961808681488,-0.010769025422632694,0.8898914456367493,0.6778756976127625,-0.013629919849336147,0.8492376208305359,0.6072943210601807,0.04326514154672623,0.8909244537353516,0.6269275546073914,0.036449186503887177,0.9016925692558289,0.6587706804275513,0.02213829942047596,0.9031121134757996,0.6851224303245544,0.012854773551225662,0.8598924875259399,0.5800584554672241,0.03942236676812172,0.9056094884872437,0.6004846692085266,0.03172912076115608,0.917617917060852,0.6308821439743042,0.012904085218906403,0.9156587719917297,0.6620832681655884,0.0007311604567803442,0.8696087002754211,0.5475229024887085,0.03021179884672165,0.9147889018058777,0.5684165954589844,0.021331114694476128,0.9256196618080139,0.6066452860832214,0.00836889911442995,0.9207830429077148,0.6442519426345825,0.0012750964378938079,0.8756759166717529,0.5125428438186646,0.018932390958070755,0.9125150442123413,0.5419489145278931,0.010950984433293343,0.9214951992034912,0.5809288620948792,0.005526782013475895,0.9172908067703247,0.6204451322555542,0.0035580378025770187
D,0.7608117461204529,0.557941198348999,5.532797331397887e-07,0.8062907457351685,0.6325588226318359,-0.004384046420454979,0.8540154099464417,0.6814019083976746,-0.0004778255824930966,0.9000005125999451,0.6987189054489136,-0.0011007055873051286,0.9393426775932312,0.6876054406166077,-0.0005345992976799607,0.8827760815620422,0.6244114637374878,0.04770004749298096,0.9247525334358215,0.6454411149024963,0.044660162180662155,0.9420129060745239,0.6716871857643127,0.03218306601047516,0.947863757610321,0.6943182945251465,0.024597089737653732,0.8949700593948364,0.5927241444587708,0.04590122401714325,0.9412939548492432,0.6174541711807251,0.04200457036495209,0.9581124782562256,0.6460921764373779,0.022778345271945,0.9582997560501099,0.6758922338485718,0.010574562475085258,0.9065495729446411,0.5590769648551941,0.03946160525083542,0.9531263709068298,0.5836029052734375,0.03585522621870041,0.9685269594192505,0.6176242232322693,0.02153366059064865,0.9648133516311646,0.6513146162033081,0.013117097318172455,0.9140788316726685,0.522911012172699,0.031393539160490036,0.9544596672058105,0.5529031157493591,0.02925088070333004,0.9686893224716187,0.5888612866401672,0.02416258491575718,0.9663578271865845,0.625910758972168,0.021963052451610565
D,0.7960602641105652,0.5615313053131104,4.255029182331782e-07,0.8371549844741821,0.6369632482528687,-0.0005614937981590629,0.8798818588256836,0.6857019662857056,0.0032695455010980368,0.9217196106910706,0.7048820853233337,0.0018458074191585183,0.9606569409370422,0.6976321935653687,0.0013308873167261481,0.9138085246086121,0.635676920413971,0.04283970966935158,0.9517940282821655,0.6551704406738281,0.035933058708906174,0.965813398361206,0.6833969950675964,0.0220413226634264,0.9718003273010254,0.7080531120300293,0.013252965174615383,0.9266309142112732,0.6088489294052124,0.037302080541849136,0.966683030128479,0.6307340264320374,0.03029528260231018,0.9800471663475037,0.6583470702171326,0.013363196514546871,0.9814473986625671,0.6877678036689758,0.0025630267336964607,0.9391684532165527,0.5769086480140686,0.027465278282761574,0.9782176613807678,0.6002416610717773,0.02000392973423004,0.9889464378356934,0.6325505375862122,0.009779610671103,0.9862534999847412,0.6649156212806702,0.004631908610463142,0.9481975436210632,0.5421191453933716,0.016075408086180687,0.9814968705177307,0.5713309049606323,0.010288549587130547,0.9908380508422852,0.606644868850708,0.007046167738735676,0.9887104034423828,0.6428871154785156,0.00659377034753561
D,0.8154466152191162,0.5634633898735046,3.260979042352119e-07,0.8466114401817322,0.6383377909660339,-0.006840292364358902,0.8859649300575256,0.6859460473060608,-0.006358043290674686,0.9282894134521484,0.7053530812263489,-0.009624815545976162,0.9653142094612122,0.6946495771408081,-0.011962642893195152,0.9225789308547974,0.6416057348251343,0.0327715203166008,0.9578216671943665,0.6585462093353271,0.023238971829414368,0.9633080363273621,0.6793056726455688,0.00851393025368452,0.9601437449455261,0.6956865191459656,-0.0003622161166276783,0.9341054558753967,0.6117756366729736,0.030735773965716362,0.9699984192848206,0.6291335225105286,0.019602008163928986,0.975295901298523,0.650903046131134,0.0017591174691915512,0.9684299230575562,0.6717771291732788,-0.008665014989674091,0.9446219205856323,0.577747106552124,0.024271627888083458,0.9791918992996216,0.5971408486366272,0.013554271310567856,0.9857547283172607,0.624319314956665,0.0030364172998815775,0.97897869348526,0.6498311758041382,-0.0016336448024958372,0.9507507681846619,0.5404930114746094,0.01615741476416588,0.9805912375450134,0.570107638835907,0.007773717865347862,0.989260196685791,0.603534460067749,0.003144775051623583,0.9871957898139954,0.6366845965385437,0.001938572502695024
D,0.8510228395462036,0.5608060359954834,4.6448144530586433e-07,0.8715454936027527,0.6380462646484375,-0.002371779177337885,0.9110926985740662,0.6946588754653931,0.007698950823396444,0.9538089036941528,0.718997597694397,0.013556284829974174,0.9918336272239685,0.7103939652442932,0.020433470606803894,0.9451358318328857,0.6447908282279968,0.06278704851865768,0.9859899282455444,0.6672428846359253,0.07141273468732834,1.0106991529464722,0.6925780177116394,0.06543337553739548,1.0264478921890259,0.7125357985496521,0.06076411157846451,0.9592308402061462,0.6160452961921692,0.062120262533426285,1.0025038719177246,0.6400068402290344,0.07288363575935364,1.0255365371704102,0.6637780666351318,0.05903974920511246,1.0386523008346558,0.6904354095458984,0.047368306666612625,0.9735111594200134,0.5834230184555054,0.05649995803833008,1.0118740797042847,0.6111361384391785,0.06438073515892029,1.0313503742218018,0.6402174830436707,0.054952431470155716,1.0398374795913696,0.6654424071311951,0.046712104231119156,0.9879155158996582,0.5454997420310974,0.04906263202428818,1.0197635889053345,0.5776106119155884,0.05624516308307648,1.0323877334594727,0.608515202999115,0.057458892464637756,1.0355098247528076,0.6336054801940918,0.05772394686937332
D,0.6374570727348328,0.529286801815033,5.952379069640301e-07,0.6956350803375244,0.5926061272621155,0.006807148922234774,0.7625373601913452,0.6380857229232788,0.011623705737292767,0.8159371614456177,0.6551021337509155,0.007828176021575928,0.8649111986160278,0.6563630104064941,0.00501187052577734,0.7847009301185608,0.5420141816139221,0.05758952721953392,0.8386279940605164,0.5550662279129028,0.05771626904606819,0.8628332018852234,0.5968942046165466,0.0481891967356205,0.8713195323944092,0.6356295943260193,0.04167007654905319,0.7981444001197815,0.5157941579818726,0.045864831656217575,0.8543444871902466,0.5338224768638611,0.04269032180309296,0.8859167695045471,0.586642861366272,0.021350346505641937,0.8912909030914307,0.6375248432159424,0.006863030605018139,0.8063573241233826,0.490446001291275,0.03027964197099209,0.8653152585029602,0.5126433968544006,0.025173380970954895,0.8892477750778198,0.5746842622756958,0.007101049646735191,0.8893181085586548,0.6299954652786255,-0.004703441634774208,0.808756947517395,0.46732261776924133,0.014043678529560566,0.8649898171424866,0.49746787548065186,0.010174395516514778,0.8868002891540527,0.5515233874320984,0.0038990878965705633,0.8873980045318604,0.6034038662910461,5.0050188292516395e-05
D,0.5946784019470215,0.53875333070755,1.457183458342115e-07,0.6396610736846924,0.611491858959198,-0.0033619124442338943,0.6981252431869507,0.655081570148468,-0.00044238183181732893,0.747661292552948,0.661734938621521,-0.0034420962911099195,0.7790876626968384,0.6359484195709229,-0.005716139450669289,0.7571902275085449,0.5926938056945801,0.036703452467918396,0.8034685850143433,0.6035996079444885,0.025696873664855957,0.8113734126091003,0.6448878049850464,0.009202705696225166,0.8088237047195435,0.6827766299247742,-0.0017950937617570162,0.765455961227417,0.5599298477172852,0.02935498021543026,0.8131577372550964,0.5718645453453064,0.018160931766033173,0.8221051096916199,0.6122006773948669,-0.0005399568472057581,0.8161274790763855,0.6541977524757385,-0.012661930173635483,0.7700211405754089,0.518916666507721,0.017342330887913704,0.8168158531188965,0.5328651070594788,0.004490367602556944,0.8263707756996155,0.5789378881454468,-0.008803857490420341,0.8195502758026123,0.6251667141914368,-0.01589709147810936,0.7683718800544739,0.47485336661338806,0.0035683249589055777,0.8094516396522522,0.49711692333221436,-0.006668632850050926,0.8189036846160889,0.5399394035339355,-0.011573565192520618,0.8140678405761719,0.5863888263702393,-0.013298161327838898
D,0.5499731302261353,0.5613613128662109,1.1994133330972545e-07,0.602939248085022,0.6170151233673096,-0.002737156581133604,0.6671945452690125,0.6404628753662109,-0.0012665621470659971,0.7189853191375732,0.6553291082382202,-0.00566974189132452,0.7577025294303894,0.633065938949585,-0.008861255832016468,0.7018455862998962,0.5566976070404053,0.03291207179427147,0.7437771558761597,0.5581982135772705,0.01517587248235941,0.7433438301086426,0.5940132141113281,-0.004370467271655798,0.7301880717277527,0.6261354684829712,-0.015494756400585175,0.7060075998306274,0.5242080092430115,0.023153241723775864,0.7596527934074402,0.5230861902236938,0.0005018269293941557,0.7679056525230408,0.5677313804626465,-0.02066776715219021,0.7563700675964355,0.6115662455558777,-0.030943267047405243,0.7051173448562622,0.4900398850440979,0.008269332349300385,0.7692228555679321,0.4844929575920105,-0.014583143405616283,0.7839058637619019,0.536662757396698,-0.03048834763467312,0.775615394115448,0.5907984972000122,-0.035900358110666275,0.697870671749115,0.4590030312538147,-0.007875574752688408,0.750785768032074,0.467588871717453,-0.02585797756910324,0.7708942890167236,0.512617826461792,-0.035696662962436676,0.7718473076820374,0.5668572783470154,-0.03962607681751251
D,0.5378414392471313,0.5611544251441956,2.6284601517545525e-07,0.5938486456871033,0.6180171966552734,-0.003467240370810032,0.6567988395690918,0.6413722038269043,-0.0032104705460369587,0.7103317975997925,0.6538659334182739,-0.009936901740729809,0.7516580820083618,0.6340229511260986,-0.015708347782492638,0.6961666345596313,0.5557584166526794,0.044611234217882156,0.7417821288108826,0.5598809719085693,0.03229200094938278,0.7554396986961365,0.593471884727478,0.013867180794477463,0.7568101286888123,0.6203922629356384,0.002535164123401046,0.6994285583496094,0.5240695476531982,0.03514294698834419,0.7544353008270264,0.5202577710151672,0.014736102893948555,0.7650821208953857,0.5641247630119324,-0.009413085877895355,0.757933497428894,0.6091949343681335,-0.021171241998672485,0.698549211025238,0.48844456672668457,0.02041519060730934,0.760511040687561,0.4795115888118744,0.0009245342225767672,0.7730387449264526,0.5316904187202454,-0.01526479423046112,0.7650832533836365,0.5880245566368103,-0.02090197242796421,0.6920915246009827,0.4564988613128662,0.003968469798564911,0.7449778318405151,0.4642937481403351,-0.010937715880572796,0.7660527229309082,0.5079467296600342,-0.019553303718566895,0.7699524760246277,0.5621307492256165,-0.02231704443693161
D,0.5346661806106567,0.5607207417488098,2.800323954943451e-07,0.5933931469917297,0.6179028749465942,-0.0033297897316515446,0.6546161770820618,0.6414005756378174,-0.003956496715545654,0.7079353928565979,0.6532914638519287,-0.011492684483528137,0.7503981590270996,0.6290526986122131,-0.018230486661195755,0.6902461647987366,0.5501738786697388,0.041065115481615067,0.7373012900352478,0.5527096390724182,0.026443686336278915,0.7497334480285645,0.5884460806846619,0.007136940490454435,0.748606264591217,0.616134524345398,-0.004293347243219614,0.6931875348091125,0.5179881453514099,0.03140198811888695,0.7523638010025024,0.5083339810371399,0.008547334931790829,0.762683093547821,0.5546544194221497,-0.016152556985616684,0.7527582049369812,0.6003061532974243,-0.02779538743197918,0.6911342740058899,0.4832715392112732,0.016634076833724976,0.7556902170181274,0.46701332926750183,-0.004626577254384756,0.7683625221252441,0.5222229957580566,-0.020937085151672363,0.7595312595367432,0.5791427493095398,-0.02623431384563446,0.6824312806129456,0.4534737765789032,0.0003626161487773061,0.7370306849479675,0.45776551961898804,-0.01634853519499302,0.759432315826416,0.504533052444458,-0.02590404637157917,0.7638591527938843,0.5608692765235901,-0.029054543003439903
D,0.5312105417251587,0.5562456250190735,2.685408730940253e-07,0.5915791988372803,0.617864191532135,-0.0013484383234754205,0.6534323692321777,0.6438855528831482,-0.00029287865618243814,0.7066282629966736,0.6580883860588074,-0.006814346648752689,0.7495990991592407,0.6358107924461365,-0.012593972496688366,0.6887880563735962,0.5482101440429688,0.0484611950814724,0.7352152466773987,0.5516098737716675,0.035670533776283264,0.7483242750167847,0.5895249247550964,0.016180356964468956,0.7472874522209167,0.6200008988380432,0.004412148613482714,0.6925058960914612,0.5179649591445923,0.03796761855483055,0.7509686946868896,0.5091044902801514,0.01717448979616165,0.7636926174163818,0.5563350319862366,-0.008708187378942966,0.7547672390937805,0.6040939688682556,-0.021583575755357742,0.6914345026016235,0.4837961196899414,0.022195158526301384,0.7548476457595825,0.4713882505893707,0.002266804687678814,0.770037829875946,0.5282192826271057,-0.01560574397444725,0.7623705267906189,0.5859881639480591,-0.022242169827222824,0.6841227412223816,0.4535841941833496,0.005032945889979601,0.7401463389396667,0.45879095792770386,-0.010388962924480438,0.7613324522972107,0.5064688324928284,-0.01944740302860737,0.7632874250411987,0.5628126859664917,-0.022445613518357277
D,0.5316633582115173,0.5587621927261353,3.145723610487039e-07,0.5909535884857178,0.6184556484222412,-0.001862279954366386,0.6530259251594543,0.6411120295524597,-0.0005763203371316195,0.7055343985557556,0.6552829742431641,-0.006843592505902052,0.7519448399543762,0.6409923434257507,-0.01256272941827774,0.6915342807769775,0.5473088026046753,0.04980555549263954,0.7368633151054382,0.5508294105529785,0.03802495449781418,0.7529103755950928,0.588966429233551,0.018556274473667145,0.7557010650634766,0.622003436088562,0.006419824901968241,0.6957716345787048,0.5185098648071289,0.0396365262567997,0.7536601424217224,0.5136855244636536,0.021038718521595,0.7676672339439392,0.5590329170227051,-0.004450525622814894,0.7612687349319458,0.6059865951538086,-0.017563708126544952,0.6954206228256226,0.48523226380348206,0.02403741516172886,0.7590453028678894,0.4765555262565613,0.005981865338981152,0.7745717167854309,0.5322690010070801,-0.011730579659342766,0.7668843865394592,0.5899561047554016,-0.018570762127637863,0.6891895532608032,0.4550990164279938,0.006825209595263004,0.746802806854248,0.4605204463005066,-0.007725369650870562,0.7674334049224854,0.5081355571746826,-0.016498785465955734,0.7674872875213623,0.5649964213371277,-0.019202962517738342
D,0.5306654572486877,0.5581654906272888,3.3280844036198687e-07,0.590266227722168,0.6200140714645386,-0.0038938745856285095,0.652997612953186,0.6445654034614563,-0.003599282819777727,0.7075818777084351,0.6589888334274292,-0.010490541346371174,0.7547484636306763,0.6419761180877686,-0.016824906691908836,0.6924113035202026,0.5496428608894348,0.049005646258592606,0.7369195222854614,0.5517663359642029,0.03765465319156647,0.7547239065170288,0.586830735206604,0.01825936697423458,0.7608120441436768,0.6175392270088196,0.005592676345258951,0.6961700320243835,0.5185847878456116,0.03949645161628723,0.7547838687896729,0.5078942179679871,0.019598843529820442,0.7703424692153931,0.5520545840263367,-0.006525996141135693,0.7651613354682922,0.5996227860450745,-0.020035766065120697,0.6945282220840454,0.48406919836997986,0.024424085393548012,0.7598570585250854,0.47082871198654175,0.00422463146969676,0.7762877941131592,0.5268068909645081,-0.01467627752572298,0.769087553024292,0.5857510566711426,-0.0220327228307724,0.6870384812355042,0.4539339542388916,0.007747545372694731,0.7452377080917358,0.45979294180870056,-0.008977015502750874,0.7667323350906372,0.5074710249900818,-0.01933477260172367,0.7677730321884155,0.5643072724342346,-0.023092221468687057
D,0.531022846698761,0.560614287853241,3.167228896927554e-07,0.5922105312347412,0.6206902861595154,-0.0011558005353435874,0.6548010110855103,0.6434639096260071,-0.0002605839690659195,0.7085107564926147,0.6584126949310303,-0.007209483999758959,0.754349946975708,0.6411885023117065,-0.013714860193431377,0.6931142807006836,0.5495953559875488,0.05132198706269264,0.7375037670135498,0.553317129611969,0.04024186730384827,0.7536059617996216,0.5901609063148499,0.020942458882927895,0.7579938769340515,0.620667040348053,0.008366892114281654,0.6970207691192627,0.5189831852912903,0.04031319543719292,0.7563004493713379,0.5098267793655396,0.020554769784212112,0.7700790762901306,0.5551387071609497,-0.005665535107254982,0.7636293768882751,0.6018965840339661,-0.019088171422481537,0.6958471536636353,0.484785795211792,0.023957300931215286,0.7616556882858276,0.47092705965042114,0.004464489873498678,0.7770633101463318,0.5278770923614502,-0.01401597075164318,0.769702672958374,0.586698055267334,-0.021183904260396957,0.6883785128593445,0.4550700783729553,0.006178026553243399,0.7463876008987427,0.4601464867591858,-0.009656637907028198,0.767630398273468,0.5083020925521851,-0.01947621814906597,0.7688978314399719,0.5655071139335632,-0.023029185831546783
D,0.5324435830116272,0.5604182481765747,2.9119433975210995e-07,0.5941980481147766,0.6203434467315674,-0.0010418510064482689,0.656406819820404,0.642954409122467,0.00039600147283636034,0.7104186415672302,0.6560172438621521,-0.006046129856258631,0.7548931837081909,0.6351131200790405,-0.011886888183653355,0.6936087608337402,0.5479375720024109,0.05289001762866974,0.737937331199646,0.5511937141418457,0.04234008118510246,0.7523646354675293,0.5864905118942261,0.023226968944072723,0.7549698948860168,0.6166507601737976,0.011086481623351574,0.6976609826087952,0.5167136192321777,0.04217435419559479,0.7546055316925049,0.5071808099746704,0.024076156318187714,0.7689943909645081,0.5530487895011902,-0.0008008638978935778,0.7633134722709656,0.6009539365768433,-0.013597399927675724,0.696662962436676,0.4824109971523285,0.025832390412688255,0.7599933743476868,0.47069135308265686,0.007408536039292812,0.7752528786659241,0.527235209941864,-0.010641062632203102,0.767032265663147,0.5851930379867554,-0.01760055124759674,0.69002765417099,0.4523394703865051,0.007976057007908821,0.7475225925445557,0.45411068201065063,-0.006535407155752182,0.768042802810669,0.5000122785568237,-0.015364257618784904,0.7678021192550659,0.5555363893508911,-0.01830015890300274
D,0.5393111705780029,0.5550172328948975,2.572952837454068e-07,0.6028716564178467,0.6152925491333008,-0.0007184378337115049,0.664350688457489,0.6366775035858154,0.0017715655267238617,0.7157973647117615,0.645675539970398,-0.0038503508549183607,0.7604002952575684,0.6270053386688232,-0.009048905223608017,0.7014607191085815,0.548444390296936,0.05288437381386757,0.7466429471969604,0.5514388084411621,0.04235178604722023,0.7602235078811646,0.5873905420303345,0.02332012914121151,0.7635114192962646,0.6178220510482788,0.011091416701674461,0.7050876617431641,0.5187342166900635,0.042251795530319214,0.7603234648704529,0.5137326121330261,0.024355903267860413,0.7729924321174622,0.558459997177124,-0.0009198175393976271,0.7670340538024902,0.6037400960922241,-0.014023263938724995,0.704365611076355,0.48433059453964233,0.026049084961414337,0.7665418982505798,0.47592809796333313,0.008334655314683914,0.7805166244506836,0.5313906669616699,-0.00926315225660801,0.7717795372009277,0.5870068669319153,-0.01592574268579483,0.6987344026565552,0.4520946443080902,0.008219982497394085,0.7560148239135742,0.4514254927635193,-0.005763130262494087,0.7745980620384216,0.49655085802078247,-0.013781259767711163,0.7729867696762085,0.5504674315452576,-0.015956608578562737
D,0.5456892251968384,0.5555437803268433,3.394146119717334e-07,0.6081995964050293,0.6144973635673523,0.00025618370273150504,0.6690195798873901,0.6373640894889832,0.003068746766075492,0.7219923138618469,0.650388240814209,-0.0024189965333789587,0.767101526260376,0.6333996653556824,-0.007591474335640669,0.704860508441925,0.5473647713661194,0.05578738451004028,0.7514777779579163,0.5518814921379089,0.04531801491975784,0.76924067735672,0.5890083312988281,0.025892658159136772,0.773387610912323,0.6207348108291626,0.013619575649499893,0.7098312973976135,0.518195629119873,0.04484463855624199,0.7692946791648865,0.5140949487686157,0.026995103806257248,0.7844386100769043,0.5579380393028259,0.00035139615647494793,0.7767437696456909,0.6030983328819275,-0.013691239058971405,0.7109095454216003,0.4839312434196472,0.028455423191189766,0.7767467498779297,0.47436603903770447,0.011261412873864174,0.7917934060096741,0.5278528928756714,-0.0072177075780928135,0.7812502980232239,0.58347088098526,-0.014646049588918686,0.7062891721725464,0.4514569044113159,0.010553812608122826,0.7639099955558777,0.45494571328163147,-0.003058165544643998,0.7842544913291931,0.4989997148513794,-0.011938073672354221,0.7828161716461182,0.5523313879966736,-0.01487286202609539
D,0.5448082685470581,0.553551197052002,2.802728147344169e-07,0.605245053768158,0.6162886619567871,-0.002426538150757551,0.6687740087509155,0.6435509324073792,-0.001734857214614749,0.7242133617401123,0.6568541526794434,-0.008913138881325722,0.7682991623878479,0.6333041787147522,-0.015435322187840939,0.7074436545372009,0.5508145093917847,0.05004354938864708,0.7544968724250793,0.5510550737380981,0.03777402639389038,0.7676771879196167,0.5885354280471802,0.018401432782411575,0.7652209997177124,0.6215808391571045,0.006608751602470875,0.7122083902359009,0.5199722647666931,0.04001286253333092,0.7697160243988037,0.5104568004608154,0.021584628149867058,0.78046715259552,0.5538265109062195,-0.0035830193664878607,0.7706407308578491,0.5997913479804993,-0.01679304428398609,0.712952196598053,0.4840523898601532,0.024362092837691307,0.7751442193984985,0.47298312187194824,0.006194153800606728,0.7880752682685852,0.5269791483879089,-0.0111665865406394,0.778264045715332,0.5828342437744141,-0.018161406740546227,0.7075711488723755,0.45051467418670654,0.007006215862929821,0.7642912864685059,0.45533743500709534,-0.007065822370350361,0.7843595743179321,0.5024875402450562,-0.015571563504636288,0.7839639782905579,0.5588136315345764,-0.018538780510425568
D,0.546229362487793,0.5531725883483887,2.8369123583615874e-07,0.6088353395462036,0.6141785383224487,0.001116143073886633,0.6708491444587708,0.6364399790763855,0.004468354396522045,0.724981963634491,0.6472810506820679,-0.0007634728099219501,0.768426775932312,0.6248310804367065,-0.0058365389704704285,0.7072535753250122,0.5463964939117432,0.05523953586816788,0.7537205219268799,0.5499447584152222,0.04546132683753967,0.7680298089981079,0.5882712006568909,0.02692430652678013,0.7701556086540222,0.6217353343963623,0.015046967193484306,0.712332010269165,0.5162816643714905,0.04389561340212822,0.7667656540870667,0.5136063098907471,0.02716984413564205,0.778602659702301,0.5591439008712769,0.0018243022495880723,0.7710564136505127,0.6066741943359375,-0.011725282296538353,0.713827908039093,0.48138269782066345,0.027189766988158226,0.7744839787483215,0.4745748043060303,0.010586041025817394,0.7878019213676453,0.5293155908584595,-0.0075827790424227715,0.7785211801528931,0.5868298411369324,-0.015248196199536324,0.7095141410827637,0.44821006059646606,0.00896002259105444,0.7659578323364258,0.4524388015270233,-0.0040701269172132015,0.785199761390686,0.4993565082550049,-0.012425721623003483,0.7836227416992188,0.5567628741264343,-0.015284317545592785
D,0.5665302872657776,0.527796745300293,1.9359031000476534e-07,0.6313893795013428,0.583534836769104,0.010312876664102077,0.6917679905891418,0.6048502922058105,0.015080378390848637,0.7407713532447815,0.6156176924705505,0.009746727533638477,0.7828771471977234,0.5957255363464355,0.005556446500122547,0.7281674146652222,0.507783830165863,0.058075446635484695,0.7796414494514465,0.5065097212791443,0.04575326666235924,0.7860608696937561,0.5535677671432495,0.027300460264086723,0.7726125717163086,0.5910367369651794,0.01762247458100319,0.7309548258781433,0.4830632209777832,0.042307548224925995,0.7912798523902893,0.48183363676071167,0.02766421250998974,0.7964259386062622,0.5359106063842773,0.005272052250802517,0.7773665189743042,0.5787439346313477,-0.006232631858438253,0.7313740849494934,0.4530326724052429,0.02180698700249195,0.7961596250534058,0.4511157274246216,0.0085885776206851,0.8038809299468994,0.5126436948776245,-0.005362851545214653,0.7862640619277954,0.5619648694992065,-0.010531438514590263,0.7269335985183716,0.424202024936676,0.0005378994974307716,0.7856671810150146,0.43096381425857544,-0.00950709916651249,0.8000301122665405,0.4831918179988861,-0.01450349111109972,0.7920587062835693,0.5340469479560852,-0.014890526421368122
D,0.580197274684906,0.5131376385688782,2.46913941737148e-07,0.6423987150192261,0.5711721777915955,0.0069003477692604065,0.7024016380310059,0.595373272895813,0.009573518298566341,0.7513551712036133,0.6069930195808411,0.0023066739086061716,0.7847962975502014,0.5797415375709534,-0.004128604661673307,0.7371467351913452,0.4849896728992462,0.056453824043273926,0.790579617023468,0.4840750992298126,0.041554246097803116,0.8011821508407593,0.5324711799621582,0.019853409379720688,0.7889329791069031,0.5734193325042725,0.008180798962712288,0.7396687269210815,0.46035924553871155,0.04131612181663513,0.8051490783691406,0.45654696226119995,0.02366042137145996,0.8152477145195007,0.5118180513381958,-0.00162155507132411,0.7973937392234802,0.5596635937690735,-0.014520733617246151,0.739890992641449,0.4314725995063782,0.020988328382372856,0.8087661266326904,0.426334410905838,0.005899940617382526,0.82173091173172,0.48901858925819397,-0.010691655799746513,0.8057648539543152,0.5433303713798523,-0.017159847542643547,0.735578179359436,0.4052678048610687,-0.0005405406700447202,0.7974734306335449,0.40900230407714844,-0.010940630920231342,0.8152451515197754,0.46032506227493286,-0.017317406833171844,0.809018611907959,0.5150043368339539,-0.01888502575457096
D,0.5775436758995056,0.5129371881484985,2.9475191354322305e-07,0.640955924987793,0.5718328356742859,0.0023553294595330954,0.7021465301513672,0.5982422232627869,0.003124416572973132,0.7540799379348755,0.6110150218009949,-0.005077777896076441,0.792258620262146,0.5802736282348633,-0.0118483891710639,0.7337024211883545,0.48212793469429016,0.056599363684654236,0.7862902879714966,0.4836241900920868,0.043576329946517944,0.8000040054321289,0.5285314917564392,0.023239141330122948,0.7929887771606445,0.5660076141357422,0.012376473285257816,0.7366576790809631,0.4560055136680603,0.04408150538802147,0.8010262250900269,0.4495648443698883,0.02884739637374878,0.8163141012191772,0.5004935264587402,0.004997262731194496,0.8066397905349731,0.549879789352417,-0.007368710823357105,0.7368234992027283,0.4260179400444031,0.025834474712610245,0.8050072193145752,0.41904234886169434,0.011521809734404087,0.8232259154319763,0.47711923718452454,-0.003985474351793528,0.8138020634651184,0.5322669148445129,-0.00985580962151289,0.7328266501426697,0.4010147750377655,0.0059679169207811356,0.7952978014945984,0.40861189365386963,-0.004306738264858723,0.8159331679344177,0.4592755138874054,-0.009775545448064804,0.813847541809082,0.5142484903335571,-0.010463307611644268
D,0.5842370986938477,0.5070505738258362,2.967761929539847e-07,0.6466222405433655,0.5642693638801575,0.006051891483366489,0.7075550556182861,0.5906239748001099,0.008142204955220222,0.7599056363105774,0.606943666934967,4.590119351632893e-05,0.7999495267868042,0.5765349268913269,-0.006864238064736128,0.7426926493644714,0.47266680002212524,0.0639849528670311,0.7956351637840271,0.47095736861228943,0.05298490822315216,0.809800386428833,0.518632709980011,0.03317854925990105,0.8009212017059326,0.5597951412200928,0.022387690842151642,0.7454920411109924,0.44770514965057373,0.0494525246322155,0.8103929758071899,0.43721622228622437,0.03528676927089691,0.823866605758667,0.49225136637687683,0.010269058868288994,0.8101080060005188,0.5431983470916748,-0.002823234535753727,0.7461568713188171,0.4173242151737213,0.029380103573203087,0.8133772611618042,0.4100029766559601,0.017105747014284134,0.8289031982421875,0.47307389974594116,0.0009994198335334659,0.8146491050720215,0.5289636850357056,-0.005543307866901159,0.742517352104187,0.3913375437259674,0.007828670553863049,0.8052859306335449,0.39643290638923645,-0.00041172170313075185,0.8251381516456604,0.44915029406547546,-0.0058007873594760895,0.820488691329956,0.5053344368934631,-0.006704794242978096
D,0.5844593048095703,0.48976394534111023,3.2506235925211513e-07,0.6490627527236938,0.5523326396942139,0.013544457964599133,0.7093027234077454,0.5752245783805847,0.018747011199593544,0.7631160020828247,0.5917457938194275,0.01149496529251337,0.8063168525695801,0.5644810199737549,0.00457043806090951,0.7434266805648804,0.4527727961540222,0.07800382375717163,0.7972738742828369,0.4533877372741699,0.07327266037464142,0.8132860660552979,0.49913907051086426,0.05678613483905792,0.8076161742210388,0.5378565192222595,0.047198131680488586,0.7472097873687744,0.42809605598449707,0.0592726394534111,0.8130317330360413,0.4192636013031006,0.04867186397314072,0.8271770477294922,0.47769463062286377,0.023817503824830055,0.813692569732666,0.532075822353363,0.010691806674003601,0.7485297322273254,0.39744073152542114,0.03522714599967003,0.8188726902008057,0.3930140435695648,0.025663917884230614,0.8349182605743408,0.46229785680770874,0.008683121763169765,0.8203868865966797,0.5228250622749329,0.0010157206561416388,0.7452464699745178,0.37138497829437256,0.010296503081917763,0.8106679320335388,0.37677106261253357,0.003599688643589616,0.8323991894721985,0.4336387515068054,-0.0022230157628655434,0.8287240266799927,0.49416062235832214,-0.003916992340236902
D,0.5797103643417358,0.4885759651660919,3.218983124497754e-07,0.6472384333610535,0.552324652671814,0.014579033479094505,0.7087156176567078,0.5773325562477112,0.01918008178472519,0.7635095715522766,0.5948536396026611,0.011028768494725227,0.8093580603599548,0.566188395023346,0.0032058334909379482,0.7429172992706299,0.4504578411579132,0.07869970798492432,0.7983115911483765,0.45084211230278015,0.07335574179887772,0.8149831295013428,0.4971023201942444,0.05573328584432602,0.8094067573547363,0.5340256094932556,0.045327745378017426,0.7457007169723511,0.4219948351383209,0.059131935238838196,0.8148221373558044,0.40958958864212036,0.04895136132836342,0.8293640613555908,0.4658763110637665,0.02378462813794613,0.8152529001235962,0.5200873017311096,0.010079674422740936,0.7452815175056458,0.3911841809749603,0.034452296793460846,0.8167493343353271,0.3832503855228424,0.025965191423892975,0.834040105342865,0.45177769660949707,0.01047779992222786,0.8207720518112183,0.5131347179412842,0.0033957879059016705,0.7399128079414368,0.36973947286605835,0.008903661742806435,0.8078509569168091,0.3769738972187042,0.002956565236672759,0.8313826322555542,0.43525469303131104,-0.001423083827830851,0.8292878866195679,0.4970914423465729,-0.0022439940366894007
D,0.5780513286590576,0.4889204800128937,3.098474792295747e-07,0.6458379626274109,0.5510784983634949,0.011551477015018463,0.708398699760437,0.5772343873977661,0.013916916213929653,0.7633800506591797,0.595593273639679,0.0040795570239424706,0.8088973164558411,0.5662242770195007,-0.005331538151949644,0.7442877292633057,0.449204683303833,0.07238374650478363,0.8008795380592346,0.4509180188179016,0.0637630745768547,0.8165627717971802,0.4977687895298004,0.04434441775083542,0.8104039430618286,0.5345492362976074,0.033246081322431564,0.7463551759719849,0.4210091829299927,0.05338979512453079,0.8171507716178894,0.40922245383262634,0.04002731665968895,0.8311699628829956,0.46748024225234985,0.014157996512949467,0.8161793351173401,0.522820234298706,0.0006907297647558153,0.744859516620636,0.3906646966934204,0.02915349416434765,0.8180589079856873,0.3826281428337097,0.018006937578320503,0.8344018459320068,0.4519026279449463,0.0025617650244385004,0.8199998140335083,0.5134373903274536,-0.0036424002610147,0.738482654094696,0.3695695698261261,0.003844218095764518,0.8076338768005371,0.3745190501213074,-0.0037859587464481592,0.8316469192504883,0.4318152070045471,-0.008250466547906399,0.8297285437583923,0.49291184544563293,-0.00861335825175047
D,0.5720875263214111,0.48064762353897095,2.394327509591676e-07,0.64071124792099,0.5455480217933655,0.006869073957204819,0.7043209671974182,0.5703406929969788,0.008879310451447964,0.7588769793510437,0.5843293070793152,0.0001316397829214111,0.8027076721191406,0.5560182332992554,-0.0073586213402450085,0.7370227575302124,0.4449365437030792,0.0626382976770401,0.793621838092804,0.44311681389808655,0.050477832555770874,0.8069148063659668,0.48938512802124023,0.030083268880844116,0.7996436953544617,0.5255404710769653,0.018630916252732277,0.7399715781211853,0.41547876596450806,0.04613638296723366,0.8094984889030457,0.40049275755882263,0.027509359642863274,0.8214941620826721,0.46145743131637573,0.0007912792498245835,0.8059217929840088,0.5192074179649353,-0.012520787306129932,0.7391006350517273,0.38389942049980164,0.024224702268838882,0.8127223253250122,0.369907945394516,0.007595357950776815,0.8276581168174744,0.4384649991989136,-0.009055600501596928,0.8133525252342224,0.5016164779663086,-0.014882002957165241,0.7331740856170654,0.35975414514541626,0.0011216866550967097,0.8009318113327026,0.36360278725624084,-0.010962098836898804,0.8255638480186462,0.42022043466567993,-0.017740599811077118,0.8255667686462402,0.48150303959846497,-0.019016295671463013
D,0.5669620037078857,0.47773277759552,3.600640070544614e-07,0.6377113461494446,0.5383074283599854,0.0071340217255055904,0.703587532043457,0.5634204745292664,0.009940856136381626,0.7599906325340271,0.579774022102356,0.002068504225462675,0.8058979511260986,0.5494337677955627,-0.005314384587109089,0.7339816689491272,0.43156468868255615,0.06959682703018188,0.7907965183258057,0.43601134419441223,0.061472855508327484,0.8101751804351807,0.4799792170524597,0.041529182344675064,0.8103243112564087,0.5156289935112,0.02948017045855522,0.7355762124061584,0.4003017544746399,0.053373418748378754,0.8048904538154602,0.3884146213531494,0.03974404186010361,0.8220764994621277,0.4446304142475128,0.012692873366177082,0.8113858699798584,0.5018405318260193,-0.002020951360464096,0.7332639694213867,0.3675054907798767,0.031792789697647095,0.8064483404159546,0.3554123640060425,0.021391402930021286,0.8271092176437378,0.41864657402038574,0.005199972540140152,0.8187696933746338,0.4801304042339325,-0.0020405505783855915,0.726711094379425,0.34427574276924133,0.008590735495090485,0.7959814667701721,0.34031152725219727,0.0014851788291707635,0.8235073685646057,0.3916165828704834,-0.003414860926568508,0.8261266946792603,0.45183125138282776,-0.0043596322648227215
D,0.5675188302993774,0.4789046049118042,2.972353456698329e-07,0.6406570076942444,0.5397148132324219,0.008348136208951473,0.705353856086731,0.5643028020858765,0.012494356371462345,0.7606987357139587,0.5796773433685303,0.005866907071322203,0.8051458597183228,0.5513255000114441,-0.000438509916421026,0.7343786954879761,0.43514320254325867,0.07310758531093597,0.7905294895172119,0.4412359893321991,0.0666358694434166,0.8086401224136353,0.486198753118515,0.046747203916311264,0.8075270652770996,0.5205639600753784,0.03440253809094429,0.737542450428009,0.40668654441833496,0.05722374469041824,0.8036071062088013,0.4022200107574463,0.047114379703998566,0.8224974274635315,0.4549405872821808,0.01962670311331749,0.8139422535896301,0.5064692497253418,0.003272716188803315,0.736821711063385,0.37430211901664734,0.036008309572935104,0.8062949180603027,0.3648046851158142,0.029127104207873344,0.8291692137718201,0.4236947000026703,0.012671512551605701,0.8225904703140259,0.4804956614971161,0.004062242805957794,0.7313860654830933,0.3480597734451294,0.013171610422432423,0.798292338848114,0.3386722207069397,0.009105503559112549,0.8246771097183228,0.3840138018131256,0.0055837552063167095,0.8266215920448303,0.43912839889526367,0.004926415625959635
D,0.5700436234474182,0.4788195788860321,3.1361636843030283e-07,0.6416295766830444,0.5387828350067139,0.00857419054955244,0.704380989074707,0.5643892288208008,0.012476724572479725,0.7579622268676758,0.5803696513175964,0.0057054259814321995,0.8052358627319336,0.5547859072685242,-0.0007367462967522442,0.7362920641899109,0.4364044964313507,0.0721161738038063,0.7909067869186401,0.44352155923843384,0.06495494395494461,0.808601438999176,0.48725682497024536,0.04504760727286339,0.807848334312439,0.5212108492851257,0.03297525271773338,0.7396717667579651,0.40752720832824707,0.05601628124713898,0.8067707419395447,0.402820885181427,0.04519451782107353,0.8248908519744873,0.4556189179420471,0.018163423985242844,0.8153946995735168,0.5073331594467163,0.0026504576671868563,0.7387419939041138,0.3747576177120209,0.03459109365940094,0.8097312450408936,0.3650003969669342,0.026977701112627983,0.8317066431045532,0.4247015416622162,0.01087053120136261,0.8241934180259705,0.48195013403892517,0.0028944010846316814,0.7326408624649048,0.34810855984687805,0.011662513017654419,0.7991508841514587,0.3387313485145569,0.007034149020910263,0.8250387907028198,0.3849332928657532,0.003570663509890437,0.8267701268196106,0.44066673517227173,0.0032119611278176308
D,0.5665217041969299,0.4783584475517273,2.912822480993782e-07,0.6356737613677979,0.5333455801010132,0.003819166449829936,0.698418915271759,0.5595364570617676,0.006428780034184456,0.7501797676086426,0.5787394046783447,0.0001703419111436233,0.7949353456497192,0.5532858371734619,-0.005132697522640228,0.7324368357658386,0.4327486455440521,0.060702499002218246,0.7892072200775146,0.4381602108478546,0.04952432960271835,0.8074316382408142,0.48299112915992737,0.028634103015065193,0.8029031753540039,0.522482693195343,0.01718534529209137,0.7355640530586243,0.4029747247695923,0.04770749434828758,0.8001442551612854,0.40537428855895996,0.03604751452803612,0.8190138936042786,0.45488137006759644,0.009341096505522728,0.8115411400794983,0.5053379535675049,-0.006502065807580948,0.7339410781860352,0.369157612323761,0.02931220456957817,0.8022769093513489,0.36395448446273804,0.021679295226931572,0.8247957229614258,0.4150213897228241,0.005462207365781069,0.8202182054519653,0.4675338864326477,-0.0030902221333235502,0.7265440225601196,0.33858662843704224,0.008994577452540398,0.7878786325454712,0.32372769713401794,0.0045623499900102615,0.8159900903701782,0.36243537068367004,0.00046160732745192945,0.8225977420806885,0.41516733169555664,-0.00040236636414192617
D,0.5602260231971741,0.47882312536239624,1.9195097422652907e-07,0.6215575933456421,0.5342743396759033,-0.0013137662317603827,0.6831459403038025,0.5595265626907349,-0.001604205695912242,0.7334164381027222,0.5731583833694458,-0.009368274360895157,0.7733932733535767,0.5437853932380676,-0.01535107847303152,0.7281354069709778,0.4355107545852661,0.04350072890520096,0.7920989990234375,0.432730108499527,0.026835154742002487,0.8048430681228638,0.4778043031692505,0.005816456861793995,0.7920843362808228,0.5189964175224304,-0.004138653166592121,0.7293525338172913,0.400958776473999,0.032442860305309296,0.7985436916351318,0.40027984976768494,0.013449200429022312,0.8068617582321167,0.4536202549934387,-0.012479611672461033,0.7868373990058899,0.5020627379417419,-0.02542741596698761,0.7245914936065674,0.36301612854003906,0.01635410264134407,0.7926542162895203,0.3558615744113922,0.0038468283601105213,0.8027827739715576,0.41005831956863403,-0.009805833920836449,0.7868453860282898,0.462398499250412,-0.014945353381335735,0.710749089717865,0.3265705108642578,-0.001771825016476214,0.7571762204170227,0.2942114472389221,-0.007344091776758432,0.788750410079956,0.31512945890426636,-0.012321196496486664,0.8033517599105835,0.3549540340900421,-0.013665816746652126
D,0.5513620376586914,0.47189798951148987,2.6156570243074384e-07,0.6141648292541504,0.5268679261207581,-0.0017410831060260534,0.6769466400146484,0.5524746775627136,-0.002488519763574004,0.7297723293304443,0.5682821869850159,-0.010926294140517712,0.7688007950782776,0.5344106554985046,-0.01838510110974312,0.7098827362060547,0.4212426543235779,0.04539624974131584,0.7736852169036865,0.420836478471756,0.03151272237300873,0.7917431592941284,0.4646519422531128,0.01201156061142683,0.7842127084732056,0.5052526593208313,0.0024211315903812647,0.7121738791465759,0.3884724974632263,0.033728308975696564,0.7839263081550598,0.3881106972694397,0.015211913734674454,0.7969238758087158,0.4409641623497009,-0.01177183073014021,0.7788243293762207,0.4920855164527893,-0.025395436212420464,0.7079882025718689,0.3516313433647156,0.017153402790427208,0.7787464261054993,0.3423398435115814,0.005455479957163334,0.793721079826355,0.3990248143672943,-0.009642266668379307,0.7805608510971069,0.4556041657924652,-0.01610383577644825,0.6944363117218018,0.3160884976387024,-0.0014576949179172516,0.7406099438667297,0.27217885851860046,-0.0072956024669110775,0.7760363221168518,0.29323118925094604,-0.013693755492568016,0.793664276599884,0.3376670777797699,-0.01629810407757759
D,0.5525168776512146,0.4687058925628662,2.576909992058063e-07,0.6169945597648621,0.5266956686973572,0.005367097910493612,0.6791919469833374,0.5527631640434265,0.010067082941532135,0.7309887409210205,0.5663391351699829,0.005529745016247034,0.7720428705215454,0.5347847938537598,0.0016509538982063532,0.7083168625831604,0.4221104383468628,0.06066140532493591,0.7694244384765625,0.42015236616134644,0.05337688699364662,0.7883891463279724,0.46277251839637756,0.037345897406339645,0.784184455871582,0.5017686486244202,0.029511071741580963,0.712697446346283,0.38828179240226746,0.04762256145477295,0.7828916311264038,0.3873898983001709,0.035960983484983444,0.7954872846603394,0.43889325857162476,0.010622462257742882,0.7794763445854187,0.48823419213294983,-0.002433478133752942,0.7103723287582397,0.34969958662986755,0.029821407049894333,0.7789826989173889,0.34523576498031616,0.022379914298653603,0.7927587032318115,0.4019891619682312,0.00690128980204463,0.7800248861312866,0.4561779499053955,0.00012456471449695528,0.7000842690467834,0.31094783544540405,0.010684884153306484,0.7505373358726501,0.27701011300086975,0.009157734923064709,0.7821909189224243,0.3025018572807312,0.005216524004936218,0.795235276222229,0.3480106294155121,0.004184700082987547
D,0.5502407550811768,0.4622815251350403,3.351607915647037e-07,0.6181319355964661,0.5202996730804443,0.00029558729147538543,0.6789429187774658,0.5480791330337524,-0.00015247424016706645,0.730683445930481,0.5657153725624084,-0.009519889019429684,0.7737627625465393,0.5337889790534973,-0.018618140369653702,0.7055525779724121,0.41593849658966064,0.054590728133916855,0.7624858617782593,0.41831734776496887,0.041371606290340424,0.7833369970321655,0.46115797758102417,0.019607558846473694,0.7801473736763,0.49746808409690857,0.007334309164434671,0.7090998888015747,0.3827177882194519,0.04145881533622742,0.7776438593864441,0.378458172082901,0.023597389459609985,0.796703577041626,0.4299043118953705,-0.006607512943446636,0.7837537527084351,0.48065847158432007,-0.02349928580224514,0.7060961127281189,0.3439382314682007,0.022945787757635117,0.7761514186859131,0.33222270011901855,0.009875395335257053,0.7972597479820251,0.3881378769874573,-0.009376156143844128,0.7864285707473755,0.4424785077571869,-0.018711252138018608,0.6947942972183228,0.3070529103279114,0.0026580002158880234,0.7508469223976135,0.27624237537384033,-0.005567844957113266,0.7798493504524231,0.3118002414703369,-0.01256247516721487,0.7845273017883301,0.36513856053352356,-0.015357804484665394
D,0.5493784546852112,0.46595990657806396,3.477469761037355e-07,0.6182025074958801,0.5218266844749451,-0.0011754906736314297,0.6784030795097351,0.548700749874115,-0.0023914414923638105,0.7298144698143005,0.5655183792114258,-0.01236189715564251,0.7740058898925781,0.5342437624931335,-0.022121500223875046,0.7035409808158875,0.4169052243232727,0.0526784285902977,0.7605473399162292,0.4173506498336792,0.037775490432977676,0.7829625606536865,0.4587066173553467,0.0146980294957757,0.7816042900085449,0.4957600235939026,0.001715011429041624,0.7071658968925476,0.38317427039146423,0.03999662026762962,0.7762576937675476,0.3778497874736786,0.020349444821476936,0.7964810729026794,0.4274829924106598,-0.010844433680176735,0.7842740416526794,0.4789353609085083,-0.028094809502363205,0.7042048573493958,0.3444066047668457,0.02177146077156067,0.774054765701294,0.3325935900211334,0.0075381421484053135,0.7953020334243774,0.3861941993236542,-0.012580989859998226,0.7849949598312378,0.44074705243110657,-0.022220300510525703,0.6929360032081604,0.30779600143432617,0.0016270233318209648,0.7470404505729675,0.2750888466835022,-0.0073301284573972225,0.7772841453552246,0.3082355260848999,-0.015320567414164543,0.7838309407234192,0.3614799380302429,-0.018684007227420807
D,0.5505689382553101,0.46714186668395996,3.262231871303811e-07,0.6186395287513733,0.5219829678535461,-0.00022322087897919118,0.6792962551116943,0.5484164357185364,-0.001301856362260878,0.7304596900939941,0.5652071833610535,-0.011166402138769627,0.7741934657096863,0.5339989066123962,-0.02086048014461994,0.7031410336494446,0.4165636897087097,0.052623528987169266,0.760064423084259,0.4207870364189148,0.03863291069865227,0.7819143533706665,0.4626018702983856,0.016525886952877045,0.7804607152938843,0.4987216293811798,0.004106206353753805,0.7068815231323242,0.3829561173915863,0.039776675403118134,0.775360643863678,0.3811011016368866,0.02119254320859909,0.7942584156990051,0.431729793548584,-0.008974293246865273,0.7821311354637146,0.4825288951396942,-0.025669598951935768,0.7038654088973999,0.34452787041664124,0.021620657294988632,0.7744443416595459,0.333285391330719,0.00833199080079794,0.7955811023712158,0.3877367377281189,-0.010645962320268154,0.785830557346344,0.4423421621322632,-0.01976378820836544,0.6925616264343262,0.30833303928375244,0.0016340778674930334,0.7478793263435364,0.2768681049346924,-0.006591401528567076,0.7780213356018066,0.31058213114738464,-0.013583218678832054,0.7849870920181274,0.363113671541214,-0.016402235254645348
D,0.5423071384429932,0.4653474688529968,2.8889769509987673e-07,0.6063582897186279,0.5195174813270569,-0.0037827445194125175,0.6670615673065186,0.5482047200202942,-0.00460763880982995,0.7192924618721008,0.5611621737480164,-0.012959160842001438,0.757269024848938,0.5259974598884583,-0.020319899544119835,0.6991546750068665,0.4203767776489258,0.04868803918361664,0.7526013255119324,0.41784656047821045,0.035910796374082565,0.7736274003982544,0.45701125264167786,0.014887146651744843,0.7730482220649719,0.4939960539340973,0.003022988559678197,0.7020142078399658,0.3860367238521576,0.03888567164540291,0.7653583288192749,0.38056597113609314,0.02333269640803337,0.7850770354270935,0.42801254987716675,-0.00407496327534318,0.7763639092445374,0.4781308174133301,-0.019521519541740417,0.6992253661155701,0.34684014320373535,0.023743892088532448,0.7622793316841125,0.3372153043746948,0.012549392879009247,0.7826609015464783,0.38614869117736816,-0.004806813783943653,0.7748172879219055,0.4376320242881775,-0.013032721355557442,0.6885945200920105,0.3087500333786011,0.006312514655292034,0.7395361065864563,0.28097039461135864,0.0001734202087391168,0.7662173509597778,0.31207340955734253,-0.005458727013319731,0.7714279294013977,0.3622875511646271,-0.007098964881151915
D,0.5257827639579773,0.47310391068458557,2.3289575779017468e-07,0.5824401378631592,0.5272862911224365,-0.006394141353666782,0.6445841193199158,0.558029055595398,-0.008745604194700718,0.6988705992698669,0.5706994533538818,-0.017441008239984512,0.734900712966919,0.5338249206542969,-0.025117473676800728,0.6807929873466492,0.4308747947216034,0.03799058124423027,0.7388491034507751,0.4234059154987335,0.02201739512383938,0.7563352584838867,0.45941218733787537,0.0003634197637438774,0.7473639845848083,0.4937174320220947,-0.010975695215165615,0.6825554966926575,0.39645707607269287,0.02959298901259899,0.7502609491348267,0.38255101442337036,0.012433833442628384,0.7680715918540955,0.4256727397441864,-0.013964817859232426,0.7516442537307739,0.4713859260082245,-0.028665417805314064,0.6773142218589783,0.3577779233455658,0.016133151948451996,0.7438067197799683,0.33700311183929443,0.0035256296396255493,0.762286365032196,0.38199904561042786,-0.012847482226788998,0.7484180927276611,0.43052050471305847,-0.020719684660434723,0.6633009314537048,0.3201928734779358,0.000521607871633023,0.7106958031654358,0.2871156334877014,-0.007553576957434416,0.7358917593955994,0.31318795680999756,-0.014034882187843323,0.7371123433113098,0.3583173453807831,-0.016340602189302444
D,0.5155713558197021,0.47501474618911743,1.8040024940546573e-07,0.574217677116394,0.5270904302597046,-0.006579165812581778,0.6360393762588501,0.5572137832641602,-0.010079453699290752,0.6883758306503296,0.5685501098632812,-0.01967008411884308,0.7235106825828552,0.5327666997909546,-0.02815680392086506,0.6741493344306946,0.4367707371711731,0.030741779133677483,0.7325723767280579,0.4274715781211853,0.011643513105809689,0.7463880777359009,0.4632265269756317,-0.010653810575604439,0.7357577085494995,0.4983534812927246,-0.021975785493850708,0.6742135286331177,0.4015439748764038,0.02205023169517517,0.7397399544715881,0.3865038752555847,0.001368530560284853,0.7546970844268799,0.4311025142669678,-0.024393435567617416,0.7399842143058777,0.47807952761650085,-0.03780101239681244,0.6674014925956726,0.3631759285926819,0.008541877381503582,0.7317274808883667,0.34135866165161133,-0.005845978856086731,0.7498153448104858,0.38746654987335205,-0.02144045941531658,0.7404659986495972,0.4381219446659088,-0.028413258492946625,0.6522645950317383,0.3266555070877075,-0.007155063096433878,0.6968207955360413,0.2892334461212158,-0.015695789828896523,0.7238378524780273,0.31409451365470886,-0.02222282625734806,0.7310032844543457,0.3605554401874542,-0.024568453431129456
D,0.5000261068344116,0.47785845398902893,2.2555731504780852e-07,0.5598384737968445,0.5315807461738586,-0.007816929370164871,0.6184769868850708,0.5586538910865784,-0.011093736626207829,0.6722761988639832,0.5717560052871704,-0.02072637900710106,0.7096763849258423,0.5391196608543396,-0.029553744941949844,0.6507443785667419,0.43767836689949036,0.035330336540937424,0.7048676013946533,0.43367159366607666,0.01654973439872265,0.7214712500572205,0.46771976351737976,-0.006953317206352949,0.7139895558357239,0.5001121163368225,-0.01957686059176922,0.6528711915016174,0.40370818972587585,0.02694213017821312,0.7189455032348633,0.3898962438106537,0.004913653247058392,0.7377845644950867,0.4340975284576416,-0.023463422432541847,0.7249338030815125,0.4818790555000305,-0.03858529403805733,0.6480820775032043,0.3664437532424927,0.013219539076089859,0.7133631706237793,0.3453006148338318,-0.0030615332070738077,0.7338720560073853,0.39117133617401123,-0.021673981100320816,0.7247205972671509,0.4420565366744995,-0.03028310090303421,0.6342074275016785,0.33139169216156006,-0.002747698687016964,0.6808148622512817,0.29687586426734924,-0.013251857832074165,0.7090280055999756,0.3210688829421997,-0.022119460627436638,0.7161396741867065,0.36620622873306274,-0.026122434064745903
D,0.5029953122138977,0.47916045784950256,2.7073704700342205e-07,0.5635713934898376,0.5321358442306519,-0.006218621972948313,0.6215705871582031,0.5597236752510071,-0.009628918953239918,0.6715424656867981,0.5729448795318604,-0.019457023590803146,0.709560751914978,0.5395964980125427,-0.02849525772035122,0.6555055975914001,0.44055837392807007,0.036327656358480453,0.710027813911438,0.4330202639102936,0.018390430137515068,0.7258821725845337,0.4679248332977295,-0.004483615048229694,0.7170387506484985,0.500785768032074,-0.016300298273563385,0.6560564637184143,0.4050920903682709,0.027613358572125435,0.7212948799133301,0.38930922746658325,0.0072843595407903194,0.7389695644378662,0.4319261610507965,-0.020110541954636574,0.7237768173217773,0.4778882563114166,-0.034625519067049026,0.6491252779960632,0.3665487468242645,0.013737119734287262,0.7134076356887817,0.34823429584503174,-0.0011096890084445477,0.7327985763549805,0.39371258020401,-0.018858114257454872,0.7213500142097473,0.44197598099708557,-0.02688603289425373,0.6335321664810181,0.3306370973587036,-0.0021172466222196817,0.6818318367004395,0.2970942258834839,-0.011815037578344345,0.7102479934692383,0.32168376445770264,-0.019582586362957954,0.7164145112037659,0.36617687344551086,-0.02261500619351864
D,0.4908602237701416,0.5022299885749817,2.0424236879534874e-07,0.5491087436676025,0.5526908040046692,-0.00883999839425087,0.6064479947090149,0.5777828693389893,-0.01304684579372406,0.6600162386894226,0.5887700319290161,-0.023452438414096832,0.6933988332748413,0.5536425709724426,-0.03336132690310478,0.635035514831543,0.4643509089946747,0.03445374593138695,0.6833757162094116,0.46240413188934326,0.01629437878727913,0.6987122893333435,0.4964119493961334,-0.007065345998853445,0.6922733187675476,0.530845582485199,-0.02000226080417633,0.6374481916427612,0.4323844313621521,0.027096278965473175,0.6975944638252258,0.42021000385284424,0.007414466235786676,0.7165826559066772,0.4588674306869507,-0.019233301281929016,0.7072064876556396,0.5043835043907166,-0.034060992300510406,0.633455753326416,0.39644911885261536,0.01428364496678114,0.6942206025123596,0.37725353240966797,-0.00016092591977212578,0.7154036164283752,0.41675227880477905,-0.017542345449328423,0.709852933883667,0.46511542797088623,-0.026108117774128914,0.6211550831794739,0.36143481731414795,-0.0010061252396553755,0.6649249792098999,0.33025842905044556,-0.009694799780845642,0.692061185836792,0.3511173725128174,-0.017456451430916786,0.6997998952865601,0.3936396837234497,-0.02126673422753811
D,0.49232912063598633,0.49330392479896545,3.333571214625408e-07,0.5515797734260559,0.5458488464355469,-0.005827588960528374,0.6106087565422058,0.5708878040313721,-0.008357727900147438,0.6625798344612122,0.5817644000053406,-0.01745477132499218,0.69600510597229,0.5459491610527039,-0.02642631344497204,0.6386041641235352,0.4589327275753021,0.04223546385765076,0.6839424967765808,0.4604279696941376,0.027881193906068802,0.7030014991760254,0.4905174970626831,0.006239029578864574,0.7012729048728943,0.5212770700454712,-0.005862364079803228,0.640439510345459,0.4237876832485199,0.03444179520010948,0.6992098093032837,0.41453397274017334,0.017741695046424866,0.7187798023223877,0.45238196849823,-0.008714904077351093,0.7110433578491211,0.4970836341381073,-0.023211298510432243,0.6358217597007751,0.38561755418777466,0.021390315145254135,0.6946322917938232,0.37020379304885864,0.009241323918104172,0.7149896025657654,0.410459041595459,-0.008854134008288383,0.7074335217475891,0.457605242729187,-0.01773584634065628,0.622523307800293,0.35029733180999756,0.006255455315113068,0.6665030717849731,0.31887301802635193,-0.001159160165116191,0.6931455135345459,0.34104496240615845,-0.008959101513028145,0.6996949315071106,0.3845061659812927,-0.012567793019115925
D,0.5005457997322083,0.48647621273994446,2.9800352763231786e-07,0.5570169687271118,0.5383698344230652,-0.004746234510093927,0.6135990023612976,0.5702090859413147,-0.006623871624469757,0.665154218673706,0.5861843824386597,-0.014738194644451141,0.7013514041900635,0.5530917644500732,-0.02245035208761692,0.6467530727386475,0.4568026661872864,0.042281340807676315,0.6937978267669678,0.45918282866477966,0.029521804302930832,0.7094514966011047,0.48829081654548645,0.009781822562217712,0.7059149146080017,0.5185272693634033,-0.0009569082758389413,0.6484836339950562,0.4222513437271118,0.034744992852211,0.708166241645813,0.41638678312301636,0.020156916230916977,0.7239194512367249,0.4527042508125305,-0.004558872431516647,0.7157250046730042,0.49544745683670044,-0.017992347478866577,0.644533097743988,0.38359108567237854,0.02218388020992279,0.7041544318199158,0.37326186895370483,0.011766249313950539,0.7224975824356079,0.4145180284976959,-0.004899231716990471,0.7161691784858704,0.46148350834846497,-0.013017091900110245,0.6334506273269653,0.34586969017982483,0.007665887009352446,0.6773875951766968,0.3175694942474365,0.0023141989950090647,0.7020729184150696,0.34157639741897583,-0.0038200176786631346,0.7089835405349731,0.38564178347587585,-0.006346036680042744
D,0.5011413097381592,0.48685476183891296,3.155850265557092e-07,0.5587266683578491,0.539168119430542,-0.005517358426004648,0.6136393547058105,0.569299578666687,-0.008350417017936707,0.6645684242248535,0.5858311057090759,-0.017744513228535652,0.7009621262550354,0.5522216558456421,-0.027039270848035812,0.6466599702835083,0.4566970467567444,0.04347734525799751,0.6911284923553467,0.4617292284965515,0.029610320925712585,0.706445038318634,0.4894438683986664,0.008064202964305878,0.702123761177063,0.5174616575241089,-0.003840671619400382,0.6489235758781433,0.4218220114707947,0.03556600585579872,0.7071990966796875,0.41654151678085327,0.019754508510231972,0.724280595779419,0.45221850275993347,-0.007008030079305172,0.7155126929283142,0.49534234404563904,-0.021902596578001976,0.6449774503707886,0.3832160234451294,0.022372156381607056,0.7037478089332581,0.37317347526550293,0.011078303679823875,0.7229816913604736,0.4135187268257141,-0.007700380403548479,0.7153383493423462,0.4610893726348877,-0.017193034291267395,0.6322957277297974,0.34642696380615234,0.007169895339757204,0.6765621900558472,0.31626054644584656,0.0010845346841961145,0.7030120491981506,0.33976808190345764,-0.006473289802670479,0.7093238830566406,0.3853137791156769,-0.010131792165338993
D,0.5024594068527222,0.5108963847160339,2.8474411806200806e-07,0.5611154437065125,0.5615838766098022,-0.004607092589139938,0.6167005896568298,0.5868955850601196,-0.007299894001334906,0.6673675179481506,0.6005077362060547,-0.016687244176864624,0.7018154859542847,0.5660757422447205,-0.025846723467111588,0.6510863304138184,0.4736008942127228,0.03981418535113335,0.6990196704864502,0.46924880146980286,0.025498399510979652,0.7142737507820129,0.5026935338973999,0.00475493585690856,0.7080616354942322,0.5363653898239136,-0.006737549789249897,0.6517729163169861,0.4421607255935669,0.031221365556120872,0.7092522978782654,0.4320150911808014,0.014822819270193577,0.725957453250885,0.47303852438926697,-0.010958648286759853,0.7144925594329834,0.5181185603141785,-0.025244640186429024,0.6462913751602173,0.4067123830318451,0.017846744507551193,0.703694224357605,0.3933016061782837,0.006126920226961374,0.7214505672454834,0.4361170530319214,-0.010378620587289333,0.7125583291053772,0.4828951358795166,-0.01830282434821129,0.6325041055679321,0.3731725215911865,0.0024957659188658,0.6777146458625793,0.34401822090148926,-0.0043640537187457085,0.7024978399276733,0.3684852421283722,-0.01064729131758213,0.7074195742607117,0.41140568256378174,-0.013111193664371967
D,0.4864175021648407,0.5017774105072021,3.16800253585825e-07,0.5427206158638,0.553110659122467,-0.009180634282529354,0.6028890013694763,0.579206109046936,-0.011831392534077168,0.6539104580879211,0.5911570191383362,-0.0194298904389143,0.6907665729522705,0.5584164261817932,-0.025987675413489342,0.6357832551002502,0.4614289402961731,0.03577534481883049,0.6865307092666626,0.46384358406066895,0.021331876516342163,0.7026718258857727,0.49794211983680725,0.0008504347642883658,0.6984474062919617,0.5303201079368591,-0.010456018149852753,0.6371291279792786,0.4275655746459961,0.030015043914318085,0.6985964179039001,0.4211946129798889,0.012602675706148148,0.7157469987869263,0.46395158767700195,-0.013672125525772572,0.7047525644302368,0.5099993944168091,-0.027960343286395073,0.6318990588188171,0.39052876830101013,0.019228385761380196,0.6931136250495911,0.3788238763809204,0.006219917442649603,0.7122471928596497,0.42330804467201233,-0.011509240604937077,0.7039280533790588,0.4707416296005249,-0.020006341859698296,0.6178312301635742,0.3552725315093994,0.006294194143265486,0.6627254486083984,0.328402578830719,-0.002440010430291295,0.6886261701583862,0.35455042123794556,-0.01052314043045044,0.6950706839561462,0.3981107771396637,-0.014041638933122158
D,0.4891713261604309,0.5029172897338867,2.8449534283936373e-07,0.5508772730827332,0.5562760233879089,-0.003050192492082715,0.6073033213615417,0.5829517245292664,-0.004218831658363342,0.6560003757476807,0.597274661064148,-0.01255962997674942,0.6901540160179138,0.5637862682342529,-0.020542746409773827,0.6348822116851807,0.4678989052772522,0.044323138892650604,0.6855567097663879,0.4655759036540985,0.029737966135144234,0.7020150423049927,0.4993332028388977,0.007896868512034416,0.6972628235816956,0.5316183567047119,-0.004171412438154221,0.6362256407737732,0.4344586730003357,0.03505854308605194,0.6972289681434631,0.42494216561317444,0.01782889850437641,0.7150844931602478,0.4655362367630005,-0.00933171808719635,0.704017698764801,0.5109928846359253,-0.02432781271636486,0.6310601830482483,0.39792418479919434,0.020687516778707504,0.6919512748718262,0.3833823502063751,0.008301743306219578,0.711542010307312,0.42698532342910767,-0.00951842125505209,0.7033625841140747,0.4749894440174103,-0.018076550215482712,0.6181642413139343,0.3636746406555176,0.004465180914849043,0.6649105548858643,0.3348483443260193,-0.0027147247456014156,0.6913265585899353,0.3600707948207855,-0.009699149988591671,0.6973706483840942,0.4046761691570282,-0.012708917260169983
D,0.4920091927051544,0.5040273070335388,3.056940727219626e-07,0.5526382923126221,0.5569354295730591,-0.005360665265470743,0.6068152785301208,0.5837730169296265,-0.0084306625649333,0.6549015641212463,0.5979377031326294,-0.0182938314974308,0.6905186772346497,0.5656105279922485,-0.027692286297678947,0.6353244781494141,0.4681848883628845,0.04057783633470535,0.6848464012145996,0.467510849237442,0.024210838600993156,0.7001757025718689,0.5013108849525452,0.001694242935627699,0.6952117681503296,0.5336143970489502,-0.010724763385951519,0.636454701423645,0.43487438559532166,0.03191278502345085,0.6973641514778137,0.4278915822505951,0.012563791126012802,0.7137442231178284,0.46881750226020813,-0.014989913441240788,0.702757716178894,0.5135999321937561,-0.0299738310277462,0.6314378380775452,0.3980303406715393,0.01794559508562088,0.6933459043502808,0.38613054156303406,0.003301976015791297,0.7116767168045044,0.43205100297927856,-0.01501479186117649,0.7028110027313232,0.4812455177307129,-0.023467829450964928,0.6184377670288086,0.36368870735168457,0.0020390532445162535,0.6657341122627258,0.33751246333122253,-0.007209094241261482,0.6926568746566772,0.36503779888153076,-0.015384008176624775,0.6991595029830933,0.4118148386478424,-0.018955525010824203
D,0.4914515018463135,0.5070639252662659,2.9056934636173537e-07,0.5517511367797852,0.5604844093322754,-0.0026149232871830463,0.6074937582015991,0.5876076221466064,-0.004747412167489529,0.6568409204483032,0.6012860536575317,-0.01429737638682127,0.6923966407775879,0.5646682977676392,-0.023552998900413513,0.634233832359314,0.4710652232170105,0.045624200254678726,0.6846721768379211,0.4732922911643982,0.03146010637283325,0.7001699209213257,0.5060771703720093,0.010442063212394714,0.6955012679100037,0.5359489321708679,-0.0011309320107102394,0.6368227005004883,0.43846940994262695,0.035571616142988205,0.698223352432251,0.4331522583961487,0.018212389200925827,0.7135864496231079,0.4745793640613556,-0.008459316566586494,0.7020795345306396,0.5184101462364197,-0.02266603149473667,0.6330474615097046,0.4026152193546295,0.020400820299983025,0.6968368291854858,0.3905719518661499,0.008392011746764183,0.7150639295578003,0.4379284381866455,-0.008265824988484383,0.7062707543373108,0.4867764413356781,-0.015943201258778572,0.6208920478820801,0.3696841597557068,0.0033421048428863287,0.668099582195282,0.3402702808380127,-0.003729173680767417,0.6951212882995605,0.3684057295322418,-0.010491708293557167,0.7020639181137085,0.41485893726348877,-0.013286788947880268
D,0.486683189868927,0.505136251449585,2.9845230642422393e-07,0.5451619625091553,0.5582637786865234,-0.006208053790032864,0.6018935441970825,0.5853189826011658,-0.010183085687458515,0.6523833870887756,0.6000806093215942,-0.02059323713183403,0.6896688342094421,0.566317081451416,-0.030323883518576622,0.6347624659538269,0.4680352807044983,0.03920380771160126,0.6876299381256104,0.4670104384422302,0.025043979287147522,0.702637791633606,0.5004674196243286,0.004391904454678297,0.6943630576133728,0.5312478542327881,-0.006731259636580944,0.6359501481056213,0.43534108996391296,0.03096623718738556,0.6980238556861877,0.424763560295105,0.014156549237668514,0.7143983840942383,0.46699413657188416,-0.012773019261658192,0.7004008889198303,0.5121542811393738,-0.027553297579288483,0.6304603815078735,0.3994245231151581,0.017880244180560112,0.6921584606170654,0.38176313042640686,0.007335662841796875,0.7114297151565552,0.4269774854183197,-0.009599249809980392,0.7016354203224182,0.47516730427742004,-0.01820354536175728,0.615881621837616,0.3668285012245178,0.0026606800965964794,0.6604244709014893,0.33072689175605774,-0.003069984493777156,0.6881452798843384,0.3545114994049072,-0.009672634303569794,0.6949228048324585,0.39877161383628845,-0.012725094333291054
D,0.48500001430511475,0.5044724345207214,2.996921750764159e-07,0.5452997088432312,0.5585485100746155,-0.003601400414481759,0.602639377117157,0.5841392874717712,-0.005973189137876034,0.6526428461074829,0.5988025665283203,-0.015536448918282986,0.6889011263847351,0.5638180375099182,-0.024765856564044952,0.6323592066764832,0.467794269323349,0.043143827468156815,0.6834441423416138,0.4653036296367645,0.027791596949100494,0.7000177502632141,0.49919411540031433,0.005702354945242405,0.6932095885276794,0.5311353206634521,-0.006027441006153822,0.6341857314109802,0.4349626898765564,0.03344520181417465,0.6960544586181641,0.4224244952201843,0.016394328325986862,0.7154570817947388,0.4639708697795868,-0.010457188822329044,0.7035027742385864,0.5099109411239624,-0.0249823909252882,0.628981351852417,0.399499773979187,0.018610714003443718,0.6901330351829529,0.38220667839050293,0.007320716977119446,0.711258053779602,0.42635294795036316,-0.010076169855892658,0.7025832533836365,0.47400909662246704,-0.018497176468372345,0.615222156047821,0.36726540327072144,0.0017901206156238914,0.662147045135498,0.3321964740753174,-0.004579178523272276,0.6900375485420227,0.3577480912208557,-0.011165238916873932,0.6955342888832092,0.40387672185897827,-0.013839155435562134
D,0.48340898752212524,0.5072428584098816,3.130920163130213e-07,0.5426910519599915,0.5599681735038757,-0.005932913161814213,0.5987856388092041,0.5857744812965393,-0.009805351495742798,0.6488952040672302,0.6005991101264954,-0.02049613744020462,0.686149537563324,0.5655652284622192,-0.030750909820199013,0.6298884153366089,0.4698235094547272,0.03953909873962402,0.6832234859466553,0.4667865037918091,0.02274719811975956,0.6990227103233337,0.5018683671951294,-0.00019024076755158603,0.6905946135520935,0.5349798798561096,-0.012339042499661446,0.6313236355781555,0.4370526671409607,0.03073025681078434,0.6940385103225708,0.42573633790016174,0.012369644828140736,0.7123870849609375,0.46736282110214233,-0.015358049422502518,0.6986693143844604,0.5132988095283508,-0.03050950914621353,0.6256886124610901,0.40092331171035767,0.016693979501724243,0.6871411800384521,0.38448119163513184,0.004734545014798641,0.7072871923446655,0.4279704689979553,-0.012907521799206734,0.6972311735153198,0.47532057762145996,-0.021565543487668037,0.611054003238678,0.3674262762069702,0.0004887711838819087,0.6568384766578674,0.33135175704956055,-0.006338378880172968,0.6852042078971863,0.3552178144454956,-0.013482258655130863,0.6913063526153564,0.4005204141139984,-0.016623780131340027
D,0.4829920530319214,0.5080254077911377,2.990035454786266e-07,0.5433757901191711,0.5631859302520752,-0.0005200068117119372,0.6000054478645325,0.5880839228630066,-0.0016999661456793547,0.6492236852645874,0.6038144826889038,-0.01089177094399929,0.6845403909683228,0.568771481513977,-0.02007558010518551,0.6270067691802979,0.47232553362846375,0.04625710844993591,0.6777967810630798,0.47216328978538513,0.03205995634198189,0.6954817175865173,0.5071204900741577,0.010846666991710663,0.6905009746551514,0.5373608469963074,-0.0006932646501809359,0.6295797228813171,0.439782977104187,0.03474222496151924,0.6936243772506714,0.4289521276950836,0.017788125202059746,0.7122848033905029,0.4732586145401001,-0.008853972889482975,0.6978254914283752,0.5187296867370605,-0.02311093732714653,0.6250314712524414,0.40382248163223267,0.018324976786971092,0.6901888251304626,0.3874911069869995,0.006163160316646099,0.709352970123291,0.435966432094574,-0.010515980422496796,0.6971290707588196,0.4840846061706543,-0.01809234730899334,0.6119650602340698,0.3710514307022095,0.00029997501405887306,0.6618028879165649,0.34043270349502563,-0.0074950531125068665,0.6880602836608887,0.3692578077316284,-0.01392102800309658,0.690312385559082,0.4147126078605652,-0.01622907444834709
D,0.48125964403152466,0.5137614607810974,3.06779185166306e-07,0.5435325503349304,0.5663660168647766,-0.0036591370590031147,0.6001269817352295,0.5903913974761963,-0.006178942043334246,0.649497389793396,0.6031993627548218,-0.01595197431743145,0.6857455968856812,0.567877471446991,-0.025272488594055176,0.628089427947998,0.47166359424591064,0.04232022538781166,0.6796054840087891,0.4670442044734955,0.02667912282049656,0.6972037553787231,0.5014067888259888,0.004756547044962645,0.6912697553634644,0.533545196056366,-0.0070145465433597565,0.629280686378479,0.43868300318717957,0.032324954867362976,0.6915386319160461,0.4239996373653412,0.013740782625973225,0.7110907435417175,0.4671391248703003,-0.013772469945251942,0.6981620192527771,0.5141735672950745,-0.028567956760525703,0.6239356398582458,0.40274351835250854,0.017256489023566246,0.6863079071044922,0.3838973939418793,0.004485383629798889,0.7065532207489014,0.4302341938018799,-0.013257062062621117,0.6958274841308594,0.4798421859741211,-0.02166249230504036,0.6099095940589905,0.37008044123649597,0.00023994009825401008,0.6558318138122559,0.33488574624061584,-0.007674430496990681,0.6833289861679077,0.36044591665267944,-0.015278247185051441,0.6883327960968018,0.40615835785865784,-0.018532704561948776
D,0.4747137129306793,0.5189249515533447,2.926660158664163e-07,0.5356352925300598,0.5690529346466064,0.007224907632917166,0.5941711664199829,0.5867752432823181,0.012828148901462555,0.6390448212623596,0.599116861820221,0.010055257007479668,0.6721170544624329,0.5862737894058228,0.007331582717597485,0.6198121905326843,0.4730406105518341,0.05008631944656372,0.670596718788147,0.4716719388961792,0.041806697845458984,0.6946960687637329,0.5006484985351562,0.026891611516475677,0.7002636194229126,0.5294212698936462,0.018969397991895676,0.6222100853919983,0.4379863142967224,0.03652838617563248,0.6862807273864746,0.4223988652229309,0.025988157838582993,0.7108212113380432,0.4620858430862427,0.006929537747055292,0.7032379508018494,0.5079034566879272,-0.0020213492680341005,0.6164785623550415,0.4027675986289978,0.019108936190605164,0.6803644895553589,0.37391260266304016,0.0106564462184906,0.7051815390586853,0.41472530364990234,-0.00016311359649989754,0.701992392539978,0.46288761496543884,-0.0036959953140467405,0.6033728718757629,0.3725438416004181,0.0006952571566216648,0.6512072682380676,0.3370342254638672,-0.006179025396704674,0.6791391968727112,0.3618355393409729,-0.009423090144991875,0.686909556388855,0.4062667489051819,-0.008445904590189457
D,0.4679076075553894,0.5617603659629822,4.0129626199814084e-07,0.5263596177101135,0.6118146181106567,0.01397623773664236,0.5853965878486633,0.6231626272201538,0.021004360169172287,0.6284605264663696,0.6361658573150635,0.01938697323203087,0.662006139755249,0.6525636315345764,0.017917431890964508,0.6214015483856201,0.48715507984161377,0.041350577026605606,0.6755124926567078,0.47559061646461487,0.03203219175338745,0.7122137546539307,0.4984772503376007,0.020127736032009125,0.7369253039360046,0.5307691097259521,0.013538998551666737,0.6206895112991333,0.44967442750930786,0.021578824147582054,0.6835104823112488,0.4038501977920532,0.015084453858435154,0.7308587431907654,0.42366018891334534,0.006313392426818609,0.7538282871246338,0.4624769985675812,0.0024804098065942526,0.6078240275382996,0.4211433529853821,-0.0018142275512218475,0.6612997055053711,0.35150855779647827,-0.011346502229571342,0.705475926399231,0.3717636466026306,-0.01810888573527336,0.7295126914978027,0.41454967856407166,-0.020173432305455208,0.5861968398094177,0.40468907356262207,-0.025805557146668434,0.6242649555206299,0.3408988118171692,-0.03798461705446243,0.6615742444992065,0.35412389039993286,-0.042038559913635254,0.6871803998947144,0.3952792286872864,-0.04193408042192459
