E,0.4234844744205475,0.9806687831878662,3.1083274620868906e-07,0.37528195977211,0.9336142539978027,-0.025108985602855682,0.36449137330055237,0.860555112361908,-0.04358154162764549,0.39081859588623047,0.8040945529937744,-0.056845396757125854,0.42824238538742065,0.7772090435028076,-0.07042833417654037,0.3969118297100067,0.849330723285675,-0.06047839671373367,0.39772337675094604,0.8097243309020996,-0.08821331709623337,0.415241539478302,0.7792110443115234,-0.10539647936820984,0.4358113408088684,0.7535929679870605,-0.11645807325839996,0.4316791892051697,0.8611372113227844,-0.05758272856473923,0.4416244328022003,0.8257628679275513,-0.08344904333353043,0.4579606056213379,0.8008094429969788,-0.09339592605829239,0.4765019118785858,0.7807693481445312,-0.10033516585826874,0.462533563375473,0.8794567584991455,-0.055294670164585114,0.4773101806640625,0.8453893065452576,-0.0803784430027008,0.4937794804573059,0.8242393732070923,-0.08552639931440353,0.5124078989028931,0.812131941318512,-0.08690059185028076,0.4889870285987854,0.90031898021698,-0.0541570670902729,0.5081072449684143,0.86091548204422,-0.074555404484272,0.5248333215713501,0.8363763689994812,-0.08061748743057251,0.5440536737442017,0.8170256614685059,-0.08327388018369675
E,0.5470307469367981,0.7843402028083801,-2.6381121642771177e-07,0.5638338327407837,0.6813307404518127,0.0023461482487618923,0.526142954826355,0.5851317644119263,0.0013131119776517153,0.46821463108062744,0.5480080246925354,-0.0003214416792616248,0.4191162884235382,0.5645799040794373,-0.004616694990545511,0.4684118628501892,0.5335693955421448,-0.014364710077643394,0.3916030526161194,0.542579710483551,-0.027140773832798004,0.39639970660209656,0.5792260766029358,-0.03493429720401764,0.42476052045822144,0.6014271378517151,-0.03899484872817993,0.4319287836551666,0.598192572593689,-0.02221156284213066,0.3441334664821625,0.6161967515945435,-0.03174467384815216,0.35944896936416626,0.6526294946670532,-0.033621761947870255,0.3980402946472168,0.6728514432907104,-0.03396601974964142,0.40901413559913635,0.6791174411773682,-0.028720298781991005,0.32385778427124023,0.698814868927002,-0.040873702615499496,0.34559541940689087,0.7288115620613098,-0.03311348333954811,0.3836076557636261,0.7403576374053955,-0.026668347418308258,0.40117159485816956,0.7673836350440979,-0.033574316650629044,0.33231496810913086,0.7737365365028381,-0.04680783301591873,0.35460343956947327,0.7961330413818359,-0.0367775596678257,0.38869577646255493,0.8039369583129883,-0.02531934157013893
E,0.27262240648269653,0.7669260501861572,4.2037976299980073e-07,0.3064749836921692,0.6547160744667053,0.027615584433078766,0.38163498044013977,0.6073966026306152,0.032742153853178024,0.45162054896354675,0.6100597381591797,0.040783967822790146,0.5060946345329285,0.6280354261398315,0.04959794133901596,0.40118518471717834,0.5721642374992371,-0.04669532552361488,0.5014044642448425,0.4973243474960327,-0.06475283205509186,0.5646883249282837,0.450312077999115,-0.06976780295372009,0.6161909103393555,0.41539645195007324,-0.07101354748010635,0.42020562291145325,0.6417642831802368,-0.058034442365169525,0.5430455207824707,0.582507848739624,-0.08989079296588898,0.6166104674339294,0.5531432032585144,-0.10281958431005478,0.6745510697364807,0.5249901413917542,-0.10792537778615952,0.43031802773475647,0.7210690975189209,-0.05836483836174011,0.5537694096565247,0.7087991833686829,-0.07526574283838272,0.6146161556243896,0.6963648796081543,-0.0710853636264801,0.6598128080368042,0.6888259053230286,-0.06426073610782623,0.42757463455200195,0.798230767250061,-0.05243673175573349,0.5057558417320251,0.7672892808914185,-0.04411774501204491,0.5059614181518555,0.742681622505188,-0.020778920501470566,0.5016320943832397,0.727730393409729,-0.0027534037362784147
E,0.3186141848564148,0.7485061883926392,9.679409913587733e-07,0.3711439371109009,0.6171096563339233,0.02111997827887535,0.4609731435775757,0.5670130848884583,0.026983102783560753,0.531883180141449,0.5862277150154114,0.03238663822412491,0.5794175267219543,0.606891393661499,0.03596983477473259,0.5099729895591736,0.5461512804031372,-0.013715817593038082,0.5974887609481812,0.49956175684928894,-0.01136984396725893,0.6494190096855164,0.4631947875022888,-0.008960987441241741,0.6925122737884521,0.42904675006866455,-0.008417359553277493,0.529365062713623,0.6249613761901855,-0.02889380231499672,0.6502717733383179,0.6070787310600281,-0.04530983045697212,0.7302063703536987,0.5796844363212585,-0.06220896542072296,0.7919299602508545,0.5562183856964111,-0.07054904848337173,0.531704843044281,0.7091655731201172,-0.035605475306510925,0.6452480554580688,0.6883701682090759,-0.053500138223171234,0.6897267699241638,0.6569573879241943,-0.06595545262098312,0.7194815874099731,0.637981116771698,-0.06868794560432434,0.5183343291282654,0.7858622670173645,-0.03644414246082306,0.5799099206924438,0.7384851574897766,-0.036922965198755264,0.5631389021873474,0.7061094045639038,-0.022299084812402725,0.5410608649253845,0.7002694010734558,-0.008444138802587986
E,0.3661298453807831,0.7271323204040527,7.967597639435553e-07,0.4332498013973236,0.580491840839386,0.01464435551315546,0.5275428891181946,0.5303308963775635,0.014037047512829304,0.5971745252609253,0.5550302267074585,0.01390483882278204,0.6400112509727478,0.5927075743675232,0.009196382947266102,0.5749577283859253,0.5099859237670898,-0.03149552270770073,0.6782466173171997,0.44759130477905273,-0.03892020136117935,0.7443779706954956,0.4079951345920563,-0.04309660568833351,0.8010742664337158,0.3698020577430725,-0.04904007539153099,0.5934594869613647,0.6039869785308838,-0.05080137029290199,0.7229413390159607,0.5851847529411316,-0.06515428423881531,0.7997751235961914,0.5711935758590698,-0.08180258423089981,0.8613290786743164,0.557372510433197,-0.09424467384815216,0.5890581011772156,0.6963670253753662,-0.06338398903608322,0.7159959077835083,0.6938201785087585,-0.08918340504169464,0.7906441688537598,0.6793541312217712,-0.11546608805656433,0.8464430570602417,0.6709022521972656,-0.1328376829624176,0.5718175768852234,0.7743349075317383,-0.06977763026952744,0.6274482011795044,0.7226586937904358,-0.09184132516384125,0.605371356010437,0.6808444857597351,-0.09355016052722931,0.579356849193573,0.6672582030296326,-0.09312430024147034
E,0.37283897399902344,0.7219842076301575,6.313100584520726e-07,0.4362521767616272,0.5825952887535095,0.011760898865759373,0.5316049456596375,0.5242658853530884,0.010228878818452358,0.6050089597702026,0.5329371690750122,0.009258570149540901,0.6520376205444336,0.5626426935195923,0.0039772940799593925,0.5767070055007935,0.5112688541412354,-0.03836154565215111,0.6872362494468689,0.442885160446167,-0.04965846613049507,0.7513836622238159,0.40035203099250793,-0.05367090553045273,0.8049532771110535,0.3612496852874756,-0.058165907859802246,0.593913733959198,0.6031001210212708,-0.05854256451129913,0.736510157585144,0.5689150094985962,-0.0755910724401474,0.8262564539909363,0.5442296266555786,-0.09367190301418304,0.8980249166488647,0.5229276418685913,-0.10789241641759872,0.5914517641067505,0.6885649561882019,-0.0728914886713028,0.7189775705337524,0.6881392598152161,-0.10007186979055405,0.7968696355819702,0.6804150938987732,-0.1295589655637741,0.8520956039428711,0.6764185428619385,-0.14992910623550415,0.5793768167495728,0.761962890625,-0.08165144175291061,0.6371611952781677,0.724861204624176,-0.1028740331530571,0.6168471574783325,0.6934747695922852,-0.10672488063573837,0.5882741212844849,0.6820744276046753,-0.10934580117464066
E,0.4098675847053528,0.652589738368988,8.33241415421071e-07,0.472729355096817,0.5285637378692627,0.0011736317537724972,0.5666892528533936,0.47172296047210693,-0.005220558028668165,0.6426745653152466,0.4846823215484619,-0.013225998729467392,0.6904395222663879,0.5271873474121094,-0.023590531200170517,0.6261333227157593,0.4501490592956543,-0.025025587528944016,0.7321244478225708,0.3809041380882263,-0.046693503856658936,0.8039058446884155,0.34571173787117004,-0.06081458181142807,0.8577936887741089,0.3182956874370575,-0.06979624927043915,0.6503095030784607,0.5358651876449585,-0.04402078688144684,0.7810807228088379,0.5109993815422058,-0.05753033235669136,0.8637402653694153,0.49195897579193115,-0.07082995027303696,0.9286318421363831,0.4739212989807129,-0.08010643720626831,0.647617518901825,0.6204069256782532,-0.062166132032871246,0.760827362537384,0.6339045763015747,-0.08197303116321564,0.8289990425109863,0.6443144083023071,-0.10010939091444016,0.8804061412811279,0.6488040089607239,-0.11288820952177048,0.6211807727813721,0.699429452419281,-0.0786886140704155,0.6748740077018738,0.7213232517242432,-0.09940929710865021,0.68302983045578,0.7383500933647156,-0.10113794356584549,0.6816046237945557,0.7547072768211365,-0.09982705861330032
E,0.4292663633823395,0.5546504855155945,8.721312951820437e-07,0.5041976571083069,0.41992971301078796,0.0031719193793833256,0.5967212915420532,0.37758418917655945,-0.0030654603615403175,0.6684842705726624,0.41672778129577637,-0.009723038412630558,0.7114853262901306,0.46290940046310425,-0.02000843547284603,0.6588433384895325,0.364209920167923,-0.0324067585170269,0.7673529386520386,0.30166029930114746,-0.051364216953516006,0.8344751000404358,0.26298457384109497,-0.06200138106942177,0.8872441053390503,0.2325693666934967,-0.06918349862098694,0.6752323508262634,0.4564693868160248,-0.051774073392152786,0.8111577033996582,0.4264451265335083,-0.06908003985881805,0.8982776403427124,0.40306174755096436,-0.08581655472517014,0.9623973965644836,0.3870518207550049,-0.09711086750030518,0.6626439094543457,0.5429503321647644,-0.06875041127204895,0.7831989526748657,0.5429986715316772,-0.09850460290908813,0.8510602712631226,0.5388042330741882,-0.1264941245317459,0.8964861631393433,0.53606116771698,-0.14364436268806458,0.6333163976669312,0.6218993067741394,-0.08192623406648636,0.6803208589553833,0.6036527752876282,-0.11065825074911118,0.6650500297546387,0.5847651362419128,-0.11764597147703171,0.6414541602134705,0.5773788094520569,-0.11939524114131927
E,0.4234725832939148,0.5464521646499634,6.928672746653319e-07,0.5067680478096008,0.40955638885498047,0.013262550346553326,0.6010949611663818,0.3768021762371063,0.010300187394022942,0.6698859930038452,0.42005348205566406,0.004991042893379927,0.7087554931640625,0.465926855802536,-0.004380961414426565,0.6513835191726685,0.3535623848438263,-0.03226006403565407,0.764715313911438,0.2868461012840271,-0.04817131161689758,0.8355975151062012,0.24596333503723145,-0.05437314510345459,0.893325686454773,0.21799689531326294,-0.058646511286497116,0.6710371375083923,0.45076239109039307,-0.05477137863636017,0.8141135573387146,0.42376935482025146,-0.0693189799785614,0.9045929908752441,0.40108829736709595,-0.08042291551828384,0.972105860710144,0.39427608251571655,-0.08751679956912994,0.6596090793609619,0.5439477562904358,-0.07298745214939117,0.7801074385643005,0.5429643392562866,-0.09072788059711456,0.8427608013153076,0.5344846248626709,-0.10702317953109741,0.8830085396766663,0.5377336144447327,-0.11804352700710297,0.6312386989593506,0.6239132285118103,-0.0877818837761879,0.670184314250946,0.5961898565292358,-0.10176640748977661,0.6582916975021362,0.566085934638977,-0.09984319657087326,0.6411662101745605,0.5544809103012085,-0.09679368883371353
E,0.4166334569454193,0.5522223711013794,6.136659749245155e-07,0.49968424439430237,0.41636893153190613,0.0158754400908947,0.5970231890678406,0.3800625801086426,0.012646323069930077,0.6683787703514099,0.41756102442741394,0.005111744161695242,0.709043562412262,0.4642775356769562,-0.005923103541135788,0.6512789726257324,0.3529461622238159,-0.0235908180475235,0.7643111944198608,0.2859177887439728,-0.04340794309973717,0.8354629874229431,0.24239274859428406,-0.05312374606728554,0.891543984413147,0.2150467038154602,-0.05921100825071335,0.6715114116668701,0.4461604952812195,-0.0489949956536293,0.8102933764457703,0.41779693961143494,-0.0667763277888298,0.9009751081466675,0.3941469192504883,-0.07899931818246841,0.9683991074562073,0.386770099401474,-0.08632436394691467,0.6616207957267761,0.5370372533798218,-0.07136426120996475,0.7859629988670349,0.5342313051223755,-0.09186039865016937,0.8501081466674805,0.5283398628234863,-0.10600138455629349,0.8935244083404541,0.5318096876144409,-0.11426422744989395,0.6339743137359619,0.6173455119132996,-0.09065886586904526,0.6925194263458252,0.6009167432785034,-0.10666439682245255,0.7072605490684509,0.5829905867576599,-0.105776347219944,0.7145934700965881,0.5764861106872559,-0.10265207290649414
E,0.4206773042678833,0.5665565729141235,4.944014335706015e-07,0.5091200470924377,0.4299112558364868,0.023268599063158035,0.6099804639816284,0.405575156211853,0.025475826114416122,0.6751863956451416,0.4595988392829895,0.02417825721204281,0.719739556312561,0.5066591501235962,0.018306922167539597,0.6484874486923218,0.3730189800262451,-0.021883223205804825,0.7644870281219482,0.3127685785293579,-0.03145594894886017,0.8322960138320923,0.2712230682373047,-0.032855335623025894,0.888938844203949,0.24204502999782562,-0.03546245023608208,0.6654679179191589,0.4635842442512512,-0.048537783324718475,0.8062083721160889,0.4301595687866211,-0.06180024892091751,0.8940960764884949,0.403050035238266,-0.07526587694883347,0.9593963623046875,0.39147865772247314,-0.08606696128845215,0.6561197638511658,0.5517598390579224,-0.06995335966348648,0.7845408916473389,0.5475562214851379,-0.09227463603019714,0.8532586693763733,0.5371301770210266,-0.1181805282831192,0.898039698600769,0.5353271961212158,-0.1370353251695633,0.6320043206214905,0.6292191743850708,-0.08592575043439865,0.6723394393920898,0.5867080688476562,-0.10768947005271912,0.6520448923110962,0.553717851638794,-0.11421341449022293,0.6262512803077698,0.5433139204978943,-0.11811563372612
E,0.428243488073349,0.555854856967926,5.941600988990103e-07,0.5075428485870361,0.42003124952316284,0.013401113450527191,0.6001451015472412,0.38175782561302185,0.011295623145997524,0.6704559922218323,0.418610543012619,0.007483762223273516,0.7129908800125122,0.4653339385986328,0.00016954501916188747,0.6517186164855957,0.36840975284576416,-0.030002083629369736,0.765133798122406,0.2979556918144226,-0.04389089718461037,0.8323332667350769,0.2584857940673828,-0.04801040142774582,0.8855412006378174,0.2317497432231903,-0.05058963596820831,0.6690821647644043,0.46005257964134216,-0.05122862756252289,0.8120807409286499,0.4267374575138092,-0.0648418739438057,0.8947982788085938,0.40198439359664917,-0.07380971312522888,0.9553021192550659,0.3909243941307068,-0.0792304128408432,0.6591828465461731,0.5465283989906311,-0.0685436949133873,0.7819753289222717,0.5475969314575195,-0.0864882692694664,0.8474199175834656,0.5405688285827637,-0.10290316492319107,0.8903469443321228,0.5397034287452698,-0.11391747742891312,0.6332296133041382,0.6206681728363037,-0.0822451040148735,0.682672917842865,0.5966053009033203,-0.0949280634522438,0.6745501160621643,0.5716874599456787,-0.09265350550413132,0.6584007143974304,0.5605867505073547,-0.0897049754858017
E,0.4252071976661682,0.5565592646598816,4.975232172910182e-07,0.5099394917488098,0.42164134979248047,0.019188372418284416,0.6055055856704712,0.39081162214279175,0.02042149379849434,0.6719861626625061,0.42970314621925354,0.018151849508285522,0.7136308550834656,0.4684538245201111,0.012117411009967327,0.6509769558906555,0.36749041080474854,-0.020161950960755348,0.7633899450302124,0.3016653060913086,-0.032925721257925034,0.8304688930511475,0.25914716720581055,-0.036948345601558685,0.8841825127601624,0.23027561604976654,-0.0402483195066452,0.6696142554283142,0.45576560497283936,-0.044664014130830765,0.8052238821983337,0.4226935803890228,-0.059228748083114624,0.8904541730880737,0.3969549536705017,-0.07145217061042786,0.9535918831825256,0.38583824038505554,-0.0797114372253418,0.6604496240615845,0.541858971118927,-0.06521319597959518,0.7809416651725769,0.5385324358940125,-0.08561380952596664,0.8474344611167908,0.5329508185386658,-0.10721384733915329,0.8926250338554382,0.5337108373641968,-0.12213276326656342,0.6346040368080139,0.6187056303024292,-0.08154871314764023,0.6742047071456909,0.5909990072250366,-0.10037194937467575,0.6658064126968384,0.5667124390602112,-0.10504128038883209,0.6514052152633667,0.557149350643158,-0.10683389008045197
E,0.425629198551178,0.5519700050354004,4.951277219333861e-07,0.5062504410743713,0.41748127341270447,0.020110899582505226,0.5985914468765259,0.3869307339191437,0.020781492814421654,0.6633349061012268,0.4312626123428345,0.01899663731455803,0.7066274881362915,0.4742020070552826,0.01330410037189722,0.6454606652259827,0.36116012930870056,-0.024240009486675262,0.7587164640426636,0.2991536855697632,-0.03332916647195816,0.8254219889640808,0.25995302200317383,-0.0349997840821743,0.8797796964645386,0.2331087291240692,-0.037201084196567535,0.6638685464859009,0.45147034525871277,-0.047140054404735565,0.801335334777832,0.42217761278152466,-0.05753028765320778,0.8840217590332031,0.39540186524391174,-0.06817197054624557,0.9452178478240967,0.3842596411705017,-0.07656475156545639,0.6561331152915955,0.537534773349762,-0.06483493745326996,0.7797291278839111,0.5375840067863464,-0.08077087998390198,0.8454035520553589,0.5256034731864929,-0.10130367428064346,0.8886334896087646,0.5241668820381165,-0.11722812801599503,0.6334022879600525,0.6120325326919556,-0.07791902124881744,0.6679170727729797,0.5803677439689636,-0.09191104024648666,0.6493540406227112,0.5476168394088745,-0.09393535554409027,0.6273840665817261,0.5347833633422852,-0.09509104490280151
E,0.4242841601371765,0.560157835483551,4.4622854034059856e-07,0.5062231421470642,0.4314579963684082,0.021532492712140083,0.5997979640960693,0.409268319606781,0.024811508134007454,0.6603273749351501,0.4599493741989136,0.02515990473330021,0.7019933462142944,0.5063503980636597,0.021404361352324486,0.6418381929397583,0.3715311884880066,-0.018786977976560593,0.7523026466369629,0.31338584423065186,-0.028160162270069122,0.8181208372116089,0.2728372812271118,-0.03003787435591221,0.8729074001312256,0.2445048689842224,-0.032710470259189606,0.6609964370727539,0.4561234712600708,-0.04283049702644348,0.7921831011772156,0.4244638681411743,-0.05443398654460907,0.8757890462875366,0.39931267499923706,-0.06696292757987976,0.9383169412612915,0.38816192746162415,-0.0767386257648468,0.6543298959732056,0.5403652191162109,-0.06217270344495773,0.7724371552467346,0.5410423874855042,-0.08183258771896362,0.8393855094909668,0.5334181785583496,-0.10742702335119247,0.8841744065284729,0.5302053689956665,-0.12635456025600433,0.6315305233001709,0.6171547174453735,-0.07661327719688416,0.6621741056442261,0.5866113305091858,-0.09673744440078735,0.6398253440856934,0.557058572769165,-0.1039266437292099,0.6142456531524658,0.543698787689209,-0.10831735283136368
E,0.4310673475265503,0.5522133708000183,5.452102982417273e-07,0.5115337371826172,0.4226040244102478,0.01976672001183033,0.6010573506355286,0.3955524265766144,0.020158398896455765,0.6660328507423401,0.43963849544525146,0.01852276735007763,0.7092921137809753,0.48303738236427307,0.013258881866931915,0.6461780071258545,0.3676833510398865,-0.02772008627653122,0.7559608221054077,0.30853375792503357,-0.03711773455142975,0.8209298253059387,0.26935750246047974,-0.03837492689490318,0.8735774755477905,0.2405427098274231,-0.04009120911359787,0.663756787776947,0.4550786018371582,-0.049844082444906235,0.7983183860778809,0.43047386407852173,-0.0598459392786026,0.8804613351821899,0.4072355329990387,-0.06956881284713745,0.9402884244918823,0.3963663876056671,-0.07732266187667847,0.6558967232704163,0.5418080687522888,-0.06645885854959488,0.7722830176353455,0.5472738146781921,-0.08145303279161453,0.8368189334869385,0.5395578742027283,-0.10173349827528,0.8784526586532593,0.5385644435882568,-0.11762425303459167,0.6329545974731445,0.6198644042015076,-0.07852847129106522,0.6600620746612549,0.5976539254188538,-0.09182263165712357,0.6392914056777954,0.5684549808502197,-0.09444836527109146,0.6163181662559509,0.5554845333099365,-0.09616951644420624
E,0.4312753677368164,0.5506501197814941,4.846551746595651e-07,0.5111346244812012,0.419907808303833,0.022248338907957077,0.6003587245941162,0.39324527978897095,0.023001110181212425,0.6618984341621399,0.4411746561527252,0.02162812650203705,0.7038106322288513,0.4825814962387085,0.01618262194097042,0.6450064778327942,0.3678721785545349,-0.02712676115334034,0.7537021040916443,0.3110184073448181,-0.03436153754591942,0.8171474933624268,0.27245691418647766,-0.03411242738366127,0.8699079751968384,0.24609985947608948,-0.03551524505019188,0.6603679060935974,0.45624589920043945,-0.05005184933543205,0.7931131720542908,0.427940309047699,-0.062461648136377335,0.8747828006744385,0.4023812413215637,-0.07442411780357361,0.9352569580078125,0.3924250602722168,-0.08405502140522003,0.6516467928886414,0.54152512550354,-0.06671066582202911,0.7716246247291565,0.5457830429077148,-0.08488031476736069,0.8369964361190796,0.5359668731689453,-0.1068577915430069,0.8791004419326782,0.5350333452224731,-0.12346933037042618,0.629833459854126,0.6150590181350708,-0.07793625444173813,0.6646614074707031,0.5820289850234985,-0.09214979410171509,0.6458863615989685,0.5478036999702454,-0.09489215910434723,0.6235902905464172,0.5336342453956604,-0.09696567803621292
E,0.4307868480682373,0.5461979508399963,5.3776437880515e-07,0.5069695711135864,0.4177839756011963,0.019045501947402954,0.5946231484413147,0.38840028643608093,0.019365625455975533,0.6592894196510315,0.43129488825798035,0.018301604315638542,0.702436089515686,0.4719894230365753,0.013682414777576923,0.6428509950637817,0.3616383671760559,-0.030380098149180412,0.7499763369560242,0.3026779592037201,-0.04020126163959503,0.8143177628517151,0.26521819829940796,-0.040946271270513535,0.8673169016838074,0.23875539004802704,-0.04218415915966034,0.6599541306495667,0.45123735070228577,-0.05122758820652962,0.7943783402442932,0.42423269152641296,-0.06596711277961731,0.8755103349685669,0.402438759803772,-0.07707931846380234,0.934593141078949,0.39356034994125366,-0.08442067354917526,0.6507933139801025,0.5390274524688721,-0.06598366796970367,0.766236424446106,0.5436320304870605,-0.08390341699123383,0.8301685452461243,0.5372287034988403,-0.10238585621118546,0.8725628852844238,0.5383694171905518,-0.11542601138353348,0.6268837451934814,0.615561842918396,-0.07591399550437927,0.6616821885108948,0.5916398167610168,-0.08827228844165802,0.6467074751853943,0.5616552233695984,-0.0882284864783287,0.6290601491928101,0.5478218793869019,-0.08745068311691284
E,0.42701226472854614,0.5574766993522644,4.6609201831415703e-07,0.502708375453949,0.428577721118927,0.0226169191300869,0.5900525450706482,0.40173590183258057,0.025180451571941376,0.6497327089309692,0.4456995725631714,0.02529526874423027,0.689224123954773,0.4871712327003479,0.02183571830391884,0.6351912617683411,0.3711320757865906,-0.02389764040708542,0.745337724685669,0.3138810396194458,-0.033854734152555466,0.8108550310134888,0.27650290727615356,-0.035133253782987595,0.8640117645263672,0.2505086064338684,-0.03672408312559128,0.6522721648216248,0.4548126459121704,-0.0470406748354435,0.7846072912216187,0.4278208017349243,-0.05837124586105347,0.8662838339805603,0.4049656391143799,-0.06816129386425018,0.9258712530136108,0.39446309208869934,-0.07547587901353836,0.645571768283844,0.5382924675941467,-0.06479454785585403,0.7579584121704102,0.5449085235595703,-0.08051252365112305,0.8241671919822693,0.5379998683929443,-0.1008945032954216,0.8679039478302002,0.5351810455322266,-0.1164933294057846,0.6232162714004517,0.6137365102767944,-0.07782430946826935,0.6493116617202759,0.593809962272644,-0.08971818536520004,0.6295604109764099,0.5660896301269531,-0.09158951044082642,0.6070610284805298,0.5517898797988892,-0.0930267721414566
E,0.42982399463653564,0.5518880486488342,5.374727720663941e-07,0.5067453384399414,0.42437416315078735,0.019673746079206467,0.594981849193573,0.39977023005485535,0.019637595862150192,0.6579521298408508,0.447110116481781,0.01850542426109314,0.700326144695282,0.4902287423610687,0.014159135520458221,0.637376606464386,0.36920541524887085,-0.03238812834024429,0.7451572418212891,0.31156134605407715,-0.04267100617289543,0.8093142509460449,0.2731671929359436,-0.04446238651871681,0.8614761829376221,0.24460211396217346,-0.046537160873413086,0.6509796977043152,0.4535207450389862,-0.05407841503620148,0.7843658328056335,0.4304920732975006,-0.06726948171854019,0.8665274977684021,0.4082088768482208,-0.07837086170911789,0.927014946937561,0.3971484303474426,-0.08688241988420486,0.6435515880584717,0.5367572903633118,-0.06980080902576447,0.7576298117637634,0.5456352829933167,-0.08681883662939072,0.8240805268287659,0.5406759977340698,-0.10734084248542786,0.8685654401779175,0.5409488677978516,-0.12288784235715866,0.6228610873222351,0.6113829612731934,-0.08071745187044144,0.6532813906669617,0.5869601964950562,-0.09170571714639664,0.6303094625473022,0.5552455186843872,-0.09212798625230789,0.6055137515068054,0.5415064096450806,-0.09284193813800812
E,0.430934876203537,0.5590437650680542,8.274186029666453e-07,0.490566223859787,0.43030279874801636,0.0035860631614923477,0.5826888084411621,0.38510555028915405,-0.0025232930202037096,0.6568748354911804,0.41174277663230896,-0.0106562664732337,0.7014137506484985,0.45265722274780273,-0.01872396096587181,0.6362258791923523,0.36012768745422363,-0.02998380735516548,0.7379752397537231,0.30043989419937134,-0.0511365681886673,0.8034974336624146,0.2689938545227051,-0.06100134924054146,0.8536281585693359,0.2502674460411072,-0.06598158180713654,0.6494551301002502,0.4510821998119354,-0.045843612402677536,0.7774734497070312,0.4694182574748993,-0.06353239715099335,0.8565042614936829,0.47479739785194397,-0.07253299653530121,0.9135503768920898,0.48253560066223145,-0.0773557499051094,0.6388269662857056,0.5363821983337402,-0.059612028300762177,0.7187935709953308,0.5609054565429688,-0.07992931455373764,0.7161678075790405,0.5559470057487488,-0.08205805718898773,0.7031823992729187,0.5522883534431458,-0.07848364859819412,0.6160872578620911,0.610331118106842,-0.07209304720163345,0.6500083208084106,0.6160424947738647,-0.0834842398762703,0.6306735873222351,0.5985480546951294,-0.07543175667524338,0.6089978218078613,0.5856026411056519,-0.0654342770576477
E,0.4353337585926056,0.5526996850967407,7.227678793242376e-07,0.49593546986579895,0.42345911264419556,0.010523035190999508,0.5888622403144836,0.3916698694229126,0.005679399240761995,0.6651536226272583,0.42549052834510803,0.0004355248820502311,0.716376006603241,0.46328648924827576,-0.006289434153586626,0.6341577172279358,0.34385937452316284,-0.038305167108774185,0.7363791465759277,0.28625160455703735,-0.05495201051235199,0.8033748865127563,0.2565244734287262,-0.062325675040483475,0.8551005721092224,0.23757325112819672,-0.06667356193065643,0.6473876237869263,0.4340105354785919,-0.0563417486846447,0.7798590660095215,0.43586617708206177,-0.06727516651153564,0.861536979675293,0.42824840545654297,-0.07704800367355347,0.9181506633758545,0.4273154139518738,-0.08548009395599365,0.6405637860298157,0.5204835534095764,-0.06985659152269363,0.7495461702346802,0.5537912249565125,-0.0828426331281662,0.784220814704895,0.5644674301147461,-0.09341545403003693,0.7984377145767212,0.5743296146392822,-0.1015302985906601,0.6228615641593933,0.597645103931427,-0.0804036483168602,0.6526558995246887,0.5985792875289917,-0.08776106685400009,0.6306048631668091,0.577107310295105,-0.0848035216331482,0.6083555221557617,0.5634088516235352,-0.08234615623950958
E,0.43600836396217346,0.550528347492218,9.62958893069299e-07,0.49463826417922974,0.4196844696998596,0.00814405083656311,0.5867576003074646,0.38457149267196655,-0.00012778314703609794,0.6638420224189758,0.4202336072921753,-0.010334051214158535,0.7109469771385193,0.46282127499580383,-0.02015913464128971,0.6349570751190186,0.3447763919830322,-0.04112920165061951,0.7373414635658264,0.2846904397010803,-0.06439197808504105,0.8040215969085693,0.25419148802757263,-0.07581271231174469,0.855140209197998,0.2353954017162323,-0.08200831711292267,0.6498214602470398,0.43797364830970764,-0.058854687958955765,0.7822632193565369,0.449678897857666,-0.08085205405950546,0.8652223348617554,0.44087058305740356,-0.09405580908060074,0.9226958751678467,0.43910741806030273,-0.10208795219659805,0.641225278377533,0.5273416042327881,-0.0716136023402214,0.7162131071090698,0.5554477572441101,-0.08748474717140198,0.6904301643371582,0.5510541200637817,-0.07994955033063889,0.6608402132987976,0.5500240325927734,-0.07014596462249756,0.6218401789665222,0.6067334413528442,-0.08302975445985794,0.6450005173683167,0.6005261540412903,-0.08586687594652176,0.6127437949180603,0.5770282745361328,-0.06821686774492264,0.5839322209358215,0.5615288019180298,-0.05173492804169655
E,0.4404798150062561,0.5463658571243286,9.798447990760906e-07,0.49834173917770386,0.41704365611076355,0.003982281778007746,0.5908350348472595,0.3792473077774048,-0.005381307099014521,0.6688211560249329,0.41156160831451416,-0.01599944196641445,0.7164924144744873,0.4542992413043976,-0.02651100605726242,0.6366055011749268,0.34610894322395325,-0.04478885978460312,0.7382864952087402,0.28671592473983765,-0.06881089508533478,0.8044748902320862,0.2569735646247864,-0.07919258624315262,0.8546829223632812,0.23805300891399384,-0.08476265519857407,0.6502572894096375,0.440403014421463,-0.06188445910811424,0.7842069864273071,0.464082807302475,-0.08731181919574738,0.8676438927650452,0.46726134419441223,-0.10068516433238983,0.9255818128585815,0.47311466932296753,-0.10797744244337082,0.6395239233970642,0.528234601020813,-0.07467193156480789,0.7217146158218384,0.5600175857543945,-0.09819337725639343,0.7041725516319275,0.5620868802070618,-0.09442020207643509,0.6799922585487366,0.5654652118682861,-0.08568410575389862,0.6184883117675781,0.6045472025871277,-0.08576285094022751,0.6491649150848389,0.6043318510055542,-0.09647975862026215,0.6211774349212646,0.5840030908584595,-0.08289305120706558,0.5939522981643677,0.569584846496582,-0.06850281357765198
E,0.4357900619506836,0.5450448393821716,6.550451985276595e-07,0.4976552426815033,0.41636013984680176,0.01420755684375763,0.5873569846153259,0.39121153950691223,0.01146113034337759,0.6551699042320251,0.43714264035224915,0.009469338692724705,0.7015896439552307,0.48108309507369995,0.00552108371630311,0.6337769031524658,0.33844995498657227,-0.03798764571547508,0.7327601909637451,0.28516685962677,-0.04907681792974472,0.796332061290741,0.25559473037719727,-0.052740469574928284,0.8498189449310303,0.23480035364627838,-0.056766122579574585,0.6474419832229614,0.4241180419921875,-0.055686455219984055,0.7736923098564148,0.41143909096717834,-0.06854522973299026,0.8554072380065918,0.39932167530059814,-0.08176511526107788,0.9160031080245972,0.39898791909217834,-0.09355074167251587,0.640182614326477,0.5134048461914062,-0.06742329150438309,0.7416971921920776,0.5423823595046997,-0.08242939412593842,0.8016619086265564,0.5537577867507935,-0.10136312991380692,0.842852771282196,0.5724272727966309,-0.11693025380373001,0.6229749917984009,0.594984769821167,-0.07485996931791306,0.6383177638053894,0.5768567323684692,-0.08262335509061813,0.607038140296936,0.5445587038993835,-0.08301078528165817,0.582815945148468,0.5332584381103516,-0.08519548922777176
E,0.4356299042701721,0.5429243445396423,6.998954518167011e-07,0.499286949634552,0.41260141134262085,0.010045509785413742,0.5890737771987915,0.3835868239402771,0.006218709051609039,0.6547558307647705,0.4334889054298401,0.003147286828607321,0.6990324854850769,0.482503205537796,-0.002496083965525031,0.6333669424057007,0.34421366453170776,-0.03867160528898239,0.7317457795143127,0.29282358288764954,-0.05291208624839783,0.7941838502883911,0.2639273703098297,-0.05890725925564766,0.846531331539154,0.24292469024658203,-0.06393448263406754,0.6479463577270508,0.4272078573703766,-0.05678226798772812,0.7758035659790039,0.4103235900402069,-0.0714138075709343,0.8567737340927124,0.3968724310398102,-0.08491051942110062,0.9174783229827881,0.3945208787918091,-0.0958639606833458,0.6413393020629883,0.5132295489311218,-0.07000413537025452,0.7428156137466431,0.5365968942642212,-0.08790602535009384,0.8018032312393188,0.5440347194671631,-0.10838870704174042,0.8427860140800476,0.5564560890197754,-0.12397364526987076,0.6221387982368469,0.5900548100471497,-0.07956751435995102,0.6382744312286377,0.5755917429924011,-0.09041938930749893,0.6117766499519348,0.5481045842170715,-0.09179089218378067,0.5901587605476379,0.5360053777694702,-0.09395534545183182
E,0.4355159103870392,0.5432487726211548,6.611645062548632e-07,0.5000170469284058,0.41472336649894714,0.01214317325502634,0.5875290632247925,0.3833502531051636,0.00867423228919506,0.656019926071167,0.4274628162384033,0.00625726580619812,0.7047216892242432,0.4707838296890259,0.0017411906737834215,0.6311202049255371,0.3466925024986267,-0.04038204997777939,0.7329651713371277,0.29750341176986694,-0.05297877639532089,0.7955304384231567,0.26932188868522644,-0.05701463669538498,0.8486616015434265,0.2490498125553131,-0.06082189455628395,0.6456305980682373,0.42740803956985474,-0.05784526839852333,0.7756050825119019,0.4049568176269531,-0.07418646663427353,0.8571731448173523,0.3905901610851288,-0.08800365775823593,0.9176225066184998,0.38818109035491943,-0.09908438473939896,0.640308678150177,0.5137880444526672,-0.06924796849489212,0.7483785152435303,0.539735734462738,-0.08712305128574371,0.8129205703735352,0.5464978814125061,-0.10680513083934784,0.8575558066368103,0.5590618252754211,-0.12227855622768402,0.6237503886222839,0.5915094614028931,-0.07651308178901672,0.6461772918701172,0.58575040102005,-0.08581504225730896,0.6196350455284119,0.5610618591308594,-0.08573173731565475,0.5985093116760254,0.5514554381370544,-0.08732517808675766
E,0.43416085839271545,0.5393454432487488,6.651220019193715e-07,0.5048766136169434,0.4158165156841278,0.01711942069232464,0.5934925079345703,0.3959077000617981,0.014454549178481102,0.6573520302772522,0.4550057053565979,0.01237513218075037,0.7031662464141846,0.5049840807914734,0.008509467355906963,0.6320513486862183,0.3462194800376892,-0.03791520744562149,0.7339248657226562,0.3018600344657898,-0.04759259149432182,0.7963072657585144,0.2741600275039673,-0.050180088728666306,0.8502700328826904,0.25362300872802734,-0.05397764965891838,0.6454513072967529,0.4243435859680176,-0.05698227509856224,0.7752593755722046,0.40656834840774536,-0.07335654646158218,0.8563815355300903,0.3930160403251648,-0.08893117308616638,0.9181792736053467,0.39065805077552795,-0.10231784731149673,0.6411653757095337,0.5085490942001343,-0.06882725656032562,0.7523818016052246,0.5404714345932007,-0.08479432761669159,0.8185955882072449,0.5480519533157349,-0.10466692596673965,0.8645715117454529,0.5607205629348755,-0.12141337245702744,0.6270420551300049,0.5847253799438477,-0.0760599821805954,0.6508459448814392,0.5797559022903442,-0.08151064068078995,0.6214567422866821,0.5556721687316895,-0.08018717914819717,0.5990834832191467,0.5477612018585205,-0.08216731250286102
E,0.4330160617828369,0.535895824432373,6.56650740893383e-07,0.5075520277023315,0.41472309827804565,0.02702946774661541,0.5970165133476257,0.40079033374786377,0.0279095321893692,0.6576129198074341,0.4634596109390259,0.02815299667418003,0.7009660005569458,0.5127817392349243,0.02660299651324749,0.6338433623313904,0.3446725606918335,-0.03347117453813553,0.7373002171516418,0.3028615415096283,-0.03958120942115784,0.7993009090423584,0.27403467893600464,-0.03835957869887352,0.85284823179245,0.25266894698143005,-0.04016027972102165,0.64662104845047,0.42266646027565,-0.05613994970917702,0.7766872644424438,0.4062710702419281,-0.07365141808986664,0.8569854497909546,0.39238911867141724,-0.0896441861987114,0.918925940990448,0.39111626148223877,-0.10321648418903351,0.6418132781982422,0.5059988498687744,-0.0698729157447815,0.7564325928688049,0.5389556288719177,-0.08518340438604355,0.822254478931427,0.5472519397735596,-0.10370511561632156,0.8691999912261963,0.5611461997032166,-0.11960422247648239,0.6275941729545593,0.5821446180343628,-0.0777859091758728,0.6500509977340698,0.577359676361084,-0.07977128028869629,0.6195839047431946,0.5538598895072937,-0.07664238661527634,0.5982418060302734,0.5477284789085388,-0.07787424325942993
E,0.4306279122829437,0.5380700826644897,6.335970965665183e-07,0.5029352307319641,0.4150821566581726,0.025632347911596298,0.5918366312980652,0.39830949902534485,0.026657041162252426,0.6523984670639038,0.4585098922252655,0.026992501690983772,0.69621741771698,0.5098548531532288,0.02544352598488331,0.6327316761016846,0.34575197100639343,-0.03212257847189903,0.7366443872451782,0.3037487268447876,-0.03913778439164162,0.7993804812431335,0.2746870219707489,-0.03920851647853851,0.8534121513366699,0.25275763869285583,-0.041767217218875885,0.6469116806983948,0.4239455461502075,-0.05414041131734848,0.7770261764526367,0.4082002341747284,-0.07031071186065674,0.857063353061676,0.39406663179397583,-0.08545104414224625,0.9192341566085815,0.3915850818157196,-0.0983961820602417,0.6426880955696106,0.5072081089019775,-0.06780309975147247,0.7563931345939636,0.5394271612167358,-0.08218291401863098,0.8221322298049927,0.5477290153503418,-0.10040469467639923,0.8693882822990417,0.5613402724266052,-0.11621187627315521,0.6280600428581238,0.5832386016845703,-0.07602059096097946,0.6486890912055969,0.5783981084823608,-0.07841839641332626,0.6176719069480896,0.5547932386398315,-0.07552061975002289,0.5961272716522217,0.5488128662109375,-0.07665231078863144
E,0.4307515621185303,0.5363581776618958,6.359553026413778e-07,0.5060996413230896,0.410962849855423,0.029211413115262985,0.5954967737197876,0.39623039960861206,0.030626017600297928,0.6565173864364624,0.45888298749923706,0.03162936493754387,0.7000190019607544,0.5097952485084534,0.03092045523226261,0.6333926916122437,0.34402355551719666,-0.03603101894259453,0.7385333180427551,0.3045060634613037,-0.041927486658096313,0.8015036582946777,0.27324897050857544,-0.040701933205127716,0.8552780747413635,0.24850720167160034,-0.04284598305821419,0.6453262567520142,0.4248901605606079,-0.059063807129859924,0.7782496213912964,0.40995416045188904,-0.07691960781812668,0.8592382073402405,0.39518824219703674,-0.09302859753370285,0.9209821224212646,0.39276042580604553,-0.10701391100883484,0.6403884291648865,0.5091117024421692,-0.07241447269916534,0.7606426477432251,0.5397642850875854,-0.08727768808603287,0.827069878578186,0.5475367903709412,-0.10406479239463806,0.8743126392364502,0.5620498657226562,-0.11895069479942322,0.6268435716629028,0.5850597620010376,-0.07960332185029984,0.6530030965805054,0.5733060836791992,-0.07995837926864624,0.6213164925575256,0.5473867058753967,-0.07452791184186935,0.5984576344490051,0.5416020154953003,-0.07431142032146454
E,0.43033432960510254,0.5348120927810669,6.293180376815144e-07,0.5076228976249695,0.41119763255119324,0.027533937245607376,0.5980660319328308,0.3972996473312378,0.028457211330533028,0.6579685807228088,0.46240708231925964,0.029143856838345528,0.7001914381980896,0.5140640735626221,0.02773193083703518,0.6321203708648682,0.3443240225315094,-0.03693296015262604,0.7376144528388977,0.3053460121154785,-0.0428345613181591,0.8005731701850891,0.274212509393692,-0.041387248784303665,0.8549869060516357,0.24928632378578186,-0.04344800114631653,0.6441512703895569,0.424589604139328,-0.05976865068078041,0.777040958404541,0.4093623459339142,-0.07684624195098877,0.8580448627471924,0.3949888348579407,-0.09248887747526169,0.9203906059265137,0.3924628496170044,-0.10623444616794586,0.6392870545387268,0.5092546343803406,-0.07324894517660141,0.7598331570625305,0.5400241017341614,-0.08913273364305496,0.8277709484100342,0.5482209324836731,-0.10759176313877106,0.8765340447425842,0.5628825426101685,-0.12358434498310089,0.6255563497543335,0.5861726999282837,-0.0805698111653328,0.6516469717025757,0.5722622871398926,-0.08326797187328339,0.6192417144775391,0.5462112426757812,-0.07924110442399979,0.5956558585166931,0.5412472486495972,-0.07987406849861145
E,0.4299161434173584,0.5358972549438477,6.281521791606792e-07,0.5063936710357666,0.41143667697906494,0.028309762477874756,0.5966382622718811,0.39768627285957336,0.029526300728321075,0.6568590402603149,0.4631352722644806,0.030386481434106827,0.6995298266410828,0.5156372785568237,0.029035720974206924,0.6321985125541687,0.3441520929336548,-0.036298856139183044,0.73757404088974,0.3054860830307007,-0.042263127863407135,0.8004555702209473,0.27422896027565,-0.04100620001554489,0.8546607494354248,0.24917328357696533,-0.04316074401140213,0.6441613435745239,0.42453163862228394,-0.05948061868548393,0.7773106098175049,0.40955424308776855,-0.07605215907096863,0.8584874868392944,0.3955613970756531,-0.09157519787549973,0.9207468032836914,0.3932580351829529,-0.10531769692897797,0.6389468908309937,0.5090600252151489,-0.07330909371376038,0.7595919966697693,0.5402398109436035,-0.0889163613319397,0.8277500867843628,0.5480825304985046,-0.1077401340007782,0.876052737236023,0.5621716976165771,-0.12406967580318451,0.6247144341468811,0.5860925912857056,-0.08087777346372604,0.6506693959236145,0.5733404755592346,-0.08328883349895477,0.6188411116600037,0.5470583438873291,-0.07944809645414352,0.5953367352485657,0.5412131547927856,-0.0802815854549408
E,0.42805731296539307,0.5355944633483887,6.404916348401457e-07,0.5043696761131287,0.4147443473339081,0.028528911992907524,0.5953183174133301,0.4027012586593628,0.0300768855959177,0.6550376415252686,0.46970152854919434,0.030857952311635017,0.6974899172782898,0.5233029127120972,0.029696941375732422,0.6299595832824707,0.34496939182281494,-0.033427607268095016,0.7371203899383545,0.3046230673789978,-0.039038024842739105,0.800752580165863,0.27484366297721863,-0.03733402118086815,0.8550674915313721,0.25115519762039185,-0.039204079657793045,0.6428288221359253,0.42332547903060913,-0.056923676282167435,0.776116132736206,0.4083373248577118,-0.07370935380458832,0.8564010262489319,0.3945862650871277,-0.08933775126934052,0.9186894297599792,0.3920281231403351,-0.1029227077960968,0.6386777758598328,0.5062759518623352,-0.07128789275884628,0.7591114044189453,0.5379788875579834,-0.0858369916677475,0.8263882398605347,0.5472314357757568,-0.10311998426914215,0.8755459189414978,0.5611239671707153,-0.11865991353988647,0.625278115272522,0.583652913570404,-0.07968615740537643,0.650506854057312,0.5779719352722168,-0.0803324282169342,0.6185165643692017,0.5568227171897888,-0.07518822699785233,0.5962861180305481,0.5530039072036743,-0.07541730254888535
E,0.4250341057777405,0.5392418503761292,6.680159003735753e-07,0.49907898902893066,0.41600486636161804,0.025379788130521774,0.5915324687957764,0.40151655673980713,0.02590314671397209,0.6532354354858398,0.46720826625823975,0.026173081248998642,0.697358250617981,0.5205329060554504,0.024433759972453117,0.6287674903869629,0.3450779914855957,-0.034221578389406204,0.73585045337677,0.303793728351593,-0.040050260722637177,0.8000093698501587,0.27432841062545776,-0.038964129984378815,0.8546186685562134,0.25098687410354614,-0.04121525213122368,0.6426244378089905,0.42348915338516235,-0.05642234534025192,0.7768788933753967,0.40871238708496094,-0.07161784917116165,0.857437789440155,0.3951094448566437,-0.08687109500169754,0.9199966788291931,0.3924058973789215,-0.10036123543977737,0.6385689377784729,0.5062071681022644,-0.06999676674604416,0.7584189176559448,0.5393691062927246,-0.08373097330331802,0.8267079591751099,0.5481244921684265,-0.10201562196016312,0.8763850927352905,0.5616738796234131,-0.1186075508594513,0.6251651644706726,0.5828880667686462,-0.07800038158893585,0.649197518825531,0.5812970995903015,-0.0795929804444313,0.6177329421043396,0.561423122882843,-0.07581991702318192,0.5961357951164246,0.5582415461540222,-0.0769338384270668
E,0.4267570376396179,0.539747416973114,6.32190733540483e-07,0.5012810230255127,0.41335397958755493,0.023947954177856445,0.592032253742218,0.39459025859832764,0.023523088544607162,0.6530295610427856,0.4557057023048401,0.02276560105383396,0.697018563747406,0.507689356803894,0.019521893933415413,0.6277402639389038,0.34637510776519775,-0.03638174384832382,0.7337043881416321,0.3039889335632324,-0.04404088482260704,0.797357439994812,0.27285236120224,-0.04414236545562744,0.8523916006088257,0.2481871098279953,-0.04704274237155914,0.6415925025939941,0.4248582422733307,-0.05871979147195816,0.7749952077865601,0.4106140434741974,-0.07427934557199478,0.8559060096740723,0.39545029401779175,-0.08821478486061096,0.9184881448745728,0.3909858763217926,-0.10069914162158966,0.6372450590133667,0.5079504251480103,-0.07298492640256882,0.7561193108558655,0.5377779603004456,-0.08943935483694077,0.824266254901886,0.544101357460022,-0.10909004509449005,0.8724645972251892,0.5559383034706116,-0.12593534588813782,0.6222262382507324,0.5843995213508606,-0.08167532086372375,0.6472249627113342,0.5748496651649475,-0.08708059042692184,0.6157912611961365,0.5490263104438782,-0.08505310118198395,0.5913851857185364,0.5431213974952698,-0.08676790446043015
E,0.4276401400566101,0.5371829271316528,6.558810241585888e-07,0.5018895864486694,0.41290807723999023,0.025696570053696632,0.5911517143249512,0.39579930901527405,0.025860600173473358,0.6518657803535461,0.4575638175010681,0.025748275220394135,0.6950005292892456,0.5093259811401367,0.023599697276949883,0.627355694770813,0.3448052406311035,-0.03712565824389458,0.7337861061096191,0.3034612834453583,-0.04470466449856758,0.7977863550186157,0.2728422284126282,-0.04422992095351219,0.8525320887565613,0.2488851249217987,-0.04658297821879387,0.6401427388191223,0.4232631325721741,-0.059741027653217316,0.7738508582115173,0.40840697288513184,-0.07755514979362488,0.855495810508728,0.39429545402526855,-0.09260281175374985,0.9181838631629944,0.3916414678096771,-0.10540155321359634,0.636070966720581,0.5069525837898254,-0.07361932843923569,0.7549969553947449,0.537848174571991,-0.0901232585310936,0.8231083750724792,0.5454816222190857,-0.10811223834753036,0.8719297051429749,0.5590724349021912,-0.12346141040325165,0.6222317814826965,0.5845186710357666,-0.08174107223749161,0.6487646698951721,0.5779987573623657,-0.08476638048887253,0.6178779602050781,0.5557482838630676,-0.08055007457733154,0.595149040222168,0.552558422088623,-0.08079084753990173
E,0.42873328924179077,0.536014199256897,6.693376235489268e-07,0.5025568008422852,0.413091242313385,0.0237888190895319,0.592470645904541,0.3975874185562134,0.023177040740847588,0.6537421345710754,0.4601922929286957,0.022756699472665787,0.6974136829376221,0.5117961168289185,0.020602433010935783,0.6271006464958191,0.3447454869747162,-0.03875070810317993,0.7333967685699463,0.30304786562919617,-0.046685248613357544,0.7977912425994873,0.2729637324810028,-0.04649622365832329,0.8527144193649292,0.24941612780094147,-0.04913352429866791,0.6397153735160828,0.4235715866088867,-0.06057305261492729,0.7739302515983582,0.4087873101234436,-0.07852428406476974,0.8556861281394958,0.395022988319397,-0.09401799738407135,0.9184556007385254,0.3923473060131073,-0.10740816593170166,0.6356881260871887,0.5069794654846191,-0.07376480847597122,0.7552598714828491,0.5378146171569824,-0.08987102657556534,0.8229212760925293,0.5446584224700928,-0.10722238570451736,0.8718947172164917,0.55705326795578,-0.1224503219127655,0.6226460933685303,0.5839560627937317,-0.08143748342990875,0.650023341178894,0.5756165981292725,-0.08413450419902802,0.6193032264709473,0.5518987774848938,-0.07966446876525879,0.5973906517028809,0.5469068288803101,-0.0799846202135086
E,0.42835402488708496,0.5382847189903259,6.230002327356488e-07,0.5013131499290466,0.41392552852630615,0.022640926763415337,0.5914500951766968,0.3961145579814911,0.022472769021987915,0.6522270441055298,0.45967385172843933,0.022229555994272232,0.6954827308654785,0.5127813220024109,0.019590796902775764,0.6256786584854126,0.3450978994369507,-0.03634766861796379,0.7311251163482666,0.3039131760597229,-0.04406122863292694,0.7950447201728821,0.2727135419845581,-0.04481028392910957,0.8504161238670349,0.24797996878623962,-0.048398103564977646,0.6384806036949158,0.4233984053134918,-0.058493971824645996,0.7706800699234009,0.4068766236305237,-0.07322825491428375,0.8525840044021606,0.39339202642440796,-0.08832179754972458,0.9163218140602112,0.3909408748149872,-0.10234558582305908,0.63496994972229,0.5074859857559204,-0.07280922681093216,0.7546823024749756,0.5355852246284485,-0.08941643685102463,0.8219704031944275,0.5421877503395081,-0.11005057394504547,0.8701392412185669,0.5544586777687073,-0.12791801989078522,0.6222808361053467,0.5857959389686584,-0.08159623295068741,0.6515779495239258,0.5722919702529907,-0.08789126574993134,0.6204478740692139,0.5473392009735107,-0.086576446890831,0.5973645448684692,0.5423687100410461,-0.08908379077911377
E,0.4252811670303345,0.5372140407562256,6.755483923370775e-07,0.4981310963630676,0.4140982925891876,0.024135742336511612,0.5890121459960938,0.3995570242404938,0.023667607456445694,0.6518868207931519,0.4609339237213135,0.02330787479877472,0.6968820095062256,0.511062502861023,0.021228881552815437,0.6240384578704834,0.344624400138855,-0.037588153034448624,0.7303612232208252,0.30151742696762085,-0.04554244130849838,0.7957848310470581,0.2703768014907837,-0.04566957429051399,0.8508890867233276,0.2456340789794922,-0.04850197210907936,0.6362939476966858,0.42282524704933167,-0.05983489751815796,0.7711054682731628,0.4066820740699768,-0.07688305526971817,0.8530198335647583,0.39285215735435486,-0.09143803268671036,0.9154706597328186,0.38993892073631287,-0.10420253127813339,0.6319815516471863,0.5056437253952026,-0.07365727424621582,0.7545011639595032,0.5351868867874146,-0.08858221024274826,0.8224241137504578,0.5408607125282288,-0.10399596393108368,0.8715047240257263,0.5521349906921387,-0.11798397451639175,0.6185800433158875,0.5827891826629639,-0.0821143388748169,0.6500831842422485,0.5746243000030518,-0.08327439427375793,0.6194692850112915,0.5525116920471191,-0.07679027318954468,0.5972666144371033,0.5486129522323608,-0.07575046271085739
E,0.4232410788536072,0.5394735932350159,6.72198268603097e-07,0.4965921938419342,0.41531902551651,0.02421443909406662,0.588892936706543,0.39989688992500305,0.02400786802172661,0.6529366374015808,0.4623774588108063,0.024014363065361977,0.6990053653717041,0.5112065076828003,0.022364724427461624,0.6238914132118225,0.3442915976047516,-0.03683558851480484,0.7305291295051575,0.30127835273742676,-0.0436764732003212,0.7954501509666443,0.27037569880485535,-0.042778078466653824,0.8506394624710083,0.24577534198760986,-0.04505840688943863,0.6353946328163147,0.423201322555542,-0.05919971317052841,0.7704900503158569,0.406365305185318,-0.07744596153497696,0.8527465462684631,0.3923698663711548,-0.09295206516981125,0.9161957502365112,0.38959112763404846,-0.10625278949737549,0.6306682229042053,0.5065774917602539,-0.07300130277872086,0.7548388242721558,0.5358370542526245,-0.09006941318511963,0.8232179880142212,0.5413262844085693,-0.10676062852144241,0.8725950717926025,0.5525760054588318,-0.12109674513339996,0.6174178719520569,0.5840492248535156,-0.08112945407629013,0.6526833176612854,0.572443425655365,-0.08351054787635803,0.6217007637023926,0.5494722127914429,-0.0772804319858551,0.5985321998596191,0.5452743768692017,-0.07631256431341171
E,0.4289042353630066,0.5379981398582458,7.204309895314509e-07,0.5079106092453003,0.418896347284317,0.011077851057052612,0.6037600636482239,0.40970081090927124,0.0040381308645009995,0.6673740744590759,0.48511219024658203,-0.0009661074145697057,0.7096092700958252,0.5378825664520264,-0.00866292417049408,0.6237581968307495,0.34989628195762634,-0.05065539479255676,0.7324283123016357,0.3075263500213623,-0.061303723603487015,0.7988946437835693,0.2770877480506897,-0.06433260440826416,0.855847954750061,0.25326716899871826,-0.06951063871383667,0.6321239471435547,0.4331835210323334,-0.07014311105012894,0.7691927552223206,0.41696301102638245,-0.08581456542015076,0.855355978012085,0.4048997461795807,-0.10262343287467957,0.9215620756149292,0.4021167755126953,-0.11907443404197693,0.6267873644828796,0.5182579159736633,-0.08275933563709259,0.7524743676185608,0.5436989068984985,-0.1035008504986763,0.8237997889518738,0.5498199462890625,-0.12876242399215698,0.8740416765213013,0.5613570809364319,-0.1503479927778244,0.6148273944854736,0.5923164486885071,-0.09044331312179565,0.6499767303466797,0.5702109932899475,-0.10323956608772278,0.6185503005981445,0.5428507328033447,-0.10556164383888245,0.5928512215614319,0.5384114980697632,-0.11104252934455872
E,0.4317077696323395,0.5366816520690918,7.420542260661023e-07,0.5115763545036316,0.42088377475738525,0.011180033907294273,0.6087784767150879,0.4147779941558838,0.0035295591223984957,0.6702039241790771,0.49357545375823975,-0.0016682728892192245,0.7075046300888062,0.5471866726875305,-0.009815811179578304,0.6255326271057129,0.35375937819480896,-0.0545426607131958,0.7325199246406555,0.3112730383872986,-0.06572438776493073,0.7991112470626831,0.2787933945655823,-0.06903846561908722,0.8571081757545471,0.2528623640537262,-0.07490380108356476,0.6316172480583191,0.436336874961853,-0.07447561621665955,0.7678564786911011,0.42048338055610657,-0.09341390430927277,0.854995608329773,0.40966716408729553,-0.11229092627763748,0.9226011037826538,0.4082655906677246,-0.12988224625587463,0.624725341796875,0.5208768844604492,-0.08686356246471405,0.7534294724464417,0.549262523651123,-0.11178815364837646,0.8278586864471436,0.5553295612335205,-0.1389562040567398,0.8809900879859924,0.5665093064308167,-0.16107632219791412,0.6126412749290466,0.5945743322372437,-0.09377292543649673,0.6510911583900452,0.5721282362937927,-0.10956694185733795,0.618147611618042,0.5443070530891418,-0.11222556233406067,0.5904944539070129,0.5405788421630859,-0.1176452562212944
E,0.4339766502380371,0.5375379323959351,7.488044388992421e-07,0.5118927955627441,0.42136281728744507,0.012479663826525211,0.6074960231781006,0.41498690843582153,0.004912799224257469,0.6686310172080994,0.4927271008491516,-0.0006453099194914103,0.7065280675888062,0.546047568321228,-0.009138033725321293,0.6282474398612976,0.35210490226745605,-0.05307970941066742,0.7346688508987427,0.30863818526268005,-0.06485811620950699,0.800393283367157,0.27692562341690063,-0.06839050352573395,0.856672465801239,0.25172892212867737,-0.07406720519065857,0.6337850093841553,0.4339850842952728,-0.07403244823217392,0.770302414894104,0.41916966438293457,-0.0945730060338974,0.8566231727600098,0.40850165486335754,-0.11393312364816666,0.9228062033653259,0.4068750739097595,-0.13083866238594055,0.6256954669952393,0.5188577771186829,-0.08733615279197693,0.7539513111114502,0.5473498106002808,-0.11286690086126328,0.8285911083221436,0.5541154742240906,-0.13955335319042206,0.8823235034942627,0.5655604600906372,-0.1607152223587036,0.6120079159736633,0.5949406027793884,-0.09504268318414688,0.6512660384178162,0.5773636102676392,-0.1107565313577652,0.6202359795570374,0.5519472360610962,-0.1125495657324791,0.5942482948303223,0.5488784909248352,-0.1166958287358284
E,0.4347109794616699,0.537136971950531,7.508294856961584e-07,0.511155366897583,0.4208011329174042,0.008800108917057514,0.6078092455863953,0.411007285118103,0.0004937919438816607,0.6700209379196167,0.4852776527404785,-0.005164248403161764,0.7063372135162354,0.5377537608146667,-0.014113374054431915,0.6271973252296448,0.3552137613296509,-0.05680157244205475,0.7345504760742188,0.31337469816207886,-0.06875095516443253,0.8012581467628479,0.28274738788604736,-0.07233262062072754,0.8592145442962646,0.2583739757537842,-0.07807958871126175,0.631482720375061,0.43851181864738464,-0.07622766494750977,0.7676685452461243,0.4247332811355591,-0.09691187739372253,0.8563724756240845,0.4162810742855072,-0.11610253155231476,0.9245797395706177,0.4153924882411957,-0.13322092592716217,0.6231644749641418,0.5239264965057373,-0.08838779479265213,0.7514819502830505,0.5525317192077637,-0.1156969889998436,0.8266047239303589,0.5589281916618347,-0.14329572021961212,0.8798604011535645,0.5683272480964661,-0.16471272706985474,0.6097840666770935,0.5979748368263245,-0.09517482668161392,0.6544064879417419,0.576005756855011,-0.11333554238080978,0.6226677894592285,0.5451128482818604,-0.11624850332736969,0.5931930541992188,0.5354045629501343,-0.12112601101398468
E,0.4352591633796692,0.5371078252792358,7.817550340405433e-07,0.5105353593826294,0.4207074046134949,0.010250593535602093,0.6061002016067505,0.4107992649078369,0.0016368534415960312,0.6689770221710205,0.48332852125167847,-0.0037981299683451653,0.7072653770446777,0.533549427986145,-0.012189068831503391,0.6272186636924744,0.3551791310310364,-0.061383169144392014,0.7352344393730164,0.31243181228637695,-0.0740276500582695,0.8026304841041565,0.2819250226020813,-0.07714426517486572,0.8602059483528137,0.258317232131958,-0.08196328580379486,0.6299818754196167,0.4389614164829254,-0.08066510409116745,0.7690938711166382,0.42447516322135925,-0.10511931031942368,0.8587175607681274,0.41412264108657837,-0.12483730167150497,0.9261270761489868,0.41214099526405334,-0.14097066223621368,0.6210266351699829,0.5243495106697083,-0.09162440150976181,0.7517566680908203,0.5535997152328491,-0.12008009105920792,0.8279358744621277,0.5592294335365295,-0.1455172300338745,0.8817282915115356,0.5690960884094238,-0.16449065506458282,0.6072720289230347,0.5981789231300354,-0.09684833884239197,0.6527312994003296,0.5780845284461975,-0.11331421136856079,0.620572030544281,0.5495137572288513,-0.11314193904399872,0.5908575057983398,0.5429213047027588,-0.1152234598994255
E,0.43527451157569885,0.5369115471839905,7.745505286038679e-07,0.5111180543899536,0.4215657114982605,0.010555370710790157,0.6070425510406494,0.41285234689712524,0.002210804261267185,0.6698800325393677,0.4870379865169525,-0.0033905801828950644,0.7078160047531128,0.5387418866157532,-0.012051108293235302,0.6287760138511658,0.3545418381690979,-0.058360520750284195,0.7359089851379395,0.31174200773239136,-0.07069128751754761,0.8026682138442993,0.28187328577041626,-0.07390319555997849,0.860116183757782,0.2582070529460907,-0.07900544255971909,0.6313817501068115,0.43751028180122375,-0.07831303775310516,0.7690858244895935,0.42378950119018555,-0.10206075757741928,0.8582217693328857,0.4149896800518036,-0.12172415107488632,0.9260762929916382,0.4135083258152008,-0.1380191594362259,0.6218875646591187,0.5225244760513306,-0.09035591781139374,0.7509223818778992,0.5513203144073486,-0.1191801056265831,0.8270518183708191,0.5586981177330017,-0.14539167284965515,0.8815674781799316,0.5690613389015198,-0.16491448879241943,0.6074732542037964,0.597079336643219,-0.09667018055915833,0.6530250310897827,0.5761851072311401,-0.11378289759159088,0.6209185719490051,0.5472143292427063,-0.114249087870121,0.5912363529205322,0.5394769310951233,-0.11689858883619308
E,0.43555372953414917,0.5357685685157776,7.674428843529313e-07,0.5124180912971497,0.4213610291481018,0.009670763276517391,0.6079726815223694,0.41270196437835693,0.0013432431733235717,0.6709191203117371,0.48574724793434143,-0.003969031851738691,0.7083263397216797,0.5352155566215515,-0.01210852712392807,0.6276202201843262,0.35578209161758423,-0.05951181426644325,0.7357592582702637,0.31307899951934814,-0.07191038131713867,0.8034616708755493,0.282926082611084,-0.07558472454547882,0.8613579273223877,0.25935083627700806,-0.08104109764099121,0.629845142364502,0.4387105405330658,-0.07875906676054001,0.7682247161865234,0.4251375198364258,-0.10181887447834015,0.8575877547264099,0.41596171259880066,-0.1217489242553711,0.9250613451004028,0.4147031605243683,-0.13868455588817596,0.621231198310852,0.5229889154434204,-0.090104840695858,0.751768946647644,0.5509626269340515,-0.11765371263027191,0.8266770839691162,0.5580047369003296,-0.14338023960590363,0.8798514604568481,0.5692874789237976,-0.16304366290569305,0.6084482669830322,0.5961247086524963,-0.09595674276351929,0.6560412049293518,0.5721274614334106,-0.11263521760702133,0.6237661242485046,0.5417519807815552,-0.11320750415325165,0.5938934683799744,0.5337572693824768,-0.11612235009670258
E,0.436862051486969,0.5385955572128296,7.670976742701896e-07,0.5109476447105408,0.4219064712524414,0.011360184289515018,0.6058329343795776,0.4107287526130676,0.0038453603629022837,0.6690933108329773,0.4789349138736725,-0.0009927533101290464,0.7080402970314026,0.5270830392837524,-0.008587196469306946,0.627714216709137,0.3552395701408386,-0.05826648324728012,0.736198365688324,0.31207001209259033,-0.0717092901468277,0.804041862487793,0.28237491846084595,-0.07535023987293243,0.8615116477012634,0.2595207989215851,-0.08024078607559204,0.6300395727157593,0.4368157386779785,-0.07835396379232407,0.7702360153198242,0.4231147766113281,-0.1030062660574913,0.8595755696296692,0.41352197527885437,-0.1223893016576767,0.9263004660606384,0.41156667470932007,-0.13786572217941284,0.6215702295303345,0.5210801959037781,-0.09052087366580963,0.752377450466156,0.5491924285888672,-0.11836574971675873,0.8280282020568848,0.5543398261070251,-0.14288881421089172,0.8820434212684631,0.5637120604515076,-0.1610463410615921,0.6084977388381958,0.5955799221992493,-0.09711955487728119,0.6556400656700134,0.5728000998497009,-0.11273756623268127,0.6251201033592224,0.5427490472793579,-0.1121845692396164,0.5966991186141968,0.5348390936851501,-0.11381423473358154
E,0.43588125705718994,0.5359982848167419,7.805235213709238e-07,0.5114149451255798,0.4234325587749481,0.011812911368906498,0.6055414080619812,0.4155291020870209,0.00412764772772789,0.669146716594696,0.48747745156288147,-0.0008776916656643152,0.7096725106239319,0.5367449522018433,-0.008277522400021553,0.6274070143699646,0.35373640060424805,-0.057812608778476715,0.7359553575515747,0.3113331198692322,-0.07053186744451523,0.8038158416748047,0.28146249055862427,-0.07376115024089813,0.8612943887710571,0.25830620527267456,-0.07863722741603851,0.629272997379303,0.4347885847091675,-0.07796008884906769,0.7694605588912964,0.424115926027298,-0.10199936479330063,0.8582267165184021,0.4165593683719635,-0.1211579218506813,0.9255694150924683,0.41649577021598816,-0.13696712255477905,0.6208167672157288,0.5180426239967346,-0.09014652669429779,0.7529169917106628,0.5484743714332581,-0.11707134544849396,0.8275765180587769,0.5560334324836731,-0.14064310491085052,0.8819062113761902,0.567264199256897,-0.15863369405269623,0.6082434058189392,0.5918244123458862,-0.09676844626665115,0.655710756778717,0.5685629844665527,-0.11084500700235367,0.6248751878738403,0.5372869968414307,-0.10959888994693756,0.59801185131073,0.5283112525939941,-0.11134577542543411
E,0.4364786446094513,0.5355309844017029,7.753718023195688e-07,0.5122935771942139,0.42372095584869385,0.01321243867278099,0.6078437566757202,0.4171285629272461,0.006109478883445263,0.6724498867988586,0.4876577854156494,0.0016681435517966747,0.7138023376464844,0.5336138010025024,-0.005396814551204443,0.6267183423042297,0.35440126061439514,-0.058417003601789474,0.7369505763053894,0.3101591467857361,-0.07104672491550446,0.8060594797134399,0.27969521284103394,-0.07374860346317291,0.863984227180481,0.2565336227416992,-0.07812976092100143,0.6289631128311157,0.43469104170799255,-0.07925537973642349,0.7703021764755249,0.42188501358032227,-0.10346848517656326,0.8599156737327576,0.41342639923095703,-0.12247153371572495,0.9267221689224243,0.41285306215286255,-0.13798658549785614,0.6209625601768494,0.5175406336784363,-0.09190236032009125,0.7538251280784607,0.5468128323554993,-0.11931692063808441,0.8293001651763916,0.554193913936615,-0.14329279959201813,0.8835457563400269,0.5653505325317383,-0.1614914983510971,0.6082911491394043,0.5912443995475769,-0.09873269498348236,0.6563462018966675,0.5683501958847046,-0.1132342740893364,0.6246630549430847,0.5377627611160278,-0.11202795058488846,0.5961573123931885,0.5293746590614319,-0.11377641558647156
E,0.4363918900489807,0.5352286100387573,7.575877134513576e-07,0.5129037499427795,0.42422202229499817,0.011422805488109589,0.6092572212219238,0.4165017008781433,0.003723162692040205,0.6743060946464539,0.48742011189460754,-0.0014167138142511249,0.71491938829422,0.5329980254173279,-0.009424679912626743,0.6278560757637024,0.35405051708221436,-0.05746319890022278,0.737085223197937,0.3104328513145447,-0.07043401151895523,0.8056907653808594,0.28018760681152344,-0.07433553785085678,0.8639967441558838,0.25691503286361694,-0.07980334013700485,0.6300272941589355,0.43401801586151123,-0.07782487571239471,0.7689571976661682,0.42114144563674927,-0.10028702765703201,0.85799241065979,0.4137204885482788,-0.11968055367469788,0.9255569577217102,0.41393959522247314,-0.1363304853439331,0.6215424537658691,0.5169655084609985,-0.09046121686697006,0.7529363036155701,0.5466647744178772,-0.11747496575117111,0.8281752467155457,0.5552036166191101,-0.1434963494539261,0.882235586643219,0.5670107007026672,-0.16374407708644867,0.6087676286697388,0.5912604928016663,-0.09750904142856598,0.6557400226593018,0.5712697505950928,-0.11377766728401184,0.6239596605300903,0.5425384044647217,-0.11493776738643646,0.5954113006591797,0.5346757769584656,-0.11857728660106659
E,0.4371336102485657,0.5340597033500671,7.597236049150524e-07,0.5141459703445435,0.4235258996486664,0.011736472137272358,0.6101941466331482,0.4170309901237488,0.0039039296098053455,0.6750246286392212,0.48855823278427124,-0.0013648042222484946,0.7153841257095337,0.5342358946800232,-0.009519588202238083,0.6281149387359619,0.35386741161346436,-0.058077577501535416,0.737240195274353,0.31038135290145874,-0.07083206623792648,0.8056285381317139,0.2801100015640259,-0.07441152632236481,0.8638513088226318,0.25672662258148193,-0.07974318414926529,0.6297359466552734,0.4338449239730835,-0.0786852017045021,0.7689129114151001,0.42114242911338806,-0.10169227421283722,0.8579174876213074,0.4138847589492798,-0.12128554284572601,0.9255859851837158,0.4140338897705078,-0.13802547752857208,0.6208939552307129,0.5168426632881165,-0.09139996021986008,0.7526600360870361,0.5465654730796814,-0.1188570037484169,0.8279421925544739,0.5551948547363281,-0.14468593895435333,0.8821986317634583,0.5670496225357056,-0.16467130184173584,0.6078783869743347,0.5910469889640808,-0.09842555224895477,0.6562707424163818,0.569332480430603,-0.11451054364442825,0.6246758699417114,0.5398092865943909,-0.11521472036838531,0.5962480902671814,0.5318611860275269,-0.1185857355594635
E,0.4388267397880554,0.536655843257904,7.421797931783658e-07,0.5156233906745911,0.4243074953556061,0.012043863534927368,0.6110084652900696,0.4171043634414673,0.004151256754994392,0.6746848225593567,0.4897148311138153,-0.0012936624698340893,0.7119471430778503,0.5368183851242065,-0.010036064311861992,0.626896321773529,0.358737587928772,-0.05953123793005943,0.7385104894638062,0.3175807595252991,-0.07241331040859222,0.8079545497894287,0.2883669137954712,-0.07609626650810242,0.8664135932922363,0.2653459310531616,-0.08143041282892227,0.6287283897399902,0.44013702869415283,-0.07990103960037231,0.7698774933815002,0.42716842889785767,-0.10071668773889542,0.8592590093612671,0.4192419946193695,-0.11925781518220901,0.9262689352035522,0.4171893000602722,-0.13592958450317383,0.6212044358253479,0.5236846804618835,-0.0924481600522995,0.7546244263648987,0.5526140928268433,-0.1187017485499382,0.8295087814331055,0.5589500069618225,-0.14549419283866882,0.882027268409729,0.5673202276229858,-0.16671010851860046,0.6101362109184265,0.5967934131622314,-0.09922520071268082,0.6592451930046082,0.5721274614334106,-0.11608879268169403,0.6276068091392517,0.5397030115127563,-0.11878973990678787,0.598588228225708,0.5280079245567322,-0.12379168719053268
E,0.4395989775657654,0.5372219085693359,8.110160365504271e-07,0.5161283612251282,0.4254525303840637,0.011513419449329376,0.6121671795845032,0.41964536905288696,0.0027208311948925257,0.67457115650177,0.4950787425041199,-0.003246357198804617,0.7126381397247314,0.5435196161270142,-0.011820657178759575,0.6298736333847046,0.35704535245895386,-0.06059873104095459,0.7406224608421326,0.3161688446998596,-0.0723046213388443,0.8083916902542114,0.2861202657222748,-0.07414533197879791,0.8657768368721008,0.2623361051082611,-0.0782996416091919,0.6318393349647522,0.4378548562526703,-0.08066841959953308,0.7727179527282715,0.42478039860725403,-0.1075521856546402,0.8616315126419067,0.41507387161254883,-0.12811799347400665,0.928817868232727,0.41254183650016785,-0.1443338543176651,0.6230618357658386,0.5216445922851562,-0.09201059490442276,0.7559396624565125,0.5513578653335571,-0.12076276540756226,0.8316023945808411,0.5582330226898193,-0.14419735968112946,0.886023223400116,0.5687203407287598,-0.16148602962493896,0.6103469133377075,0.5958795547485352,-0.09756413102149963,0.662095844745636,0.5746585130691528,-0.11151593178510666,0.6320686936378479,0.5463647246360779,-0.10878412425518036,0.6048474311828613,0.5396580696105957,-0.10940577834844589
E,0.44034358859062195,0.5389155149459839,7.781274575791031e-07,0.515385627746582,0.42382100224494934,0.010419871658086777,0.6107609868049622,0.41302022337913513,0.002776865381747484,0.6738017797470093,0.4846034646034241,-0.002020335989072919,0.7112020254135132,0.5335028171539307,-0.009733008220791817,0.6305620670318604,0.3585442304611206,-0.05910138040781021,0.7408169507980347,0.3166537284851074,-0.07127521187067032,0.8087660074234009,0.28649091720581055,-0.07421466708183289,0.8663575053215027,0.26284855604171753,-0.07895532250404358,0.633084774017334,0.43996164202690125,-0.07872731983661652,0.7730401158332825,0.4264184534549713,-0.10241235792636871,0.8624791502952576,0.4171648323535919,-0.12190429121255875,0.9297564029693604,0.4158276915550232,-0.13783952593803406,0.6249295473098755,0.523179829120636,-0.090423084795475,0.7558960318565369,0.5499837398529053,-0.1185988262295723,0.8316543102264404,0.5562914609909058,-0.14450417459011078,0.8855010867118835,0.5667300820350647,-0.1637616753578186,0.6122130155563354,0.5955667495727539,-0.09651461988687515,0.6602312326431274,0.572120189666748,-0.1133042722940445,0.6283010840415955,0.5416040420532227,-0.11385983228683472,0.5981515049934387,0.5334880352020264,-0.11643602699041367
E,0.44067877531051636,0.5390678644180298,7.80465882144199e-07,0.5155503153800964,0.424197256565094,0.010780952870845795,0.6109883189201355,0.41390469670295715,0.0030764092225581408,0.6739870309829712,0.4863041043281555,-0.0017279901076108217,0.7114595174789429,0.5357224941253662,-0.009425782598555088,0.6310366988182068,0.3580566644668579,-0.05967225134372711,0.7412317991256714,0.3162255585193634,-0.07193870842456818,0.809267520904541,0.2860310673713684,-0.07490729540586472,0.8667548894882202,0.26247990131378174,-0.07964552193880081,0.6331735849380493,0.43948566913604736,-0.0793987363576889,0.773252010345459,0.4263837933540344,-0.10329578816890717,0.8627216815948486,0.41717278957366943,-0.12276580929756165,0.9299668073654175,0.4157803952693939,-0.1386566311120987,0.6248972415924072,0.5227981805801392,-0.09106755256652832,0.7562509179115295,0.5499974489212036,-0.11916746199131012,0.8320526480674744,0.5563173294067383,-0.14477579295635223,0.885978639125824,0.5666221380233765,-0.16385988891124725,0.6121922135353088,0.5955123901367188,-0.09707219153642654,0.659788966178894,0.5725698471069336,-0.11337162554264069,0.6277432441711426,0.5425260663032532,-0.11348561942577362,0.5978397727012634,0.5346345901489258,-0.11581220477819443
E,0.4421394467353821,0.5402857661247253,7.786071023474506e-07,0.5162022113800049,0.4245523512363434,0.010907059535384178,0.6102511286735535,0.4127955436706543,0.0033935136161744595,0.6740579009056091,0.48172101378440857,-0.0013771229423582554,0.7124083042144775,0.5289299488067627,-0.008763420395553112,0.6316599249839783,0.35884493589401245,-0.05882342532277107,0.7417910099029541,0.31673985719680786,-0.07169340550899506,0.8097495436668396,0.2876250147819519,-0.07486232370138168,0.8672234416007996,0.26458117365837097,-0.07946890592575073,0.6332916021347046,0.43997934460639954,-0.07848650217056274,0.7733975648880005,0.4262370765209198,-0.10384435951709747,0.8628236651420593,0.4177936911582947,-0.12326920032501221,0.9298513531684875,0.41645538806915283,-0.13861683011054993,0.6246762871742249,0.5231448411941528,-0.09018314629793167,0.7550905346870422,0.5498411059379578,-0.11864282190799713,0.8308364748954773,0.5561965703964233,-0.1428786814212799,0.8850439786911011,0.5665351748466492,-0.1604750156402588,0.6115433573722839,0.5956060886383057,-0.09632407128810883,0.6625365614891052,0.5723374485969543,-0.11148209869861603,0.632354736328125,0.5413341522216797,-0.11016237735748291,0.6031451225280762,0.5326340198516846,-0.111307792365551
E,0.44189339876174927,0.5389519929885864,7.792953624630172e-07,0.517790675163269,0.4243873357772827,0.01079633366316557,0.6136457920074463,0.4152612090110779,0.002725747413933277,0.6783183217048645,0.4858225882053375,-0.00253971922211349,0.7183828949928284,0.5310878753662109,-0.010542530566453934,0.6314693689346313,0.3567085862159729,-0.05933385342359543,0.7412299513816833,0.3161815404891968,-0.07207094877958298,0.8093005418777466,0.2870104908943176,-0.0753738284111023,0.8668735027313232,0.2640289068222046,-0.08031648397445679,0.6334143877029419,0.43780502676963806,-0.07908451557159424,0.7723562717437744,0.42463770508766174,-0.10369738936424255,0.8613795042037964,0.4168153405189514,-0.12321535497903824,0.9284309148788452,0.41613155603408813,-0.13921231031417847,0.6249003410339355,0.5212622284889221,-0.09080750495195389,0.756019651889801,0.5479604005813599,-0.11871285736560822,0.8312205672264099,0.5548900365829468,-0.14287438988685608,0.8854179978370667,0.5653777122497559,-0.16107627749443054,0.611684262752533,0.5941432118415833,-0.09694140404462814,0.6603663563728333,0.5713330507278442,-0.11181064695119858,0.6295309066772461,0.541064977645874,-0.1105445846915245,0.6007445454597473,0.532782256603241,-0.11224576085805893
E,0.4424894452095032,0.5383468270301819,7.668523380743864e-07,0.5187470316886902,0.42336341738700867,0.011177031323313713,0.61378413438797,0.4133509397506714,0.0031564494129270315,0.6774429678916931,0.485379159450531,-0.0022867948282510042,0.7152500152587891,0.533435583114624,-0.010699225589632988,0.6312823295593262,0.3583163619041443,-0.05884386599063873,0.7413654923439026,0.3185698986053467,-0.0722569078207016,0.8098503947257996,0.2897871136665344,-0.07628527283668518,0.8678467869758606,0.2666134834289551,-0.08151540905237198,0.6328698992729187,0.43801766633987427,-0.07862364500761032,0.7718173861503601,0.42475426197052,-0.10246987640857697,0.8610877394676208,0.4175931513309479,-0.12111829966306686,0.9281814098358154,0.41635987162590027,-0.13663724064826965,0.6251754760742188,0.5201429128646851,-0.09065134078264236,0.7564020752906799,0.54812091588974,-0.1188599169254303,0.8313338756561279,0.5555486083030701,-0.14353054761886597,0.8847681283950806,0.5651980638504028,-0.16189198195934296,0.6130495071411133,0.5922764539718628,-0.09702363610267639,0.6644921898841858,0.5692007541656494,-0.11220978200435638,0.6325120329856873,0.5390801429748535,-0.11114776134490967,0.6020960807800293,0.530333399772644,-0.11297866702079773
E,0.4432446360588074,0.5375047922134399,7.657382639081334e-07,0.5192407369613647,0.42300158739089966,0.011449902318418026,0.6137921810150146,0.41287967562675476,0.0035253805108368397,0.6768302321434021,0.4835071265697479,-0.001906458055600524,0.7142365574836731,0.53038489818573,-0.010390762239694595,0.6317018270492554,0.3585335910320282,-0.05867372453212738,0.74134761095047,0.317589670419693,-0.0719962865114212,0.8096688985824585,0.28829634189605713,-0.07583419233560562,0.8673787117004395,0.2649323344230652,-0.08104719966650009,0.6340572834014893,0.4381340444087982,-0.07880080491304398,0.7724664211273193,0.4250747561454773,-0.10257986932992935,0.8611115217208862,0.41764509677886963,-0.1214044988155365,0.9276794195175171,0.4164493978023529,-0.13703228533267975,0.6262384653091431,0.520287811756134,-0.09113839268684387,0.7563625574111938,0.5483121275901794,-0.11909345537424088,0.8311992883682251,0.5558918118476868,-0.14418722689151764,0.884735643863678,0.565650999546051,-0.16310755908489227,0.6136394739151001,0.5925391316413879,-0.0978391170501709,0.6619238257408142,0.5711289048194885,-0.11371389776468277,0.6299417614936829,0.5406983494758606,-0.1137259304523468,0.6000787019729614,0.530943751335144,-0.11630009859800339
E,0.4419246017932892,0.5367526412010193,7.752362307655858e-07,0.517762303352356,0.42261457443237305,0.012538413517177105,0.6117615699768066,0.4124692380428314,0.005040442105382681,0.6732334494590759,0.4824598431587219,2.248488635814283e-05,0.7095677256584167,0.5281297564506531,-0.007883594371378422,0.6301560997962952,0.35869958996772766,-0.05984030291438103,0.7408075928688049,0.31905636191368103,-0.07324998080730438,0.8093416690826416,0.2894724905490875,-0.07658423483371735,0.8670128583908081,0.2654228210449219,-0.0813739076256752,0.6324458718299866,0.43845394253730774,-0.08007288724184036,0.7720550298690796,0.42541635036468506,-0.10602691024541855,0.8614625930786133,0.4169743061065674,-0.1256890892982483,0.9283557534217834,0.4150247275829315,-0.1413319855928421,0.6248305439949036,0.5210698843002319,-0.09196051210165024,0.7543754577636719,0.5492050051689148,-0.12030186504125595,0.829708456993103,0.5566896796226501,-0.14446181058883667,0.8841801285743713,0.5672540068626404,-0.16228891909122467,0.6128569841384888,0.5935426354408264,-0.09809214621782303,0.6603946685791016,0.5726078748703003,-0.11278769373893738,0.6287335157394409,0.5424010157585144,-0.11153135448694229,0.6000698804855347,0.5333971977233887,-0.11301051825284958
E,0.44198137521743774,0.5391964912414551,7.804677579770214e-07,0.5169514417648315,0.4248243570327759,0.011161536909639835,0.6118847131729126,0.4160899817943573,0.0029699294827878475,0.6749330759048462,0.4891413748264313,-0.0023700096644461155,0.7126083374023438,0.5372419357299805,-0.01062784157693386,0.63020259141922,0.35845232009887695,-0.06128852069377899,0.7409039735794067,0.3194064497947693,-0.07414510101079941,0.8090351223945618,0.28931790590286255,-0.0773601084947586,0.8669005632400513,0.26526036858558655,-0.08230964094400406,0.6320065855979919,0.439046710729599,-0.0809670239686966,0.7725356221199036,0.42514675855636597,-0.10578373074531555,0.8615263104438782,0.4163840711116791,-0.12547799944877625,0.9283507466316223,0.414725124835968,-0.14173100888729095,0.6236981153488159,0.5225229263305664,-0.09228602796792984,0.7558917999267578,0.5502786636352539,-0.12005899101495743,0.830900251865387,0.5571578741073608,-0.14447355270385742,0.8844375014305115,0.567864179611206,-0.16287460923194885,0.6114826798439026,0.5951747894287109,-0.0979149341583252,0.66184002161026,0.5719430446624756,-0.11245398968458176,0.630903959274292,0.5415703058242798,-0.11131186038255692,0.602512538433075,0.533216655254364,-0.11318650841712952
E,0.4430806636810303,0.5389040112495422,7.73717374613625e-07,0.5181641578674316,0.4234928786754608,0.009227996692061424,0.6133348345756531,0.4130460321903229,0.0006460529402829707,0.6765522956848145,0.48537153005599976,-0.005237438250333071,0.712486982345581,0.5339467525482178,-0.014210566878318787,0.6307478547096252,0.360696941614151,-0.0597199983894825,0.7411736845970154,0.32016849517822266,-0.07222302258014679,0.8091134428977966,0.29120659828186035,-0.07527117431163788,0.8672758340835571,0.26781022548675537,-0.08021342754364014,0.632607638835907,0.44143205881118774,-0.07915883511304855,0.7711150646209717,0.4261745810508728,-0.10453293472528458,0.8604536652565002,0.4176517426967621,-0.12440764904022217,0.9279696941375732,0.41510969400405884,-0.14067888259887695,0.6242920756340027,0.523983359336853,-0.09086906909942627,0.7554328441619873,0.5505205988883972,-0.12113916873931885,0.8308521509170532,0.5566185116767883,-0.14696621894836426,0.8844366073608398,0.5649850964546204,-0.16562555730342865,0.6116880774497986,0.5948737859725952,-0.09698333591222763,0.6672037839889526,0.5666331052780151,-0.11443962156772614,0.636429488658905,0.5333687663078308,-0.11460839211940765,0.6056107878684998,0.522106945514679,-0.117109015583992
E,0.44292131066322327,0.539795458316803,7.881120609454229e-07,0.5171064138412476,0.42424264550209045,0.012178968638181686,0.6110432744026184,0.41267088055610657,0.004731575958430767,0.672751247882843,0.4823252558708191,-9.584402141626924e-05,0.707958996295929,0.5292952656745911,-0.007709694094955921,0.6295178532600403,0.35956138372421265,-0.06051216647028923,0.7408778667449951,0.3191662132740021,-0.07299689948558807,0.8093985319137573,0.2892584204673767,-0.07532207667827606,0.8670435547828674,0.26547712087631226,-0.07943522930145264,0.630963146686554,0.4404720067977905,-0.08052553236484528,0.7722912430763245,0.4267188608646393,-0.10778097063302994,0.8623127341270447,0.4170078635215759,-0.12783707678318024,0.9290846586227417,0.41411375999450684,-0.14331960678100586,0.6227074265480042,0.5239725112915039,-0.09193793684244156,0.7547607421875,0.5508509874343872,-0.121287040412426,0.8303465843200684,0.5559391379356384,-0.1446456015110016,0.8844338655471802,0.5646546483039856,-0.1612669974565506,0.6100164651870728,0.5962349772453308,-0.09752506762742996,0.6636245250701904,0.5700258612632751,-0.11225075274705887,0.6331573724746704,0.5373773574829102,-0.10977950692176819,0.60377037525177,0.5266526341438293,-0.11012931168079376
E,0.4408533573150635,0.538906991481781,7.800088042131392e-07,0.5158393979072571,0.42510899901390076,0.011376451700925827,0.6099792122840881,0.41444680094718933,0.0037650982849299908,0.6727302074432373,0.48524054884910583,-0.0012920403387397528,0.7102240920066833,0.5341785550117493,-0.009064942598342896,0.6298567652702332,0.3599890470504761,-0.05835535377264023,0.7403287887573242,0.32001352310180664,-0.07148516923189163,0.8089147806167603,0.29123833775520325,-0.07479708641767502,0.8666869401931763,0.26761430501937866,-0.07959634810686111,0.6321702599525452,0.43890488147735596,-0.07828393578529358,0.7717689275741577,0.42571038007736206,-0.1043625921010971,0.8608154058456421,0.41751229763031006,-0.12367594242095947,0.9275977611541748,0.41523486375808716,-0.13878627121448517,0.6246099472045898,0.5209499597549438,-0.0902530625462532,0.7545428276062012,0.5502151846885681,-0.11904723942279816,0.8301337361335754,0.5563260316848755,-0.14272667467594147,0.8845247626304626,0.5647408962249756,-0.1597900241613388,0.6119317412376404,0.5937114953994751,-0.09666215628385544,0.6633967161178589,0.5725904107093811,-0.11139395833015442,0.6323190927505493,0.5420097708702087,-0.1093694344162941,0.6027659177780151,0.5322844982147217,-0.11008996516466141
E,0.44106563925743103,0.5395466089248657,7.756598847663554e-07,0.5156955122947693,0.42522117495536804,0.012548811733722687,0.6098338961601257,0.413936972618103,0.005496233701705933,0.6727066040039062,0.48280254006385803,0.0007492260774597526,0.7103703022003174,0.5302335023880005,-0.006835344713181257,0.6305280327796936,0.3598795533180237,-0.057558316737413406,0.7412495613098145,0.31989264488220215,-0.0703146755695343,0.8094626665115356,0.29077547788619995,-0.07310295104980469,0.8669516444206238,0.2668061852455139,-0.0774652510881424,0.6323796510696411,0.4389863610267639,-0.07785407453775406,0.7722396850585938,0.42623209953308105,-0.10420077294111252,0.8615835905075073,0.4182863235473633,-0.1236344650387764,0.9285646080970764,0.415681391954422,-0.138655886054039,0.6241401433944702,0.5211253762245178,-0.08999862521886826,0.7534570693969727,0.5485270023345947,-0.11903001368045807,0.8290844559669495,0.5554697513580322,-0.14298854768276215,0.8838417530059814,0.5640807747840881,-0.16012616455554962,0.6110992431640625,0.5933797359466553,-0.09639767557382584,0.6615664958953857,0.57068932056427,-0.11120332032442093,0.6308084726333618,0.5402113199234009,-0.10946047306060791,0.6014533638954163,0.5296638011932373,-0.1103333905339241
E,0.43814581632614136,0.5386853218078613,7.861520430196833e-07,0.5136321187019348,0.4252069294452667,0.009958433918654919,0.608757495880127,0.4139818549156189,0.0021361156832426786,0.6701874136924744,0.4866500794887543,-0.003375563770532608,0.7051076292991638,0.5384432077407837,-0.011918449774384499,0.6272408366203308,0.35920649766921997,-0.05657763034105301,0.7386189103126526,0.3203827738761902,-0.06921861320734024,0.8073840737342834,0.29302456974983215,-0.0724739283323288,0.8655169010162354,0.27109450101852417,-0.07744062691926956,0.6306408047676086,0.4381352663040161,-0.07639366388320923,0.7694147229194641,0.42300039529800415,-0.10050463676452637,0.8589661717414856,0.41452038288116455,-0.11993516981601715,0.9263565540313721,0.4131059944629669,-0.1356557309627533,0.6232317686080933,0.5206892490386963,-0.08874773979187012,0.7528846859931946,0.5497217774391174,-0.11736807227134705,0.8290277719497681,0.5557101964950562,-0.1435067057609558,0.8832476735115051,0.5639790892601013,-0.16258849203586578,0.6103837490081787,0.5943973064422607,-0.09567423164844513,0.6612480878829956,0.5756283402442932,-0.112738236784935,0.6311075687408447,0.5463660955429077,-0.11345279961824417,0.6018391251564026,0.5373106598854065,-0.11602014303207397
E,0.43816426396369934,0.5418755412101746,7.861777930884273e-07,0.5128321647644043,0.42699843645095825,0.01034790650010109,0.6082998514175415,0.4167053997516632,0.002702384488657117,0.6706092953681946,0.4901472330093384,-0.0022602665703743696,0.7078004479408264,0.5419037342071533,-0.010233219712972641,0.6263052225112915,0.36118125915527344,-0.05817265808582306,0.738357663154602,0.32213157415390015,-0.0704316720366478,0.8075854778289795,0.2933694124221802,-0.07322502881288528,0.8656104803085327,0.27059412002563477,-0.07774616032838821,0.6301777362823486,0.44159528613090515,-0.07755681127309799,0.7709447741508484,0.4265176057815552,-0.10063599795103073,0.8602648377418518,0.4162812829017639,-0.11946253478527069,0.9270477890968323,0.41347604990005493,-0.1348147988319397,0.6234549283981323,0.5246552228927612,-0.0891452431678772,0.7541950941085815,0.5505567789077759,-0.11607252806425095,0.8305574655532837,0.5548528432846069,-0.14153486490249634,0.8847720623016357,0.5631192922592163,-0.16062678396701813,0.6113507151603699,0.5970749855041504,-0.09527523815631866,0.6579305529594421,0.5739841461181641,-0.1110512912273407,0.627073347568512,0.5439821481704712,-0.11145353317260742,0.5977388024330139,0.5364404320716858,-0.11396197974681854
E,0.4398344159126282,0.5408922433853149,8.217457434511743e-07,0.5136566162109375,0.4278773069381714,0.011380376294255257,0.6073734760284424,0.41922527551651,0.003691977821290493,0.6688035130500793,0.49448952078819275,-0.001350852777250111,0.7058541774749756,0.5484050512313843,-0.008917312137782574,0.6270509958267212,0.3606177270412445,-0.05756020173430443,0.7395038604736328,0.32045018672943115,-0.0694342777132988,0.8086180686950684,0.2939296066761017,-0.07090508937835693,0.8664528727531433,0.27315521240234375,-0.07403390854597092,0.6306591033935547,0.4388282895088196,-0.07716066390275955,0.7726304531097412,0.42377135157585144,-0.10338559746742249,0.8625515699386597,0.41455504298210144,-0.1216622069478035,0.9295550584793091,0.4120498299598694,-0.1349579393863678,0.6233038306236267,0.521417498588562,-0.08857940882444382,0.7529488205909729,0.5498406291007996,-0.11673570424318314,0.8310054540634155,0.5555916428565979,-0.1391795426607132,0.8867085576057434,0.5643779039382935,-0.15464241802692413,0.6092607378959656,0.5961854457855225,-0.09447255730628967,0.6607099771499634,0.58161461353302,-0.10738510638475418,0.6313066482543945,0.5566996335983276,-0.10301300138235092,0.6018189787864685,0.5518071055412292,-0.10155364125967026
E,0.43716707825660706,0.5399271845817566,7.982700367392681e-07,0.511976420879364,0.42774510383605957,0.01283186674118042,0.6060631275177002,0.41694730520248413,0.006379701197147369,0.6675006747245789,0.49101144075393677,0.0019354891264811158,0.701734185218811,0.5435813665390015,-0.00511946901679039,0.6271135210990906,0.3593432903289795,-0.05343569815158844,0.7388224005699158,0.32096078991889954,-0.06543812155723572,0.8076948523521423,0.29503071308135986,-0.06786775588989258,0.8658753633499146,0.27401071786880493,-0.0717587098479271,0.6294018030166626,0.436596542596817,-0.07364219427108765,0.7698478102684021,0.42211928963661194,-0.10030556470155716,0.8607463836669922,0.4148271977901459,-0.11954288929700851,0.9289212226867676,0.4132404625415802,-0.13375957310199738,0.6220954060554504,0.5182862877845764,-0.08591634035110474,0.752835214138031,0.5476968884468079,-0.1155145987868309,0.8307937383651733,0.5548303723335266,-0.13894110918045044,0.8869431018829346,0.5636207461357117,-0.1545962244272232,0.6089466214179993,0.5929484367370605,-0.09250064939260483,0.6678439378738403,0.5769408345222473,-0.10619804263114929,0.6380227208137512,0.5506314039230347,-0.10197000205516815,0.6071792244911194,0.5436298847198486,-0.1005660742521286
E,0.445669949054718,0.5414250493049622,8.000432103472122e-07,0.5188844203948975,0.42951226234436035,0.010023847222328186,0.6165192127227783,0.4209097921848297,0.002598137827590108,0.6813076734542847,0.4921720325946808,-0.002699019154533744,0.7205707430839539,0.543159544467926,-0.010760873556137085,0.6334447860717773,0.3558996021747589,-0.05100613459944725,0.7436386942863464,0.3157898783683777,-0.06341943889856339,0.8138954639434814,0.2934116721153259,-0.06635427474975586,0.870976448059082,0.27634197473526,-0.06988880038261414,0.6373944878578186,0.43397021293640137,-0.07183589041233063,0.7801632881164551,0.42067328095436096,-0.09259139001369476,0.869096577167511,0.41139504313468933,-0.10802794992923737,0.934474527835846,0.4055474102497101,-0.11994896829128265,0.6305623054504395,0.5158290266990662,-0.08622781932353973,0.7645593881607056,0.5452072024345398,-0.11147413402795792,0.8407799601554871,0.5500531196594238,-0.13371016085147858,0.8949004411697388,0.5558991432189941,-0.15002308785915375,0.6163043975830078,0.5914019346237183,-0.0956898108124733,0.6686099171638489,0.5722745656967163,-0.10856340080499649,0.6387696266174316,0.5452225208282471,-0.1053343415260315,0.6085055470466614,0.5383938550949097,-0.10517437756061554
E,0.45337146520614624,0.5367903113365173,8.512145086569944e-07,0.5275867581367493,0.42711877822875977,0.010209189727902412,0.6252042651176453,0.41493698954582214,0.002166834892705083,0.6871088147163391,0.4856427311897278,-0.004063636530190706,0.7247166633605957,0.5367289781570435,-0.01352140586823225,0.6436617374420166,0.3492066264152527,-0.051578208804130554,0.7546522617340088,0.307933509349823,-0.06638026982545853,0.8265607357025146,0.28543829917907715,-0.0707697942852974,0.8847754001617432,0.26984161138534546,-0.07478012144565582,0.6494861841201782,0.425858736038208,-0.0733131617307663,0.7914040684700012,0.41017648577690125,-0.09402849525213242,0.8802691102027893,0.39972352981567383,-0.1092519462108612,0.9464082717895508,0.3959566354751587,-0.1207013726234436,0.6426759362220764,0.5073776245117188,-0.08874932676553726,0.7720019221305847,0.5393965840339661,-0.11324888467788696,0.8504425883293152,0.5419890284538269,-0.1366521567106247,0.9071652889251709,0.5471739172935486,-0.15420721471309662,0.6269935369491577,0.5846465826034546,-0.09947839379310608,0.6634560227394104,0.5766228437423706,-0.1133953332901001,0.631669282913208,0.5565502047538757,-0.11192864924669266,0.6021663546562195,0.5545981526374817,-0.11268201470375061
E,0.4622651934623718,0.5364575386047363,8.722959137230646e-07,0.5321273803710938,0.4199698567390442,0.009627483785152435,0.6317803263664246,0.40430566668510437,0.0005831338348798454,0.6964017748832703,0.4723641276359558,-0.0065634665079414845,0.7352615594863892,0.5256416201591492,-0.01798398606479168,0.6560767292976379,0.33891740441322327,-0.055228300392627716,0.7717049717903137,0.29925447702407837,-0.0724833682179451,0.8475921750068665,0.27786439657211304,-0.07925995439291,0.9078810214996338,0.26223674416542053,-0.08478111028671265,0.6617095470428467,0.42041322588920593,-0.07792649418115616,0.8083831071853638,0.40437430143356323,-0.09961637854576111,0.9021748304367065,0.395728200674057,-0.11674055457115173,0.9711123704910278,0.39092162251472473,-0.13018201291561127,0.6548035144805908,0.505355179309845,-0.09452114999294281,0.7901841402053833,0.5320416688919067,-0.1232290044426918,0.871173083782196,0.5333766937255859,-0.15085330605506897,0.9289625287055969,0.5355376601219177,-0.1710754632949829,0.6400395631790161,0.5843533873558044,-0.10583892464637756,0.6843053698539734,0.5650092363357544,-0.12579995393753052,0.6518576145172119,0.5387465953826904,-0.12789234519004822,0.6201186776161194,0.5294825434684753,-0.13084186613559723
E,0.4753625988960266,0.5307968854904175,9.794160860110424e-07,0.5446815490722656,0.40468132495880127,0.007056664675474167,0.6463963985443115,0.3837183117866516,-0.003610135754570365,0.7154476046562195,0.4453403353691101,-0.011785082519054413,0.7569183707237244,0.49510520696640015,-0.024665940552949905,0.672886073589325,0.32789796590805054,-0.06246364861726761,0.7900962233543396,0.28571322560310364,-0.08350024372339249,0.8681977391242981,0.2652071416378021,-0.09168259799480438,0.9305813312530518,0.25137531757354736,-0.09771611541509628,0.6804032921791077,0.4155239462852478,-0.08602277934551239,0.8354091048240662,0.39427322149276733,-0.11064296215772629,0.9373177289962769,0.3849829435348511,-0.1295439749956131,1.0135074853897095,0.38143303990364075,-0.1441286951303482,0.6708106994628906,0.5038627982139587,-0.10364025831222534,0.8085001111030579,0.5284731388092041,-0.13561812043190002,0.890516996383667,0.5302437543869019,-0.1647418588399887,0.9511204957962036,0.5345078706741333,-0.18559525907039642,0.6514031887054443,0.5831203460693359,-0.11594484001398087,0.6965299844741821,0.5523871183395386,-0.14085786044597626,0.6684726476669312,0.5179623365402222,-0.14596493542194366,0.6415206789970398,0.5015263557434082,-0.15050654113292694
E,0.46708568930625916,0.5258235335350037,9.063675747711386e-07,0.5437585115432739,0.40218010544776917,0.005105284508317709,0.6459460258483887,0.38729190826416016,-0.005067956168204546,0.7120462656021118,0.45981526374816895,-0.013203328475356102,0.7502574920654297,0.5213600397109985,-0.026368560269474983,0.6714025139808655,0.328066885471344,-0.059013690799474716,0.7895588874816895,0.28696051239967346,-0.07965470850467682,0.8664237856864929,0.26680272817611694,-0.08909107744693756,0.9297429323196411,0.2536056637763977,-0.09626124799251556,0.6775302886962891,0.4155910015106201,-0.08130853623151779,0.8316748738288879,0.3937108516693115,-0.10376447439193726,0.9357842803001404,0.38375723361968994,-0.1245444044470787,1.0154963731765747,0.38180088996887207,-0.14126276969909668,0.6690000295639038,0.5029837489128113,-0.09822257608175278,0.8020130395889282,0.5231102705001831,-0.12753011286258698,0.8850902915000916,0.5244615077972412,-0.15962006151676178,0.9470818042755127,0.5313689708709717,-0.18323001265525818,0.6519635915756226,0.5796643495559692,-0.11044145375490189,0.6880719661712646,0.5460541248321533,-0.13211098313331604,0.6564797759056091,0.5128747224807739,-0.1379096955060959,0.6275225877761841,0.5035326480865479,-0.14377258718013763
E,0.4849921464920044,0.5227591395378113,1.0116413022842607e-06,0.5515552759170532,0.3894713222980499,0.0010835409630089998,0.6608757972717285,0.35553085803985596,-0.010223690420389175,0.7397428154945374,0.40868452191352844,-0.01872708834707737,0.7881384491920471,0.46440109610557556,-0.03207790479063988,0.6943697333335876,0.2983289957046509,-0.05734314024448395,0.8159518241882324,0.2572077810764313,-0.0804683044552803,0.8996053338050842,0.24674829840660095,-0.0928850844502449,0.9656516313552856,0.2400897741317749,-0.10081569850444794,0.7033377289772034,0.3887881636619568,-0.07803460210561752,0.8626955151557922,0.37615129351615906,-0.09958231449127197,0.9690786600112915,0.37314414978027344,-0.1176244392991066,1.0504350662231445,0.36863973736763,-0.130938321352005,0.6944431066513062,0.4804784953594208,-0.0943465456366539,0.8390603065490723,0.5107628703117371,-0.12191677838563919,0.9332281351089478,0.5188150405883789,-0.15069665014743805,1.0037095546722412,0.5232800245285034,-0.1717403084039688,0.674318253993988,0.5658252835273743,-0.10672194510698318,0.7284070253372192,0.5570980906486511,-0.1286112517118454,0.7063096761703491,0.5341449975967407,-0.13165482878684998,0.6802223920822144,0.5212767124176025,-0.1341201663017273
E,0.48073285818099976,0.5208626985549927,9.20851050523197e-07,0.552884578704834,0.38621219992637634,0.008909670636057854,0.6609480977058411,0.3584892749786377,0.0021956691052764654,0.7344602346420288,0.4176366925239563,-0.004155975300818682,0.7834455966949463,0.47596973180770874,-0.015347874723374844,0.6997199654579163,0.2969996929168701,-0.04599790647625923,0.8235095143318176,0.2541264593601227,-0.06541687250137329,0.9076792001724243,0.2424984723329544,-0.07438521087169647,0.9736703634262085,0.24158962070941925,-0.07994269579648972,0.7107227444648743,0.39147308468818665,-0.06865853071212769,0.8654734492301941,0.3795262575149536,-0.08321736752986908,0.9613906145095825,0.3757925033569336,-0.09636284410953522,1.0355724096298218,0.3776824474334717,-0.10678575932979584,0.7026674151420593,0.4860771596431732,-0.08685652911663055,0.8405764102935791,0.5041745901107788,-0.10484331101179123,0.9232470393180847,0.5091832280158997,-0.1265181303024292,0.9862989783287048,0.5180966258049011,-0.1438099592924118,0.6824758052825928,0.5698187351226807,-0.10160453617572784,0.7245189547538757,0.5472335815429688,-0.11467380821704865,0.703826367855072,0.5232695937156677,-0.1147092878818512,0.6829661130905151,0.5153158903121948,-0.11551526933908463
E,0.47800999879837036,0.5192534327507019,8.871980980984517e-07,0.5552253127098083,0.3825221657752991,0.011916396208107471,0.6642308831214905,0.35476139187812805,0.005920159164816141,0.7370111346244812,0.41023874282836914,6.041555025149137e-05,0.78562992811203,0.46580541133880615,-0.011186168529093266,0.7002608776092529,0.29810744524002075,-0.047693755477666855,0.8247706294059753,0.25476375222206116,-0.06783045083284378,0.9092875719070435,0.24355314671993256,-0.07654713094234467,0.9758330583572388,0.2426522672176361,-0.08209775388240814,0.7113127708435059,0.39233165979385376,-0.07255382835865021,0.8689611554145813,0.3813410997390747,-0.08921334892511368,0.9690535068511963,0.3785497546195984,-0.10309312492609024,1.0459835529327393,0.3799091875553131,-0.11374134570360184,0.7031019330024719,0.4862590432167053,-0.09246285259723663,0.8442917466163635,0.5073851346969604,-0.1129864752292633,0.9345660209655762,0.5139967203140259,-0.13785500824451447,1.0039360523223877,0.5229088068008423,-0.15757843852043152,0.6822998523712158,0.5703462958335876,-0.10822852700948715,0.7199083566665649,0.5489015579223633,-0.12429765611886978,0.6975223422050476,0.5218311548233032,-0.1268543303012848,0.6748419404029846,0.5109482407569885,-0.1295875459909439
E,0.4874069392681122,0.518583357334137,9.316465821029851e-07,0.5669300556182861,0.38970431685447693,0.007372585125267506,0.6757150888442993,0.36087682843208313,-0.002033571945503354,0.7497575283050537,0.4105040729045868,-0.01142788864672184,0.7994441986083984,0.4651310443878174,-0.026301706209778786,0.7078532576560974,0.30004119873046875,-0.05621255934238434,0.8447749614715576,0.2605859339237213,-0.0836791917681694,0.9344061613082886,0.24827852845191956,-0.0962194874882698,1.0045347213745117,0.24957814812660217,-0.10396180301904678,0.72281414270401,0.3912905752658844,-0.08016930520534515,0.8780843019485474,0.38645434379577637,-0.09758403152227402,0.9738878011703491,0.3909311294555664,-0.11124161630868912,1.0471522808074951,0.40184304118156433,-0.12222903221845627,0.7155882120132446,0.48706144094467163,-0.09983678162097931,0.8546154499053955,0.509396493434906,-0.11868973821401596,0.9385929107666016,0.5234265327453613,-0.14200365543365479,1.003343105316162,0.5381960868835449,-0.1624377965927124,0.6936399936676025,0.5773649215698242,-0.11643068492412567,0.7170314788818359,0.56952965259552,-0.13573382794857025,0.7050759792327881,0.5464997887611389,-0.1436578929424286,0.6953256726264954,0.5345235466957092,-0.15022431313991547
E,0.4833438992500305,0.5163810849189758,8.850419703776424e-07,0.5679569840431213,0.38449814915657043,0.005468687973916531,0.6789193153381348,0.3630453944206238,-0.004704710561782122,0.7488536238670349,0.43136316537857056,-0.013791220262646675,0.7930865287780762,0.4933861494064331,-0.029075805097818375,0.7105846405029297,0.30152231454849243,-0.060544367879629135,0.846141517162323,0.2644191384315491,-0.08260372281074524,0.9323981404304504,0.2505287528038025,-0.09223015606403351,1.0018960237503052,0.24805410206317902,-0.09985426068305969,0.7229423522949219,0.39968883991241455,-0.08341499418020248,0.8773064613342285,0.38947439193725586,-0.10146737098693848,0.9715070724487305,0.38802382349967957,-0.11851465702056885,1.0437160730361938,0.39458563923835754,-0.1334988921880722,0.71380215883255,0.49735191464424133,-0.10095950961112976,0.8549507856369019,0.5134842991828918,-0.1232728436589241,0.9380446672439575,0.5159599184989929,-0.15094050765037537,1.0000126361846924,0.5238927006721497,-0.1745438277721405,0.6921086311340332,0.5812011957168579,-0.11473209410905838,0.723548412322998,0.5495824813842773,-0.13581743836402893,0.7015350461006165,0.5146659016609192,-0.14378520846366882,0.6804845929145813,0.5005450248718262,-0.15141169726848602
E,0.48339343070983887,0.5217031240463257,8.701452998138848e-07,0.5627325773239136,0.3861125707626343,0.0091586047783494,0.6711865663528442,0.358001172542572,0.002620505867525935,0.741703450679779,0.41329672932624817,-0.0033539379946887493,0.7882329225540161,0.46890076994895935,-0.015318915247917175,0.7112265229225159,0.3016904294490814,-0.0532698780298233,0.8481569290161133,0.2646615207195282,-0.07560043036937714,0.9374449849128723,0.25388115644454956,-0.08442063629627228,1.0077613592147827,0.25538724660873413,-0.09036833047866821,0.7245596051216125,0.39777541160583496,-0.07709509134292603,0.880756676197052,0.38846200704574585,-0.09368202090263367,0.9786007404327393,0.3899133503437042,-0.10719642043113708,1.0535240173339844,0.3986159563064575,-0.11828047782182693,0.7155146598815918,0.4940870404243469,-0.09610068053007126,0.8560351133346558,0.5143652558326721,-0.11669731140136719,0.9419440627098083,0.521354079246521,-0.1415700763463974,1.0072832107543945,0.5317395925521851,-0.1626216024160385,0.691192090511322,0.5794858932495117,-0.11124125123023987,0.7190775871276855,0.5535778999328613,-0.13024237751960754,0.6981183886528015,0.5235312581062317,-0.1358395665884018,0.677440345287323,0.511793851852417,-0.14105524122714996
E,0.4812828302383423,0.5194817185401917,8.883189366315491e-07,0.5626516342163086,0.3867287337779999,0.0048197414726018906,0.6726870536804199,0.3599899411201477,-0.003683506976813078,0.7440571188926697,0.42154669761657715,-0.010831558145582676,0.7895241975784302,0.48238080739974976,-0.024066751822829247,0.7103700637817383,0.3032958507537842,-0.05596358701586723,0.8458907604217529,0.2656172811985016,-0.07818920910358429,0.9325312972068787,0.25556737184524536,-0.08817412704229355,1.0021922588348389,0.25636374950408936,-0.09548191726207733,0.7246580719947815,0.40092477202415466,-0.07828422635793686,0.8819433450698853,0.3900638222694397,-0.09548426419496536,0.9810535907745361,0.38856571912765503,-0.11229861527681351,1.0580646991729736,0.3939606249332428,-0.1265217512845993,0.7165974974632263,0.4967215657234192,-0.09599073231220245,0.8588764071464539,0.5148251056671143,-0.11856257915496826,0.9481629133224487,0.5183874368667603,-0.14804798364639282,1.0162220001220703,0.5260419249534607,-0.17252026498317719,0.6944751739501953,0.5789293646812439,-0.10997863858938217,0.7245190739631653,0.5524764060974121,-0.13201399147510529,0.7024890780448914,0.5211244821548462,-0.1404673457145691,0.6808589696884155,0.5090040564537048,-0.14789003133773804
E,0.48273786902427673,0.5196494460105896,8.73844328452833e-07,0.5642836093902588,0.38624143600463867,0.008108312264084816,0.6733551621437073,0.35932251811027527,0.0009524442721158266,0.74539715051651,0.4172018766403198,-0.0057629067450761795,0.7929583787918091,0.4754325747489929,-0.01801346242427826,0.7104867696762085,0.30190160870552063,-0.05172134190797806,0.8457925319671631,0.2663663625717163,-0.07434400916099548,0.9327719211578369,0.2574482560157776,-0.08388739079236984,1.0015841722488403,0.2608579993247986,-0.09028545022010803,0.724462628364563,0.39811545610427856,-0.07521611452102661,0.8818607330322266,0.3879518508911133,-0.09079516679048538,0.9809079170227051,0.3882891535758972,-0.10523862391710281,1.0570805072784424,0.396653950214386,-0.11752858757972717,0.7166129350662231,0.4938392639160156,-0.09423674643039703,0.8604748249053955,0.5154030919075012,-0.11463949084281921,0.9464687705039978,0.5221214294433594,-0.1417360007762909,1.010366678237915,0.5313155651092529,-0.16462785005569458,0.6944332122802734,0.578130841255188,-0.10954596102237701,0.7219590544700623,0.5572537183761597,-0.13000288605690002,0.7019226551055908,0.5274560451507568,-0.13833698630332947,0.6817943453788757,0.5149211883544922,-0.14544793963432312
E,0.48857301473617554,0.5216224193572998,7.873602498875698e-07,0.5739238262176514,0.3956689238548279,0.007910444401204586,0.6805256605148315,0.3753199577331543,0.0004027587710879743,0.7475165724754333,0.4401164948940277,-0.007496614940464497,0.7920427322387695,0.5009361505508423,-0.021163692697882652,0.7160733342170715,0.318309485912323,-0.04416421055793762,0.8401553630828857,0.2855750322341919,-0.06241031363606453,0.9200339317321777,0.27621471881866455,-0.0708477571606636,0.9862793684005737,0.2749907374382019,-0.07793408632278442,0.7272448539733887,0.40814119577407837,-0.06833551079034805,0.8756261467933655,0.39795807003974915,-0.08144524693489075,0.9715208411216736,0.39746907353401184,-0.09673839807510376,1.0474408864974976,0.402743399143219,-0.11073023080825806,0.7176917791366577,0.4983244836330414,-0.08869928121566772,0.8536221385002136,0.5234053134918213,-0.11029607057571411,0.9428623914718628,0.5322105884552002,-0.14073358476161957,1.0110747814178467,0.5427133440971375,-0.1661970317363739,0.6955909729003906,0.5777835845947266,-0.10529898852109909,0.723205029964447,0.5543116331100464,-0.12775425612926483,0.6994308829307556,0.5292075872421265,-0.13722144067287445,0.6753233671188354,0.5222081542015076,-0.14575622975826263
E,0.49635887145996094,0.533957839012146,7.184867172327358e-07,0.577912449836731,0.40411120653152466,0.014071697369217873,0.674504280090332,0.3861958384513855,0.011023721657693386,0.7332640886306763,0.45521533489227295,0.006990449968725443,0.7711037397384644,0.5220120549201965,-0.0021726267877966166,0.7183398604393005,0.3373430073261261,-0.035885851830244064,0.8371073007583618,0.304782509803772,-0.04897794499993324,0.9111690521240234,0.2899402379989624,-0.052349042147397995,0.9726977348327637,0.28454673290252686,-0.05586445704102516,0.7335140109062195,0.42498406767845154,-0.05956019461154938,0.8752533793449402,0.41348007321357727,-0.06952954083681107,0.9671099185943604,0.40963590145111084,-0.0809144452214241,1.0394487380981445,0.4159223735332489,-0.09143579006195068,0.7263580560684204,0.5124236941337585,-0.07905550301074982,0.8477684259414673,0.5428897738456726,-0.09677301347255707,0.9305540323257446,0.552930474281311,-0.12550806999206543,0.9933505058288574,0.5666603446006775,-0.14942829310894012,0.7051572203636169,0.5892781019210815,-0.09438648819923401,0.7149436473846436,0.5684400200843811,-0.11140324920415878,0.6872451901435852,0.5372357368469238,-0.1207529827952385,0.6633946299552917,0.5255627632141113,-0.1295628845691681
E,0.5022456645965576,0.5297660231590271,7.350573696385254e-07,0.577857255935669,0.4015887677669525,0.006622915621846914,0.6744968891143799,0.3818376660346985,0.0006573389982804656,0.739843487739563,0.44462719559669495,-0.004517523106187582,0.7826698422431946,0.5074509978294373,-0.013925289735198021,0.7147639989852905,0.33505725860595703,-0.04239385202527046,0.8335312008857727,0.3007509708404541,-0.0579538531601429,0.9084699153900146,0.28743666410446167,-0.06314565986394882,0.9685863852500916,0.28425365686416626,-0.06682568043470383,0.7292732000350952,0.4249679446220398,-0.06211251765489578,0.8724865317344666,0.40574124455451965,-0.07302755117416382,0.9648967981338501,0.39947500824928284,-0.08383389562368393,1.0343209505081177,0.40368324518203735,-0.09360688179731369,0.7237039804458618,0.5138476490974426,-0.07830941677093506,0.8441113233566284,0.5376274585723877,-0.09577028453350067,0.9216617941856384,0.5466080904006958,-0.12157366424798965,0.9766554832458496,0.5577681660652161,-0.1429031640291214,0.7048149704933167,0.5917810201644897,-0.09113506972789764,0.7226837277412415,0.5678738355636597,-0.10714896023273468,0.6974523663520813,0.5380646586418152,-0.11384306102991104,0.6716737151145935,0.5253877639770508,-0.12026750296354294
E,0.5085089206695557,0.5517814755439758,5.972161147838051e-07,0.5802822709083557,0.42725828289985657,0.006997551769018173,0.6709693074226379,0.40339747071266174,0.004577274434268475,0.7270014882087708,0.4592653512954712,0.0012379660038277507,0.7587240934371948,0.5183984637260437,-0.005773621145635843,0.7193565368652344,0.369682639837265,-0.024243073537945747,0.8293502926826477,0.33347266912460327,-0.03342709690332413,0.8949745893478394,0.3195059895515442,-0.03498399257659912,0.9483292102813721,0.3113401532173157,-0.0365276075899601,0.7370150685310364,0.45599162578582764,-0.041002001613378525,0.8650540113449097,0.4490140378475189,-0.04645051434636116,0.9438963532447815,0.4467998147010803,-0.05343887582421303,1.0039262771606445,0.4500884711742401,-0.059535570442676544,0.7326740026473999,0.538093626499176,-0.05563368275761604,0.8327298164367676,0.5578954219818115,-0.06698977202177048,0.9017274975776672,0.5630959868431091,-0.08800572901964188,0.9527571201324463,0.5712815523147583,-0.10533416271209717,0.7143105864524841,0.6080958843231201,-0.06805413961410522,0.7270233035087585,0.5880305767059326,-0.0785154476761818,0.7021273374557495,0.5627189874649048,-0.08279440551996231,0.677383303642273,0.5524527430534363,-0.0870741680264473
E,0.5160397887229919,0.5518022179603577,5.429291718428431e-07,0.5870158672332764,0.4350147843360901,0.017094232141971588,0.670883297920227,0.4147159457206726,0.019581232219934464,0.72596675157547,0.4642009437084198,0.02000591531395912,0.760037899017334,0.5193212032318115,0.016863472759723663,0.7189733386039734,0.38466325402259827,-0.016115443781018257,0.8243041634559631,0.3528035879135132,-0.02351684868335724,0.8870833516120911,0.3388514518737793,-0.022844869643449783,0.9381542205810547,0.3316100239753723,-0.022438500076532364,0.7371975183486938,0.46402743458747864,-0.03512006253004074,0.8621293306350708,0.4570262134075165,-0.04134169965982437,0.9394758939743042,0.4525037109851837,-0.04650372639298439,0.997106671333313,0.4551348388195038,-0.05027235299348831,0.7338354587554932,0.542485237121582,-0.05089814215898514,0.8295064568519592,0.565789520740509,-0.06111402064561844,0.8927586078643799,0.5725798606872559,-0.07932016253471375,0.9389405250549316,0.5808299779891968,-0.09387179464101791,0.7148100733757019,0.6124022603034973,-0.06339342892169952,0.7271640300750732,0.5991575717926025,-0.07103048264980316,0.7028418779373169,0.5726845264434814,-0.07339778542518616,0.6786754131317139,0.5594035983085632,-0.07579399645328522
E,0.5210896730422974,0.5538053512573242,5.639573146254406e-07,0.5848619341850281,0.4344538748264313,0.014904304407536983,0.6671712398529053,0.4100860357284546,0.017485186457633972,0.724078357219696,0.4539891481399536,0.018825652077794075,0.7570448517799377,0.5052382946014404,0.01651259884238243,0.7169960141181946,0.38129180669784546,-0.017760831862688065,0.8220870494842529,0.35318827629089355,-0.02714647725224495,0.8867104053497314,0.3413166403770447,-0.028546204790472984,0.9379281401634216,0.3347650170326233,-0.02894771099090576,0.7348544001579285,0.46049991250038147,-0.03544912114739418,0.8618841171264648,0.4530191123485565,-0.042631372809410095,0.9419294595718384,0.4499695897102356,-0.04838481917977333,1.0013633966445923,0.4523892104625702,-0.052003297954797745,0.7318739891052246,0.5392321944236755,-0.05014079809188843,0.8276801705360413,0.558830738067627,-0.06122790277004242,0.8936893939971924,0.5684921741485596,-0.07994040846824646,0.9418128728866577,0.578885018825531,-0.09425454586744308,0.7134880423545837,0.6104755401611328,-0.061663947999477386,0.7268877029418945,0.5982192158699036,-0.06925149261951447,0.7028060555458069,0.5735430717468262,-0.07091771811246872,0.6782101392745972,0.5603766441345215,-0.0724990963935852
E,0.5214882493019104,0.5519959926605225,5.488449801305251e-07,0.5871053338050842,0.43460026383399963,0.012234616093337536,0.6713841557502747,0.41225218772888184,0.012724398635327816,0.7283238172531128,0.4584847390651703,0.012179617770016193,0.7609008550643921,0.512085497379303,0.008441767655313015,0.7222563028335571,0.3916637599468231,-0.020425954833626747,0.8222031593322754,0.3596915900707245,-0.02865232340991497,0.8817188143730164,0.34792885184288025,-0.029308777302503586,0.9294716119766235,0.3422932028770447,-0.0295353215187788,0.7390305399894714,0.47130751609802246,-0.035392776131629944,0.8577056527137756,0.4674516022205353,-0.04242737218737602,0.9300953149795532,0.46523749828338623,-0.04707539826631546,0.9829298257827759,0.46890974044799805,-0.05006672814488411,0.7339383959770203,0.5495807528495789,-0.04720238968729973,0.8230994939804077,0.5701481103897095,-0.05558621510863304,0.8835500478744507,0.5740035772323608,-0.07009869068861008,0.9276859760284424,0.5809584856033325,-0.08180757611989975,0.7131490707397461,0.6161684393882751,-0.056406743824481964,0.7279424667358398,0.6006500720977783,-0.0614907331764698,0.7057822346687317,0.573126494884491,-0.0611116960644722,0.6831309199333191,0.5583696365356445,-0.06133415922522545
E,0.5261467695236206,0.5462099313735962,4.969219276063086e-07,0.5912042856216431,0.4354374408721924,0.01528481300920248,0.6727896332740784,0.4158374071121216,0.017061155289411545,0.7262952923774719,0.46049436926841736,0.01760227233171463,0.7581520080566406,0.5119403600692749,0.014790698885917664,0.7202025055885315,0.3847663700580597,-0.016984742134809494,0.8204720616340637,0.35762402415275574,-0.02268623188138008,0.8793028593063354,0.3457645773887634,-0.022209612652659416,0.9261741042137146,0.3393019139766693,-0.021992318332195282,0.7362285852432251,0.46116170287132263,-0.03320395201444626,0.8551159501075745,0.4610220491886139,-0.03708542138338089,0.9268203377723694,0.45840275287628174,-0.04187895357608795,0.9798471331596375,0.46031734347343445,-0.045800477266311646,0.7330776453018188,0.5377646088600159,-0.04586881026625633,0.8269321322441101,0.5596128702163696,-0.05259131267666817,0.8887965679168701,0.5694146752357483,-0.06893684715032578,0.932201087474823,0.5807473063468933,-0.08300092816352844,0.7162635922431946,0.6063416004180908,-0.05548348277807236,0.7286960482597351,0.5932167768478394,-0.05960819870233536,0.7035496830940247,0.5708165168762207,-0.05960693582892418,0.6774498820304871,0.5609951019287109,-0.060714833438396454
E,0.5321307182312012,0.548145055770874,4.6167070877345395e-07,0.5943097472190857,0.43510621786117554,0.0144008444622159,0.6728079319000244,0.41353246569633484,0.01585458405315876,0.7282236814498901,0.4503096640110016,0.016173701733350754,0.761684775352478,0.49606961011886597,0.01341282669454813,0.7179042100906372,0.3910893201828003,-0.01887652650475502,0.8132582902908325,0.36398911476135254,-0.026358773931860924,0.8701945543289185,0.3507886528968811,-0.02728499285876751,0.9158051013946533,0.3449857831001282,-0.027961591258645058,0.7326809763908386,0.4643888473510742,-0.03394471853971481,0.8474239706993103,0.4610605537891388,-0.03907894715666771,0.9166375994682312,0.45897990465164185,-0.043568193912506104,0.9656756520271301,0.4639638662338257,-0.047631219029426575,0.7286103963851929,0.5380740165710449,-0.04562264680862427,0.8185331225395203,0.5579838752746582,-0.05298851057887077,0.8754410743713379,0.5662927627563477,-0.06732266396284103,0.9148013591766357,0.5773829817771912,-0.07977920770645142,0.7114630937576294,0.601460874080658,-0.05446850508451462,0.7282890677452087,0.5862820744514465,-0.05893401801586151,0.7073053121566772,0.5617683529853821,-0.05915369093418121,0.6849094033241272,0.5492902994155884,-0.06051088497042656
E,0.5342687964439392,0.5394389629364014,5.522750825548428e-07,0.5988061428070068,0.4315613806247711,0.00886591523885727,0.6793315410614014,0.4159334599971771,0.006544178817421198,0.7323468327522278,0.46513208746910095,0.004475862253457308,0.7641872763633728,0.5175427198410034,-0.0008993527153506875,0.7188433408737183,0.3889367878437042,-0.028035413473844528,0.8134508728981018,0.3653111755847931,-0.03606832027435303,0.8700995445251465,0.35397422313690186,-0.038208816200494766,0.9166026711463928,0.3485327959060669,-0.04026876017451286,0.732555627822876,0.46557044982910156,-0.041005831211805344,0.8458991050720215,0.46389904618263245,-0.04725054278969765,0.9155039191246033,0.46301302313804626,-0.05469420179724693,0.9656722545623779,0.4679674804210663,-0.06159471347928047,0.7283226847648621,0.5410898327827454,-0.0500958189368248,0.818088948726654,0.5595873594284058,-0.057985544204711914,0.8756861090660095,0.5655109286308289,-0.07426904141902924,0.915141224861145,0.5759744048118591,-0.08872195333242416,0.7130526304244995,0.6049922108650208,-0.05660334601998329,0.728701651096344,0.5859106779098511,-0.06298700720071793,0.7056800723075867,0.5605496168136597,-0.0644792839884758,0.6824151873588562,0.5507951974868774,-0.0669492706656456
E,0.5324321985244751,0.5405131578445435,4.3108585146001133e-07,0.5946677327156067,0.4362082779407501,0.016228051856160164,0.6690512895584106,0.42022329568862915,0.017603592947125435,0.7185709476470947,0.46100369095802307,0.017610622569918633,0.7487301826477051,0.5060037970542908,0.014798281714320183,0.7116265296936035,0.38959428668022156,-0.015748485922813416,0.8022226095199585,0.3652554750442505,-0.021513206884264946,0.8569738268852234,0.3542190194129944,-0.022078987210989,0.9003136157989502,0.3490959405899048,-0.022914905101060867,0.7232809662818909,0.4594985246658325,-0.031377390027046204,0.8340217471122742,0.4621927738189697,-0.0362200029194355,0.8987820744514465,0.46283218264579773,-0.041089996695518494,0.9436792731285095,0.4675866365432739,-0.04541248828172684,0.7199150323867798,0.5315868854522705,-0.043302830308675766,0.8083795309066772,0.5521043539047241,-0.050354957580566406,0.8620086312294006,0.5619034767150879,-0.0639021024107933,0.897708535194397,0.5729278922080994,-0.07587292790412903,0.7055643200874329,0.5967382192611694,-0.05222221463918686,0.7221722602844238,0.5820502638816833,-0.05633942037820816,0.697749137878418,0.5603305697441101,-0.055716633796691895,0.6720582246780396,0.551232635974884,-0.05637684464454651
E,0.5361320972442627,0.5406649112701416,4.811159328710346e-07,0.597500205039978,0.43688687682151794,0.012842937372624874,0.6735624074935913,0.42118412256240845,0.013160205446183681,0.7231537699699402,0.4649418592453003,0.012869046069681644,0.754104733467102,0.514430046081543,0.00945525523275137,0.7104711532592773,0.3961644172668457,-0.020460572093725204,0.7988922595977783,0.37447017431259155,-0.026507757604122162,0.8524569272994995,0.36310964822769165,-0.02758689969778061,0.895395815372467,0.3561810553073883,-0.028647849336266518,0.723425567150116,0.46720924973487854,-0.03359406441450119,0.831680178642273,0.4690435230731964,-0.03682423382997513,0.895887017250061,0.47003164887428284,-0.04169736057519913,0.9409971237182617,0.47350800037384033,-0.04653475806117058,0.7209197282791138,0.5390448570251465,-0.042877864092588425,0.8057869672775269,0.5600734949111938,-0.04764512926340103,0.857612133026123,0.5670285224914551,-0.06019779294729233,0.8915089964866638,0.5751485824584961,-0.07175923138856888,0.7072938680648804,0.6007772088050842,-0.049548231065273285,0.7253428101539612,0.5870374441146851,-0.051890525966882706,0.7027104496955872,0.5645570158958435,-0.05038314312696457,0.6791555881500244,0.5548884272575378,-0.05065019056200981
E,0.5402441024780273,0.5397724509239197,4.921779463984421e-07,0.6009145379066467,0.4370228946208954,0.011008433997631073,0.6762828230857849,0.42395609617233276,0.009667858481407166,0.7273973822593689,0.47377991676330566,0.009192485362291336,0.7609118819236755,0.5229679942131042,0.006093959789723158,0.7101312875747681,0.39412662386894226,-0.02768111042678356,0.7983289957046509,0.372120201587677,-0.03269210457801819,0.8507217168807983,0.36123090982437134,-0.0325012281537056,0.8932584524154663,0.3553333282470703,-0.03299329802393913,0.7223512530326843,0.4659760594367981,-0.03941889852285385,0.8311606645584106,0.468564510345459,-0.04446883499622345,0.8952962756156921,0.46762359142303467,-0.05097781494259834,0.9413070678710938,0.4715065360069275,-0.057016097009181976,0.7198041677474976,0.5380966067314148,-0.04640275985002518,0.8072683811187744,0.558038055896759,-0.05282842740416527,0.8612210750579834,0.5648451447486877,-0.06761197745800018,0.8962174654006958,0.5754780173301697,-0.08084024488925934,0.7078331112861633,0.6005837321281433,-0.05029977858066559,0.7218900918960571,0.5836021900177002,-0.05292467772960663,0.6991573572158813,0.5582472681999207,-0.05258133262395859,0.6766191720962524,0.549136757850647,-0.054018910974264145
E,0.5401505827903748,0.5368437767028809,4.946790568283177e-07,0.5998294353485107,0.43468794226646423,0.012630674988031387,0.6748183965682983,0.4209865927696228,0.012236508540809155,0.7254363298416138,0.46960848569869995,0.01233039703220129,0.7585099339485168,0.518847644329071,0.010000358335673809,0.7084864377975464,0.39153850078582764,-0.02562519907951355,0.7969036102294922,0.3722483515739441,-0.03127589076757431,0.8507217168807983,0.3613734841346741,-0.03225359320640564,0.8939062356948853,0.3552681803703308,-0.03360675275325775,0.7213397026062012,0.46103203296661377,-0.03808126971125603,0.8298670649528503,0.4666123688220978,-0.04118445888161659,0.893517792224884,0.4669243097305298,-0.046761658042669296,0.9387034773826599,0.4706849753856659,-0.052791841328144073,0.7202764749526978,0.531819760799408,-0.045989710837602615,0.8086703419685364,0.5581642389297485,-0.05005151778459549,0.8600134253501892,0.5662007927894592,-0.06358108669519424,0.8929604291915894,0.5762113332748413,-0.07674049586057663,0.7096779346466064,0.5944097638130188,-0.05102454125881195,0.7236523032188416,0.58692467212677,-0.05225064978003502,0.7000266909599304,0.5648725032806396,-0.051741112023591995,0.6782411336898804,0.5560633540153503,-0.05343714728951454
E,0.5418325066566467,0.5352754592895508,5.121523827256169e-07,0.6012245416641235,0.43503373861312866,0.011665204539895058,0.6766301989555359,0.4221954345703125,0.011142279021441936,0.7269218564033508,0.47306013107299805,0.011141837574541569,0.7598240971565247,0.5225290060043335,0.0086101358756423,0.7089147567749023,0.39209794998168945,-0.025556620210409164,0.797269880771637,0.3718871474266052,-0.0302351675927639,0.8508137464523315,0.3616316318511963,-0.030351610854268074,0.8939923048019409,0.35542166233062744,-0.031155554577708244,0.7216283679008484,0.46034207940101624,-0.037948694080114365,0.8305633664131165,0.4646075963973999,-0.03979646414518356,0.8939274549484253,0.46646785736083984,-0.044777434319257736,0.9387600421905518,0.4713522493839264,-0.05043018236756325,0.7205498814582825,0.5304685235023499,-0.04592829942703247,0.8093433380126953,0.5576475858688354,-0.04941835254430771,0.860171914100647,0.56627357006073,-0.06257427483797073,0.893020749092102,0.5765055418014526,-0.07549981027841568,0.7101753950119019,0.5929075479507446,-0.0511687807738781,0.7269414067268372,0.5863670706748962,-0.05205376818776131,0.7033442258834839,0.5650975704193115,-0.050976552069187164,0.681499183177948,0.5573232173919678,-0.05234327167272568
E,0.5438554883003235,0.5337996482849121,5.200000146032835e-07,0.6037729978561401,0.4345703721046448,0.011698398739099503,0.6791118383407593,0.4230349361896515,0.010899219661951065,0.7309150099754333,0.474272757768631,0.01058940403163433,0.765348494052887,0.5228559374809265,0.00818153191357851,0.7097334861755371,0.39152172207832336,-0.02544834464788437,0.7980981469154358,0.37051495909690857,-0.03138549253344536,0.8520970344543457,0.35975247621536255,-0.0326216034591198,0.8955188989639282,0.3533250093460083,-0.03393968567252159,0.7209542989730835,0.4580570161342621,-0.03800045698881149,0.8305054306983948,0.4640498161315918,-0.041036639362573624,0.8944308757781982,0.4662018120288849,-0.04661973938345909,0.9393406510353088,0.4709283113479614,-0.05247097089886665,0.7197363972663879,0.5274038314819336,-0.04616117477416992,0.8087621331214905,0.5563209056854248,-0.049423813819885254,0.8592532873153687,0.5661563873291016,-0.06139250099658966,0.8919925689697266,0.5763002038002014,-0.07344383001327515,0.7096856832504272,0.5909283757209778,-0.05174728482961655,0.728435218334198,0.5900352001190186,-0.051159583032131195,0.7055326104164124,0.5719110369682312,-0.048512473702430725,0.684278666973114,0.564434289932251,-0.048813458532094955
E,0.5463814735412598,0.5363894701004028,5.244705221230106e-07,0.603643536567688,0.43588224053382874,0.011534671299159527,0.6777195334434509,0.4211825132369995,0.011711484752595425,0.7301302552223206,0.46949517726898193,0.012345564551651478,0.7648248672485352,0.5171738862991333,0.011153738014400005,0.7111994028091431,0.392447829246521,-0.021900465711951256,0.7987537384033203,0.3719866871833801,-0.026609202846884727,0.8522244691848755,0.3617168664932251,-0.02710837312042713,0.8952469825744629,0.35542556643486023,-0.02788216806948185,0.7222990393638611,0.45933228731155396,-0.03407615050673485,0.8308936357498169,0.46396970748901367,-0.0368310883641243,0.8945096731185913,0.46595680713653564,-0.04206424579024315,0.9392269849777222,0.4707173705101013,-0.04732289910316467,0.7206946015357971,0.529086709022522,-0.04207126796245575,0.8091356754302979,0.5573142170906067,-0.0454561710357666,0.858999490737915,0.5654033422470093,-0.056098684668540955,0.891660749912262,0.573936402797699,-0.06665162742137909,0.7100203633308411,0.592854380607605,-0.04755270481109619,0.7338756918907166,0.5930455923080444,-0.04616338387131691,0.7116134762763977,0.5764452815055847,-0.041460275650024414,0.6904402375221252,0.569669246673584,-0.040055595338344574
E,0.5469213128089905,0.5323925614356995,5.533420335268602e-07,0.6054862141609192,0.4354565739631653,0.011439565569162369,0.6795929670333862,0.42261070013046265,0.011412786319851875,0.7307536005973816,0.4711820185184479,0.011724378913640976,0.7644866108894348,0.5190596580505371,0.010238406248390675,0.7103690505027771,0.3927776515483856,-0.022883733734488487,0.7977609634399414,0.3708900809288025,-0.029067687690258026,0.8517234921455383,0.36024731397628784,-0.029988238587975502,0.8948241472244263,0.3540854752063751,-0.03052753210067749,0.7220882177352905,0.4590311348438263,-0.03536989539861679,0.8312481641769409,0.4636656641960144,-0.04013100266456604,0.8945332169532776,0.4654272198677063,-0.04519357159733772,0.9389402270317078,0.4689967632293701,-0.049306824803352356,0.7206874489784241,0.5284490585327148,-0.043617330491542816,0.8080068826675415,0.5582581162452698,-0.04746905714273453,0.857189416885376,0.566135823726654,-0.05660093203186989,0.8901225328445435,0.5722626447677612,-0.06547925621271133,0.7085404396057129,0.5922333002090454,-0.04951099306344986,0.7305018305778503,0.6009536981582642,-0.04722696170210838,0.7082622647285461,0.5873258709907532,-0.04079260304570198,0.6875012516975403,0.5808014273643494,-0.037757012993097305
E,0.5491277575492859,0.537030816078186,5.35102174126223e-07,0.6054868102073669,0.43668779730796814,0.012317687273025513,0.679914653301239,0.42188358306884766,0.012027623131871223,0.7324188947677612,0.46676182746887207,0.01208889577537775,0.7662603259086609,0.5125538110733032,0.00998111255466938,0.712293267250061,0.3931567072868347,-0.024218998849391937,0.7995008826255798,0.37422892451286316,-0.030075199902057648,0.852800726890564,0.3638051748275757,-0.030747557058930397,0.8956362009048462,0.3569817841053009,-0.03148619830608368,0.7249924540519714,0.45944783091545105,-0.03652498871088028,0.8336223363876343,0.46912407875061035,-0.040133584290742874,0.8969240188598633,0.4708872437477112,-0.04443060979247093,0.9416600465774536,0.4746483266353607,-0.04839451611042023,0.7238311171531677,0.5292008519172668,-0.044412724673748016,0.8098757266998291,0.5571280717849731,-0.04747642204165459,0.8611307740211487,0.5654685497283936,-0.05736425146460533,0.8956946134567261,0.5747373700141907,-0.06746470928192139,0.7125334739685059,0.5940476059913635,-0.04976219683885574,0.727036714553833,0.6006994247436523,-0.047982875257730484,0.7040644884109497,0.5853705406188965,-0.04353110119700432,0.6832595467567444,0.5791926383972168,-0.042173486202955246
E,0.5487249493598938,0.5357604026794434,5.335139121598331e-07,0.6057582497596741,0.43702900409698486,0.012831713072955608,0.6789249181747437,0.42171788215637207,0.013657120056450367,0.7286685109138489,0.4679812788963318,0.014612138271331787,0.7591496706008911,0.5160724520683289,0.013413798995316029,0.7123393416404724,0.39345237612724304,-0.021553050726652145,0.8002299070358276,0.3730030953884125,-0.026787137612700462,0.8540085554122925,0.3631798028945923,-0.027111465111374855,0.8964300751686096,0.3568662405014038,-0.02742065116763115,0.724284291267395,0.4603036642074585,-0.0345442108809948,0.8335252404212952,0.4663155972957611,-0.03787057474255562,0.8967678546905518,0.4681841731071472,-0.04165007174015045,0.9405105710029602,0.47118473052978516,-0.044891756027936935,0.7229462265968323,0.5304986834526062,-0.043423380702733994,0.8098434805870056,0.5578203201293945,-0.046751946210861206,0.8602670431137085,0.5668331384658813,-0.05614396184682846,0.8938069343566895,0.5747328400611877,-0.06522393971681595,0.7106500864028931,0.5955414772033691,-0.04977455362677574,0.7317042350769043,0.6001629829406738,-0.04789325222373009,0.7088483572006226,0.5857462882995605,-0.04211527854204178,0.686654806137085,0.5790477991104126,-0.03945886716246605
E,0.5572490096092224,0.5312816500663757,5.796335358354554e-07,0.6169759035110474,0.43460723757743835,0.007163431029766798,0.6941031813621521,0.42279553413391113,0.004405161365866661,0.7468065023422241,0.4710230231285095,0.0025024849455803633,0.7816097140312195,0.5134854316711426,-0.0011712335981428623,0.7291783094406128,0.3941831886768341,-0.02689625695347786,0.8125743865966797,0.37427830696105957,-0.034277260303497314,0.8631061315536499,0.36605143547058105,-0.03616743162274361,0.9029673933982849,0.359474778175354,-0.0374930314719677,0.7393386363983154,0.4617863893508911,-0.03821921721100807,0.8457997441291809,0.4706827700138092,-0.042997222393751144,0.9078699350357056,0.4734129309654236,-0.048894934356212616,0.9516782164573669,0.4770399332046509,-0.05399579182267189,0.7354816198348999,0.5307382345199585,-0.04581170529127121,0.8182650208473206,0.5628715753555298,-0.05053110793232918,0.8665436506271362,0.5706729888916016,-0.06201191246509552,0.8985022902488708,0.5777770280838013,-0.07294446229934692,0.722155749797821,0.5935729742050171,-0.0513642244040966,0.735556423664093,0.5990352630615234,-0.05197645723819733,0.7145794034004211,0.5817961096763611,-0.04963201656937599,0.6960471272468567,0.5728241801261902,-0.049520764499902725
E,0.5640944242477417,0.5343483686447144,5.6386403457509e-07,0.6233343482017517,0.43676304817199707,0.006230510305613279,0.7006852626800537,0.42273473739624023,0.003976931795477867,0.7542210817337036,0.4676204323768616,0.002121218014508486,0.7877642512321472,0.5115203857421875,-0.0014376257313415408,0.7415890693664551,0.39569488167762756,-0.022376935929059982,0.8263171315193176,0.3778184652328491,-0.02817031741142273,0.8745043277740479,0.36906301975250244,-0.029884114861488342,0.9127232432365417,0.3610314428806305,-0.031206265091896057,0.7495961785316467,0.46638569235801697,-0.03295673802495003,0.8544961214065552,0.48212140798568726,-0.03471064195036888,0.9152014851570129,0.4840141832828522,-0.04024476930499077,0.959522545337677,0.48520511388778687,-0.04586203023791313,0.7430564165115356,0.5364928245544434,-0.04039536416530609,0.820620059967041,0.5664461255073547,-0.04207056015729904,0.8641773462295532,0.5713802576065063,-0.05285459756851196,0.89232337474823,0.5763444304466248,-0.06382498890161514,0.7275922298431396,0.598153829574585,-0.04627778381109238,0.7431161999702454,0.6000233888626099,-0.04389373958110809,0.7250654697418213,0.5819688439369202,-0.040626510977745056,0.7080742716789246,0.5720565915107727,-0.040276993066072464
E,0.5665826797485352,0.530158281326294,4.978586503057159e-07,0.6263784170150757,0.43387436866760254,0.012153166346251965,0.7008012533187866,0.4211285710334778,0.012762943282723427,0.7496212124824524,0.4657883942127228,0.013533685356378555,0.7792609333992004,0.5107860565185547,0.012201585806906223,0.7420908212661743,0.39054858684539795,-0.0187876895070076,0.8267183899879456,0.37215912342071533,-0.021861372515559196,0.875032365322113,0.3650563955307007,-0.021475568413734436,0.9137722849845886,0.3600010871887207,-0.02149609476327896,0.7506639957427979,0.46011850237846375,-0.030284708365797997,0.8540104627609253,0.47125041484832764,-0.03145848959684372,0.9146979451179504,0.47216272354125977,-0.0362064354121685,0.9597073197364807,0.4739041328430176,-0.040766749531030655,0.7450981736183167,0.5303983688354492,-0.03774990141391754,0.8252919912338257,0.5563744902610779,-0.039065148681402206,0.8767871856689453,0.5655463337898254,-0.05068818852305412,0.9128662347793579,0.5764915943145752,-0.06199031323194504,0.7302356958389282,0.5935820937156677,-0.04270026087760925,0.7433626651763916,0.5901105999946594,-0.039530474692583084,0.721675455570221,0.5733893513679504,-0.03553326800465584,0.7012013792991638,0.5676819682121277,-0.03453354164958
E,0.5790029764175415,0.5351675748825073,5.660791657646769e-07,0.6398944854736328,0.4377339780330658,0.01111886091530323,0.7171804904937744,0.4245226979255676,0.009937687776982784,0.7666043639183044,0.47029194235801697,0.008227601647377014,0.7987415194511414,0.5145156979560852,0.004162112716585398,0.7549742460250854,0.3913648724555969,-0.022313155233860016,0.8373982310295105,0.3721950054168701,-0.027684764936566353,0.8866155743598938,0.36467158794403076,-0.02888222597539425,0.9250632524490356,0.3574730157852173,-0.029541589319705963,0.7610089778900146,0.46271538734436035,-0.036317866295576096,0.8677906394004822,0.47753623127937317,-0.036703214049339294,0.9289389848709106,0.48096105456352234,-0.04121289774775505,0.9730210304260254,0.4814909100532532,-0.04608437791466713,0.7530925869941711,0.5334900617599487,-0.046456869691610336,0.8334882259368896,0.5631110668182373,-0.047282058745622635,0.8750268220901489,0.5701250433921814,-0.056411199271678925,0.9020941257476807,0.5744946002960205,-0.06604355573654175,0.7362841367721558,0.5953434705734253,-0.05443029850721359,0.7570028901100159,0.5936124920845032,-0.05046200752258301,0.7377949953079224,0.5758068561553955,-0.04418152943253517,0.7185443639755249,0.5653969049453735,-0.04168522730469704
E,0.5778278112411499,0.5322909951210022,4.615384625594743e-07,0.6383553147315979,0.4342203438282013,0.01754091866314411,0.7141602635383606,0.4222554564476013,0.021613968536257744,0.7610433101654053,0.47076040506362915,0.02512218989431858,0.7906220555305481,0.5193052887916565,0.026463614776730537,0.7541375756263733,0.38721534609794617,-0.013468608260154724,0.8368690013885498,0.37151020765304565,-0.01611161045730114,0.8866906762123108,0.36327069997787476,-0.016078298911452293,0.9271264672279358,0.3585328161716461,-0.016796447336673737,0.7624792456626892,0.45458874106407166,-0.028110120445489883,0.8654599785804749,0.46361881494522095,-0.029040558263659477,0.9268010854721069,0.46808555722236633,-0.034212950617074966,0.970903754234314,0.4744318723678589,-0.039568305015563965,0.7575733065605164,0.5258888006210327,-0.03866894543170929,0.8391427993774414,0.5580551624298096,-0.04062435403466225,0.8894155025482178,0.571008026599884,-0.053427692502737045,0.924760639667511,0.5838446617126465,-0.06565956771373749,0.7428368330001831,0.590950608253479,-0.04612789675593376,0.7564699649810791,0.5856654644012451,-0.04298175126314163,0.7345285415649414,0.5633583068847656,-0.040010325610637665,0.7147971987724304,0.5515746474266052,-0.040257249027490616
E,0.5937180519104004,0.5338685512542725,4.615181978806504e-07,0.6503506302833557,0.43887338042259216,0.017037931829690933,0.7264438271522522,0.42054420709609985,0.02149694226682186,0.775088369846344,0.44834065437316895,0.02366587519645691,0.8064766526222229,0.4852682650089264,0.022905975580215454,0.7712658643722534,0.3899119794368744,-0.0065059722401201725,0.8533759117126465,0.3684464693069458,-0.012107498943805695,0.9029114842414856,0.3632888197898865,-0.01386022288352251,0.9409418106079102,0.3608502447605133,-0.014392171986401081,0.7802932262420654,0.4562234580516815,-0.02260754071176052,0.8811429738998413,0.46208903193473816,-0.02241692878305912,0.9420497417449951,0.47000569105148315,-0.02569093182682991,0.9866249561309814,0.4752850830554962,-0.028944553807377815,0.7728570103645325,0.5251390337944031,-0.03636425733566284,0.8513571619987488,0.5605216026306152,-0.03866250440478325,0.9009304046630859,0.5769899487495422,-0.049998052418231964,0.9368429183959961,0.5859931707382202,-0.060203105211257935,0.7536637783050537,0.5889673829078674,-0.047519929707050323,0.7793487906455994,0.6012488603591919,-0.046371981501579285,0.7701473832130432,0.5894491672515869,-0.04395092651247978,0.7592824697494507,0.5753716230392456,-0.043665267527103424
E,0.5930915474891663,0.533305823802948,3.8779242572672956e-07,0.6503423452377319,0.43842941522598267,0.02271995134651661,0.7242717742919922,0.4208493232727051,0.03110968880355358,0.7715182304382324,0.45092108845710754,0.036811381578445435,0.8010804653167725,0.4898230731487274,0.039600126445293427,0.7697927355766296,0.38909053802490234,-0.0004136893549002707,0.8527302145957947,0.3699902296066284,-0.004037224221974611,0.903111457824707,0.36346739530563354,-0.0043230485171079636,0.9430925250053406,0.3608452081680298,-0.004238113295286894,0.7803142070770264,0.4554399251937866,-0.017585888504981995,0.8804075717926025,0.46249669790267944,-0.01694158837199211,0.9411680698394775,0.4700942933559418,-0.019451728090643883,0.9861074090003967,0.47675344347953796,-0.0221470445394516,0.7753652334213257,0.5249326825141907,-0.03197793290019035,0.8522359132766724,0.5578882694244385,-0.033305633813142776,0.9018614292144775,0.5756060481071472,-0.04434683173894882,0.9387475252151489,0.5873457193374634,-0.05447598546743393,0.7577022314071655,0.5882203578948975,-0.04329811781644821,0.7767539024353027,0.5935961008071899,-0.04012061655521393,0.7621184587478638,0.5789803266525269,-0.03724459186196327,0.748136043548584,0.5661344528198242,-0.03692631796002388
E,0.6111787557601929,0.5276784896850586,4.340894577126164e-07,0.6687204241752625,0.4359554648399353,0.01980087161064148,0.7422264814376831,0.4183988571166992,0.025454068556427956,0.7906271815299988,0.4475109875202179,0.02796179987490177,0.8203458786010742,0.4846040904521942,0.028079697862267494,0.7899362444877625,0.38879045844078064,0.0032586778979748487,0.8721798062324524,0.3677007257938385,-0.00030807286384515464,0.9206766486167908,0.3647744655609131,-0.001370241167023778,0.9569810032844543,0.36397162079811096,-0.0013550149742513895,0.7989618182182312,0.45206794142723083,-0.013487614691257477,0.8954880237579346,0.4630807042121887,-0.01142626628279686,0.9498254060745239,0.47137412428855896,-0.013653687201440334,0.9901731610298157,0.47630730271339417,-0.015882449224591255,0.7922693490982056,0.518757164478302,-0.028222544118762016,0.8698660731315613,0.5572181344032288,-0.028544869273900986,0.9181846976280212,0.577195405960083,-0.03602065145969391,0.9533929228782654,0.5880450010299683,-0.04313206672668457,0.7735850811004639,0.5817796587944031,-0.040534645318984985,0.8101082444190979,0.6043911576271057,-0.03699159249663353,0.8135549426078796,0.603355884552002,-0.03174979239702225,0.8152329325675964,0.5965843200683594,-0.028998037800192833
E,0.6318767070770264,0.526372492313385,4.767965151586395e-07,0.6929091811180115,0.4394201636314392,0.02005217783153057,0.7643685340881348,0.42027971148490906,0.023799613118171692,0.8156583905220032,0.44516319036483765,0.022987397387623787,0.8469551801681519,0.48310011625289917,0.020661190152168274,0.8069294691085815,0.39492759108543396,0.003233840921893716,0.887718141078949,0.3705040514469147,-0.005699759814888239,0.9368706941604614,0.36867302656173706,-0.010143719613552094,0.9741941690444946,0.3716539442539215,-0.011597035452723503,0.8136561512947083,0.45367392897605896,-0.015648728236556053,0.910696268081665,0.45794206857681274,-0.02140301838517189,0.9671204686164856,0.4662124514579773,-0.0265940073877573,1.0083239078521729,0.4745681583881378,-0.02941710874438286,0.8067751526832581,0.518706202507019,-0.03277640417218208,0.8892112970352173,0.5557606220245361,-0.04147300496697426,0.9387506246566772,0.578981876373291,-0.04809869825839996,0.9730965495109558,0.5925504565238953,-0.051206231117248535,0.7891877293586731,0.5833975076675415,-0.047445595264434814,0.8557509183883667,0.6238402128219604,-0.051166385412216187,0.8895502686500549,0.6453906893730164,-0.047365281730890274,0.9163504242897034,0.6564406156539917,-0.04307052120566368
E,0.6598055958747864,0.5278738141059875,5.45950797459227e-07,0.7186527848243713,0.4426756203174591,0.02102653682231903,0.7891649603843689,0.4230958819389343,0.023460563272237778,0.8426893949508667,0.44534462690353394,0.02188832312822342,0.8755831718444824,0.4803328514099121,0.018159905448555946,0.8330602645874023,0.3953542113304138,-0.004280473105609417,0.9157117605209351,0.37241336703300476,-0.015288183465600014,0.9686327576637268,0.3738669455051422,-0.02079015038907528,1.0085798501968384,0.38147735595703125,-0.022767603397369385,0.839795708656311,0.4572666883468628,-0.02350810542702675,0.9377482533454895,0.47033756971359253,-0.02924872562289238,0.993732213973999,0.4883473813533783,-0.03290820121765137,1.0325849056243896,0.5060968995094299,-0.03482027351856232,0.8313250541687012,0.5244812369346619,-0.040268391370773315,0.9175096750259399,0.5623766779899597,-0.04742918163537979,0.9682542681694031,0.5887079834938049,-0.050842102617025375,1.003387689590454,0.606503427028656,-0.05276109650731087,0.8102502822875977,0.5896591544151306,-0.05435514450073242,0.8775455355644226,0.6312279105186462,-0.05760921910405159,0.9136368036270142,0.6545236110687256,-0.05194612964987755,0.9422218799591064,0.6677426695823669,-0.0465037040412426
E,0.6785035133361816,0.532523512840271,5.269134817353915e-07,0.7366153001785278,0.44215914607048035,0.02229963429272175,0.8068926334381104,0.42334139347076416,0.025023572146892548,0.859964907169342,0.44501644372940063,0.024347353726625443,0.8930531740188599,0.480532169342041,0.021377835422754288,0.8517942428588867,0.40319347381591797,-0.007912504486739635,0.9373008012771606,0.3826001286506653,-0.01723274402320385,0.9911836981773376,0.38389497995376587,-0.02053973451256752,1.0305156707763672,0.39185982942581177,-0.020855974406003952,0.8585215210914612,0.4661529064178467,-0.02639083005487919,0.9590194225311279,0.48253679275512695,-0.03076871857047081,1.012342095375061,0.5003959536552429,-0.031921666115522385,1.0473606586456299,0.516398012638092,-0.03168593347072601,0.849984347820282,0.535025954246521,-0.041570648550987244,0.9361557960510254,0.5775333642959595,-0.045470308512449265,0.9854240417480469,0.6012909412384033,-0.04522935301065445,1.0173969268798828,0.6166467070579529,-0.045009858906269073,0.8270964622497559,0.5995543003082275,-0.053941722959280014,0.8899227380752563,0.6389232277870178,-0.051681410521268845,0.9221023321151733,0.6586095094680786,-0.04172024875879288,0.9460126161575317,0.6683334112167358,-0.03373205289244652
E,0.6785919070243835,0.5334005951881409,4.744673560708179e-07,0.7359179258346558,0.44621992111206055,0.023091837763786316,0.8042612671852112,0.4251195192337036,0.0266432948410511,0.8547213077545166,0.44606804847717285,0.026273254305124283,0.8859517574310303,0.4824143350124359,0.023452352732419968,0.8522771596908569,0.4041682779788971,-0.005209254566580057,0.9379165172576904,0.38359498977661133,-0.014037509448826313,0.9909627437591553,0.3841785490512848,-0.01682264357805252,1.0299482345581055,0.3920518457889557,-0.016780128702521324,0.8603702187538147,0.4676779508590698,-0.02406359277665615,0.9595193266868591,0.48471271991729736,-0.02872893214225769,1.013633370399475,0.5016722679138184,-0.02942216396331787,1.0496833324432373,0.51857990026474,-0.028506992384791374,0.8517042398452759,0.537907063961029,-0.0397808700799942,0.9379842281341553,0.5775561928749084,-0.044219765812158585,0.9894771575927734,0.6006641387939453,-0.04343373328447342,1.024064540863037,0.6173831820487976,-0.042262278497219086,0.8279984593391418,0.6032518148422241,-0.0526786632835865,0.8933679461479187,0.6433568596839905,-0.050703469663858414,0.9271931648254395,0.6630119681358337,-0.04025549069046974,0.9526187777519226,0.6748949885368347,-0.03153780847787857
E,0.6851142048835754,0.5335801839828491,4.80537892144639e-07,0.7361606359481812,0.45777270197868347,0.022221485152840614,0.8033782243728638,0.43251076340675354,0.02715069241821766,0.8557842373847961,0.44957083463668823,0.02873155288398266,0.8884694576263428,0.4823489785194397,0.028303174301981926,0.85329669713974,0.4064174294471741,-0.0017723627388477325,0.94159996509552,0.3876118063926697,-0.006348906550556421,0.9921156167984009,0.39198869466781616,-0.0063439286313951015,1.0285359621047974,0.40155667066574097,-0.004657347220927477,0.8611238598823547,0.458864688873291,-0.017538568004965782,0.9597375988960266,0.4858512282371521,-0.017851686105132103,1.012207269668579,0.5071913003921509,-0.017131399363279343,1.0467380285263062,0.5276256799697876,-0.015827206894755363,0.8528851270675659,0.5216138958930969,-0.03035852126777172,0.9393340349197388,0.5580918788909912,-0.03184991329908371,0.9900264143943787,0.5797357559204102,-0.03082093968987465,1.0240848064422607,0.5981146097183228,-0.029971202835440636,0.8322716355323792,0.5814626216888428,-0.040291689336299896,0.8977344632148743,0.6178627014160156,-0.03777094930410385,0.9337743520736694,0.6342437267303467,-0.02875635027885437,0.9623785614967346,0.6443974375724792,-0.021062783896923065
E,0.6741481423377991,0.5287563800811768,4.93154459491052e-07,0.7321034669876099,0.4465930759906769,0.015752721577882767,0.8009299635887146,0.4253314137458801,0.015949351713061333,0.8525919914245605,0.44661450386047363,0.013218170963227749,0.8841047286987305,0.4809786379337311,0.008420293219387531,0.8430163264274597,0.3999124765396118,-0.012315257452428341,0.9292119145393372,0.380420446395874,-0.02438834123313427,0.9827574491500854,0.38171154260635376,-0.02971479669213295,1.022784948348999,0.38879600167274475,-0.031756266951560974,0.8469190001487732,0.4618356227874756,-0.028775157406926155,0.9458061456680298,0.474976509809494,-0.03600601851940155,1.000869631767273,0.4924487769603729,-0.03868815675377846,1.0384631156921387,0.5094536542892456,-0.0398494191467762,0.8368157744407654,0.5309542417526245,-0.04289369285106659,0.9237047433853149,0.5617213845252991,-0.05058960244059563,0.9769896268844604,0.5843923687934875,-0.052547357976436615,1.0134166479110718,0.5998896956443787,-0.05338826775550842,0.814900279045105,0.5956438779830933,-0.05485294386744499,0.8814436793327332,0.6313255429267883,-0.05762201175093651,0.9185232520103455,0.6505111455917358,-0.0514129139482975,0.947836697101593,0.660642147064209,-0.0457722507417202
E,0.6523996591567993,0.5250747799873352,4.834722062696528e-07,0.7106342911720276,0.4479414224624634,0.013761712238192558,0.7813786268234253,0.42643654346466064,0.013588928617537022,0.8323377966880798,0.44906991720199585,0.01013753842562437,0.86275714635849,0.4854608178138733,0.004889450967311859,0.8247993588447571,0.40191781520843506,-0.009963010437786579,0.9082028269767761,0.3788418173789978,-0.023135341703891754,0.9594491720199585,0.3787350058555603,-0.030661379918456078,0.9988002777099609,0.38356196880340576,-0.03463951498270035,0.827118992805481,0.46008867025375366,-0.027138052508234978,0.9263046979904175,0.4713296890258789,-0.03694630786776543,0.9851090908050537,0.48613986372947693,-0.0441272035241127,1.02727472782135,0.4997468590736389,-0.04851239547133446,0.8161388635635376,0.5247122645378113,-0.04253194481134415,0.8999127149581909,0.5563140511512756,-0.053149133920669556,0.9534479379653931,0.5795354247093201,-0.05919932574033737,0.9914519786834717,0.5947262644767761,-0.06246129050850868,0.79520583152771,0.5862849354743958,-0.05609923228621483,0.8612270951271057,0.6219896674156189,-0.06183446943759918,0.8974566459655762,0.6418567895889282,-0.058442771434783936,0.9269726872444153,0.6529582738876343,-0.05470667779445648
E,0.6495190858840942,0.523123025894165,4.2946999201376457e-07,0.7049827575683594,0.4478667676448822,0.01689983531832695,0.7740364074707031,0.4264492690563202,0.021435394883155823,0.8233798742294312,0.44596418738365173,0.02246769703924656,0.8520120978355408,0.479878306388855,0.022183647379279137,0.821672797203064,0.4033457636833191,0.005141095723956823,0.9034063220024109,0.3824623227119446,-0.0012886375188827515,0.9528598189353943,0.3797653913497925,-0.005517038982361555,0.9909208416938782,0.3808255195617676,-0.007749349344521761,0.8290407657623291,0.4569125175476074,-0.011034708470106125,0.9233985543251038,0.46692323684692383,-0.013589945621788502,0.9795031547546387,0.4766920208930969,-0.01864553987979889,1.0216478109359741,0.48600465059280396,-0.022392084822058678,0.8214398622512817,0.5172789096832275,-0.025843078270554543,0.9024922251701355,0.5458305478096008,-0.03086029179394245,0.9533934593200684,0.5673425197601318,-0.035986293107271194,0.9907565712928772,0.5827106237411499,-0.03960556909441948,0.8028664588928223,0.5754256248474121,-0.03880241513252258,0.8671742677688599,0.6046512126922607,-0.040312256664037704,0.900039792060852,0.6196131110191345,-0.03552347421646118,0.9277076721191406,0.627410888671875,-0.03156767040491104
E,0.6238898038864136,0.5116688013076782,3.5324634950484324e-07,0.677418053150177,0.48810911178588867,0.016420550644397736,0.7487474679946899,0.48198506236076355,0.02098630927503109,0.796485424041748,0.49897465109825134,0.021612506359815598,0.8253042697906494,0.5221981406211853,0.020961938425898552,0.7988163232803345,0.4423609673976898,0.009311376139521599,0.8858022689819336,0.4441627860069275,0.004562048241496086,0.9343205094337463,0.45024412870407104,0.0012001721188426018,0.9734355807304382,0.4539201557636261,-0.00130676687695086,0.8036091923713684,0.45677608251571655,-0.006301166024059057,0.8946765065193176,0.48550549149513245,-0.012134350836277008,0.9480384588241577,0.5068962574005127,-0.0193944051861763,0.9923164248466492,0.5242629647254944,-0.024399572983384132,0.7989143133163452,0.4750266969203949,-0.020684873685240746,0.8810867071151733,0.4929652214050293,-0.030088039115071297,0.9345886707305908,0.5174581408500671,-0.036003563553094864,0.976467490196228,0.5369208455085754,-0.03916776925325394,0.7880308628082275,0.4902026057243347,-0.03313394635915756,0.8563917279243469,0.4768702983856201,-0.040295764803886414,0.8960903286933899,0.4696950614452362,-0.03904825821518898,0.9323549866676331,0.4637537896633148,-0.037129733711481094
E,0.6279975175857544,0.5142225623130798,4.2734609451144934e-07,0.6840353608131409,0.4505203664302826,0.013247114606201649,0.7562190294265747,0.43663251399993896,0.014345582574605942,0.8069844841957092,0.4571489691734314,0.012646450661122799,0.8374890685081482,0.4852118492126465,0.009769849479198456,0.7999268770217896,0.40458887815475464,-0.0021931494120508432,0.8798229098320007,0.38266241550445557,-0.011510713025927544,0.9256620407104492,0.3764464259147644,-0.017192279919981956,0.9606195688247681,0.3722561299800873,-0.02025832235813141,0.8040062785148621,0.4528297185897827,-0.018253948539495468,0.8999778628349304,0.4587501585483551,-0.02602752298116684,0.9581672549247742,0.4652545750141144,-0.03446144238114357,1.0028009414672852,0.46953290700912476,-0.03972447291016579,0.7943248152732849,0.5075544714927673,-0.032895635813474655,0.8767399787902832,0.535977303981781,-0.043827254325151443,0.9289682507514954,0.5596150755882263,-0.05314650386571884,0.9678874611854553,0.5760899782180786,-0.0584036223590374,0.7743235230445862,0.562113344669342,-0.04537200555205345,0.8363825678825378,0.5936684012413025,-0.0524539016187191,0.8703791499137878,0.6117808222770691,-0.05092984065413475,0.8992881774902344,0.6231246590614319,-0.04849346727132797
E,0.5921511054039001,0.5114047527313232,4.1229131397813035e-07,0.6453607678413391,0.44037121534347534,0.01052615325897932,0.719479501247406,0.42129087448120117,0.009652013890445232,0.7717252969741821,0.4440101981163025,0.006782571319490671,0.8044077157974243,0.4730541706085205,0.0028256678488105536,0.7672663331031799,0.39039790630340576,-0.0101182721555233,0.8491668105125427,0.3671709895133972,-0.023016830906271935,0.8986103534698486,0.3600606918334961,-0.03090572915971279,0.9369964599609375,0.35508835315704346,-0.03559693694114685,0.7685925960540771,0.4450083076953888,-0.026570746675133705,0.8670186996459961,0.44736409187316895,-0.03772978484630585,0.928063154220581,0.455156534910202,-0.04727973788976669,0.9745438098907471,0.4618186056613922,-0.053563717752695084,0.756758987903595,0.5045173168182373,-0.04171323403716087,0.8434821963310242,0.5351431965827942,-0.05602673068642616,0.9006815552711487,0.5567321181297302,-0.06693027913570404,0.9443424940109253,0.5698251128196716,-0.07337002456188202,0.7357473373413086,0.5627658367156982,-0.054780252277851105,0.8000831007957458,0.5947381258010864,-0.06476248055696487,0.8349882364273071,0.6103521585464478,-0.06498455256223679,0.8647370338439941,0.6189411878585815,-0.06396373361349106
E,0.5471732020378113,0.515127956867218,5.758216161666496e-07,0.600483775138855,0.4271993041038513,0.00043895322596654296,0.6794228553771973,0.41280126571655273,-0.0046482267789542675,0.7276878952980042,0.469355046749115,-0.008476639166474342,0.751187801361084,0.524189293384552,-0.014548076316714287,0.7195403575897217,0.37692970037460327,-0.02774699777364731,0.8109226226806641,0.3575693964958191,-0.03775874152779579,0.8666237592697144,0.34966620802879333,-0.04335356131196022,0.9104756116867065,0.3415336608886719,-0.04783287271857262,0.7257740497589111,0.4479484558105469,-0.04009561613202095,0.836020290851593,0.45275959372520447,-0.05045575276017189,0.9028684496879578,0.45466917753219604,-0.06265050172805786,0.9546094536781311,0.4551129639148712,-0.07177727669477463,0.718172013759613,0.5166453719139099,-0.04973867908120155,0.8095226883888245,0.5433980226516724,-0.06357099115848541,0.8655720353126526,0.5477668642997742,-0.08138887584209442,0.9062560200691223,0.5504088401794434,-0.09463457018136978,0.7007464170455933,0.5776236057281494,-0.05747275799512863,0.7356417775154114,0.5798094272613525,-0.06670601665973663,0.7156308889389038,0.5662113428115845,-0.06525703519582748,0.6935617923736572,0.5624120235443115,-0.0644703283905983
E,0.5013184547424316,0.5285141468048096,4.906881372335192e-07,0.5581980347633362,0.4320412278175354,0.000515056133735925,0.6379489898681641,0.4228914976119995,-0.004894212819635868,0.6941767930984497,0.4917961061000824,-0.00955576915293932,0.7243326306343079,0.5506154298782349,-0.015535462647676468,0.6761648058891296,0.37151747941970825,-0.02394113317131996,0.7707779407501221,0.3424900770187378,-0.03506889194250107,0.8281177282333374,0.3294307589530945,-0.04148980602622032,0.8748741745948792,0.32150545716285706,-0.04745224863290787,0.6776074171066284,0.4426337480545044,-0.03851693496108055,0.7886993885040283,0.43183621764183044,-0.05494101345539093,0.8580850958824158,0.4312601685523987,-0.07134979218244553,0.9126829504966736,0.4335862696170807,-0.08396979421377182,0.6666181087493896,0.5128610730171204,-0.05124572664499283,0.76652991771698,0.533976674079895,-0.07524923980236053,0.8261734247207642,0.541230320930481,-0.09854158014059067,0.8689138889312744,0.5461363792419434,-0.11386881023645401,0.6483144164085388,0.5762152671813965,-0.06121353805065155,0.7004730701446533,0.5562313795089722,-0.07794582843780518,0.6853991746902466,0.535338282585144,-0.0806981772184372,0.664922297000885,0.5288211703300476,-0.08292969316244125
E,0.4892503619194031,0.5322442054748535,5.789420356450137e-07,0.5454304814338684,0.43187958002090454,0.008061163127422333,0.6306835412979126,0.4178146421909332,0.006154761649668217,0.6912674903869629,0.4840894639492035,0.0033558004070073366,0.7295264005661011,0.5466645956039429,-0.0009480745065957308,0.6678805351257324,0.36948224902153015,-0.014956032857298851,0.7629257440567017,0.3381349444389343,-0.024024490267038345,0.8227088451385498,0.32509881258010864,-0.029066383838653564,0.8703644871711731,0.3164312243461609,-0.03389367088675499,0.6741225123405457,0.43771931529045105,-0.03301899507641792,0.7868613600730896,0.4274120330810547,-0.04683849215507507,0.8584692478179932,0.4290288984775543,-0.06049768626689911,0.9153139591217041,0.4322702884674072,-0.07115790992975235,0.6680575609207153,0.5056646466255188,-0.049184009432792664,0.7695465683937073,0.5283857583999634,-0.06950444728136063,0.8308709859848022,0.5370475053787231,-0.08889959752559662,0.875713586807251,0.5425902605056763,-0.10196852684020996,0.6531188488006592,0.5698183178901672,-0.062361590564250946,0.7101608514785767,0.5540449023246765,-0.07270195335149765,0.6965305805206299,0.5380611419677734,-0.07041556388139725,0.6780698895454407,0.5343747138977051,-0.06999339163303375
E,0.43953436613082886,0.5277169942855835,5.063928938398021e-07,0.503062903881073,0.4351959824562073,0.011681044474244118,0.5890297889709473,0.41229522228240967,0.00905286893248558,0.6522183418273926,0.45838502049446106,0.004545457195490599,0.6907554268836975,0.5093357563018799,-0.0011686875950545073,0.6171412467956543,0.3583983778953552,-0.019602518528699875,0.7124456763267517,0.32524731755256653,-0.033397186547517776,0.7730001211166382,0.3123825788497925,-0.040040627121925354,0.8220785856246948,0.30393123626708984,-0.04586327075958252,0.6201073527336121,0.4208238124847412,-0.04204016178846359,0.7389751672744751,0.41290128231048584,-0.061818283051252365,0.8125879764556885,0.4141905605792999,-0.07745330780744553,0.8720211982727051,0.4168923795223236,-0.08880531042814255,0.6112251281738281,0.4897364377975464,-0.06173264607787132,0.7202169895172119,0.5187093615531921,-0.08791082352399826,0.7826403379440308,0.5289843082427979,-0.10777607560157776,0.8301438093185425,0.53265380859375,-0.12020312994718552,0.5937200784683228,0.5606937408447266,-0.07793562114238739,0.6558030247688293,0.5493552088737488,-0.09418316185474396,0.6445349454879761,0.5321961045265198,-0.09363571554422379,0.6291455030441284,0.523602306842804,-0.09340669959783554
E,0.3871043920516968,0.5336480736732483,5.036842480876658e-07,0.44902870059013367,0.44319948554039,0.010551100596785545,0.5374069213867188,0.40694692730903625,0.005419502966105938,0.6079672574996948,0.4234979748725891,-0.0016416471917182207,0.6553093194961548,0.4483577311038971,-0.009447679854929447,0.5664209723472595,0.3493198752403259,-0.02337225154042244,0.662962019443512,0.30869418382644653,-0.0450558215379715,0.7244953513145447,0.2940989136695862,-0.056401073932647705,0.7747399806976318,0.2819706201553345,-0.06326653063297272,0.5690395832061768,0.4125959575176239,-0.045364703983068466,0.6904357075691223,0.4006927013397217,-0.07036350667476654,0.7633007168769836,0.4027825593948364,-0.08419734239578247,0.8244726061820984,0.40223684906959534,-0.0919424444437027,0.5617213249206543,0.48394066095352173,-0.06522110849618912,0.6734479665756226,0.5029569268226624,-0.09113553911447525,0.740868866443634,0.5177441239356995,-0.10004890710115433,0.795697808265686,0.5205893516540527,-0.10293186455965042,0.5458512306213379,0.5561904311180115,-0.08271761238574982,0.6306069493293762,0.5475103259086609,-0.09425298124551773,0.651979923248291,0.5402564406394958,-0.08625590056180954,0.667432963848114,0.5322316288948059,-0.07932910323143005
E,0.3819156885147095,0.5388487577438354,5.742903681493772e-07,0.4495914578437805,0.44479310512542725,0.016802765429019928,0.5424053072929382,0.41127169132232666,0.01537143811583519,0.6158154010772705,0.42638713121414185,0.011852080933749676,0.6703093647956848,0.44495469331741333,0.008017321117222309,0.5670811533927917,0.35462647676467896,-0.01944679208099842,0.6650652289390564,0.3145786225795746,-0.03556899353861809,0.7279523611068726,0.2996872663497925,-0.042222075164318085,0.7777787446975708,0.29012662172317505,-0.045680541545152664,0.5662255883216858,0.4147458076477051,-0.042468760162591934,0.6913027763366699,0.4022161364555359,-0.06261623650789261,0.7671122550964355,0.40255269408226013,-0.07158686220645905,0.8262864351272583,0.40238797664642334,-0.0759059265255928,0.5588340759277344,0.4843739867210388,-0.06251346319913864,0.6772574186325073,0.5001463890075684,-0.08269958943128586,0.7445313334465027,0.5169491767883301,-0.0866956040263176,0.7964005470275879,0.5237443447113037,-0.08696884661912918,0.5431212186813354,0.5582858324050903,-0.07971911132335663,0.6287931799888611,0.5517004132270813,-0.08400197327136993,0.6403480768203735,0.5508546233177185,-0.07024659961462021,0.6434028744697571,0.5500814914703369,-0.06003287434577942
E,0.34740832448005676,0.5449418425559998,5.766445951849164e-07,0.4074893593788147,0.44201985001564026,0.0066185458563268185,0.49868449568748474,0.40532994270324707,0.0009958830196410418,0.5675204396247864,0.4368051290512085,-0.004079577047377825,0.6094978451728821,0.47288715839385986,-0.010782482102513313,0.522445023059845,0.34398749470710754,-0.03215060383081436,0.6203399896621704,0.3011621832847595,-0.04618530720472336,0.6832232475280762,0.28326231241226196,-0.05234409496188164,0.733967125415802,0.2692921757698059,-0.057327426970005035,0.5256332159042358,0.41418373584747314,-0.050828006118535995,0.6515984535217285,0.39952829480171204,-0.06926064193248749,0.7265764474868774,0.39401042461395264,-0.08219548314809799,0.7868907451629639,0.389640748500824,-0.09145785123109818,0.5208231210708618,0.4896005690097809,-0.06597171723842621,0.6427674293518066,0.5059242248535156,-0.09017233550548553,0.7104375958442688,0.5106090307235718,-0.10671912878751755,0.762176513671875,0.5127723217010498,-0.11750587075948715,0.5099315643310547,0.5626353621482849,-0.0780022144317627,0.5703610181808472,0.5465041995048523,-0.09318030625581741,0.5481880903244019,0.5388105511665344,-0.08888830244541168,0.5235388278961182,0.5412200093269348,-0.08557869493961334
E,0.34565243124961853,0.5431128740310669,5.789504484710051e-07,0.4080688953399658,0.44184669852256775,0.013184132985770702,0.501726508140564,0.40276288986206055,0.01269291341304779,0.57219398021698,0.42196905612945557,0.011651442386209965,0.6207658052444458,0.4429023265838623,0.009352213703095913,0.5236023664474487,0.35083574056625366,-0.022731177508831024,0.6212261915206909,0.30754315853118896,-0.03358594328165054,0.6837668418884277,0.29076433181762695,-0.03611098974943161,0.734260082244873,0.2765735983848572,-0.03825246915221214,0.5256984829902649,0.41468536853790283,-0.043661780655384064,0.6507869362831116,0.39616891741752625,-0.06032802537083626,0.7286480069160461,0.394148051738739,-0.068974070250988,0.7894567251205444,0.39229246973991394,-0.07428617775440216,0.520907461643219,0.4869975447654724,-0.06137369945645332,0.6378397941589355,0.4976269006729126,-0.08340216428041458,0.7090527415275574,0.5075109004974365,-0.09609615802764893,0.7661833167076111,0.5129205584526062,-0.10376956313848495,0.5097215175628662,0.5613659024238586,-0.07557399570941925,0.5735869407653809,0.5447342395782471,-0.08566562831401825,0.552649736404419,0.536886990070343,-0.07737850397825241,0.5281004905700684,0.5379809737205505,-0.07182736694812775
E,0.3216542601585388,0.5525458455085754,6.675560939584102e-07,0.3841499984264374,0.45334091782569885,0.01097673736512661,0.4764960706233978,0.43486446142196655,0.007138391025364399,0.5389449596405029,0.4974173307418823,0.0023092692717909813,0.5741237998008728,0.5533753633499146,-0.004851517267525196,0.4964652359485626,0.3556786775588989,-0.0251176618039608,0.5970650911331177,0.31270545721054077,-0.03565395995974541,0.6597596406936646,0.29403072595596313,-0.039425186812877655,0.7118991613388062,0.2796388268470764,-0.04390963166952133,0.5016582608222961,0.42221128940582275,-0.04662352055311203,0.6260018944740295,0.3996868431568146,-0.06430401653051376,0.7038050293922424,0.39509886503219604,-0.07895305752754211,0.7645025849342346,0.39521998167037964,-0.08985646069049835,0.4969525933265686,0.4968881607055664,-0.06446501612663269,0.6141183376312256,0.5115074515342712,-0.0890282392501831,0.6800147294998169,0.5125981569290161,-0.11038770526647568,0.729557454586029,0.5106751322746277,-0.12484360486268997,0.48630669713020325,0.5714257955551147,-0.0785503089427948,0.5360048413276672,0.5507529973983765,-0.09357230365276337,0.5100482702255249,0.5351433753967285,-0.09247005730867386,0.48403510451316833,0.5319119095802307,-0.09249039739370346
E,0.3224089741706848,0.551367998123169,6.889940209475753e-07,0.38154417276382446,0.4495847821235657,0.012656466104090214,0.4715348482131958,0.425262451171875,0.00948440283536911,0.5324897766113281,0.47854316234588623,0.006014792714267969,0.5660800337791443,0.528454065322876,0.0007155701168812811,0.49660032987594604,0.3564440608024597,-0.0261360015720129,0.5971174836158752,0.3106917142868042,-0.033935416489839554,0.6592284440994263,0.29202115535736084,-0.03525129705667496,0.7100804448127747,0.2766605615615845,-0.03775734081864357,0.500985860824585,0.42238229513168335,-0.04587344825267792,0.626044750213623,0.4018786549568176,-0.06026765704154968,0.7032768130302429,0.397087961435318,-0.07111912965774536,0.7632275819778442,0.3938828110694885,-0.07943159341812134,0.49788036942481995,0.4960246980190277,-0.0613677091896534,0.6135584115982056,0.510489821434021,-0.08017532527446747,0.6829826831817627,0.515078067779541,-0.09564211964607239,0.736656129360199,0.5165789723396301,-0.10693250596523285,0.48903733491897583,0.5698626041412354,-0.07313356548547745,0.5443249344825745,0.5537415742874146,-0.0795518159866333,0.5185035467147827,0.5407902002334595,-0.07175474613904953,0.49235138297080994,0.5388451814651489,-0.06815893203020096
E,0.3142073154449463,0.5630509257316589,6.54449593184836e-07,0.3790486454963684,0.46399009227752686,0.011055431328713894,0.46937161684036255,0.4429018199443817,0.006197554524987936,0.5317956209182739,0.498983770608902,0.0005676165455952287,0.5704249143600464,0.5453163981437683,-0.0066659278236329556,0.48708781599998474,0.3698428273200989,-0.029942136257886887,0.5869343280792236,0.3288011848926544,-0.04198002815246582,0.6478701829910278,0.30824530124664307,-0.04680991917848587,0.6991300582885742,0.292369544506073,-0.0520782545208931,0.4895817041397095,0.43561065196990967,-0.05061338469386101,0.6140445470809937,0.4186915159225464,-0.06791961193084717,0.6903293132781982,0.4138931632041931,-0.08214372396469116,0.7488501667976379,0.4122384190559387,-0.09375399351119995,0.48540350794792175,0.5103552937507629,-0.0671909749507904,0.6049816608428955,0.5313636064529419,-0.08879668265581131,0.6677526235580444,0.5364609956741333,-0.10612967610359192,0.7141706943511963,0.5371456742286682,-0.11903618276119232,0.4764253497123718,0.5847220420837402,-0.08032970130443573,0.5290911197662354,0.5692013502120972,-0.09124818444252014,0.504233717918396,0.5531201958656311,-0.08771219849586487,0.48009443283081055,0.5463466048240662,-0.0870494544506073
E,0.3177792727947235,0.565161406993866,7.123097702788073e-07,0.37458091974258423,0.46159273386001587,0.013074406422674656,0.4613829255104065,0.437965989112854,0.008671906776726246,0.524000346660614,0.4937983751296997,0.004504654090851545,0.559359073638916,0.5430723428726196,-0.0012129180831834674,0.48686301708221436,0.36726856231689453,-0.034127917140722275,0.591404139995575,0.3269003629684448,-0.0423058457672596,0.6532320976257324,0.30999845266342163,-0.04247938096523285,0.7033319473266602,0.29442298412323,-0.04374989867210388,0.48939457535743713,0.4355902671813965,-0.05296136066317558,0.6149351000785828,0.4159584045410156,-0.07272420078516006,0.6924245357513428,0.4112327992916107,-0.08374843746423721,0.751568078994751,0.4061737656593323,-0.09121609479188919,0.48600631952285767,0.5115368962287903,-0.066334567964077,0.6042924523353577,0.5286035537719727,-0.08697713166475296,0.6716367602348328,0.5335562229156494,-0.0977470725774765,0.7216507196426392,0.5329363942146301,-0.10449515283107758,0.47635865211486816,0.5864874720573425,-0.07569199055433273,0.5419477820396423,0.5695039629936218,-0.07768270373344421,0.5171762108802795,0.5552777051925659,-0.06379634141921997,0.48881274461746216,0.5515658855438232,-0.05594496428966522
E,0.3157117962837219,0.5671504735946655,6.808264743085601e-07,0.3748636841773987,0.4635971188545227,0.01447719894349575,0.463208943605423,0.4420683979988098,0.010863006114959717,0.5269008874893188,0.5021761059761047,0.006852853577584028,0.5633625984191895,0.5511804819107056,0.0008879846427589655,0.4830982983112335,0.3698806166648865,-0.03173970431089401,0.5873329639434814,0.3311292827129364,-0.03964291140437126,0.6477032899856567,0.3116050958633423,-0.040620580315589905,0.698601484298706,0.29341769218444824,-0.04352761059999466,0.48652195930480957,0.43737587332725525,-0.051929108798503876,0.6131325960159302,0.4177176356315613,-0.070702463388443,0.6908597946166992,0.41280192136764526,-0.08448126912117004,0.7514801025390625,0.4083005487918854,-0.095378577709198,0.484035462141037,0.5125715136528015,-0.06665802747011185,0.6044754981994629,0.5289769768714905,-0.08880644291639328,0.6711171865463257,0.5358163118362427,-0.10485634952783585,0.7205662727355957,0.5371102094650269,-0.11616722494363785,0.47694769501686096,0.5860898494720459,-0.07703293114900589,0.5389608144760132,0.5653731822967529,-0.08372483402490616,0.5129210352897644,0.5483022928237915,-0.07598740607500076,0.4856400787830353,0.5420087575912476,-0.07300882041454315
E,0.3177517354488373,0.5666626691818237,7.220488100756484e-07,0.3740321397781372,0.4635936915874481,0.010327288880944252,0.45989078283309937,0.4377564489841461,0.004314824938774109,0.5229306817054749,0.49289631843566895,-0.0016096604522317648,0.5600432753562927,0.5405853390693665,-0.00945341121405363,0.4837673306465149,0.3688797652721405,-0.03579922020435333,0.5881855487823486,0.32841813564300537,-0.046042442321777344,0.6505533456802368,0.3092787265777588,-0.04854584112763405,0.7011117935180664,0.2926238179206848,-0.05153985321521759,0.4876002073287964,0.4372110962867737,-0.05462469160556793,0.6148267388343811,0.4170585572719574,-0.07292138785123825,0.6923038959503174,0.4113055467605591,-0.0848790854215622,0.7517549991607666,0.40648019313812256,-0.09393893927335739,0.48490041494369507,0.5134668946266174,-0.06851952522993088,0.606184720993042,0.526918888092041,-0.08826186507940292,0.6724250316619873,0.5319962501525879,-0.10069366544485092,0.7213147878646851,0.5329777002334595,-0.10965707898139954,0.47638243436813354,0.5882896184921265,-0.07887035608291626,0.5402686595916748,0.5689603686332703,-0.0833006277680397,0.5179935693740845,0.5545783042907715,-0.07280299812555313,0.49317899346351624,0.5513802766799927,-0.0675477460026741
E,0.316813588142395,0.5667850971221924,7.060350526444381e-07,0.37356793880462646,0.4642053246498108,0.012576053850352764,0.460213303565979,0.4387279152870178,0.007910710759460926,0.5241061449050903,0.49387767910957336,0.003076960099861026,0.5608038306236267,0.5408945679664612,-0.003597505856305361,0.48397791385650635,0.36931511759757996,-0.0339115671813488,0.5882732272148132,0.3294757902622223,-0.04332597926259041,0.6498950719833374,0.31018102169036865,-0.045177582651376724,0.700356125831604,0.2925463020801544,-0.04792550578713417,0.4872915744781494,0.43677082657814026,-0.05337366834282875,0.6144119501113892,0.4177243709564209,-0.07163605093955994,0.691785454750061,0.41211605072021484,-0.08350422978401184,0.7515047788619995,0.40658190846443176,-0.09251613169908524,0.4842618405818939,0.5122396349906921,-0.06765739619731903,0.6048675179481506,0.5283820629119873,-0.08743534982204437,0.670939564704895,0.535671591758728,-0.09968031197786331,0.719917893409729,0.5371121764183044,-0.10840395092964172,0.475401908159256,0.5865870118141174,-0.07818605750799179,0.5397032499313354,0.5704412460327148,-0.08211734890937805,0.5163941383361816,0.5560265183448792,-0.07132177799940109,0.4906766414642334,0.550915002822876,-0.06594452261924744
E,0.3160296380519867,0.56883305311203,6.9967944682503e-07,0.3738224506378174,0.4661065340042114,0.013174225576221943,0.46190857887268066,0.44374191761016846,0.008426393382251263,0.5253456234931946,0.5026912093162537,0.003410140285268426,0.5612202882766724,0.5518513917922974,-0.003606857033446431,0.48384854197502136,0.37047579884529114,-0.034105606377124786,0.5878639817237854,0.33276599645614624,-0.043498970568180084,0.6491100788116455,0.3136153817176819,-0.04542003199458122,0.6996268033981323,0.295482873916626,-0.048599641770124435,0.48673856258392334,0.43748587369918823,-0.05440603196620941,0.6135034561157227,0.419380247592926,-0.07317393273115158,0.691196084022522,0.4143867492675781,-0.08577252924442291,0.7512229681015015,0.4086856245994568,-0.09561362862586975,0.4834032356739044,0.5128928422927856,-0.06953691691160202,0.6044506430625916,0.5310130715370178,-0.09102518856525421,0.6714009642601013,0.5388569235801697,-0.10525287687778473,0.7213688492774963,0.5402501821517944,-0.11534129083156586,0.47473424673080444,0.5878504514694214,-0.0806334838271141,0.5376840829849243,0.5702266693115234,-0.08658494055271149,0.5124215483665466,0.5538899302482605,-0.07757366448640823,0.4855216145515442,0.5471535921096802,-0.07362107932567596
E,0.3164324462413788,0.5672392249107361,7.233032874864875e-07,0.37500622868537903,0.46577030420303345,0.012819536961615086,0.4620196521282196,0.4427981376647949,0.007657552137970924,0.5248924493789673,0.500766396522522,0.002300419146195054,0.5609943866729736,0.550141453742981,-0.005022529978305101,0.48387107253074646,0.3700682818889618,-0.03536519408226013,0.588524580001831,0.3316110074520111,-0.04516527056694031,0.6503956317901611,0.3126033842563629,-0.047255489975214005,0.700718879699707,0.29438942670822144,-0.0502656064927578,0.48673126101493835,0.4374048709869385,-0.05531474947929382,0.6146140694618225,0.4197823703289032,-0.07432908564805984,0.6921082139015198,0.41506561636924744,-0.0866222083568573,0.751988410949707,0.40923404693603516,-0.09593239426612854,0.483346164226532,0.5128231644630432,-0.06999966502189636,0.6034083962440491,0.5295202732086182,-0.09036142379045486,0.6703835725784302,0.5381604433059692,-0.10329888761043549,0.7206482887268066,0.5405457019805908,-0.1125107854604721,0.47445693612098694,0.5875744223594666,-0.0808049738407135,0.5373715162277222,0.5698732733726501,-0.08484707027673721,0.5138648748397827,0.5541885495185852,-0.074459969997406,0.4885033071041107,0.5483894348144531,-0.0695524588227272
E,0.3150499761104584,0.5692031979560852,7.072678158692725e-07,0.3737359046936035,0.46635398268699646,0.015376930125057697,0.46086665987968445,0.4458445608615875,0.011179721914231777,0.5242136120796204,0.5070009827613831,0.006334690842777491,0.5598432421684265,0.558699369430542,-0.000511816528160125,0.48426252603530884,0.36906880140304565,-0.0319887213408947,0.5878466367721558,0.3310518264770508,-0.04122556373476982,0.6489171385765076,0.31198540329933167,-0.04357245936989784,0.699367344379425,0.29331502318382263,-0.04725341871380806,0.48628532886505127,0.43551087379455566,-0.05305499583482742,0.6131920218467712,0.4198295474052429,-0.07276258617639542,0.6906171441078186,0.41556841135025024,-0.08653242141008377,0.7510533928871155,0.41015785932540894,-0.09711665660142899,0.4821840822696686,0.5111498236656189,-0.06860008090734482,0.603553831577301,0.5306865572929382,-0.09043790400028229,0.6707121133804321,0.5404106974601746,-0.10486085712909698,0.7212671637535095,0.5438786745071411,-0.11492319405078888,0.47322899103164673,0.5871495008468628,-0.07985033094882965,0.5361117124557495,0.5690352916717529,-0.08518758416175842,0.5108199715614319,0.5533661842346191,-0.07570351660251617,0.48456355929374695,0.5481021404266357,-0.07139701396226883
E,0.31456175446510315,0.5696021914482117,7.179605745477602e-07,0.3732994794845581,0.4651476740837097,0.01503684651106596,0.45980244874954224,0.4439275562763214,0.010793833993375301,0.5227190852165222,0.5042474269866943,0.0061829909682273865,0.5590006709098816,0.5558720231056213,-0.00035813168506138027,0.48336490988731384,0.369573712348938,-0.033394765108823776,0.5871589779853821,0.33114421367645264,-0.04253669083118439,0.6483896374702454,0.3113192319869995,-0.04388725012540817,0.6991734504699707,0.292398601770401,-0.0466444194316864,0.48564594984054565,0.43639445304870605,-0.05411732569336891,0.612910270690918,0.41862577199935913,-0.07515262812376022,0.6907718777656555,0.41446569561958313,-0.08822598308324814,0.7512456178665161,0.41027799248695374,-0.09778229147195816,0.48217469453811646,0.5118332505226135,-0.06925270706415176,0.6035276055335999,0.531356930732727,-0.09189626574516296,0.6714354753494263,0.5405267477035522,-0.10515431314706802,0.7226032018661499,0.5441378355026245,-0.11385616660118103,0.47346070408821106,0.5871694684028625,-0.08007466048002243,0.5369762182235718,0.5670747756958008,-0.08443129062652588,0.5114765763282776,0.5512199997901917,-0.07342878729104996,0.48494377732276917,0.5466347336769104,-0.06798762828111649
E,0.31434035301208496,0.5700541734695435,7.359906248893822e-07,0.3722713589668274,0.4657752811908722,0.013119122013449669,0.4590146839618683,0.4442606568336487,0.007862652651965618,0.5219871401786804,0.5053219795227051,0.0024275488685816526,0.5579401850700378,0.5573289394378662,-0.004937475081533194,0.48290300369262695,0.3696861267089844,-0.034446150064468384,0.5870404243469238,0.3308256268501282,-0.04401535913348198,0.6485809087753296,0.3113973140716553,-0.0459732748568058,0.6993470788002014,0.2925789952278137,-0.04907115921378136,0.4857383072376251,0.43687963485717773,-0.0543842539191246,0.6131558418273926,0.4191594421863556,-0.0746883973479271,0.691015362739563,0.4148814082145691,-0.08760442584753036,0.7515082955360413,0.410025954246521,-0.09726201742887497,0.48249873518943787,0.5123799443244934,-0.06897266954183578,0.6033576726913452,0.532011091709137,-0.09062846004962921,0.6709170937538147,0.5416032671928406,-0.1035095825791359,0.7217437624931335,0.5453793406486511,-0.11231920123100281,0.4739972651004791,0.5870594382286072,-0.07956995069980621,0.5374033451080322,0.5690080523490906,-0.08342358469963074,0.5125797390937805,0.5543457865715027,-0.07224422693252563,0.48681342601776123,0.5506269931793213,-0.06683743000030518
E,0.31435540318489075,0.5711660981178284,7.415793561449391e-07,0.37156158685684204,0.4687645733356476,0.013947315514087677,0.45819857716560364,0.4479016959667206,0.009667128324508667,0.521668553352356,0.5070909857749939,0.005031673703342676,0.5575985908508301,0.5585753917694092,-0.0012233919696882367,0.48251962661743164,0.37008506059646606,-0.03076818399131298,0.5875402688980103,0.3313008248806,-0.039792485535144806,0.6496078372001648,0.31256356835365295,-0.04108812287449837,0.6998505592346191,0.29381394386291504,-0.04329158365726471,0.4855656325817108,0.43645718693733215,-0.05082067847251892,0.6148252487182617,0.4190048575401306,-0.07075324654579163,0.6927282810211182,0.41596731543540955,-0.08216732740402222,0.7529256939888,0.410940557718277,-0.08980206400156021,0.4825563132762909,0.5113285183906555,-0.06580332666635513,0.6033323407173157,0.5293726325035095,-0.08668665587902069,0.6711375713348389,0.5403767824172974,-0.09763730317354202,0.7223918437957764,0.5435014367103577,-0.10439974069595337,0.473624050617218,0.5868805050849915,-0.07687006145715714,0.5388396382331848,0.5712923407554626,-0.07875033468008041,0.5148264169692993,0.5581603050231934,-0.06522069126367569,0.48837345838546753,0.5545437932014465,-0.057695385068655014
E,0.3146994411945343,0.5698295831680298,7.246275117722689e-07,0.37300679087638855,0.4663892984390259,0.013127120211720467,0.46015575528144836,0.44446197152137756,0.008272554725408554,0.5243890285491943,0.5020343065261841,0.00320305023342371,0.5609322786331177,0.5524705648422241,-0.003565991995856166,0.4835897386074066,0.3704037666320801,-0.03311433270573616,0.5880556106567383,0.331727534532547,-0.042704395949840546,0.6495832204818726,0.3124936521053314,-0.04426958039402962,0.6997087597846985,0.29324978590011597,-0.0467529371380806,0.48640263080596924,0.43711939454078674,-0.053147513419389725,0.6148756742477417,0.4199366569519043,-0.07274476438760757,0.6926575899124146,0.4162541329860687,-0.08391042053699493,0.7529160976409912,0.41104578971862793,-0.09182265400886536,0.48310351371765137,0.5120507478713989,-0.06816192716360092,0.6042760014533997,0.5312950015068054,-0.08912377059459686,0.6717226505279541,0.5409387350082397,-0.10030488669872284,0.7226896286010742,0.5431133508682251,-0.10755212604999542,0.4737539291381836,0.5876137614250183,-0.07936082780361176,0.5393028855323792,0.5713307857513428,-0.08217333257198334,0.515204131603241,0.5567305684089661,-0.06954149156808853,0.4886833131313324,0.5516509413719177,-0.06281041353940964
E,0.3170818090438843,0.5678015947341919,7.446222980433959e-07,0.3750566244125366,0.46907201409339905,0.013947531580924988,0.4605674743652344,0.4518350064754486,0.00992607045918703,0.5221228003501892,0.5144760012626648,0.005576565861701965,0.5568988919258118,0.5673198699951172,-2.268707612529397e-05,0.4862682819366455,0.37182700634002686,-0.028957536444067955,0.5908278226852417,0.332591712474823,-0.037621498107910156,0.652708113193512,0.3142404556274414,-0.038507260382175446,0.7032724618911743,0.29609930515289307,-0.040504615753889084,0.48996853828430176,0.4367545247077942,-0.048739973455667496,0.6168254613876343,0.41829293966293335,-0.06897424906492233,0.6942299604415894,0.41513100266456604,-0.08064072579145432,0.7548166513442993,0.41022804379463196,-0.08843199163675308,0.4870299994945526,0.5097984671592712,-0.06361361593008041,0.6044577360153198,0.5293611288070679,-0.08450932055711746,0.6719628572463989,0.5409021377563477,-0.09574154764413834,0.7235736846923828,0.544793963432312,-0.10265527665615082,0.4780762493610382,0.5835287570953369,-0.0746246874332428,0.5394606590270996,0.5690655708312988,-0.07595193386077881,0.5156393051147461,0.5558267831802368,-0.06278179585933685,0.4902283549308777,0.5524010062217712,-0.05571523681282997
E,0.31805887818336487,0.5681406259536743,7.140790785342688e-07,0.3748120069503784,0.46825018525123596,0.018360933288931847,0.46069592237472534,0.4516216814517975,0.01634197123348713,0.5231188535690308,0.5144634246826172,0.013579439371824265,0.5579816699028015,0.5661211013793945,0.009103688411414623,0.48727041482925415,0.369733601808548,-0.0264547411352396,0.5926398634910583,0.33296999335289,-0.03237738832831383,0.6534255146980286,0.3150486648082733,-0.03133193030953407,0.703536868095398,0.29683035612106323,-0.032540276646614075,0.49006322026252747,0.43434780836105347,-0.047490548342466354,0.6174849271774292,0.4154249429702759,-0.06746814399957657,0.694267213344574,0.41226306557655334,-0.07935831695795059,0.7544280290603638,0.4080103039741516,-0.08723518997430801,0.48672157526016235,0.5078604221343994,-0.06282604485750198,0.6070546507835388,0.525071918964386,-0.08480489999055862,0.6759080290794373,0.5348612666130066,-0.0974336713552475,0.7286462187767029,0.5376418232917786,-0.10510179400444031,0.47786206007003784,0.5826871395111084,-0.07340237498283386,0.5410882234573364,0.5665007829666138,-0.07554890215396881,0.5148388743400574,0.5520380139350891,-0.06281615048646927,0.48717814683914185,0.5482380390167236,-0.05600456893444061
E,0.31738993525505066,0.5697545409202576,6.936515433153545e-07,0.3755425214767456,0.4671578109264374,0.01946895569562912,0.46175631880760193,0.4484100043773651,0.017852310091257095,0.5244225263595581,0.5089694261550903,0.015455830842256546,0.5595871210098267,0.5605646371841431,0.011316918767988682,0.48666661977767944,0.37100282311439514,-0.02883937582373619,0.5918335914611816,0.33373865485191345,-0.03566686809062958,0.6522858738899231,0.31513524055480957,-0.03518955036997795,0.7026337385177612,0.29702305793762207,-0.03686727583408356,0.4891800880432129,0.4369605779647827,-0.05047213286161423,0.616752028465271,0.4174308776855469,-0.0710165724158287,0.6940027475357056,0.4136865437030792,-0.08365712314844131,0.7541587352752686,0.40962618589401245,-0.09254812449216843,0.4862518310546875,0.5110577344894409,-0.06608420610427856,0.6064664125442505,0.5302620530128479,-0.0884760394692421,0.6743842363357544,0.5396872162818909,-0.10195314139127731,0.7255101799964905,0.5428282022476196,-0.11037005484104156,0.4778274893760681,0.5853414535522461,-0.0768314078450203,0.54143887758255,0.5679029822349548,-0.07956312596797943,0.5151371359825134,0.5527795553207397,-0.06795541942119598,0.48756247758865356,0.5481429100036621,-0.062104903161525726
E,0.318315327167511,0.5661687850952148,7.145177391976176e-07,0.3778180480003357,0.46617478132247925,0.018583452329039574,0.4655292332172394,0.4506918489933014,0.01635158061981201,0.5257553458213806,0.5174915790557861,0.01298527605831623,0.5578809380531311,0.5732207298278809,0.00750230997800827,0.49018657207489014,0.36830684542655945,-0.026030441746115685,0.5939615964889526,0.33249592781066895,-0.032302431762218475,0.6541260480880737,0.31534114480018616,-0.032130781561136246,0.7037737369537354,0.29743605852127075,-0.03429218754172325,0.49229028820991516,0.43260517716407776,-0.04839305207133293,0.6174478530883789,0.4142531454563141,-0.0685170367360115,0.6936677694320679,0.41215571761131287,-0.08129128813743591,0.7536985874176025,0.40833333134651184,-0.09012439101934433,0.48798176646232605,0.5062106847763062,-0.06523332744836807,0.6067445278167725,0.5251129865646362,-0.08865651488304138,0.6771544218063354,0.535508930683136,-0.10336115956306458,0.7315303087234497,0.5384179353713989,-0.11248578131198883,0.4781692326068878,0.5821964740753174,-0.077244333922863,0.5412686467170715,0.5673350095748901,-0.08127323538064957,0.5143102407455444,0.554374098777771,-0.06965520977973938,0.48587891459465027,0.5514510869979858,-0.06372806429862976
E,0.31737712025642395,0.5677692890167236,6.891059456393123e-07,0.37689828872680664,0.4657204747200012,0.019797097891569138,0.4630741477012634,0.4466472268104553,0.017994042485952377,0.5245313048362732,0.5066699385643005,0.014979846775531769,0.5578565001487732,0.5585561990737915,0.01007649302482605,0.4863499701023102,0.37027573585510254,-0.02851799875497818,0.5915076732635498,0.3329354524612427,-0.035346511751413345,0.6517243385314941,0.3148772716522217,-0.03466347977519035,0.7018029689788818,0.2972889244556427,-0.03610290586948395,0.48883867263793945,0.43498021364212036,-0.05086369812488556,0.6167287230491638,0.4152366816997528,-0.07107481360435486,0.6937940120697021,0.41176339983940125,-0.08306606113910675,0.7539240121841431,0.407691091299057,-0.09129088371992111,0.48572006821632385,0.5088486075401306,-0.06726521998643875,0.6060687899589539,0.5283558964729309,-0.08929324895143509,0.6743190884590149,0.5391892194747925,-0.10222034901380539,0.7260923385620117,0.5424643754959106,-0.11022921651601791,0.4767427444458008,0.5841213464736938,-0.0788772702217102,0.5417619943618774,0.568706214427948,-0.08123059570789337,0.5157799124717712,0.5534687042236328,-0.06899707764387131,0.48776382207870483,0.5474333167076111,-0.06267020106315613
E,0.3177924156188965,0.5652522444725037,7.205734391391161e-07,0.37820965051651,0.4660678803920746,0.01717226766049862,0.46503204107284546,0.4505805969238281,0.014138378202915192,0.5253987312316895,0.5164788365364075,0.010393333621323109,0.5565587282180786,0.5715333819389343,0.004787077661603689,0.48890435695648193,0.36849164962768555,-0.028672097250819206,0.5926798582077026,0.3311767280101776,-0.035727135837078094,0.6528909206390381,0.3138807415962219,-0.035733118653297424,0.7030125856399536,0.29615020751953125,-0.03789961710572243,0.49106723070144653,0.43379366397857666,-0.05035043880343437,0.6168035268783569,0.41459041833877563,-0.0714288130402565,0.693345844745636,0.4122523367404938,-0.0844544842839241,0.7538290023803711,0.40821218490600586,-0.09333078563213348,0.48726940155029297,0.5078392624855042,-0.06647229194641113,0.6056745052337646,0.5256574153900146,-0.09013400971889496,0.675914466381073,0.5361862182617188,-0.1044081449508667,0.730640172958374,0.5394288897514343,-0.11312251538038254,0.4783917963504791,0.5833755135536194,-0.07792138308286667,0.5403335094451904,0.5645278692245483,-0.08199542760848999,0.5137783885002136,0.5502960681915283,-0.07027676701545715,0.48628365993499756,0.547251284122467,-0.06416457146406174
E,0.31697016954421997,0.5643914937973022,7.028804702713387e-07,0.3773459196090698,0.465079128742218,0.01869354583323002,0.46389442682266235,0.4491771161556244,0.016557492315769196,0.5243229269981384,0.5130749344825745,0.01331264991313219,0.5567530393600464,0.5663856267929077,0.008310060948133469,0.48755043745040894,0.3699781000614166,-0.0265033058822155,0.5921409130096436,0.33217936754226685,-0.03273758292198181,0.6524360775947571,0.31420522928237915,-0.03180873766541481,0.7027458548545837,0.29616522789001465,-0.03326479345560074,0.4907606244087219,0.4331751763820648,-0.04839911684393883,0.6170687079429626,0.4142206013202667,-0.06847772002220154,0.6937060356140137,0.4114235043525696,-0.08077447861433029,0.7539067268371582,0.4073856770992279,-0.08915195614099503,0.4872781038284302,0.5059103965759277,-0.06461449712514877,0.6055347919464111,0.525826096534729,-0.08674952387809753,0.6754511594772339,0.5373167395591736,-0.10005871206521988,0.7296154499053955,0.5411891937255859,-0.10836063325405121,0.47823137044906616,0.5806781649589539,-0.07615914195775986,0.5405628681182861,0.565116822719574,-0.07873646169900894,0.5143799781799316,0.5508018732070923,-0.06648758798837662,0.487003356218338,0.5463229417800903,-0.06019999459385872
E,0.31959521770477295,0.5644903779029846,7.037339173621149e-07,0.37851089239120483,0.4642049968242645,0.017284953966736794,0.46533772349357605,0.44774284958839417,0.014039941132068634,0.5265383124351501,0.5105417370796204,0.009878270328044891,0.5592260360717773,0.5632849335670471,0.003801338141784072,0.4891396164894104,0.369009405374527,-0.02900884859263897,0.593160092830658,0.3328731954097748,-0.03621269762516022,0.6535305976867676,0.31518542766571045,-0.03609331324696541,0.7032755613327026,0.2975693941116333,-0.03807704523205757,0.49162569642066956,0.4331950843334198,-0.050929974764585495,0.618343710899353,0.41467320919036865,-0.07049603760242462,0.6953434944152832,0.41073185205459595,-0.08248124271631241,0.7550925016403198,0.4060368537902832,-0.0909309908747673,0.48783835768699646,0.5065736174583435,-0.0673997551202774,0.608729898929596,0.5245303511619568,-0.0904446616768837,0.6787459850311279,0.5341996550559998,-0.10454218834638596,0.7317363619804382,0.5368677973747253,-0.11347042769193649,0.4787137508392334,0.582069993019104,-0.07920894771814346,0.542839527130127,0.566402792930603,-0.08409044146537781,0.5166797041893005,0.5524522066116333,-0.07306088507175446,0.48820173740386963,0.5489774346351624,-0.06738349050283432
E,0.319794625043869,0.5648097991943359,7.124580747586151e-07,0.379708468914032,0.4677402973175049,0.01858474314212799,0.46632564067840576,0.45304468274116516,0.015751736238598824,0.5268778204917908,0.5183387994766235,0.011602465063333511,0.5582290887832642,0.5724158883094788,0.005624732468277216,0.48998144268989563,0.3693508207798004,-0.025950172916054726,0.592966616153717,0.33248084783554077,-0.03350173309445381,0.6534864902496338,0.3149454891681671,-0.03431278094649315,0.7037221789360046,0.2976827025413513,-0.03709614276885986,0.4919798970222473,0.4320191442966461,-0.04869264364242554,0.618247389793396,0.41495177149772644,-0.06815671920776367,0.6952075362205505,0.411485493183136,-0.08110141009092331,0.7554355263710022,0.4064236283302307,-0.09048636257648468,0.48809418082237244,0.504230260848999,-0.06607799232006073,0.6078241467475891,0.5241692066192627,-0.08840018510818481,0.6766334176063538,0.5354078412055969,-0.10263752937316895,0.7292869687080383,0.538522481918335,-0.11201204359531403,0.47964146733283997,0.5793765783309937,-0.07887201011180878,0.5411834716796875,0.5658499002456665,-0.08316901326179504,0.5150513052940369,0.552844762802124,-0.07248389720916748,0.48805561661720276,0.5486928224563599,-0.06730849295854568
E,0.3201022744178772,0.5630948543548584,7.118624694157916e-07,0.3805496096611023,0.46523940563201904,0.018240582197904587,0.4670546054840088,0.4507819414138794,0.014861471951007843,0.5276594758033752,0.5171592235565186,0.010312754660844803,0.5589988231658936,0.5712499022483826,0.0037928351666778326,0.48995354771614075,0.3682326376438141,-0.028287362307310104,0.5930688977241516,0.33172255754470825,-0.03616837412118912,0.6532775163650513,0.31460827589035034,-0.03706151992082596,0.703311562538147,0.29791176319122314,-0.03996779024600983,0.4918389320373535,0.4322207570075989,-0.051033467054367065,0.6183398962020874,0.4150092899799347,-0.07107717543840408,0.6952997446060181,0.411693811416626,-0.08443352580070496,0.7554142475128174,0.4072076678276062,-0.0942629873752594,0.48798251152038574,0.5053820610046387,-0.06828122586011887,0.608493983745575,0.524448573589325,-0.09145422279834747,0.6771050691604614,0.5358052849769592,-0.1064658984541893,0.7293176651000977,0.5397765040397644,-0.1163613498210907,0.4797384440898895,0.5806984305381775,-0.08082913607358932,0.5414631366729736,0.5645866990089417,-0.08644497394561768,0.5150045156478882,0.5502870082855225,-0.07680331915616989,0.4878008961677551,0.5457329750061035,-0.07230501621961594
E,0.3213677406311035,0.5621936321258545,7.11724680968473e-07,0.38166001439094543,0.46469423174858093,0.020083758980035782,0.4670087993144989,0.4493267238140106,0.017333483323454857,0.5272928476333618,0.513950526714325,0.013087424449622631,0.5581120252609253,0.5682300329208374,0.006799443159252405,0.49181464314460754,0.36756452918052673,-0.02751893550157547,0.5951014757156372,0.3315791189670563,-0.035196319222450256,0.6555744409561157,0.3141729533672333,-0.03559071198105812,0.7055836915969849,0.2974293828010559,-0.03794119879603386,0.4934396743774414,0.4311677813529968,-0.05090733617544174,0.6200336813926697,0.41413992643356323,-0.07118318974971771,0.6967912912368774,0.4102310538291931,-0.08348972350358963,0.7562794089317322,0.4056026339530945,-0.09207465499639511,0.48890501260757446,0.5044455528259277,-0.0685497373342514,0.6101152896881104,0.5246511697769165,-0.09115681797266006,0.6785879135131836,0.5353482365608215,-0.10431093722581863,0.7304069399833679,0.538429319858551,-0.1126466616988182,0.47921568155288696,0.5803345441818237,-0.08138987421989441,0.541480541229248,0.56642085313797,-0.08530540764331818,0.5156493186950684,0.550819456577301,-0.07379996031522751,0.48824161291122437,0.5445721745491028,-0.06786806136369705
E,0.3214910924434662,0.5624725222587585,7.055261903587962e-07,0.38143980503082275,0.46308988332748413,0.019330624490976334,0.4667024612426758,0.4467589259147644,0.017017489299178123,0.5276609659194946,0.510435163974762,0.013549167662858963,0.5602654814720154,0.5632055997848511,0.008112670853734016,0.4903849959373474,0.36905157566070557,-0.028587637469172478,0.5948393940925598,0.3323667049407959,-0.036039087921381,0.6557198762893677,0.31412792205810547,-0.03608378767967224,0.7060211300849915,0.296899676322937,-0.03806678578257561,0.49225881695747375,0.4332464933395386,-0.05094720423221588,0.6203793883323669,0.4144695997238159,-0.07144254446029663,0.6971656084060669,0.4105096459388733,-0.08383819460868835,0.7564836740493774,0.40621528029441833,-0.09243827313184738,0.48854780197143555,0.506381630897522,-0.06745397299528122,0.6105495691299438,0.5263721942901611,-0.08980502188205719,0.6782519221305847,0.538180947303772,-0.10255369544029236,0.7288022041320801,0.5425958037376404,-0.110476054251194,0.4793812930583954,0.580864429473877,-0.07921438664197922,0.5444209575653076,0.5654346346855164,-0.08244240283966064,0.519169807434082,0.5503319501876831,-0.07045755535364151,0.491863489151001,0.5449070930480957,-0.06419242918491364
E,0.3217838406562805,0.5633864402770996,7.11611960468872e-07,0.38141298294067383,0.46504297852516174,0.019976960495114326,0.46670836210250854,0.4496418833732605,0.018019143491983414,0.527097761631012,0.5149717926979065,0.014748632907867432,0.5591683983802795,0.5683853626251221,0.009456301108002663,0.4909725487232208,0.36780214309692383,-0.027071774005889893,0.5952604413032532,0.33195799589157104,-0.03426499664783478,0.6561978459358215,0.31405922770500183,-0.03420548513531685,0.7063480019569397,0.2966415286064148,-0.03612697497010231,0.492776483297348,0.4314154088497162,-0.04992862418293953,0.6208745837211609,0.41352251172065735,-0.07097876816987991,0.6977412700653076,0.4101466238498688,-0.08348989486694336,0.7571502327919006,0.4060671031475067,-0.09177044779062271,0.4886912703514099,0.5047350525856018,-0.06693252176046371,0.6112158894538879,0.5235629677772522,-0.0900142714381218,0.6795129179954529,0.5350353121757507,-0.10284309089183807,0.7312284111976624,0.5389169454574585,-0.11047590523958206,0.4789276123046875,0.5806986093521118,-0.07905919849872589,0.5439742803573608,0.5658319592475891,-0.08234835416078568,0.5176277160644531,0.5510808825492859,-0.06974983960390091,0.48947566747665405,0.5460862517356873,-0.06289167702198029
E,0.3214043974876404,0.562445878982544,7.165426723076962e-07,0.3830415904521942,0.46584516763687134,0.019490942358970642,0.4683948755264282,0.4514709413051605,0.0168602392077446,0.5284125208854675,0.5156900882720947,0.012706664390861988,0.5603954195976257,0.5698127150535583,0.0068332841619849205,0.4903557002544403,0.37143632769584656,-0.027076033875346184,0.593789279460907,0.3335045576095581,-0.03520233929157257,0.6545131206512451,0.31549838185310364,-0.035868093371391296,0.7046864032745361,0.29898351430892944,-0.03812661021947861,0.4932871162891388,0.43320760130882263,-0.04995808005332947,0.6207227110862732,0.4155499041080475,-0.06955994665622711,0.6972846984863281,0.41205039620399475,-0.08156651258468628,0.756510853767395,0.4083901345729828,-0.08992405980825424,0.489946573972702,0.5045169591903687,-0.06727113574743271,0.610619843006134,0.5275402069091797,-0.08769302070140839,0.677936315536499,0.5395826101303101,-0.10006437450647354,0.7292174100875854,0.5439698696136475,-0.10825425386428833,0.4808676838874817,0.5783475041389465,-0.08017183095216751,0.5420352220535278,0.5680493116378784,-0.08178190141916275,0.517340898513794,0.5533769726753235,-0.06985197961330414,0.4919857680797577,0.5474056005477905,-0.06394930928945541
E,0.32169777154922485,0.5655057430267334,7.238893999783613e-07,0.3806873559951782,0.46902981400489807,0.019620083272457123,0.46663954854011536,0.45534008741378784,0.017423097044229507,0.5265709161758423,0.521117091178894,0.013753965497016907,0.5573467016220093,0.5750086903572083,0.008232397958636284,0.4923250377178192,0.36954599618911743,-0.02536524459719658,0.5953905582427979,0.33316439390182495,-0.03316285088658333,0.6566919684410095,0.31575459241867065,-0.033389098942279816,0.7067937850952148,0.29975783824920654,-0.03522280976176262,0.49511706829071045,0.43168821930885315,-0.04858744889497757,0.6219732761383057,0.41396215558052063,-0.0703166276216507,0.6990621089935303,0.41000887751579285,-0.0823700800538063,0.7580409049987793,0.40626609325408936,-0.08962614834308624,0.49075013399124146,0.5047573447227478,-0.06625465303659439,0.6122127771377563,0.5237265825271606,-0.08939727395772934,0.6806174516677856,0.5342566967010498,-0.10097698122262955,0.7326693534851074,0.5377730131149292,-0.10731687396764755,0.480058878660202,0.5816062688827515,-0.07926223427057266,0.5417065024375916,0.5680103302001953,-0.08224045485258102,0.5154228210449219,0.5531042814254761,-0.06873664259910583,0.4872163236141205,0.5482821464538574,-0.06083568185567856
E,0.3219531178474426,0.5637351274490356,7.22802838026837e-07,0.3826889991760254,0.4652857184410095,0.01812290959060192,0.46817877888679504,0.45058512687683105,0.015070469118654728,0.5285061597824097,0.5148289203643799,0.010989108122885227,0.5609713792800903,0.5681855082511902,0.005258962046355009,0.4912671744823456,0.3699225187301636,-0.028148405253887177,0.5949906706809998,0.3342517912387848,-0.036225467920303345,0.6555662155151367,0.31634610891342163,-0.037254415452480316,0.7057408094406128,0.2992214560508728,-0.03991900384426117,0.49396654963493347,0.4338628053665161,-0.050047554075717926,0.6211657524108887,0.4169640839099884,-0.0698731392621994,0.6974795460700989,0.41330692172050476,-0.08275919407606125,0.7567335367202759,0.4090547561645508,-0.09196916967630386,0.4908112585544586,0.5065063834190369,-0.06633807718753815,0.61130291223526,0.5283873081207275,-0.0876370519399643,0.6785422563552856,0.5407272577285767,-0.10102717578411102,0.7293795347213745,0.5457017421722412,-0.10992136597633362,0.4824824333190918,0.580599308013916,-0.07815518230199814,0.5427508354187012,0.5686459541320801,-0.08098192512989044,0.5171868801116943,0.5545178651809692,-0.06982368230819702,0.4910826086997986,0.5496487617492676,-0.06439017504453659
E,0.3218259811401367,0.5641934275627136,7.294049737538444e-07,0.3822087347507477,0.4679142236709595,0.01771690510213375,0.46823880076408386,0.4546675384044647,0.014837603084743023,0.5274533629417419,0.5215324759483337,0.010794319212436676,0.5583337545394897,0.5764632225036621,0.004983875900506973,0.49172061681747437,0.36954233050346375,-0.026173096150159836,0.5949938297271729,0.3346310257911682,-0.03402448818087578,0.656458854675293,0.3166372776031494,-0.035009682178497314,0.7068939805030823,0.29921168088912964,-0.03767586871981621,0.49474960565567017,0.43241560459136963,-0.04847707599401474,0.6215179562568665,0.4160025119781494,-0.06800020486116409,0.6982300877571106,0.4122268855571747,-0.08059807866811752,0.7574169039726257,0.40732938051223755,-0.0893251821398735,0.4913765788078308,0.5050475597381592,-0.06549807637929916,0.6115026473999023,0.5258563160896301,-0.08700157701969147,0.6794067621231079,0.5358930826187134,-0.10054056346416473,0.7309192419052124,0.5385710597038269,-0.10935550183057785,0.48254746198654175,0.5805587768554688,-0.07811842113733292,0.54049152135849,0.5675437450408936,-0.08148303627967834,0.5142356157302856,0.552817165851593,-0.070346400141716,0.4874408543109894,0.5481635928153992,-0.06471069902181625
E,0.3222758173942566,0.5650855898857117,7.169686000452202e-07,0.3818238079547882,0.467966765165329,0.019002849236130714,0.46758219599723816,0.4537389576435089,0.016230508685112,0.5278732776641846,0.5191278457641602,0.012327741831541061,0.5583329796791077,0.5740073919296265,0.006530997809022665,0.4916060268878937,0.3688449263572693,-0.027485739439725876,0.5960580110549927,0.3336837887763977,-0.03473002091050148,0.6573904752731323,0.3157079219818115,-0.03487301245331764,0.70707768201828,0.2982531189918518,-0.037034377455711365,0.49463385343551636,0.4326701760292053,-0.05016010254621506,0.6227690577507019,0.4176403284072876,-0.0689016580581665,0.69892418384552,0.41330525279045105,-0.08052904158830643,0.7569739818572998,0.4078068137168884,-0.0886802226305008,0.49111559987068176,0.506171464920044,-0.06725148856639862,0.6122903227806091,0.5256878137588501,-0.08805019408464432,0.6813269257545471,0.5349453687667847,-0.1012587919831276,0.733933687210083,0.5373874306678772,-0.11013998091220856,0.4821467399597168,0.582423210144043,-0.07972627133131027,0.5394771695137024,0.5667233467102051,-0.08289065212011337,0.5139375925064087,0.5505297780036926,-0.07193907350301743,0.48788607120513916,0.5450018644332886,-0.06655041128396988
E,0.3227052390575409,0.5627639293670654,7.176519716267649e-07,0.3823060989379883,0.4659140408039093,0.01740119792521,0.467589408159256,0.4502757787704468,0.014029203914105892,0.5289525985717773,0.5128993988037109,0.009640749543905258,0.5625566244125366,0.5663281083106995,0.0036343035753816366,0.49140602350234985,0.36998796463012695,-0.028936205431818962,0.5959821939468384,0.3338388502597809,-0.037341613322496414,0.6569483280181885,0.31591111421585083,-0.038293369114398956,0.7065740823745728,0.2990913391113281,-0.0407223254442215,0.49408164620399475,0.4333057999610901,-0.05065222829580307,0.6222397685050964,0.4176192581653595,-0.06945541501045227,0.698345422744751,0.41371047496795654,-0.08130982518196106,0.7569221258163452,0.4090859293937683,-0.08989135921001434,0.4907236695289612,0.5055226683616638,-0.06696836650371552,0.6112127900123596,0.5274524688720703,-0.08674758672714233,0.6779691576957703,0.5398303270339966,-0.0992191880941391,0.7283110618591309,0.5447152853012085,-0.10788161307573318,0.48212024569511414,0.5797368288040161,-0.07906174659729004,0.541570246219635,0.5685822367668152,-0.08129327744245529,0.5177404880523682,0.5542359948158264,-0.07034485787153244,0.4932485818862915,0.5486749410629272,-0.06511492282152176
E,0.322278767824173,0.5639959573745728,7.16930287580908e-07,0.3811166286468506,0.4658740758895874,0.017827438190579414,0.46714338660240173,0.45039114356040955,0.015326321125030518,0.5283800959587097,0.5139933228492737,0.012037185952067375,0.5602841377258301,0.5675203204154968,0.007016454357653856,0.49220526218414307,0.3703629970550537,-0.028520554304122925,0.5964633226394653,0.33353951573371887,-0.035759225487709045,0.6575730443000793,0.31557604670524597,-0.03570057079195976,0.7074562311172485,0.29847973585128784,-0.03751785680651665,0.49451473355293274,0.43384841084480286,-0.05005773901939392,0.6222701072692871,0.4160832166671753,-0.06930311769247055,0.6990885734558105,0.41159889101982117,-0.08121480792760849,0.7579565644264221,0.40726810693740845,-0.08948490768671036,0.49066752195358276,0.5066977143287659,-0.06599907577037811,0.6097989082336426,0.5267393589019775,-0.0868769958615303,0.6787279844284058,0.5374343395233154,-0.09996630251407623,0.7309159636497498,0.5422638058662415,-0.10848996788263321,0.4815705716609955,0.5814680457115173,-0.0774594247341156,0.5413388013839722,0.5680941343307495,-0.08005023747682571,0.5158949494361877,0.553278386592865,-0.06858104467391968,0.48958319425582886,0.5485864281654358,-0.06274884194135666
E,0.322292685508728,0.5637260675430298,7.078609201016661e-07,0.3823705315589905,0.46645572781562805,0.020670857280492783,0.4689653217792511,0.45381098985671997,0.019438089802861214,0.5286883115768433,0.5214833617210388,0.016798922792077065,0.5590194463729858,0.5766950249671936,0.012330994941294193,0.49328717589378357,0.37040388584136963,-0.023633191362023354,0.5970661044120789,0.3337675929069519,-0.030396396294236183,0.6581449508666992,0.31594812870025635,-0.030352523550391197,0.7084899544715881,0.2983909249305725,-0.03243546932935715,0.49586689472198486,0.4321531355381012,-0.04668454825878143,0.6218118667602539,0.4142857491970062,-0.06676991283893585,0.6991178393363953,0.4110751748085022,-0.07959256321191788,0.7589104175567627,0.40728187561035156,-0.08832442760467529,0.4922832250595093,0.5034424066543579,-0.06417903304100037,0.610039472579956,0.5244342088699341,-0.0867968201637268,0.6803370714187622,0.5344802737236023,-0.10157022625207901,0.7345059514045715,0.5376788973808289,-0.11088652908802032,0.4839087724685669,0.5776103734970093,-0.07681658864021301,0.5417810678482056,0.5661454796791077,-0.08016955107450485,0.5144177079200745,0.5529031753540039,-0.06912629306316376,0.48713791370391846,0.5493345260620117,-0.06364546716213226
E,0.3223467171192169,0.5635092854499817,7.08796562776115e-07,0.38342124223709106,0.46704521775245667,0.020979272201657295,0.46948328614234924,0.4544757008552551,0.0198934655636549,0.5289310216903687,0.520944356918335,0.01730242185294628,0.5589907765388489,0.5756880044937134,0.012977123260498047,0.4934020936489105,0.37118589878082275,-0.023347964510321617,0.5968156456947327,0.3337095379829407,-0.03056333214044571,0.6579912304878235,0.31527501344680786,-0.030951734632253647,0.7084209322929382,0.29742616415023804,-0.033247921615839005,0.4958798885345459,0.43231332302093506,-0.04664476215839386,0.6223902702331543,0.4149249494075775,-0.06674963980913162,0.69976806640625,0.4122541546821594,-0.07957913726568222,0.7593504190444946,0.4090331196784973,-0.08826182782649994,0.49237269163131714,0.5030419230461121,-0.06441199779510498,0.6106241941452026,0.5246761441230774,-0.08667025715112686,0.6801162362098694,0.5361619591712952,-0.10092982649803162,0.7335072159767151,0.5404374599456787,-0.1099003329873085,0.48387598991394043,0.5770690441131592,-0.0773966908454895,0.5425355434417725,0.5665000081062317,-0.08029498159885406,0.5153048634529114,0.5536538362503052,-0.06880910694599152,0.48788413405418396,0.5499878525733948,-0.06298220157623291
E,0.32543906569480896,0.5647497177124023,7.12605128683208e-07,0.3840196132659912,0.4667622148990631,0.01893470622599125,0.470525324344635,0.4527399241924286,0.017074285075068474,0.5310243368148804,0.5190663933753967,0.014229568652808666,0.5647088289260864,0.5728824734687805,0.009664266370236874,0.494540274143219,0.3700351417064667,-0.02526651695370674,0.5977643728256226,0.3332666754722595,-0.032304082065820694,0.6589298844337463,0.3153584599494934,-0.0322086326777935,0.7091363668441772,0.29833972454071045,-0.03396141529083252,0.497215211391449,0.4321410655975342,-0.04745755344629288,0.6242853999137878,0.4131620526313782,-0.06763952970504761,0.7013547420501709,0.4095352590084076,-0.07964099943637848,0.7606672048568726,0.4058411717414856,-0.08747205138206482,0.49358728528022766,0.5037672519683838,-0.0642009824514389,0.6137186884880066,0.5233937501907349,-0.08688530325889587,0.6832533478736877,0.533071756362915,-0.1001051813364029,0.7360745072364807,0.536072850227356,-0.10805424302816391,0.48442569375038147,0.578307569026947,-0.07622965425252914,0.5450771450996399,0.5654317736625671,-0.07961232215166092,0.5177566409111023,0.5517957210540771,-0.06738090515136719,0.4893023669719696,0.5480480194091797,-0.06075294688344002
E,0.32510054111480713,0.5624890327453613,7.386408356069296e-07,0.38497912883758545,0.46481841802597046,0.017282646149396896,0.4722130298614502,0.4509725570678711,0.014416784048080444,0.5327422022819519,0.5185551047325134,0.010762703604996204,0.5643457174301147,0.5738000273704529,0.005479880142956972,0.4959147572517395,0.36839982867240906,-0.027034705504775047,0.5984004735946655,0.33105266094207764,-0.03498368710279465,0.6593043804168701,0.31387975811958313,-0.03575626760721207,0.7097461223602295,0.2971481680870056,-0.03810133412480354,0.497814416885376,0.4318319261074066,-0.048809539526700974,0.6239362955093384,0.4148319959640503,-0.07004597783088684,0.7005743980407715,0.411772221326828,-0.08270974457263947,0.7599939107894897,0.40738147497177124,-0.09101422876119614,0.4937881827354431,0.504003643989563,-0.06530427932739258,0.6113536357879639,0.5265501141548157,-0.0883542150259018,0.6807224154472351,0.5364961624145508,-0.10146854817867279,0.7339444160461426,0.5386660099029541,-0.10925176739692688,0.4846988618373871,0.5781171321868896,-0.07736628502607346,0.5453869104385376,0.5655438303947449,-0.08027592301368713,0.5190638899803162,0.5519071817398071,-0.06772641092538834,0.49185648560523987,0.5478183031082153,-0.060982730239629745
E,0.3256204128265381,0.5626707673072815,7.26267558093241e-07,0.38450196385383606,0.46386003494262695,0.01753954030573368,0.4704258441925049,0.4481247067451477,0.015191838145256042,0.5309557914733887,0.5128296613693237,0.01206660084426403,0.5641233325004578,0.5664542317390442,0.007320401258766651,0.4964614510536194,0.3682558536529541,-0.026811543852090836,0.5998846292495728,0.33113476634025574,-0.03415926173329353,0.6605100035667419,0.3133889436721802,-0.03407478332519531,0.7105785608291626,0.296367883682251,-0.03577478229999542,0.4996103346347809,0.43219906091690063,-0.048134882003068924,0.6261777281761169,0.4143370985984802,-0.06907026469707489,0.7027856111526489,0.41053521633148193,-0.0812700167298317,0.7623730897903442,0.40615272521972656,-0.08912292122840881,0.4958837628364563,0.505193829536438,-0.06405895203351974,0.6135650277137756,0.5245206356048584,-0.08671947568655014,0.6823789477348328,0.5342437624931335,-0.0994831770658493,0.7356000542640686,0.537226676940918,-0.10703771561384201,0.48603326082229614,0.5796667337417603,-0.07544517517089844,0.5463224053382874,0.5656652450561523,-0.0784316286444664,0.5203014016151428,0.5519794821739197,-0.06603042781352997,0.4938165247440338,0.5484560132026672,-0.05924082174897194
E,0.327554851770401,0.5623689293861389,7.146996949813911e-07,0.3852243423461914,0.46457433700561523,0.018130548298358917,0.46969810128211975,0.44764062762260437,0.01629592850804329,0.5294036865234375,0.5095398426055908,0.013551878742873669,0.5636159181594849,0.5631641149520874,0.00950692594051361,0.4971097409725189,0.3685940206050873,-0.025919079780578613,0.5996298789978027,0.3300263285636902,-0.03462296351790428,0.6609058380126953,0.3119005262851715,-0.035446252673864365,0.7110028266906738,0.2951868176460266,-0.037201691418886185,0.5002355575561523,0.4306693375110626,-0.04753917455673218,0.6273128390312195,0.41186004877090454,-0.06828256696462631,0.7033030390739441,0.40743130445480347,-0.07905499637126923,0.7616958022117615,0.4025998115539551,-0.08534706383943558,0.49685415625572205,0.5024511218070984,-0.06398307532072067,0.6144757270812988,0.5238810777664185,-0.08510080724954605,0.682197093963623,0.5338733792304993,-0.09511184692382812,0.7344938516616821,0.5366485118865967,-0.10060542821884155,0.4864521026611328,0.5765333771705627,-0.07619700580835342,0.5465776324272156,0.5682553052902222,-0.07646088302135468,0.521251380443573,0.5557094812393188,-0.06144825369119644,0.4949604868888855,0.5522075891494751,-0.05269312858581543
E,0.326562762260437,0.5608299374580383,7.37689560992294e-07,0.38555681705474854,0.461346834897995,0.01651092991232872,0.47211167216300964,0.4435710906982422,0.013422338292002678,0.5321441888809204,0.5061136484146118,0.009466864168643951,0.5657690763473511,0.5611953735351562,0.003959811758249998,0.49847346544265747,0.3658015727996826,-0.028106676414608955,0.5998288989067078,0.3275392949581146,-0.03700357303023338,0.6614037752151489,0.309154748916626,-0.03831798583269119,0.711861252784729,0.29230305552482605,-0.04075418412685394,0.5018087029457092,0.42967110872268677,-0.04952782392501831,0.6277471780776978,0.412714421749115,-0.0691385567188263,0.7038238048553467,0.40736526250839233,-0.08042217791080475,0.7623574137687683,0.40179961919784546,-0.08796323090791702,0.49775251746177673,0.5025861859321594,-0.06580332666635513,0.6150624752044678,0.5264244675636292,-0.08591888844966888,0.6817925572395325,0.5341308116912842,-0.09697791188955307,0.7324074506759644,0.5347951650619507,-0.10406989604234695,0.4872138500213623,0.5770924687385559,-0.07808564603328705,0.544743001461029,0.5690606832504272,-0.07938618212938309,0.5191497802734375,0.5541841387748718,-0.06648319959640503,0.4926846921443939,0.5476023554801941,-0.05956185236573219
E,0.32675880193710327,0.5595317482948303,7.247156190715032e-07,0.38561713695526123,0.4606238305568695,0.015427139587700367,0.4725108742713928,0.4436568319797516,0.012004456482827663,0.5332908034324646,0.5068723559379578,0.007981027476489544,0.5673079490661621,0.5629741549491882,0.002513594925403595,0.49722540378570557,0.3651072382926941,-0.029048508033156395,0.5991894006729126,0.32598090171813965,-0.03871539980173111,0.6613730788230896,0.307331919670105,-0.04077250137925148,0.7120469808578491,0.29043295979499817,-0.043585676699876785,0.4996863901615143,0.4276105761528015,-0.05042482167482376,0.6261356472969055,0.41060319542884827,-0.07001151144504547,0.7028008699417114,0.4066157341003418,-0.08106231689453125,0.7613627910614014,0.4021345376968384,-0.08840618282556534,0.4961494505405426,0.49936017394065857,-0.06698471307754517,0.613598108291626,0.521163284778595,-0.08766376972198486,0.681993305683136,0.5296693444252014,-0.09920239448547363,0.7342149019241333,0.5317636132240295,-0.10657115280628204,0.4862884283065796,0.573837161064148,-0.07968056201934814,0.5462074279785156,0.5664056539535522,-0.08103471994400024,0.5204449892044067,0.5542704463005066,-0.06765945255756378,0.49347245693206787,0.5506097078323364,-0.06049264967441559
E,0.3263447880744934,0.5587473511695862,7.217630013656162e-07,0.3849201202392578,0.45992639660835266,0.014538501389324665,0.4708084464073181,0.442854642868042,0.010803776793181896,0.5318655371665955,0.5059366822242737,0.00638674758374691,0.5654621720314026,0.5605307221412659,0.00022931522107683122,0.4952549636363983,0.36534446477890015,-0.02904384210705757,0.5978174209594727,0.32814356684684753,-0.03819869086146355,0.6591797471046448,0.30959534645080566,-0.040186189115047455,0.7097018361091614,0.29250800609588623,-0.043213821947574615,0.49917173385620117,0.4285638928413391,-0.04973209276795387,0.6255558729171753,0.41136300563812256,-0.0677386075258255,0.7019510865211487,0.406177282333374,-0.07937879115343094,0.7606260180473328,0.4013197422027588,-0.08794907480478287,0.49653196334838867,0.5005937814712524,-0.06560660153627396,0.6145139932632446,0.5234654545783997,-0.08515229821205139,0.6807585954666138,0.5330119729042053,-0.09774067997932434,0.7304133176803589,0.5361202359199524,-0.10654449462890625,0.48786312341690063,0.5740341544151306,-0.07773198187351227,0.5456733703613281,0.564683735370636,-0.08039316534996033,0.5202973484992981,0.5512804985046387,-0.06948208063840866,0.4943775236606598,0.5467624664306641,-0.06422837823629379
E,0.32764071226119995,0.5555799007415771,7.397746344395273e-07,0.3862026035785675,0.4572722911834717,0.015186908654868603,0.47098174691200256,0.44013383984565735,0.011204877868294716,0.5297533869743347,0.502809464931488,0.006570968311280012,0.5630044937133789,0.5580756068229675,0.00022826925851404667,0.4970228970050812,0.36388343572616577,-0.030311789363622665,0.5992612838745117,0.3250545263290405,-0.03977242484688759,0.6614201068878174,0.3061237037181854,-0.04145536199212074,0.7120420932769775,0.28974679112434387,-0.04398929327726364,0.49999237060546875,0.4270375669002533,-0.05135513097047806,0.6262394189834595,0.40813374519348145,-0.07086756825447083,0.7025745511054993,0.40242743492126465,-0.08229491114616394,0.7607505321502686,0.39798691868782043,-0.08988722413778305,0.49634188413619995,0.49979615211486816,-0.06728770583868027,0.6144325733184814,0.5204987525939941,-0.08757641166448593,0.6824620366096497,0.5286557674407959,-0.09911007434129715,0.7340248823165894,0.5318592190742493,-0.10661376267671585,0.4864121675491333,0.5745557546615601,-0.0792844295501709,0.5434641242027283,0.5642079710960388,-0.0812767818570137,0.5183190107345581,0.5497126579284668,-0.06860338151454926,0.4922327399253845,0.5454844832420349,-0.06174234673380852
E,0.32810139656066895,0.5553696155548096,7.210021522041643e-07,0.38748061656951904,0.4575059413909912,0.015348443761467934,0.47258082032203674,0.43960171937942505,0.011274986900389194,0.532101571559906,0.5014826059341431,0.006426543928682804,0.566106379032135,0.5560684204101562,-4.467683902475983e-05,0.49726107716560364,0.36414507031440735,-0.030750561505556107,0.5991417765617371,0.32545965909957886,-0.04076239839196205,0.6610584259033203,0.3063899278640747,-0.04286471754312515,0.7121087312698364,0.28985995054244995,-0.04590386152267456,0.49935993552207947,0.4266180694103241,-0.05210995674133301,0.6258295178413391,0.4094539284706116,-0.07206284254789352,0.7019929885864258,0.40360796451568604,-0.0839947834610939,0.7605735063552856,0.3986668884754181,-0.09232543408870697,0.4951753616333008,0.49892666935920715,-0.0683860033750534,0.6147759556770325,0.5243417024612427,-0.08958908915519714,0.6825205087661743,0.5321887135505676,-0.10228469222784042,0.7334688901901245,0.5337682962417603,-0.11075962334871292,0.48514074087142944,0.5734778642654419,-0.0806821808218956,0.5432769656181335,0.5656726360321045,-0.08434382826089859,0.5180259943008423,0.5490754842758179,-0.07346683740615845,0.49167686700820923,0.5412784218788147,-0.06797611713409424
E,0.3287626802921295,0.555962085723877,7.41655355795956e-07,0.3874692916870117,0.4571879208087921,0.01558239571750164,0.4730100631713867,0.4401775598526001,0.011665417812764645,0.5330605506896973,0.5022805333137512,0.007160891778767109,0.5670039653778076,0.5568791627883911,0.0011429154546931386,0.49829238653182983,0.362110435962677,-0.03004099614918232,0.5998917818069458,0.32384026050567627,-0.03905322775244713,0.6614208221435547,0.30536046624183655,-0.04016343876719475,0.7114846706390381,0.2891309857368469,-0.04245254769921303,0.5003373622894287,0.42492201924324036,-0.0510825514793396,0.6270917654037476,0.40846365690231323,-0.07112058997154236,0.7028712034225464,0.4036874771118164,-0.08239381015300751,0.7609570622444153,0.3996543288230896,-0.08982930332422256,0.4958082139492035,0.4971502125263214,-0.06689747422933578,0.6148386001586914,0.5208884477615356,-0.08735097199678421,0.6827586889266968,0.5297220349311829,-0.09834526479244232,0.7343403100967407,0.5324718952178955,-0.10542985051870346,0.4853820204734802,0.5715088844299316,-0.07871398329734802,0.5433529019355774,0.5630972385406494,-0.08036471903324127,0.5185369849205017,0.5480540990829468,-0.06742110848426819,0.4929978549480438,0.5420733690261841,-0.06046753376722336
E,0.32770824432373047,0.5586273670196533,7.238613193294441e-07,0.38613247871398926,0.4564330279827118,0.01479736901819706,0.4711047112941742,0.43494880199432373,0.0110332565382123,0.5318819880485535,0.4923632740974426,0.006527850404381752,0.5678647756576538,0.5434980392456055,0.00017125379235949367,0.49487629532814026,0.3630385994911194,-0.030864274129271507,0.5966005325317383,0.3258638381958008,-0.0408807210624218,0.6580400466918945,0.3067702054977417,-0.04318784549832344,0.7086769342422485,0.2902277410030365,-0.046233661472797394,0.498564213514328,0.4263310730457306,-0.0513010174036026,0.6259931325912476,0.41017991304397583,-0.0695275142788887,0.7020140886306763,0.40370574593544006,-0.08127894252538681,0.7605944871902466,0.39879706501960754,-0.08994828909635544,0.4955376088619232,0.4986174404621124,-0.06662436574697495,0.615291178226471,0.5227795243263245,-0.08513903617858887,0.6801021099090576,0.531203031539917,-0.09716933965682983,0.728561520576477,0.5343834757804871,-0.1059400662779808,0.4867378771305084,0.5714179277420044,-0.07823245972394943,0.5420448780059814,0.562919020652771,-0.08056347072124481,0.5177023410797119,0.5467637777328491,-0.07044077664613724,0.49387606978416443,0.5396018624305725,-0.06572140008211136
E,0.32925137877464294,0.5579699277877808,7.508305088776979e-07,0.3869425654411316,0.4577839970588684,0.018138989806175232,0.47233983874320984,0.44320935010910034,0.014727702364325523,0.5329186916351318,0.5092896819114685,0.01059955358505249,0.5659955143928528,0.5649740099906921,0.00471056904643774,0.4986881911754608,0.36235103011131287,-0.029312212020158768,0.6006219983100891,0.324867844581604,-0.036838848143815994,0.6610654592514038,0.3069095015525818,-0.03670460730791092,0.7114258408546448,0.2898358702659607,-0.03850938007235527,0.5015926957130432,0.4253399074077606,-0.05106158182024956,0.6272169351577759,0.40699502825737,-0.07266363501548767,0.703713595867157,0.4018499553203583,-0.08503078669309616,0.7636035680770874,0.39794182777404785,-0.09309273213148117,0.49725207686424255,0.49840256571769714,-0.0669201910495758,0.6149547696113586,0.5204289555549622,-0.08980116993188858,0.6839605569839478,0.5293541550636292,-0.10207332670688629,0.737062931060791,0.5337820649147034,-0.109339140355587,0.48749929666519165,0.5730534791946411,-0.07810370624065399,0.544549822807312,0.5600020289421082,-0.08060196787118912,0.5170984268188477,0.5461002588272095,-0.06751710921525955,0.4902735650539398,0.5436461567878723,-0.06037808582186699
E,0.3315635919570923,0.555983304977417,7.348162966991367e-07,0.3901251554489136,0.4563429355621338,0.01539656426757574,0.4747840464115143,0.43966037034988403,0.011109667830169201,0.5350167155265808,0.5022539496421814,0.006133576389402151,0.5682639479637146,0.5567018389701843,-0.00046094649587757885,0.5003668069839478,0.3616316020488739,-0.029935253784060478,0.6015828251838684,0.3235134482383728,-0.03952275589108467,0.6625343561172485,0.30534911155700684,-0.04117486998438835,0.7127053737640381,0.28912198543548584,-0.043827254325151443,0.5038582682609558,0.4243283271789551,-0.051167842000722885,0.6297767162322998,0.40743815898895264,-0.07112478464841843,0.7056089639663696,0.4030776619911194,-0.08257842808961868,0.7644954919815063,0.39946454763412476,-0.09027934074401855,0.499984472990036,0.49667513370513916,-0.06732545793056488,0.6166399121284485,0.5195010304450989,-0.08803828805685043,0.6840929985046387,0.5292880535125732,-0.09954284131526947,0.7359229326248169,0.5332916378974915,-0.10704127699136734,0.4897015392780304,0.5715259313583374,-0.07954184710979462,0.5458806753158569,0.5621589422225952,-0.08152053505182266,0.5206891298294067,0.5476565361022949,-0.0690295547246933,0.4952599108219147,0.5424975156784058,-0.062481142580509186
E,0.33202141523361206,0.5574507117271423,7.311475656024413e-07,0.3891376852989197,0.45700201392173767,0.013622305355966091,0.4736444056034088,0.43806886672973633,0.00894851703196764,0.5349234938621521,0.4979197382926941,0.003931070677936077,0.5697027444839478,0.549746572971344,-0.0025503728538751602,0.49914008378982544,0.3620437979698181,-0.03140111640095711,0.6002627611160278,0.32320940494537354,-0.04193684831261635,0.6617421507835388,0.3048951029777527,-0.044342923909425735,0.712250828742981,0.28919291496276855,-0.0472308024764061,0.5023428201675415,0.4252946376800537,-0.05175077170133591,0.6293710470199585,0.4076577425003052,-0.07182369381189346,0.7056849598884583,0.4027610123157501,-0.08320397883653641,0.7645002007484436,0.39928117394447327,-0.09078097343444824,0.49864211678504944,0.4979285001754761,-0.0672277957201004,0.6177997589111328,0.5200971364974976,-0.08778693526983261,0.6844191551208496,0.5296410918235779,-0.09866806119680405,0.735174298286438,0.5341795086860657,-0.10565689206123352,0.4885619580745697,0.5723501443862915,-0.0790150985121727,0.5466516017913818,0.5621183514595032,-0.0815201848745346,0.5222956538200378,0.5469289422035217,-0.06923188269138336,0.49736031889915466,0.5413838028907776,-0.06254278123378754
E,0.3335811197757721,0.5545946359634399,7.492554345844837e-07,0.39130109548568726,0.4563905596733093,0.0149708716198802,0.4766519367694855,0.4409773051738739,0.010678690858185291,0.5368795990943909,0.5055532455444336,0.005940681789070368,0.5684358477592468,0.5617638826370239,-0.00037501813494600356,0.5019170045852661,0.36145326495170593,-0.029797114431858063,0.6024414300918579,0.32289308309555054,-0.03894966095685959,0.6638792157173157,0.3051127791404724,-0.04071599990129471,0.7140786051750183,0.2887917160987854,-0.04342817887663841,0.5050355792045593,0.424648255109787,-0.05076981708407402,0.632224440574646,0.40778273344039917,-0.06997400522232056,0.7080446481704712,0.40335792303085327,-0.08095309883356094,0.7663594484329224,0.39922967553138733,-0.08823700249195099,0.5012583136558533,0.497052401304245,-0.06673672050237656,0.6195930242538452,0.5181602239608765,-0.086878202855587,0.6876670122146606,0.5264665484428406,-0.09810034185647964,0.7399004101753235,0.529639720916748,-0.10529825091362,0.49125057458877563,0.572007417678833,-0.07878029346466064,0.5501070022583008,0.5618338584899902,-0.07967384159564972,0.5246357917785645,0.5482385158538818,-0.06610805541276932,0.49854689836502075,0.5448104739189148,-0.05888209864497185
E,0.33278515934944153,0.5560243129730225,7.447019356732199e-07,0.3907279372215271,0.45681384205818176,0.01684480346739292,0.4759407043457031,0.4420935809612274,0.01349534373730421,0.5366374254226685,0.5055798292160034,0.009636868722736835,0.5683201551437378,0.5590282082557678,0.00449860654771328,0.5018423199653625,0.3614247739315033,-0.029087871313095093,0.6032992005348206,0.32250332832336426,-0.03897767886519432,0.6661328673362732,0.30383431911468506,-0.041392769664525986,0.7174352407455444,0.28693607449531555,-0.044400542974472046,0.5046466588973999,0.4239557683467865,-0.05048263072967529,0.6325618028640747,0.40733909606933594,-0.07121561467647552,0.7101683616638184,0.4025605022907257,-0.08302124589681625,0.7688670754432678,0.3988035023212433,-0.09054747968912125,0.5012962818145752,0.49579867720603943,-0.06661678105592728,0.6200293898582458,0.5182618498802185,-0.08753042668104172,0.6885479092597961,0.527434229850769,-0.0983823910355568,0.7405681014060974,0.5312983393669128,-0.1049148216843605,0.4921782612800598,0.5705491304397583,-0.07866609841585159,0.5508975982666016,0.561541736125946,-0.07942172139883041,0.5243560075759888,0.5481230616569519,-0.06525324285030365,0.4971819519996643,0.5444457530975342,-0.05726395174860954
E,0.3327338695526123,0.5556344389915466,7.33508159100893e-07,0.39149734377861023,0.4560784101486206,0.017399832606315613,0.47738608717918396,0.44266656041145325,0.014059560373425484,0.5377865433692932,0.5077266693115234,0.010335446335375309,0.5691261887550354,0.5611284375190735,0.005131332203745842,0.5018872022628784,0.360408216714859,-0.029880212619900703,0.6035369634628296,0.32222357392311096,-0.03882547840476036,0.6651034951210022,0.3039059042930603,-0.040412530303001404,0.7158384323120117,0.2865673303604126,-0.04301551356911659,0.5046927332878113,0.42353782057762146,-0.05121053382754326,0.6325789093971252,0.4068164527416229,-0.0710902065038681,0.7091419696807861,0.4026639759540558,-0.0825578048825264,0.7678941488265991,0.39893007278442383,-0.09014426171779633,0.5016012787818909,0.49574214220046997,-0.06705106049776077,0.6194803714752197,0.5175895690917969,-0.08757372945547104,0.6887567043304443,0.5267242789268494,-0.09920836240053177,0.742460310459137,0.5307227969169617,-0.10660847276449203,0.49298423528671265,0.5702604055404663,-0.07859570533037186,0.5501226782798767,0.5604270696640015,-0.07877852022647858,0.52284836769104,0.5472646355628967,-0.06486860662698746,0.496073842048645,0.5444690585136414,-0.057481419295072556
E,0.33344942331314087,0.5567933917045593,7.246486575240851e-07,0.3915393352508545,0.4576990604400635,0.016431082040071487,0.47696712613105774,0.44322463870048523,0.012905390001833439,0.5376243591308594,0.507722795009613,0.008993756026029587,0.569128692150116,0.5619134306907654,0.003443084890022874,0.5019779801368713,0.3616276681423187,-0.02983793243765831,0.6034995317459106,0.32288020849227905,-0.03907056897878647,0.6651007533073425,0.30441808700561523,-0.04094157740473747,0.7156417369842529,0.28691911697387695,-0.043707314878702164,0.5047916173934937,0.4250184893608093,-0.05100259184837341,0.6324781179428101,0.40804463624954224,-0.07084526121616364,0.709210991859436,0.4035356938838959,-0.08240553736686707,0.7678514719009399,0.39903897047042847,-0.09004039317369461,0.5016806721687317,0.4969872236251831,-0.06693850457668304,0.6193439960479736,0.5182633996009827,-0.08830885589122772,0.6889388561248779,0.5263453722000122,-0.1011166125535965,0.7421976923942566,0.5294264554977417,-0.10913927853107452,0.4929209053516388,0.5710468292236328,-0.0786181092262268,0.5501034259796143,0.5600059628486633,-0.08056773245334625,0.5229448676109314,0.5462465882301331,-0.06800234317779541,0.4954800009727478,0.5431757569313049,-0.06129848212003708
E,0.3367861211299896,0.5549629926681519,7.245803885780333e-07,0.3958101272583008,0.45697781443595886,0.01710289902985096,0.4799904227256775,0.4428013861179352,0.01342676766216755,0.538858950138092,0.5059921145439148,0.00884676817804575,0.5719994306564331,0.5602564215660095,0.002394896000623703,0.5051569938659668,0.362820565700531,-0.02889706753194332,0.6055054664611816,0.3235663175582886,-0.037969909608364105,0.6669406890869141,0.3045147955417633,-0.03947734460234642,0.7176023721694946,0.2880536913871765,-0.042223528027534485,0.5088273286819458,0.4256684184074402,-0.05088178813457489,0.6355199217796326,0.40873292088508606,-0.07069715112447739,0.711885392665863,0.40306851267814636,-0.082688108086586,0.7708625793457031,0.3988416790962219,-0.09088331460952759,0.5047469735145569,0.4980182647705078,-0.0675659328699112,0.6241217255592346,0.5200356841087341,-0.08962848037481308,0.6926367282867432,0.52812260389328,-0.10306575149297714,0.7446838021278381,0.5319218039512634,-0.11174692213535309,0.4945105314254761,0.5725191831588745,-0.07983208447694778,0.5499871969223022,0.5602308511734009,-0.08428564667701721,0.523544430732727,0.5449498891830444,-0.07366710901260376,0.4968220889568329,0.5406566858291626,-0.06817949563264847
E,0.33888885378837585,0.5529279708862305,7.418213954224484e-07,0.3985487222671509,0.4570417106151581,0.016384722664952278,0.48368561267852783,0.4423164427280426,0.012340713292360306,0.5418591499328613,0.5066469311714172,0.007563760969787836,0.5737652778625488,0.5603958368301392,0.0010679528350010514,0.508283793926239,0.36219918727874756,-0.02952960506081581,0.6087756156921387,0.3239750266075134,-0.03836313635110855,0.6702484488487244,0.30597829818725586,-0.03992642089724541,0.7209931015968323,0.2900797128677368,-0.04275195300579071,0.5111504793167114,0.4241688847541809,-0.05098704621195793,0.6375522613525391,0.40903517603874207,-0.07068555057048798,0.7135498523712158,0.4042508602142334,-0.08277910947799683,0.7729314565658569,0.3996186852455139,-0.0911809578537941,0.5064916014671326,0.4959844648838043,-0.06705465912818909,0.6259303689002991,0.5214856863021851,-0.08799035847187042,0.6944973468780518,0.5314788818359375,-0.1005527451634407,0.7469167709350586,0.5352357625961304,-0.10895410925149918,0.49586713314056396,0.5705991983413696,-0.07889421284198761,0.5527783036231995,0.5632420778274536,-0.08193287998437881,0.5267515778541565,0.5492225885391235,-0.07034649699926376,0.5004492402076721,0.5437254905700684,-0.0644809678196907
E,0.339801549911499,0.5542420744895935,7.45176009786519e-07,0.39809662103652954,0.45589298009872437,0.013931632973253727,0.48410364985466003,0.43857529759407043,0.00900253001600504,0.5436491370201111,0.5007941126823425,0.003910786937922239,0.5761466026306152,0.5546267032623291,-0.002898966893553734,0.5084320306777954,0.36171388626098633,-0.032794661819934845,0.6090630888938904,0.3233233690261841,-0.04282372072339058,0.6712698936462402,0.3058973550796509,-0.04492836445569992,0.7220971584320068,0.2907208204269409,-0.047778014093637466,0.5111321210861206,0.4250025153160095,-0.053373564034700394,0.6384679675102234,0.4095875918865204,-0.07276272773742676,0.7147940397262573,0.4047410488128662,-0.08396005630493164,0.773604154586792,0.4004076421260834,-0.09171514213085175,0.5069966316223145,0.4974539875984192,-0.06886392831802368,0.6256860494613647,0.5233460068702698,-0.08920756727457047,0.6942019462585449,0.5308701992034912,-0.10122635960578918,0.7465486526489258,0.5332246422767639,-0.10941845923662186,0.49670344591140747,0.571546733379364,-0.0804816409945488,0.552772581577301,0.563265860080719,-0.0831841379404068,0.5271804928779602,0.5483101606369019,-0.07141392678022385,0.5014095902442932,0.5429194569587708,-0.06543385982513428
E,0.33982032537460327,0.5526870489120483,7.382899411823018e-07,0.39826494455337524,0.45533308386802673,0.012254671193659306,0.4841109812259674,0.4368817210197449,0.006657387595623732,0.544350266456604,0.49786636233329773,0.0009071910171769559,0.5781009197235107,0.5515597462654114,-0.006522027775645256,0.5081893801689148,0.3619551658630371,-0.033708781003952026,0.6081181764602661,0.3235101103782654,-0.04468808323144913,0.6702640056610107,0.3057694137096405,-0.04782772436738014,0.7210245728492737,0.29084378480911255,-0.051351774483919144,0.5108888745307922,0.42441636323928833,-0.0539383664727211,0.6380669474601746,0.410439133644104,-0.07224470376968384,0.7142038345336914,0.4056052267551422,-0.08345230668783188,0.7727400660514832,0.4020337462425232,-0.09171435981988907,0.5065799951553345,0.4967290759086609,-0.0694190114736557,0.6258887648582458,0.523983359336853,-0.08858464658260345,0.6932860612869263,0.5316846966743469,-0.10098771005868912,0.7444947957992554,0.5348560214042664,-0.11006370186805725,0.4961424469947815,0.5709875822067261,-0.08137854188680649,0.5513970255851746,0.5645584464073181,-0.08442731201648712,0.5269852876663208,0.5490463972091675,-0.0740741640329361,0.5025343894958496,0.542993426322937,-0.06928777694702148
E,0.33968019485473633,0.5540300607681274,7.519009841416846e-07,0.3979719281196594,0.45696303248405457,0.013996058143675327,0.484687864780426,0.4415440857410431,0.00912309531122446,0.5440968871116638,0.5054657459259033,0.0041071465238928795,0.5753615498542786,0.5605305433273315,-0.0025955564342439175,0.50843346118927,0.36120280623435974,-0.03193536400794983,0.6080039143562317,0.32270321249961853,-0.04207728058099747,0.6704713106155396,0.30550000071525574,-0.04426739737391472,0.7214772701263428,0.29044127464294434,-0.04714677855372429,0.5110763907432556,0.4241161048412323,-0.05275128409266472,0.638276219367981,0.40837356448173523,-0.07275929301977158,0.7149669528007507,0.404000461101532,-0.08406510949134827,0.7736706137657166,0.3998849391937256,-0.09157891571521759,0.5071489810943604,0.49628201127052307,-0.06857245415449142,0.6254571676254272,0.5219964385032654,-0.08995663374662399,0.694436252117157,0.5295988321304321,-0.10206543654203415,0.7471019625663757,0.5318385362625122,-0.10987354069948196,0.49734944105148315,0.5704324841499329,-0.08047602325677872,0.5534636974334717,0.5622981786727905,-0.08360735327005386,0.5267733335494995,0.5487920045852661,-0.07137302309274673,0.4998677670955658,0.5446485877037048,-0.06485094875097275
E,0.3396390676498413,0.5534155368804932,7.542988100794901e-07,0.39824581146240234,0.45560935139656067,0.01287468895316124,0.48481476306915283,0.4397864043712616,0.007359643001109362,0.5449217557907104,0.5042551159858704,0.0019236162770539522,0.5765729546546936,0.5588407516479492,-0.005248427391052246,0.5078376531600952,0.3613460958003998,-0.03405022621154785,0.6082953214645386,0.32298779487609863,-0.04421312361955643,0.6706277132034302,0.30548983812332153,-0.046547889709472656,0.7216963768005371,0.2901349365711212,-0.04961993172764778,0.5106353759765625,0.4252376854419708,-0.054208651185035706,0.6380960941314697,0.40893086791038513,-0.07359308004379272,0.7146914601325989,0.4041706621646881,-0.08497492969036102,0.773414134979248,0.40016764402389526,-0.09294259548187256,0.5067864656448364,0.49800291657447815,-0.06931547820568085,0.6257469058036804,0.5222592949867249,-0.08990022540092468,0.6947891712188721,0.529131293296814,-0.10256531834602356,0.747322678565979,0.5313992500305176,-0.11124324053525925,0.49718186259269714,0.5720322132110596,-0.08059553056955338,0.5529752373695374,0.5629037618637085,-0.08382470160722733,0.5267454981803894,0.5480580925941467,-0.07260121405124664,0.5006681084632874,0.5431490540504456,-0.0670275092124939
E,0.3409234881401062,0.5524898767471313,7.456435469066491e-07,0.40038084983825684,0.4562341868877411,0.015173920430243015,0.4857192635536194,0.4406048655509949,0.01020822487771511,0.5446023344993591,0.5034826993942261,0.0047660283744335175,0.5758928656578064,0.5572029948234558,-0.002506602555513382,0.5085353255271912,0.36160871386528015,-0.03212155029177666,0.608345091342926,0.3234817087650299,-0.04236343502998352,0.6702794432640076,0.30614763498306274,-0.0445808544754982,0.7212467193603516,0.2905958890914917,-0.04757373034954071,0.5107908844947815,0.42322853207588196,-0.05358899012207985,0.6385847926139832,0.40789899230003357,-0.07395849376916885,0.7151676416397095,0.40453487634658813,-0.08534406870603561,0.7743608951568604,0.40136170387268066,-0.09281953424215317,0.5065395832061768,0.494934618473053,-0.0698564201593399,0.625298261642456,0.5185120105743408,-0.09153494238853455,0.6949730515480042,0.5273831486701965,-0.10382391512393951,0.7488396167755127,0.5309039950370789,-0.1117524802684784,0.4965972304344177,0.570033609867096,-0.08203676342964172,0.5534185767173767,0.5618672966957092,-0.08545859158039093,0.526329517364502,0.5477674007415771,-0.0733567476272583,0.499168336391449,0.5432776212692261,-0.06691992282867432
E,0.3409915864467621,0.5523802638053894,7.543936817455688e-07,0.4006703794002533,0.455534964799881,0.01519053615629673,0.4862577021121979,0.4416632652282715,0.009848681278526783,0.5455957055091858,0.507916271686554,0.004198575858026743,0.5765910744667053,0.5632867813110352,-0.003284103237092495,0.5093241930007935,0.36015090346336365,-0.03357076644897461,0.6098141074180603,0.32265505194664,-0.04346664622426033,0.6713376641273499,0.3059849143028259,-0.04553217440843582,0.7220941781997681,0.29081976413726807,-0.04858533665537834,0.5102578997612,0.42311638593673706,-0.055046457797288895,0.6379034519195557,0.40822717547416687,-0.07646767050027847,0.7143479585647583,0.40449145436286926,-0.08888115733861923,0.77330482006073,0.4005911350250244,-0.09715117514133453,0.5050586462020874,0.4956531524658203,-0.07102064788341522,0.6243714094161987,0.5194863080978394,-0.0936373919248581,0.6942886114120483,0.5284973382949829,-0.10651133954524994,0.7480988502502441,0.53206866979599,-0.11461696773767471,0.49476978182792664,0.5709673762321472,-0.08271166682243347,0.5534843802452087,0.5604296922683716,-0.08621928840875626,0.5269614458084106,0.5455559492111206,-0.07404737919569016,0.5000990629196167,0.5406287908554077,-0.06760617345571518
E,0.3407849371433258,0.5540936589241028,7.293914450201555e-07,0.4001966714859009,0.45447033643722534,0.012929214164614677,0.48604217171669006,0.4373927712440491,0.007304090540856123,0.546707272529602,0.4991598427295685,0.0015492492821067572,0.5796190500259399,0.5518684983253479,-0.006097688805311918,0.5071956515312195,0.36183440685272217,-0.03474446013569832,0.6077923774719238,0.32435092329978943,-0.04564402252435684,0.6696348190307617,0.3066673278808594,-0.0486871711909771,0.720268726348877,0.2910343408584595,-0.0522422194480896,0.5095816850662231,0.4258294999599457,-0.05540556088089943,0.637933075428009,0.4112605154514313,-0.07447709888219833,0.7142861485481262,0.40566110610961914,-0.08612707257270813,0.7725440859794617,0.4003433883190155,-0.09455996751785278,0.5056853294372559,0.4988597631454468,-0.07110507786273956,0.6253507137298584,0.5224308967590332,-0.09163552522659302,0.6933371424674988,0.5309048295021057,-0.10462288558483124,0.7449666857719421,0.5343984961509705,-0.11367882788181305,0.4959314465522766,0.5730579495429993,-0.08304360508918762,0.5528441667556763,0.5614892244338989,-0.08743134140968323,0.5273913145065308,0.5460077524185181,-0.0773119181394577,0.5016569495201111,0.5402522087097168,-0.07238102704286575
E,0.34134626388549805,0.5527108907699585,7.557010235359485e-07,0.39949238300323486,0.4549645185470581,0.01476387307047844,0.48485350608825684,0.43988755345344543,0.009744594804942608,0.5447697639465332,0.5034326314926147,0.004670456051826477,0.5766318440437317,0.5572920441627502,-0.002126932144165039,0.5084608793258667,0.3618341088294983,-0.03395717218518257,0.6091700792312622,0.32282036542892456,-0.04366522654891014,0.6711962223052979,0.30535709857940674,-0.04519592970609665,0.7218862175941467,0.2900243401527405,-0.04757014289498329,0.5109596252441406,0.4247150421142578,-0.054571665823459625,0.6391809582710266,0.40850159525871277,-0.07468009740114212,0.7155898809432983,0.4036521911621094,-0.08568182587623596,0.7742232084274292,0.3999811112880707,-0.09289117902517319,0.5064551830291748,0.49681398272514343,-0.06972602754831314,0.6255213618278503,0.5208892822265625,-0.090129554271698,0.6952782869338989,0.5282198786735535,-0.10173606872558594,0.7490496039390564,0.5314722061157227,-0.1093868687748909,0.49588537216186523,0.5711071491241455,-0.08081968873739243,0.5531908273696899,0.5638901591300964,-0.08233076333999634,0.5273361802101135,0.5492041110992432,-0.06944812834262848,0.5013718008995056,0.544042706489563,-0.06273840367794037
E,0.3410678505897522,0.5525140166282654,7.409418572024151e-07,0.3993630111217499,0.4537675678730011,0.012357096187770367,0.4845048785209656,0.4343511164188385,0.006379080004990101,0.5449586510658264,0.4933602809906006,0.0005992174264974892,0.5785589218139648,0.5449506044387817,-0.006836161948740482,0.5084326267242432,0.36071446537971497,-0.03634820878505707,0.6084843277931213,0.32233697175979614,-0.04722464457154274,0.6702066659927368,0.30495119094848633,-0.04996739700436592,0.7209634780883789,0.2896081209182739,-0.053271036595106125,0.5105730891227722,0.42371422052383423,-0.056180041283369064,0.6382489800453186,0.4093060791492462,-0.07649551331996918,0.714480459690094,0.40434926748275757,-0.08815255761146545,0.7735916376113892,0.4000226855278015,-0.09619348496198654,0.5061612129211426,0.4961892366409302,-0.07077444344758987,0.6255053877830505,0.5204169750213623,-0.09151952713727951,0.6942793130874634,0.5287899374961853,-0.10348165780305862,0.7473113536834717,0.5330645442008972,-0.11158723384141922,0.49588850140571594,0.5703046321868896,-0.0816054567694664,0.5537706017494202,0.5620101690292358,-0.084668830037117,0.5287144780158997,0.5466309189796448,-0.0730251669883728,0.5036295056343079,0.5416184663772583,-0.06704685837030411
E,0.3414008319377899,0.5515090227127075,7.451841383954161e-07,0.4002411961555481,0.45359495282173157,0.014040866866707802,0.48448413610458374,0.4363858699798584,0.008062346838414669,0.5440780520439148,0.4982883930206299,0.001962112495675683,0.5770917534828186,0.551932692527771,-0.006003434304147959,0.5072745680809021,0.3616427183151245,-0.03648500517010689,0.6090970635414124,0.32286083698272705,-0.046635281294584274,0.6705343127250671,0.3055076003074646,-0.048222143203020096,0.7208535671234131,0.2900838553905487,-0.05082122981548309,0.5101527571678162,0.4239670932292938,-0.057094160467386246,0.6389195919036865,0.4077290892601013,-0.07758542150259018,0.7147223949432373,0.40288349986076355,-0.08900327980518341,0.7731868028640747,0.39855754375457764,-0.09682687371969223,0.5058794021606445,0.49610012769699097,-0.07208927720785141,0.6255533695220947,0.5192955136299133,-0.09274081140756607,0.6948530673980713,0.5287729501724243,-0.10439273715019226,0.7480586767196655,0.5334848165512085,-0.11233323067426682,0.4955371618270874,0.5705404281616211,-0.08305411040782928,0.5547518730163574,0.5620782375335693,-0.08549557626247406,0.5306046009063721,0.547910213470459,-0.07325805723667145,0.5060301423072815,0.5432992577552795,-0.06705004721879959
E,0.34109267592430115,0.5505902767181396,7.437778890562186e-07,0.4010583162307739,0.45493167638778687,0.01521349512040615,0.4856402277946472,0.4397898018360138,0.009640583768486977,0.5448023676872253,0.5035258531570435,0.0036637606099247932,0.5771480202674866,0.5579782724380493,-0.004197812173515558,0.5073226690292358,0.3617335557937622,-0.03471771255135536,0.609184205532074,0.32314372062683105,-0.044782854616642,0.6707967519760132,0.3060517907142639,-0.04635891690850258,0.7212364077568054,0.29056304693222046,-0.049026068300008774,0.5097952485084534,0.4228616952896118,-0.05622002109885216,0.6387412548065186,0.40723931789398193,-0.077244333922863,0.7147526741027832,0.40301719307899475,-0.08893492817878723,0.7734118103981018,0.3985169529914856,-0.09671046584844589,0.5053333044052124,0.4942045211791992,-0.07212714850902557,0.6250908970832825,0.5181410312652588,-0.09363031387329102,0.6949632167816162,0.5283618569374084,-0.10554803162813187,0.7488747239112854,0.5325737595558167,-0.1133740097284317,0.49492305517196655,0.569057047367096,-0.08386285603046417,0.5540236234664917,0.561403751373291,-0.08672147244215012,0.5291370749473572,0.5478602051734924,-0.07428842037916183,0.5038580894470215,0.5431830286979675,-0.06783051788806915
E,0.3410179018974304,0.5528415441513062,7.414220135615324e-07,0.4001392126083374,0.45702123641967773,0.01582222245633602,0.4840252697467804,0.44101616740226746,0.010642101056873798,0.543200671672821,0.5035498142242432,0.005091833882033825,0.5757234692573547,0.5578194856643677,-0.0021180924959480762,0.5070174932479858,0.3616734743118286,-0.03442363068461418,0.6088315844535828,0.3215627670288086,-0.04484862834215164,0.6710593700408936,0.3041040003299713,-0.04657824710011482,0.7215162515640259,0.28860414028167725,-0.04899042844772339,0.5095974206924438,0.42358893156051636,-0.055893588811159134,0.6389464735984802,0.4069778621196747,-0.07719100266695023,0.7154459953308105,0.4025608003139496,-0.08831135183572769,0.7739030718803406,0.3982357978820801,-0.09526363760232925,0.5057545304298401,0.4953036606311798,-0.07173267751932144,0.625141441822052,0.5182315707206726,-0.09261851012706757,0.6947791576385498,0.5274429321289062,-0.1031653955578804,0.748532235622406,0.5311044454574585,-0.109759621322155,0.49567797780036926,0.5705307126045227,-0.08345160633325577,0.554597795009613,0.5627538561820984,-0.08475452661514282,0.529593825340271,0.5493965148925781,-0.07072672247886658,0.5039068460464478,0.545094907283783,-0.06293775141239166
E,0.34229105710983276,0.553234875202179,7.338637146858673e-07,0.4006224274635315,0.4545890688896179,0.015044227242469788,0.4841957986354828,0.4370874762535095,0.009448548778891563,0.5436851978302002,0.49848324060440063,0.003602598560974002,0.5771777629852295,0.5518787503242493,-0.004061064217239618,0.5069037675857544,0.36199837923049927,-0.03621627017855644,0.6088437438011169,0.3226519227027893,-0.04699293524026871,0.670989990234375,0.3049064576625824,-0.048903003334999084,0.7217105627059937,0.2891746163368225,-0.05160893499851227,0.5097334384918213,0.4243634343147278,-0.05755726248025894,0.6388240456581116,0.4083267152309418,-0.07939840853214264,0.7148872017860413,0.40250688791275024,-0.0909583643078804,0.7732492685317993,0.3966330587863922,-0.09851915389299393,0.5058633685112,0.4964432716369629,-0.0732726901769638,0.6256142854690552,0.5205652117729187,-0.0953846126794815,0.6948717832565308,0.5290260314941406,-0.1069691926240921,0.7480472922325134,0.5320021510124207,-0.11434981226921082,0.4955660402774811,0.5707255601882935,-0.08481191843748093,0.554138720035553,0.5619519948959351,-0.08801677078008652,0.5285232067108154,0.5476431846618652,-0.07545103877782822,0.5024484395980835,0.542457640171051,-0.06869566440582275
E,0.343441903591156,0.5528509020805359,7.432254847117292e-07,0.401155561208725,0.4523535668849945,0.013715294189751148,0.48462679982185364,0.43184128403663635,0.007971328683197498,0.5453258752822876,0.4893200993537903,0.0024453122168779373,0.5805460214614868,0.54106205701828,-0.004787706304341555,0.50776207447052,0.3597303032875061,-0.038311880081892014,0.6086398959159851,0.32072198390960693,-0.049880221486091614,0.6703780889511108,0.30294930934906006,-0.052467670291662216,0.720755398273468,0.28725892305374146,-0.055240198969841,0.5096306204795837,0.4241410195827484,-0.058558814227581024,0.6395565271377563,0.4084150195121765,-0.07967203110456467,0.7160986661911011,0.4028511941432953,-0.09049738943576813,0.7744197845458984,0.39758238196372986,-0.09744618088006973,0.5057399868965149,0.49816974997520447,-0.07323355227708817,0.6264685392379761,0.5191535949707031,-0.09414547681808472,0.6940997838973999,0.5268182158470154,-0.10422194004058838,0.7461029887199402,0.5306727886199951,-0.11044299602508545,0.4955434799194336,0.5730001926422119,-0.08394040912389755,0.5548801422119141,0.5590267777442932,-0.08595176041126251,0.530279815196991,0.5440926551818848,-0.07221411913633347,0.505048930644989,0.5409436821937561,-0.06433448940515518
E,0.34211331605911255,0.5556709170341492,7.339538683481805e-07,0.3982125520706177,0.45467934012413025,0.012641255743801594,0.482125461101532,0.43363308906555176,0.006998816505074501,0.5438643097877502,0.49110689759254456,0.0016449934337288141,0.5789958238601685,0.5432450771331787,-0.005661760922521353,0.5052581429481506,0.3615676760673523,-0.03765003755688667,0.6066333055496216,0.32186177372932434,-0.04832671955227852,0.6686813235282898,0.30353206396102905,-0.05039913207292557,0.7190015316009521,0.28803551197052,-0.053119558840990067,0.5093186497688293,0.4265540540218353,-0.057534102350473404,0.6393962502479553,0.40918785333633423,-0.07768698036670685,0.7153294086456299,0.4015807509422302,-0.08896864205598831,0.7728055119514465,0.39526885747909546,-0.09660323709249496,0.5063753128051758,0.5005472302436829,-0.07191448658704758,0.6284838914871216,0.5204233527183533,-0.09286946803331375,0.6958251595497131,0.5264340043067932,-0.10435280948877335,0.7463066577911377,0.529603898525238,-0.11185640841722488,0.49652156233787537,0.5741385221481323,-0.08235614746809006,0.5542630553245544,0.5575026869773865,-0.08639031648635864,0.5296449065208435,0.5423670411109924,-0.07472360134124756,0.5042568445205688,0.5397298336029053,-0.0682462528347969
E,0.34261295199394226,0.5514529943466187,7.433536097778415e-07,0.4000445604324341,0.4494759738445282,0.013099110685288906,0.48396044969558716,0.42775973677635193,0.007528207264840603,0.5446612238883972,0.4833527207374573,0.0022579256910830736,0.5803532600402832,0.5328229665756226,-0.004851830191910267,0.5066490769386292,0.35985326766967773,-0.03839675709605217,0.6075560450553894,0.3213505744934082,-0.04898674413561821,0.669613242149353,0.3027988076210022,-0.05083980783820152,0.7201988697052002,0.2868334949016571,-0.05329763516783714,0.5100454688072205,0.4240756630897522,-0.05815346911549568,0.6391445398330688,0.4082653820514679,-0.07709170132875443,0.7151746153831482,0.4009036123752594,-0.08726604282855988,0.7733746767044067,0.3953905701637268,-0.0943937599658966,0.5062252283096313,0.4977058172225952,-0.07234877347946167,0.6264210939407349,0.5214341282844543,-0.0913572907447815,0.6938484907150269,0.5272575616836548,-0.10206940770149231,0.7456386089324951,0.5306966304779053,-0.10964985936880112,0.4954468607902527,0.5714665651321411,-0.08273443579673767,0.5517442226409912,0.561851978302002,-0.0848008468747139,0.5271446108818054,0.5462402701377869,-0.0726536214351654,0.5028935074806213,0.5419983267784119,-0.06633228063583374
E,0.3431508541107178,0.5526878237724304,7.19249896974361e-07,0.3998371958732605,0.45195603370666504,0.01420831773430109,0.48265475034713745,0.4265756607055664,0.009172485210001469,0.5435619950294495,0.4755100607872009,0.004274068400263786,0.5803123116493225,0.5214504599571228,-0.0023121540434658527,0.5071340203285217,0.360293447971344,-0.03744671121239662,0.6083787083625793,0.32068154215812683,-0.0477580688893795,0.6701698303222656,0.3026699721813202,-0.04900510609149933,0.7200609445571899,0.2867223918437958,-0.050885289907455444,0.5095398426055908,0.42290911078453064,-0.05773310735821724,0.6393624544143677,0.40708351135253906,-0.07746519148349762,0.7157785892486572,0.40050578117370605,-0.0873449370265007,0.7741363048553467,0.3945545554161072,-0.09368821233510971,0.5054112076759338,0.4956931173801422,-0.07237078249454498,0.6255592703819275,0.5182007551193237,-0.09268321096897125,0.6940280795097351,0.5262914299964905,-0.10311385244131088,0.7464501857757568,0.530666708946228,-0.10979507863521576,0.4947603940963745,0.5703864097595215,-0.08298825472593307,0.5545917749404907,0.5602501034736633,-0.08635830134153366,0.5301622152328491,0.5461269617080688,-0.07393645495176315,0.504576563835144,0.5423213243484497,-0.06677243858575821
E,0.3407459259033203,0.5560051202774048,7.256751928252925e-07,0.39808326959609985,0.4544711709022522,0.014411216601729393,0.4823355972766876,0.43381035327911377,0.009061981923878193,0.5438641905784607,0.4914592504501343,0.0037312975618988276,0.5791465044021606,0.5418760776519775,-0.0037014523986727,0.5042531490325928,0.3612813651561737,-0.037964485585689545,0.605944812297821,0.32251042127609253,-0.04904816672205925,0.6684401035308838,0.3036360740661621,-0.0515894889831543,0.7193115949630737,0.28724849224090576,-0.054798029363155365,0.5079461336135864,0.42634305357933044,-0.05890229716897011,0.6382973790168762,0.4091469943523407,-0.07920415699481964,0.7146703004837036,0.401120662689209,-0.09117954224348068,0.7725735306739807,0.393918514251709,-0.09971318393945694,0.5049866437911987,0.5004307627677917,-0.07408683001995087,0.6276853084564209,0.5214449167251587,-0.09546590596437454,0.6956872344017029,0.5275984406471252,-0.10813884437084198,0.7464185953140259,0.5302015542984009,-0.1167459711432457,0.49568814039230347,0.5746302008628845,-0.08506239950656891,0.553444504737854,0.5589349269866943,-0.08980803191661835,0.5285081267356873,0.5433886647224426,-0.0792960599064827,0.5030854940414429,0.5392948389053345,-0.07385706156492233
E,0.3407049775123596,0.5552065372467041,7.409572049255075e-07,0.3968411684036255,0.45142674446105957,0.013919944874942303,0.4806749224662781,0.4279003441333771,0.009118248708546162,0.5427494049072266,0.4796012043952942,0.0047917794436216354,0.5792466402053833,0.5257387161254883,-0.0012198688928037882,0.5053315162658691,0.3605952262878418,-0.03778553754091263,0.6066415309906006,0.3213176131248474,-0.04739301651716232,0.6684252619743347,0.30214864015579224,-0.04819531738758087,0.7185930013656616,0.28563040494918823,-0.04976755753159523,0.5084907412528992,0.42534977197647095,-0.05709703266620636,0.6387646198272705,0.4081333875656128,-0.07628754526376724,0.7149320840835571,0.400341659784317,-0.08586787432432175,0.772855281829834,0.39520901441574097,-0.09205906093120575,0.5046522617340088,0.49939021468162537,-0.07063140720129013,0.6264952421188354,0.5202383995056152,-0.08968412131071091,0.6945427656173706,0.526330292224884,-0.09972908347845078,0.7463375329971313,0.5310318470001221,-0.10634030401706696,0.4941789209842682,0.5733398199081421,-0.08015821874141693,0.5520612001419067,0.5612512826919556,-0.081475630402565,0.527710497379303,0.5451404452323914,-0.06862467527389526,0.5032072067260742,0.541387140750885,-0.06148732081055641
E,0.340872585773468,0.5579947829246521,7.262603958224645e-07,0.3973151445388794,0.45508140325546265,0.014351606369018555,0.4819791316986084,0.4325830042362213,0.009351111017167568,0.543952465057373,0.4881717264652252,0.004433702677488327,0.578641414642334,0.5377796292304993,-0.0023760793264955282,0.5056899785995483,0.360700398683548,-0.03638481721282005,0.6067564487457275,0.32154345512390137,-0.046671733260154724,0.6682483553886414,0.30318400263786316,-0.04856041446328163,0.7184438109397888,0.2867467403411865,-0.05116942152380943,0.5070494413375854,0.42521750926971436,-0.05703185126185417,0.6367469429969788,0.40811923146247864,-0.07829907536506653,0.7136952877044678,0.4008474349975586,-0.08998572826385498,0.7722499370574951,0.394609659910202,-0.09763471782207489,0.5029253959655762,0.4992089569568634,-0.07206400483846664,0.6242657899856567,0.5187708735466003,-0.0947241261601448,0.6934927701950073,0.5249902606010437,-0.10701943933963776,0.7459696531295776,0.5284155607223511,-0.11446364223957062,0.4931589961051941,0.5740164518356323,-0.08282400667667389,0.5541105270385742,0.5578281283378601,-0.08715640753507614,0.5283766388893127,0.5431956052780151,-0.0750618427991867,0.5013723373413086,0.5408834218978882,-0.0681392252445221
E,0.3395576477050781,0.557934045791626,7.487774382752832e-07,0.3962538242340088,0.45394179224967957,0.012239228002727032,0.48198652267456055,0.43361160159111023,0.0062881773337721825,0.5449137687683105,0.4937548041343689,0.0007494939491152763,0.5806987881660461,0.5461978316307068,-0.006881252396851778,0.5035395622253418,0.3625530004501343,-0.03932209312915802,0.6054331064224243,0.32375568151474,-0.04916512221097946,0.666598379611969,0.30422037839889526,-0.050381530076265335,0.7165288329124451,0.28685474395751953,-0.05278468877077103,0.50686115026474,0.4289590120315552,-0.0588882640004158,0.6371926069259644,0.40970462560653687,-0.07975971698760986,0.7134392857551575,0.4009799659252167,-0.0916014164686203,0.7715631127357483,0.39411285519599915,-0.09979338198900223,0.5030882954597473,0.5036209225654602,-0.07271319627761841,0.6275960206985474,0.5231194496154785,-0.09472136944532394,0.6957335472106934,0.5276777744293213,-0.10754218697547913,0.7463433742523193,0.5304514169692993,-0.11581610888242722,0.4929438531398773,0.5766990184783936,-0.08237010985612869,0.5520477294921875,0.5579196810722351,-0.08688800036907196,0.5276798605918884,0.5397586822509766,-0.07634927332401276,0.5025519132614136,0.5354035496711731,-0.07088791579008102
E,0.3391540050506592,0.5581181049346924,7.52660810121597e-07,0.39607954025268555,0.45497336983680725,0.014733259566128254,0.48013097047805786,0.43314990401268005,0.009634429588913918,0.5420136451721191,0.4903680384159088,0.004652402829378843,0.5775379538536072,0.5407922863960266,-0.002025273395702243,0.5036099553108215,0.36136823892593384,-0.036712802946567535,0.604711651802063,0.3223036229610443,-0.046898581087589264,0.6667019128799438,0.30386269092559814,-0.048714008182287216,0.7174626588821411,0.2874618172645569,-0.05118278041481972,0.5059201717376709,0.4248795807361603,-0.056845251470804214,0.6356879472732544,0.40697771310806274,-0.07697412371635437,0.7129199504852295,0.39965009689331055,-0.08812116831541061,0.7719581723213196,0.3943735957145691,-0.09570308029651642,0.5023077726364136,0.4979039430618286,-0.07118019461631775,0.623809278011322,0.5214669108390808,-0.09114271402359009,0.6936322450637817,0.5276545286178589,-0.10260950773954391,0.7463781833648682,0.5309553146362305,-0.11030346155166626,0.49304884672164917,0.5718358755111694,-0.08141867816448212,0.5517686605453491,0.5625006556510925,-0.08279210329055786,0.5271547436714172,0.5476776361465454,-0.0701841488480568,0.5021021366119385,0.5436156988143921,-0.06357824802398682
E,0.34014153480529785,0.5560247898101807,7.468906346730364e-07,0.3972831964492798,0.4532589018344879,0.014072800055146217,0.481970876455307,0.4319872558116913,0.008241158910095692,0.5447542667388916,0.48977693915367126,0.00273559195920825,0.5812926292419434,0.5392940640449524,-0.004821952898055315,0.5031632781028748,0.3610984981060028,-0.03994111716747284,0.6056646108627319,0.32262691855430603,-0.050250109285116196,0.6677327752113342,0.3039258122444153,-0.05188554897904396,0.7183192372322083,0.2870367169380188,-0.05443231016397476,0.5056856870651245,0.4259876310825348,-0.06011884659528732,0.6367056965827942,0.4094258248806,-0.08060835301876068,0.7133455872535706,0.4021719694137573,-0.0919387936592102,0.7715461254119873,0.39595159888267517,-0.09992407262325287,0.5022820234298706,0.4995589256286621,-0.07433014363050461,0.625823974609375,0.5210694074630737,-0.09539780020713806,0.6951929330825806,0.5265678763389587,-0.10758484154939651,0.7470965385437012,0.5290783643722534,-0.11585874110460281,0.4932454824447632,0.573023796081543,-0.08426592499017715,0.5526974201202393,0.559097409248352,-0.08752425014972687,0.5280046463012695,0.5429860949516296,-0.07612188160419464,0.5027270913124084,0.5385186672210693,-0.07034868001937866
E,0.33631467819213867,0.5588579177856445,7.492236591133405e-07,0.39468470215797424,0.45847079157829285,0.015122044831514359,0.4806629717350006,0.4402947723865509,0.009830540977418423,0.5421858429908752,0.5016421675682068,0.004451702814549208,0.5753859877586365,0.5543404817581177,-0.0028803374152630568,0.5014525055885315,0.36236974596977234,-0.03625333681702614,0.6031824350357056,0.3241373896598816,-0.046637777239084244,0.6654729843139648,0.3059659004211426,-0.04876613989472389,0.7165700793266296,0.28909415006637573,-0.051829468458890915,0.5036414861679077,0.42576920986175537,-0.05753324553370476,0.6341789960861206,0.40825754404067993,-0.07893767952919006,0.7114245891571045,0.4010133445262909,-0.09150707721710205,0.770679235458374,0.3940168619155884,-0.10005506873130798,0.5000709891319275,0.49870556592941284,-0.0729881301522255,0.6226701140403748,0.5204392075538635,-0.09537655115127563,0.6935885548591614,0.5277361869812012,-0.10858213156461716,0.7472301721572876,0.5307138562202454,-0.11704118549823761,0.491275817155838,0.5727311372756958,-0.08411405235528946,0.5504188537597656,0.5600215196609497,-0.08829670399427414,0.5248193144798279,0.5456894636154175,-0.07697486877441406,0.49857714772224426,0.5418052673339844,-0.07097208499908447
E,0.3371315002441406,0.5591949224472046,7.615694244123006e-07,0.39545345306396484,0.4578742980957031,0.016993673518300056,0.48040518164634705,0.44059231877326965,0.012051858007907867,0.5418190956115723,0.5025162696838379,0.00688185403123498,0.5746387839317322,0.5553002953529358,-0.00025580869987607,0.5029547214508057,0.36189261078834534,-0.036714814603328705,0.6058488488197327,0.3237987756729126,-0.046711891889572144,0.6679637432098389,0.3046935200691223,-0.04811116307973862,0.7184278964996338,0.2865690290927887,-0.05048677697777748,0.504879891872406,0.4255300462245941,-0.05848037451505661,0.6366434097290039,0.408437043428421,-0.08009073883295059,0.7133603096008301,0.40118396282196045,-0.09137021005153656,0.771809995174408,0.3946302533149719,-0.09860749542713165,0.5005282163619995,0.4992261826992035,-0.07407143712043762,0.6237490177154541,0.5221272706985474,-0.09565498679876328,0.6943397521972656,0.5296937227249146,-0.10681528598070145,0.7483780384063721,0.5329506993293762,-0.11377301067113876,0.490262508392334,0.5749319791793823,-0.0851510539650917,0.5508518218994141,0.5646855235099792,-0.0869910791516304,0.5250810980796814,0.5493306517601013,-0.07331875711679459,0.4989438056945801,0.5437145829200745,-0.06582099199295044
E,0.33656609058380127,0.5626516938209534,7.271459026014782e-07,0.3927057087421417,0.45887279510498047,0.01635115221142769,0.477206289768219,0.4361196756362915,0.012479730881750584,0.5392430424690247,0.4911622107028961,0.008248299360275269,0.5745499134063721,0.541235625743866,0.0020288866944611073,0.5005189180374146,0.36328068375587463,-0.03488907217979431,0.6036297082901001,0.3246214687824249,-0.044717442244291306,0.6662563681602478,0.30565357208251953,-0.0458880215883255,0.7167094945907593,0.2882969379425049,-0.04787062108516693,0.5042017102241516,0.4266384541988373,-0.056051574647426605,0.6350141763687134,0.4095076322555542,-0.07593916356563568,0.7121590971946716,0.4013916254043579,-0.08657392859458923,0.7705911993980408,0.39388710260391235,-0.09353059530258179,0.5016208291053772,0.4994826018810272,-0.07149967551231384,0.6232330799102783,0.5231577157974243,-0.09197831153869629,0.6935327053070068,0.5294922590255737,-0.10415682196617126,0.7466414570808411,0.5315994620323181,-0.11197991669178009,0.49245700240135193,0.5733945369720459,-0.08267679810523987,0.5506362915039062,0.5642695426940918,-0.08503884822130203,0.5260273218154907,0.5492721796035767,-0.07346752285957336,0.5005402565002441,0.5443156957626343,-0.06729966402053833
E,0.33713871240615845,0.5601650476455688,7.418018981297791e-07,0.393959105014801,0.4564129710197449,0.017609728500247,0.4783340394496918,0.43521663546562195,0.013633030466735363,0.540084719657898,0.49056029319763184,0.009438597597181797,0.5758036971092224,0.5397475957870483,0.0032403008081018925,0.5020512342453003,0.36206936836242676,-0.03644691780209541,0.6044428944587708,0.32386529445648193,-0.04629315435886383,0.6669651865959167,0.3046691417694092,-0.04727179929614067,0.7173529863357544,0.286637544631958,-0.04904340207576752,0.5056293606758118,0.42584142088890076,-0.05789642408490181,0.6371182799339294,0.4094495177268982,-0.07753367722034454,0.7139830589294434,0.40202775597572327,-0.08725205808877945,0.7723008990287781,0.3951863646507263,-0.09357134997844696,0.5025579333305359,0.49910199642181396,-0.073281429708004,0.6243728399276733,0.5227351188659668,-0.09278319031000137,0.6948442459106445,0.5291774868965149,-0.10345140099525452,0.7488007545471191,0.5318760871887207,-0.11048674583435059,0.4929623007774353,0.5731672048568726,-0.08425962179899216,0.5498407483100891,0.5645984411239624,-0.08472498506307602,0.524754524230957,0.5502071976661682,-0.07145765423774719,0.4996925890445709,0.5458732843399048,-0.06437420099973679
E,0.33623743057250977,0.5592080354690552,7.482423711735464e-07,0.3941689133644104,0.4574328660964966,0.01772421970963478,0.47873231768608093,0.4378756582736969,0.013353347778320312,0.5400329232215881,0.49641481041908264,0.008543908596038818,0.5743610262870789,0.5481722354888916,0.0017159838462248445,0.5018180012702942,0.362233966588974,-0.035693176090717316,0.6040163040161133,0.3242662847042084,-0.04521504417061806,0.6660910248756409,0.3057745397090912,-0.04599936679005623,0.716519832611084,0.2879939675331116,-0.047919318079948425,0.504881739616394,0.4244888424873352,-0.057453397661447525,0.6356975436210632,0.4084155857563019,-0.0782318264245987,0.7126060128211975,0.4015499949455261,-0.08899873495101929,0.7714945077896118,0.3949017822742462,-0.09597869217395782,0.5013631582260132,0.49697527289390564,-0.07303783297538757,0.6230530142784119,0.5208829045295715,-0.09367135167121887,0.6940714120864868,0.527996838092804,-0.104984350502491,0.7484309077262878,0.5307480096817017,-0.11224928498268127,0.4918481707572937,0.5715004801750183,-0.08411945402622223,0.5497346520423889,0.5630193948745728,-0.08525142073631287,0.5240801572799683,0.5488808751106262,-0.0720924362540245,0.4985068440437317,0.5448505878448486,-0.06505836546421051
E,0.3376759886741638,0.5610591769218445,7.411409796986845e-07,0.39333832263946533,0.45685073733329773,0.015600115992128849,0.4774472415447235,0.4335804581642151,0.010990813374519348,0.5393531918525696,0.4879519045352936,0.006354056764394045,0.5747616291046143,0.5378276705741882,-0.00038597805541940033,0.502214252948761,0.3615010976791382,-0.03676702082157135,0.6043233275413513,0.32268470525741577,-0.04624434560537338,0.6661498546600342,0.3036285638809204,-0.047022223472595215,0.7161945104598999,0.28626447916030884,-0.04882189631462097,0.5055924654006958,0.4261760115623474,-0.057567354291677475,0.6366407871246338,0.40932393074035645,-0.07755110412836075,0.7131140828132629,0.4010280668735504,-0.08774179220199585,0.7716480493545532,0.3944062292575836,-0.09430424124002457,0.5016213059425354,0.5007001161575317,-0.07245907187461853,0.6239427924156189,0.5221054553985596,-0.09315704554319382,0.6938017010688782,0.5268132090568542,-0.10463564097881317,0.7472494840621948,0.5293372273445129,-0.11193933337926865,0.4906923770904541,0.5757958292961121,-0.08300919830799103,0.5494548678398132,0.5635174512863159,-0.08568266779184341,0.5248261094093323,0.5472217202186584,-0.0733516737818718,0.4996407926082611,0.5431361794471741,-0.06652762740850449
E,0.3385482430458069,0.5586857199668884,7.422978569593397e-07,0.3960809111595154,0.455401748418808,0.016920099034905434,0.4801484942436218,0.43371808528900146,0.012226578779518604,0.541462242603302,0.4905470609664917,0.00725708669051528,0.576369047164917,0.5419872403144836,0.00017834329628385603,0.5022098422050476,0.3627946674823761,-0.037434596568346024,0.6042860746383667,0.32229799032211304,-0.04748527333140373,0.6661832928657532,0.303242027759552,-0.048306655138731,0.7162666320800781,0.2856200337409973,-0.0499977171421051,0.5052320957183838,0.42615166306495667,-0.05907444655895233,0.6369614601135254,0.40862837433815,-0.07998385280370712,0.7136197686195374,0.4008604884147644,-0.08991828560829163,0.7718489766120911,0.3935592770576477,-0.09607648849487305,0.5015710592269897,0.4993651211261749,-0.07463239133358002,0.6246436238288879,0.5229371190071106,-0.09556074440479279,0.6950040459632874,0.5284938812255859,-0.10600708425045013,0.7485009431838989,0.5297850370407104,-0.11240648478269577,0.49109402298927307,0.5738005638122559,-0.08576510101556778,0.5520852208137512,0.563604474067688,-0.08722542971372604,0.5275067090988159,0.5479117631912231,-0.07336845993995667,0.5015395879745483,0.5425696969032288,-0.06562663614749908
E,0.33834025263786316,0.5598466396331787,7.487416269214009e-07,0.3944823741912842,0.4561689794063568,0.014398271217942238,0.47741565108299255,0.43017029762268066,0.009420989081263542,0.5396844744682312,0.48177504539489746,0.004597311839461327,0.5771517157554626,0.5293842554092407,-0.00199886248447001,0.5013848543167114,0.3616349995136261,-0.03798364847898483,0.6031956672668457,0.3212502598762512,-0.04896427318453789,0.6659165024757385,0.30238062143325806,-0.05070283263921738,0.7167232632637024,0.28587496280670166,-0.052855443209409714,0.5047892928123474,0.4259903132915497,-0.05821032449603081,0.6359995603561401,0.40819302201271057,-0.07945489883422852,0.7133179903030396,0.40050405263900757,-0.09009082615375519,0.7719993591308594,0.39394375681877136,-0.09677306562662125,0.5018125176429749,0.4998115003108978,-0.07267619669437408,0.624396026134491,0.5226908922195435,-0.0934850201010704,0.693242073059082,0.5284446477890015,-0.10364007204771042,0.7452586889266968,0.5306005477905273,-0.10987673699855804,0.4923045039176941,0.5739483833312988,-0.0830763578414917,0.5519800782203674,0.5624225735664368,-0.08533608913421631,0.5278437733650208,0.5467215180397034,-0.07218997180461884,0.5028935670852661,0.5418949127197266,-0.06462433189153671
E,0.33822745084762573,0.5588319897651672,7.401005746032752e-07,0.3949258327484131,0.4558243155479431,0.016540400683879852,0.47845908999443054,0.4325609505176544,0.011738467030227184,0.5401347875595093,0.4862346351146698,0.006893572397530079,0.5764602422714233,0.5354167819023132,4.752757740789093e-05,0.5017468333244324,0.3620568513870239,-0.03827042877674103,0.6036612391471863,0.3217132091522217,-0.048385340720415115,0.6659661531448364,0.30289995670318604,-0.04912282153964043,0.7161887884140015,0.28575068712234497,-0.05078106373548508,0.5051125884056091,0.42573082447052,-0.0595477819442749,0.6368526220321655,0.4087110757827759,-0.08061350882053375,0.7134101390838623,0.4006336033344269,-0.09084320068359375,0.7713478803634644,0.3933197855949402,-0.0972210168838501,0.5016719102859497,0.49930524826049805,-0.07462294399738312,0.624515950679779,0.5219596028327942,-0.0954609215259552,0.6948891282081604,0.5274096131324768,-0.10591598600149155,0.7484983205795288,0.5294418334960938,-0.112469881772995,0.49192482233047485,0.5740199089050293,-0.08525951951742172,0.5502761006355286,0.5626694560050964,-0.08712323755025864,0.5253605842590332,0.5469461679458618,-0.07380139082670212,0.5000571608543396,0.5421279072761536,-0.06635179370641708
E,0.33865511417388916,0.5582472681999207,7.332891414080223e-07,0.3963996171951294,0.45662081241607666,0.016939735040068626,0.4809999167919159,0.436764657497406,0.011944590136408806,0.5425742268562317,0.496245801448822,0.006807405035942793,0.5774809122085571,0.5479085445404053,-0.0004720544966403395,0.5026315450668335,0.3616429567337036,-0.03775402531027794,0.6039777994155884,0.3219979405403137,-0.04793470725417137,0.6652780771255493,0.30379718542099,-0.049312423914670944,0.7155387997627258,0.2869452238082886,-0.05174105241894722,0.5042908787727356,0.424852192401886,-0.059527646750211716,0.6352112293243408,0.40784791111946106,-0.08148889988660812,0.711870551109314,0.4007619023323059,-0.0933542549610138,0.7706224322319031,0.3939953148365021,-0.10119441896677017,0.5004698038101196,0.4982774555683136,-0.07507176697254181,0.6237397193908691,0.5214511752128601,-0.09796983003616333,0.6944833397865295,0.5279226899147034,-0.11069978773593903,0.7485157251358032,0.5302115678787231,-0.11867082864046097,0.4913361370563507,0.5731424689292908,-0.0859055295586586,0.5507435202598572,0.5605829358100891,-0.08966614305973053,0.5243268609046936,0.5458457469940186,-0.07756849378347397,0.49782291054725647,0.5420826077461243,-0.07104530185461044
E,0.3369273841381073,0.5585343837738037,7.437389513142989e-07,0.39440175890922546,0.45696672797203064,0.015522290952503681,0.47971659898757935,0.43661198019981384,0.010185666382312775,0.542292594909668,0.49567511677742004,0.00478800293058157,0.5784364342689514,0.5467987656593323,-0.0025584849063307047,0.5015528798103333,0.3622030019760132,-0.03820696100592613,0.6038406491279602,0.32274824380874634,-0.04886097088456154,0.6660162806510925,0.3032313585281372,-0.05058511346578598,0.716484010219574,0.28585976362228394,-0.05324758589267731,0.5035286545753479,0.4254869818687439,-0.05965865030884743,0.6350982189178467,0.40843626856803894,-0.0813598707318306,0.7122236490249634,0.4004242420196533,-0.09322258830070496,0.7705901861190796,0.3935701549053192,-0.10127199441194534,0.49957022070884705,0.4989662766456604,-0.07513121515512466,0.6245551705360413,0.522379457950592,-0.09733398258686066,0.693718671798706,0.5284419655799866,-0.10951930284500122,0.7455419301986694,0.5305691957473755,-0.11740173399448395,0.49019095301628113,0.5741560459136963,-0.08619969338178635,0.5501475930213928,0.5619416236877441,-0.09038760513067245,0.5246606469154358,0.545684814453125,-0.07907383143901825,0.4985881745815277,0.539532482624054,-0.07307630777359009
E,0.3369101285934448,0.5603331327438354,7.323989166252431e-07,0.3929474353790283,0.4560815691947937,0.0150293605402112,0.4773922860622406,0.43030744791030884,0.010284610092639923,0.5408565998077393,0.48082873225212097,0.0057488963939249516,0.5792931318283081,0.5256363749504089,-0.00053769676014781,0.500678300857544,0.361871600151062,-0.03852841630578041,0.6030768156051636,0.32203102111816406,-0.04898913949728012,0.6651868224143982,0.303027868270874,-0.0502932146191597,0.7155531644821167,0.28599047660827637,-0.05227791145443916,0.5030987858772278,0.4256379008293152,-0.058825910091400146,0.63436359167099,0.4084247946739197,-0.08003505319356918,0.7115614414215088,0.40046054124832153,-0.09081002324819565,0.7705870866775513,0.3934454321861267,-0.09786219894886017,0.4997246265411377,0.49917328357696533,-0.07316511124372482,0.6232626438140869,0.5230298638343811,-0.09426359832286835,0.6923760771751404,0.5290817022323608,-0.10489892214536667,0.7447424530982971,0.5312851667404175,-0.11160898953676224,0.49030816555023193,0.573341965675354,-0.08326366543769836,0.551662802696228,0.5630152225494385,-0.08569925278425217,0.5272112488746643,0.5479445457458496,-0.07294303923845291,0.5021209716796875,0.5432134866714478,-0.06586691737174988
E,0.3372056782245636,0.5600151419639587,7.501405434595654e-07,0.3945680558681488,0.45627737045288086,0.014303152449429035,0.47944989800453186,0.4336530268192291,0.008341246284544468,0.542122483253479,0.4910318851470947,0.0023995002266019583,0.5790789723396301,0.5415919423103333,-0.005613407585769892,0.5003983378410339,0.36128321290016174,-0.03934675082564354,0.6030884981155396,0.32350632548332214,-0.04996839165687561,0.6652802228927612,0.3036392331123352,-0.05165250971913338,0.7152621150016785,0.2853716313838959,-0.054267968982458115,0.5033766031265259,0.4256718158721924,-0.060281042009592056,0.6355950832366943,0.40984636545181274,-0.0808110311627388,0.7119735479354858,0.40120193362236023,-0.09189816564321518,0.7697726488113403,0.39337357878685,-0.09969178587198257,0.49987947940826416,0.49996647238731384,-0.07534583657979965,0.6258255243301392,0.5236093401908875,-0.09654664993286133,0.694119393825531,0.5298039317131042,-0.10806577652692795,0.744981586933136,0.5321394205093384,-0.11586703360080719,0.4904596209526062,0.5751120448112488,-0.08619453758001328,0.5505952835083008,0.5625712871551514,-0.09034277498722076,0.5259438753128052,0.5465319752693176,-0.07911886274814606,0.5008527636528015,0.5409603714942932,-0.07327599823474884
E,0.33673927187919617,0.560437023639679,7.516732694057282e-07,0.3935284912586212,0.4567056894302368,0.015326607041060925,0.47788575291633606,0.4335659146308899,0.009790769778192043,0.5409010052680969,0.48908060789108276,0.004366212524473667,0.5785843729972839,0.5371026396751404,-0.002912383759394288,0.49957090616226196,0.3613481819629669,-0.03941635414958,0.6023246645927429,0.3224945664405823,-0.04997580498456955,0.6645905375480652,0.3033817410469055,-0.05148262158036232,0.715038537979126,0.2858932614326477,-0.053859662264585495,0.502119779586792,0.42536652088165283,-0.060121819376945496,0.6344082355499268,0.4086720943450928,-0.08147181570529938,0.7109516859054565,0.4003107249736786,-0.09286349266767502,0.7693655490875244,0.3925768733024597,-0.1006702333688736,0.4986271262168884,0.4994155168533325,-0.07464802265167236,0.6239638924598694,0.5237324237823486,-0.09584935754537582,0.6933009624481201,0.5302502512931824,-0.10683777183294296,0.745434582233429,0.5326306819915771,-0.11410217732191086,0.4895753562450409,0.5741444826126099,-0.08481563627719879,0.5505561828613281,0.5629808902740479,-0.08766846358776093,0.5260604619979858,0.5479316711425781,-0.07537948340177536,0.5012179017066956,0.5427140593528748,-0.06884525716304779
E,0.33551546931266785,0.5587124228477478,7.59708655095892e-07,0.39376118779182434,0.4544883072376251,0.01561860740184784,0.4785451889038086,0.43329185247421265,0.010236881673336029,0.541050910949707,0.49172544479370117,0.004870763048529625,0.5777204036712646,0.5419068336486816,-0.0024926895275712013,0.4992265999317169,0.3624863922595978,-0.03946493938565254,0.6029356122016907,0.324329137802124,-0.04953662306070328,0.6654887199401855,0.30396294593811035,-0.05043855682015419,0.7160049080848694,0.2854732275009155,-0.052398212254047394,0.5023033618927002,0.4270770847797394,-0.06035345047712326,0.6349313259124756,0.4096009135246277,-0.08104588091373444,0.7115157842636108,0.40103331208229065,-0.09187160432338715,0.7695503234863281,0.39364200830459595,-0.09931077063083649,0.49926087260246277,0.5011992454528809,-0.07500707358121872,0.6250624656677246,0.5247664451599121,-0.09554120153188705,0.6936073303222656,0.5301685333251953,-0.10646882653236389,0.7448012232780457,0.5321388244628906,-0.11376142501831055,0.490311861038208,0.5756112933158875,-0.08530666679143906,0.5510603189468384,0.5632085800170898,-0.0875166580080986,0.5265865325927734,0.5475283265113831,-0.07519961893558502,0.501887857913971,0.5424953103065491,-0.06874391436576843
E,0.33552610874176025,0.5584728121757507,7.585201728943503e-07,0.3933464288711548,0.45549169182777405,0.014733126387000084,0.4777693748474121,0.4303458034992218,0.009547218680381775,0.539758026599884,0.4827418625354767,0.004358817357569933,0.5766656994819641,0.5297403931617737,-0.002556286519393325,0.5002231001853943,0.361957311630249,-0.03805408254265785,0.6026521921157837,0.3223347067832947,-0.049138449132442474,0.6657418012619019,0.30301433801651,-0.0508933924138546,0.7166978120803833,0.28603604435920715,-0.052965473383665085,0.5026028156280518,0.42482832074165344,-0.05867466703057289,0.6345451474189758,0.4071350693702698,-0.0790940374135971,0.7120460271835327,0.3993661105632782,-0.08897703140974045,0.7709595561027527,0.39290857315063477,-0.09520070254802704,0.4989086389541626,0.4981456995010376,-0.07357502728700638,0.6228668689727783,0.5224416851997375,-0.09336969256401062,0.6915099620819092,0.5294805765151978,-0.10286804288625717,0.7436601519584656,0.5318241715431213,-0.10896633565425873,0.48882579803466797,0.573527455329895,-0.08451305329799652,0.5505257248878479,0.5672497749328613,-0.0862049013376236,0.5260821580886841,0.5535075664520264,-0.07260281592607498,0.5006369352340698,0.5482918620109558,-0.06483094394207001
E,0.334926038980484,0.5601157546043396,7.44032149668783e-07,0.3920634686946869,0.45768874883651733,0.014791150577366352,0.4780175983905792,0.4353775084018707,0.009337326511740685,0.5410830974578857,0.49284735321998596,0.0037240467499941587,0.5766293406486511,0.5430153608322144,-0.0038416851311922073,0.5009112358093262,0.36085939407348633,-0.036840543150901794,0.603441596031189,0.3232198655605316,-0.04717068001627922,0.6653757095336914,0.3047927916049957,-0.04937296733260155,0.7155982255935669,0.28736406564712524,-0.05233700945973396,0.5025343298912048,0.42432260513305664,-0.05779574438929558,0.6338239312171936,0.4095269441604614,-0.07802426069974899,0.7105376720428467,0.4022339880466461,-0.08942276239395142,0.7693109512329102,0.39524415135383606,-0.09733328223228455,0.49832022190093994,0.49810656905174255,-0.07302626222372055,0.6236424446105957,0.5204970836639404,-0.0942642092704773,0.6930069327354431,0.5266075730323792,-0.10654377192258835,0.7453829050064087,0.5285777449607849,-0.11466041952371597,0.4885570704936981,0.5742796063423157,-0.08402547985315323,0.5516919493675232,0.5645406246185303,-0.087783582508564,0.5263064503669739,0.5495626330375671,-0.07617632299661636,0.4996676445007324,0.5445345044136047,-0.06995464861392975
E,0.33401697874069214,0.5615212917327881,7.399121386697516e-07,0.391871839761734,0.45894625782966614,0.016465961933135986,0.4780254065990448,0.4378884434700012,0.0120070306584239,0.5408584475517273,0.49514248967170715,0.007116393186151981,0.5768384337425232,0.5452608466148376,0.0001959961373358965,0.5002554059028625,0.36239156126976013,-0.03513544425368309,0.6028201580047607,0.323313444852829,-0.04485899955034256,0.6650543808937073,0.3041442632675171,-0.046144697815179825,0.7152009606361389,0.28595617413520813,-0.048403628170490265,0.502675473690033,0.42522022128105164,-0.0567958727478981,0.6347061991691589,0.41006797552108765,-0.07650353759527206,0.7115285992622375,0.402494877576828,-0.08699449151754379,0.7697587609291077,0.39473986625671387,-0.09407344460487366,0.49872449040412903,0.49852389097213745,-0.07269430160522461,0.6238211393356323,0.522504985332489,-0.09317295998334885,0.6936460733413696,0.5282479524612427,-0.104792520403862,0.7461628913879395,0.5290584564208984,-0.11243799328804016,0.48868072032928467,0.5743132829666138,-0.0842709168791771,0.549960732460022,0.5645424723625183,-0.0868195965886116,0.5250107645988464,0.5497725009918213,-0.07468052208423615,0.4988242983818054,0.5442368388175964,-0.06819310039281845
E,0.33417239785194397,0.5607223510742188,7.537036026405985e-07,0.39225703477859497,0.4579664468765259,0.015141941606998444,0.477445125579834,0.43381574749946594,0.00999507587403059,0.5396742224693298,0.4886769652366638,0.0045167431235313416,0.5757994651794434,0.5385510921478271,-0.0028871262911707163,0.49969837069511414,0.3622454106807709,-0.03641693666577339,0.6020073294639587,0.32243579626083374,-0.04706718400120735,0.6647047400474548,0.30393433570861816,-0.04895508661866188,0.7153492569923401,0.28659605979919434,-0.05131697654724121,0.5028937458992004,0.4241805374622345,-0.05730552598834038,0.6343347430229187,0.4086567163467407,-0.07711244374513626,0.7111090421676636,0.4018755853176117,-0.08734209835529327,0.7695842385292053,0.3948479890823364,-0.09406117349863052,0.4997027814388275,0.4966129660606384,-0.07255251705646515,0.6226232051849365,0.5213111639022827,-0.09187457710504532,0.6923972368240356,0.529180109500885,-0.1025470718741417,0.745419979095459,0.5316321849822998,-0.10975651443004608,0.4902380108833313,0.5718634128570557,-0.08383721113204956,0.5513668060302734,0.5669194459915161,-0.08490340411663055,0.5273181200027466,0.5538813471794128,-0.07199586927890778,0.5021485090255737,0.548907995223999,-0.065116286277771
E,0.33504772186279297,0.558708906173706,7.628121352354356e-07,0.3930642008781433,0.45759767293930054,0.01548675261437893,0.47870519757270813,0.43785983324050903,0.009807287715375423,0.5406268239021301,0.49819138646125793,0.0036617231089621782,0.5750015377998352,0.5516351461410522,-0.004627433139830828,0.5004360675811768,0.3611900210380554,-0.03680149465799332,0.602851927280426,0.32231220602989197,-0.04788187891244888,0.665303647518158,0.30400773882865906,-0.050235893577337265,0.7158226370811462,0.2867678999900818,-0.05319112911820412,0.503105640411377,0.42360007762908936,-0.05869295075535774,0.635048508644104,0.4079422056674957,-0.07944540679454803,0.7119689583778381,0.4010762572288513,-0.09059349447488785,0.7708439826965332,0.3941721022129059,-0.09807849675416946,0.4988565444946289,0.49683257937431335,-0.0748923122882843,0.6234393119812012,0.5207957029342651,-0.09603508561849594,0.6933898329734802,0.5280362367630005,-0.1077045202255249,0.746666431427002,0.5297735929489136,-0.11542918533086777,0.4882797598838806,0.5735052227973938,-0.08690066635608673,0.5502568483352661,0.5669757127761841,-0.08976510912179947,0.5255284309387207,0.5531711578369141,-0.0772833451628685,0.49955514073371887,0.5476221442222595,-0.07065383344888687
E,0.33338209986686707,0.560806155204773,7.563563713119947e-07,0.3907807469367981,0.4587487578392029,0.014426576904952526,0.47721174359321594,0.4378601610660553,0.008709903806447983,0.5402975082397461,0.49789339303970337,0.002646211301907897,0.5750100612640381,0.5503898859024048,-0.005594593472778797,0.4993596076965332,0.3620661199092865,-0.03670603409409523,0.6030393242835999,0.32269400358200073,-0.04683365300297737,0.6654908657073975,0.3039097189903259,-0.04855537787079811,0.7160214781761169,0.28657037019729614,-0.05114227160811424,0.5024427175521851,0.4260052442550659,-0.057903315871953964,0.6347020268440247,0.4089173972606659,-0.07785585522651672,0.7118232250213623,0.40090665221214294,-0.08902893960475922,0.7706784605979919,0.3942411243915558,-0.09663980454206467,0.4983862340450287,0.500287652015686,-0.07341130822896957,0.6245156526565552,0.5215515494346619,-0.09422355890274048,0.6940554976463318,0.5267291069030762,-0.10632530599832535,0.7465885877609253,0.5282431840896606,-0.11436641961336136,0.4879363775253296,0.5767652988433838,-0.0847962498664856,0.5517902374267578,0.5660426616668701,-0.08864390850067139,0.5270658731460571,0.5504994988441467,-0.07701465487480164,0.5007776618003845,0.5451533198356628,-0.07075454294681549
E,0.33372676372528076,0.5622267127037048,7.613299999320589e-07,0.3903326988220215,0.46052494645118713,0.01387983001768589,0.4759858548641205,0.4382935166358948,0.008597017265856266,0.5382629036903381,0.49706852436065674,0.002814563689753413,0.5719810128211975,0.5509289503097534,-0.004943817388266325,0.4993879795074463,0.3627264201641083,-0.03387348726391792,0.6019651293754578,0.322720468044281,-0.04416621848940849,0.6647748947143555,0.3045549988746643,-0.04625026136636734,0.7155313491821289,0.28790485858917236,-0.04885147884488106,0.5036471486091614,0.425346314907074,-0.0547354593873024,0.6345784664154053,0.4079137444496155,-0.07365921884775162,0.7115328311920166,0.40064284205436707,-0.08399900048971176,0.7703553438186646,0.39434584975242615,-0.09082912653684616,0.5002281069755554,0.4986554682254791,-0.07038586586713791,0.6231079697608948,0.5213974118232727,-0.08968314528465271,0.6923432350158691,0.5273971557617188,-0.10076326876878738,0.7450574636459351,0.5287099480628967,-0.10819356888532639,0.48950064182281494,0.5748410224914551,-0.08231021463871002,0.5509901642799377,0.5698453187942505,-0.08437497168779373,0.5265083312988281,0.5563275218009949,-0.07171794027090073,0.5004541873931885,0.5513083338737488,-0.06483486294746399
E,0.3333391845226288,0.5610477328300476,7.665781822652207e-07,0.3922117352485657,0.46119067072868347,0.016616180539131165,0.47895511984825134,0.44300830364227295,0.01188107393682003,0.5407345294952393,0.5055890679359436,0.006372143980115652,0.5735328793525696,0.559805154800415,-0.0010910609271377325,0.5008914470672607,0.361178457736969,-0.03197893127799034,0.6031511425971985,0.32202526926994324,-0.04155803844332695,0.6653370261192322,0.3041541576385498,-0.04347466677427292,0.7160876989364624,0.28638383746147156,-0.0462682768702507,0.5035732984542847,0.4225139915943146,-0.054022546857595444,0.6341170072555542,0.4058968722820282,-0.07365424185991287,0.7111232876777649,0.400346040725708,-0.08474396169185638,0.7706383466720581,0.3941383957862854,-0.09212353825569153,0.4997826814651489,0.4949677586555481,-0.07051082700490952,0.6225892305374146,0.5184121131896973,-0.0908118411898613,0.6934651136398315,0.5272082090377808,-0.10234387218952179,0.7480900287628174,0.529170572757721,-0.10994225740432739,0.49011120200157166,0.5718231201171875,-0.08283203095197678,0.5529265403747559,0.5687380433082581,-0.08404553681612015,0.5265536308288574,0.5581150650978088,-0.07019335776567459,0.4989822804927826,0.554100751876831,-0.06278738379478455
E,0.33507561683654785,0.5623310208320618,7.568320938844408e-07,0.392937034368515,0.459585577249527,0.015140427276492119,0.47898271679878235,0.43887150287628174,0.009805405512452126,0.5415918827056885,0.4984474182128906,0.0037481985054910183,0.5748310685157776,0.551826536655426,-0.004496950656175613,0.5010141134262085,0.3618791103363037,-0.03417455777525902,0.6033358573913574,0.3217250406742096,-0.044468723237514496,0.665462851524353,0.3030809760093689,-0.04661589860916138,0.7157468795776367,0.2855249345302582,-0.04948457330465317,0.5039665102958679,0.4254591464996338,-0.05605056881904602,0.6354394555091858,0.40907853841781616,-0.07545625418424606,0.7126187086105347,0.40132030844688416,-0.08631197363138199,0.7717636823654175,0.39381927251815796,-0.09372556954622269,0.4998854100704193,0.49951255321502686,-0.07257445901632309,0.6244210004806519,0.5218790173530579,-0.0929609164595604,0.6939190626144409,0.5276352763175964,-0.10491898655891418,0.7468553185462952,0.5284737348556519,-0.11294341832399368,0.4895465672016144,0.5761861205101013,-0.08509932458400726,0.5514220595359802,0.5665271282196045,-0.08836187422275543,0.5265713334083557,0.5519982576370239,-0.07654793560504913,0.5005094408988953,0.546422004699707,-0.07030578702688217
E,0.33412280678749084,0.561751127243042,7.605163432344852e-07,0.391433984041214,0.4574145972728729,0.015419747680425644,0.47723519802093506,0.43295907974243164,0.010587546043097973,0.5404563546180725,0.4887014627456665,0.005441032815724611,0.575865626335144,0.539145290851593,-0.0015253744786605239,0.49928125739097595,0.36097753047943115,-0.035883788019418716,0.6016891598701477,0.3194466829299927,-0.046914491802453995,0.6648719310760498,0.30138975381851196,-0.049096863716840744,0.7159655094146729,0.2846831977367401,-0.051553573459386826,0.5017978549003601,0.42463746666908264,-0.05708710849285126,0.6344642639160156,0.40705180168151855,-0.07815142720937729,0.7120786309242249,0.39997750520706177,-0.0887579619884491,0.7712469100952148,0.3926531970500946,-0.09538087248802185,0.4982200860977173,0.4985619783401489,-0.07264906167984009,0.6230138540267944,0.5202032327651978,-0.09337305277585983,0.6929899454116821,0.5269215106964111,-0.10332143306732178,0.7461614608764648,0.5282497406005859,-0.10929220169782639,0.48842084407806396,0.5747214555740356,-0.08413774520158768,0.553993821144104,0.5648639798164368,-0.0853203758597374,0.530007541179657,0.5512914657592773,-0.07084867358207703,0.5038920044898987,0.5465725064277649,-0.06250137835741043
E,0.3377388119697571,0.5612010955810547,7.665867087780498e-07,0.39452916383743286,0.45872387290000916,0.015537090599536896,0.47914010286331177,0.4365549385547638,0.010578370653092861,0.5419895648956299,0.4921596348285675,0.0053584692068398,0.5762836933135986,0.5432279706001282,-0.0016296271933242679,0.5040883421897888,0.36059367656707764,-0.03506428375840187,0.606209397315979,0.31920355558395386,-0.044845402240753174,0.6681287884712219,0.3005332350730896,-0.045436371117830276,0.7181164026260376,0.2827080488204956,-0.04695843160152435,0.5076352953910828,0.42390409111976624,-0.056508153676986694,0.6397685408592224,0.40655598044395447,-0.07737106084823608,0.716601550579071,0.39991331100463867,-0.08669056743383408,0.7757922410964966,0.3932580053806305,-0.09198212623596191,0.5031801462173462,0.49855872988700867,-0.0723787322640419,0.6263417601585388,0.521352231502533,-0.09361564368009567,0.697088360786438,0.5293131470680237,-0.10316824167966843,0.7522649168968201,0.531591534614563,-0.10865762829780579,0.4916453957557678,0.5762040019035339,-0.08406048268079758,0.5542296767234802,0.5675944685935974,-0.08596038818359375,0.5292029976844788,0.5533376932144165,-0.07142870128154755,0.5027011036872864,0.5474370121955872,-0.06294581294059753
E,0.33841127157211304,0.5568646192550659,7.684827778575709e-07,0.4034444987773895,0.4639754891395569,0.013725117780268192,0.4927079677581787,0.44828328490257263,0.008701441809535027,0.5513069033622742,0.5112295150756836,0.0019099093042314053,0.5793710947036743,0.569682776927948,-0.006903508678078651,0.5124390721321106,0.3698046803474426,-0.025552639737725258,0.6103159785270691,0.323753297328949,-0.03639279678463936,0.6740190982818604,0.30444997549057007,-0.040126506239175797,0.724888801574707,0.28948044776916504,-0.04414273053407669,0.5184767246246338,0.43075287342071533,-0.04837895184755325,0.6437290906906128,0.41230508685112,-0.06386033445596695,0.7209272980690002,0.4065931439399719,-0.07505036145448685,0.779836893081665,0.402293860912323,-0.08350884914398193,0.5155355334281921,0.5020765662193298,-0.06726270914077759,0.6361144781112671,0.5304110646247864,-0.08603721857070923,0.7039645314216614,0.5361012816429138,-0.10114021599292755,0.7546945810317993,0.5352355241775513,-0.11233747750520706,0.5058768391609192,0.5776476263999939,-0.08284300565719604,0.5578256249427795,0.5771729946136475,-0.09001775085926056,0.5326006412506104,0.5682857632637024,-0.08315283805131912,0.506413459777832,0.5650826096534729,-0.0802282765507698
E,0.34198564291000366,0.5568796396255493,7.268212698363641e-07,0.40012651681900024,0.4626196026802063,0.00870867632329464,0.486390084028244,0.43690943717956543,0.0028694365173578262,0.5468643307685852,0.4871111810207367,-0.0034790965728461742,0.583034873008728,0.5360250473022461,-0.011364275589585304,0.5121265053749084,0.36695653200149536,-0.03118426911532879,0.6105461120605469,0.32355797290802,-0.045348815619945526,0.6754176020622253,0.30542996525764465,-0.051167894154787064,0.7267233729362488,0.2913740277290344,-0.05569979548454285,0.5170397162437439,0.4272993206977844,-0.05133577063679695,0.6435545682907104,0.41365304589271545,-0.0671679824590683,0.7221483588218689,0.40786200761795044,-0.0775599479675293,0.7825179100036621,0.4031476080417633,-0.08515296876430511,0.513862133026123,0.4978976547718048,-0.06821592897176743,0.6321041584014893,0.5265277028083801,-0.08601181954145432,0.6997856497764587,0.5326858758926392,-0.09913824498653412,0.7517408132553101,0.5319913029670715,-0.1093628853559494,0.5033232569694519,0.5731309056282043,-0.08253758400678635,0.5536860823631287,0.581159770488739,-0.08925929665565491,0.530744194984436,0.5699138641357422,-0.08188650012016296,0.5066214799880981,0.5623624324798584,-0.07840050756931305
E,0.35842055082321167,0.5634269714355469,8.469469889860193e-07,0.42238569259643555,0.4730086028575897,0.0011477040825411677,0.512204647064209,0.43293488025665283,-0.008400519378483295,0.585565984249115,0.44356417655944824,-0.018555333837866783,0.6388732194900513,0.45961180329322815,-0.029079517349600792,0.5378795862197876,0.3749004006385803,-0.03797944262623787,0.6367814540863037,0.3383474349975586,-0.06140381470322609,0.7034794092178345,0.3210405707359314,-0.07328154891729355,0.7580392360687256,0.3074539303779602,-0.0809161439538002,0.5394967794418335,0.4396234452724457,-0.05735549330711365,0.6696469783782959,0.4404826760292053,-0.07568001002073288,0.7505261301994324,0.4431731104850769,-0.0870027095079422,0.8175837993621826,0.44436579942703247,-0.09554141759872437,0.5306277871131897,0.5163385272026062,-0.07465653121471405,0.650671124458313,0.5528053045272827,-0.09614936262369156,0.6972569227218628,0.5701612234115601,-0.10462207347154617,0.7321016788482666,0.5773221254348755,-0.11053134500980377,0.5159960985183716,0.597099244594574,-0.09075647592544556,0.5676285028457642,0.6202927827835083,-0.10480345040559769,0.5485678911209106,0.6208378672599792,-0.09980570524930954,0.5312429070472717,0.6188592910766602,-0.09588855504989624
E,0.36365869641304016,0.5840576887130737,8.700250759829942e-07,0.4347619116306305,0.47319018840789795,0.003168215975165367,0.5381139516830444,0.4439396858215332,-0.00727311335504055,0.6229550242424011,0.4723759889602661,-0.014011053368449211,0.6842317581176758,0.48942849040031433,-0.0226755291223526,0.5444017052650452,0.3906507194042206,-0.06656645238399506,0.6596267819404602,0.35868290066719055,-0.0870731920003891,0.7340012788772583,0.34043261408805847,-0.09418272972106934,0.7954868674278259,0.3231726288795471,-0.09916609525680542,0.5390387773513794,0.47772252559661865,-0.08376874029636383,0.6893234848976135,0.47106000781059265,-0.1073698103427887,0.7827914953231812,0.47139787673950195,-0.1217096745967865,0.8567345142364502,0.47054892778396606,-0.13326960802078247,0.5281349420547485,0.569183349609375,-0.09494537115097046,0.6722497940063477,0.5974242687225342,-0.12302657216787338,0.7527048587799072,0.6106588244438171,-0.14063599705696106,0.8132584095001221,0.6212881207466125,-0.152497336268425,0.5168002247810364,0.6517183780670166,-0.10165363550186157,0.5955003499984741,0.630879819393158,-0.11768302321434021,0.5856128931045532,0.6063616871833801,-0.11491354554891586,0.5719077587127686,0.593913733959198,-0.11377469450235367
E,0.34622466564178467,0.6046847105026245,8.123730026454723e-07,0.4150407016277313,0.47790080308914185,0.017771640792489052,0.5181624293327332,0.4499063491821289,0.011571314185857773,0.6003276109695435,0.48762717843055725,0.009519517421722412,0.6597183346748352,0.5140035152435303,0.0038332361727952957,0.5393955111503601,0.39519983530044556,-0.07711948454380035,0.6616847515106201,0.3686296343803406,-0.09623382985591888,0.739533007144928,0.3474988341331482,-0.1007973924279213,0.8055740594863892,0.3289465010166168,-0.10606703907251358,0.5353347063064575,0.48454299569129944,-0.09915429353713989,0.6928281784057617,0.4794066548347473,-0.13171805441379547,0.7897253036499023,0.4798586070537567,-0.15195147693157196,0.8657824993133545,0.4812168478965759,-0.1680125892162323,0.5255210995674133,0.5790690183639526,-0.11091935634613037,0.6716461181640625,0.6076112985610962,-0.14622659981250763,0.7529779672622681,0.6176249980926514,-0.16965194046497345,0.8157684803009033,0.6307339668273926,-0.18603016436100006,0.5148667097091675,0.6623085141181946,-0.11516200006008148,0.576625406742096,0.6219738125801086,-0.1349179893732071,0.5499943494796753,0.5856296420097351,-0.13504789769649506,0.529675304889679,0.5719969272613525,-0.13701336085796356
E,0.33802181482315063,0.6171607971191406,7.728380069238483e-07,0.41049376130104065,0.4940614700317383,0.008413300849497318,0.518834114074707,0.4621450901031494,0.002235234482213855,0.6023154258728027,0.49797123670578003,-0.0011218696599826217,0.6611174941062927,0.5285364389419556,-0.006731127854436636,0.5367270112037659,0.40621936321258545,-0.05647237226366997,0.6602810621261597,0.3744305968284607,-0.07316780090332031,0.7376840710639954,0.35568952560424805,-0.07810240238904953,0.8006225824356079,0.3411099910736084,-0.08287735283374786,0.5385207533836365,0.4972354769706726,-0.07654495537281036,0.6927042603492737,0.4881800711154938,-0.09477818757295609,0.7862852215766907,0.486599862575531,-0.10843020677566528,0.858370304107666,0.4862828850746155,-0.12098102271556854,0.5334427952766418,0.5898967385292053,-0.09094709157943726,0.675382673740387,0.6115802526473999,-0.11567284911870956,0.7529582381248474,0.6240350604057312,-0.13669632375240326,0.812282919883728,0.6348616480827332,-0.1534484177827835,0.523937463760376,0.6711763143539429,-0.10076846927404404,0.5833116173744202,0.6448427438735962,-0.11829636991024017,0.5639463067054749,0.6258330345153809,-0.11990467458963394,0.5468148589134216,0.6190606355667114,-0.12297596037387848
E,0.33451494574546814,0.6207733154296875,7.362926339737896e-07,0.4047068655490875,0.497344970703125,0.009590613655745983,0.5136291980743408,0.4633496403694153,0.004609853960573673,0.5978178977966309,0.4968986511230469,0.00257428758777678,0.6566592454910278,0.5271303057670593,-0.0019431968685239553,0.5359939336776733,0.40418070554733276,-0.056029144674539566,0.6613268256187439,0.3745836615562439,-0.0705658495426178,0.7386588454246521,0.3545662760734558,-0.07397288829088211,0.8011487126350403,0.3381075859069824,-0.07794442772865295,0.536655843257904,0.49509620666503906,-0.07565977424383163,0.6912202835083008,0.4860402047634125,-0.09274667501449585,0.7851401567459106,0.4853033423423767,-0.10590050369501114,0.8561270236968994,0.48604297637939453,-0.11856744438409805,0.5316757559776306,0.5878151059150696,-0.08926666527986526,0.674976110458374,0.6112536787986755,-0.11429507285356522,0.7525565028190613,0.6231803894042969,-0.13675524294376373,0.8092108964920044,0.632987916469574,-0.1546899527311325,0.5225870609283447,0.6693235039710999,-0.09790141135454178,0.5832104682922363,0.6427707672119141,-0.11591897904872894,0.5583836436271667,0.6203556656837463,-0.11821939796209335,0.5335060954093933,0.6106299757957458,-0.12200582772493362
E,0.33782508969306946,0.6416180729866028,7.781882800372841e-07,0.407818078994751,0.5200030207633972,0.00029834307497367263,0.5136625170707703,0.46693018078804016,-0.009730428457260132,0.6016303300857544,0.47454750537872314,-0.019065655767917633,0.6599962711334229,0.5038819313049316,-0.02828449010848999,0.5446729063987732,0.44584640860557556,-0.04165425896644592,0.6633052229881287,0.39800822734832764,-0.06351970881223679,0.7358129024505615,0.3806091845035553,-0.0739719346165657,0.7928280830383301,0.37038058042526245,-0.07991845905780792,0.5515948534011841,0.5284609198570251,-0.057400282472372055,0.7006149888038635,0.5156298279762268,-0.07317376136779785,0.7875486612319946,0.5152904987335205,-0.08329553157091141,0.8537464141845703,0.5184385776519775,-0.09095586836338043,0.5462117791175842,0.6151179671287537,-0.07079043239355087,0.6780386567115784,0.6347795724868774,-0.0884411484003067,0.7583476901054382,0.6526918411254883,-0.10047785937786102,0.8145826458930969,0.6646839380264282,-0.10944022238254547,0.5295640826225281,0.6948941946029663,-0.08269292861223221,0.6140784025192261,0.7211772203445435,-0.09478861838579178,0.6485434770584106,0.7361982464790344,-0.09392216056585312,0.6712111234664917,0.7412903308868408,-0.09314621239900589
E,0.34351587295532227,0.6451129913330078,7.313107630579907e-07,0.4104326367378235,0.5236982703208923,-0.004078214522451162,0.5128448009490967,0.4555372893810272,-0.015267807058990002,0.60379558801651,0.4342677593231201,-0.024736879393458366,0.6693830490112305,0.4428650736808777,-0.03358214348554611,0.5531510710716248,0.45104968547821045,-0.041131872683763504,0.67143714427948,0.4069689214229584,-0.0622217021882534,0.7410740852355957,0.3856402337551117,-0.07352326810359955,0.7948715686798096,0.37079882621765137,-0.08024518191814423,0.5568482279777527,0.5329841375350952,-0.05422795191407204,0.7008676528930664,0.5246654152870178,-0.0712490901350975,0.7832345366477966,0.5195031762123108,-0.08205927908420563,0.8461494445800781,0.5156668424606323,-0.0900963768362999,0.5502729415893555,0.6191740036010742,-0.06531476974487305,0.6796978712081909,0.6326609253883362,-0.0837857723236084,0.7562564611434937,0.646824300289154,-0.09368903934955597,0.8103823065757751,0.6573125720024109,-0.10094404965639114,0.5341545343399048,0.6985433101654053,-0.07520686835050583,0.6216685771942139,0.7167361974716187,-0.08818092942237854,0.6562770009040833,0.731443464756012,-0.08613955974578857,0.6793909072875977,0.7410180568695068,-0.08389581739902496
E,0.3474574685096741,0.6669848561286926,6.935807164154539e-07,0.4139021635055542,0.542341411113739,0.0010313233360648155,0.5210586786270142,0.5027464628219604,-0.00721494946628809,0.6049394011497498,0.5337179899215698,-0.013435028493404388,0.6621219515800476,0.571760892868042,-0.022125596180558205,0.567018449306488,0.46518081426620483,-0.041622769087553024,0.6830002665519714,0.4373010993003845,-0.056672967970371246,0.7580046653747559,0.42534181475639343,-0.06424421817064285,0.8166536092758179,0.4160941243171692,-0.0710284635424614,0.5739097595214844,0.5547997355461121,-0.05905267223715782,0.7183595895767212,0.557073175907135,-0.07164265960454941,0.8012331128120422,0.5605241656303406,-0.08330721408128738,0.865202784538269,0.5638440251350403,-0.09433117508888245,0.565786600112915,0.6477959752082825,-0.0732937753200531,0.7116323113441467,0.6859625577926636,-0.09482529014348984,0.7860997915267944,0.6961352825164795,-0.11437610536813736,0.8395732641220093,0.7050783634185791,-0.13062216341495514,0.5480802655220032,0.73525071144104,-0.08436053991317749,0.6130432486534119,0.7343460917472839,-0.10369963943958282,0.5943366289138794,0.7176860570907593,-0.10563430935144424,0.5726686716079712,0.7100092172622681,-0.1081102043390274
E,0.3482093811035156,0.6712132692337036,6.734476869496575e-07,0.41719579696655273,0.5453139543533325,-0.002875814912840724,0.525015652179718,0.5002089142799377,-0.01147079560905695,0.6103608012199402,0.5195291042327881,-0.017487408593297005,0.6680344939231873,0.5453055500984192,-0.025684857740998268,0.5708503723144531,0.47509318590164185,-0.04356000944972038,0.6871134638786316,0.4503793716430664,-0.05982566624879837,0.7620675563812256,0.43487706780433655,-0.06852863729000092,0.8203644752502441,0.42409032583236694,-0.07615815848112106,0.5779569745063782,0.5668641328811646,-0.05993405729532242,0.7242156267166138,0.5731425285339355,-0.07260182499885559,0.8075230121612549,0.5744881629943848,-0.08460327237844467,0.870754599571228,0.5795094966888428,-0.09644508361816406,0.5681079626083374,0.6583901047706604,-0.07386934757232666,0.7152109742164612,0.6866520643234253,-0.09663109481334686,0.7851582169532776,0.6918448805809021,-0.11734437197446823,0.8337817192077637,0.7009006142616272,-0.1347128003835678,0.5479986667633057,0.7401033043861389,-0.08512351661920547,0.6104302406311035,0.7226374745368958,-0.10906215012073517,0.5923001170158386,0.6950034499168396,-0.11557372659444809,0.5719488859176636,0.6818245053291321,-0.1209968701004982
E,0.35233205556869507,0.712273120880127,7.928822469693841e-07,0.43458062410354614,0.5853163003921509,0.019183620810508728,0.5393948554992676,0.5699136257171631,0.014536628499627113,0.6104152202606201,0.634864330291748,0.011914551258087158,0.6527146697044373,0.6910554766654968,0.005438067484647036,0.5799435973167419,0.5200890302658081,-0.06135186553001404,0.7045130133628845,0.49843931198120117,-0.07492458075284958,0.783134937286377,0.47844547033309937,-0.07738720625638962,0.8494688272476196,0.46122586727142334,-0.08132247626781464,0.5775156021118164,0.617666482925415,-0.08371326327323914,0.7322181463241577,0.6236293315887451,-0.11004997789859772,0.8330031633377075,0.6322155594825745,-0.12821629643440247,0.9110525846481323,0.6426949501037598,-0.1431073695421219,0.5641605257987976,0.714201033115387,-0.09659355133771896,0.7059779167175293,0.7560284733772278,-0.12724310159683228,0.7869328260421753,0.7715306282043457,-0.15063261985778809,0.8444124460220337,0.7897269129753113,-0.16672132909297943,0.5465596914291382,0.79552161693573,-0.10247386246919632,0.6097844839096069,0.764150857925415,-0.115780308842659,0.5820919871330261,0.7288251519203186,-0.11120443046092987,0.5531651973724365,0.719072699546814,-0.11019977927207947
E,0.3505420684814453,0.7200247049331665,7.680462772441388e-07,0.4313579797744751,0.5950170755386353,0.012631543911993504,0.5398504734039307,0.5877231955528259,0.0042061046697199345,0.6069406270980835,0.6759232878684998,-0.0010866397060453892,0.6429340839385986,0.7465580701828003,-0.011586745269596577,0.5820339322090149,0.5249035954475403,-0.06755296140909195,0.7082584500312805,0.5098092555999756,-0.08127244561910629,0.784512996673584,0.4931107759475708,-0.08673055469989777,0.8504762649536133,0.4765780568122864,-0.09483790397644043,0.5781030058860779,0.6236666440963745,-0.08959339559078217,0.7295595407485962,0.631955087184906,-0.1085829958319664,0.8284223675727844,0.6388363242149353,-0.12773244082927704,0.906692624092102,0.6453030109405518,-0.14776571094989777,0.5632619261741638,0.7219972610473633,-0.10346508026123047,0.7047190070152283,0.7669821381568909,-0.1325993835926056,0.7887476682662964,0.7793529033660889,-0.16425801813602448,0.8495943546295166,0.7922699451446533,-0.19025631248950958,0.5456327199935913,0.8059244751930237,-0.11082382500171661,0.6033719182014465,0.7764664888381958,-0.1320616751909256,0.5700610280036926,0.7380574941635132,-0.13694874942302704,0.5374450087547302,0.7240095138549805,-0.14449360966682434
E,0.3477495610713959,0.7247399687767029,7.596810291943257e-07,0.42664146423339844,0.5952600836753845,0.014407291077077389,0.5324410796165466,0.5784009695053101,0.0079875523224473,0.6001462936401367,0.6501110196113586,0.004620629828423262,0.6377480030059814,0.710067093372345,-0.003668553661555052,0.5773586630821228,0.5255951881408691,-0.06594938784837723,0.7047936916351318,0.5109889507293701,-0.08140024542808533,0.78248530626297,0.49376899003982544,-0.08761963993310928,0.8483690023422241,0.47718238830566406,-0.0950867235660553,0.5757863521575928,0.625150203704834,-0.08761098235845566,0.7307162880897522,0.6330084204673767,-0.10885966569185257,0.8322132229804993,0.6423779129981995,-0.1271229237318039,0.9106602668762207,0.6507671475410461,-0.14495395123958588,0.5634918808937073,0.7230506539344788,-0.10109979659318924,0.7037386298179626,0.7659009099006653,-0.13042961061000824,0.7872671484947205,0.7800507545471191,-0.15951691567897797,0.8470695614814758,0.7949397563934326,-0.18243104219436646,0.547074556350708,0.8061113357543945,-0.10809789597988129,0.6049594283103943,0.7776803970336914,-0.1267801821231842,0.5715548992156982,0.7370033264160156,-0.1290394812822342,0.537051260471344,0.719733476638794,-0.1339985877275467
E,0.34598663449287415,0.7318400144577026,7.849811822779884e-07,0.4253358244895935,0.6069889068603516,0.011130865663290024,0.5322750210762024,0.6002464890480042,0.002033557277172804,0.5992104411125183,0.6898958086967468,-0.0036825372371822596,0.636192262172699,0.7619901895523071,-0.014657667838037014,0.5763357281684875,0.5336548686027527,-0.07159293442964554,0.7063816785812378,0.5180984735488892,-0.08628607541322708,0.7837393283843994,0.49990490078926086,-0.09229155629873276,0.8506896495819092,0.48250192403793335,-0.10067211836576462,0.574780285358429,0.6333416104316711,-0.09249065816402435,0.7285220623016357,0.640000581741333,-0.11153289675712585,0.8283705115318298,0.6465954184532166,-0.13182330131530762,0.9074152708053589,0.6536247730255127,-0.15300139784812927,0.5623356103897095,0.7325159907341003,-0.10499522089958191,0.7034996747970581,0.7759259939193726,-0.13144853711128235,0.7875242233276367,0.7883582711219788,-0.16364972293376923,0.8484777212142944,0.8030003309249878,-0.1911696493625641,0.5469934344291687,0.8156313300132751,-0.11140015721321106,0.5978763699531555,0.7844234704971313,-0.13032399117946625,0.5655350089073181,0.7407169342041016,-0.13686752319335938,0.5357182025909424,0.7228467464447021,-0.14635545015335083
E,0.342879056930542,0.7356873154640198,7.747939321234298e-07,0.4225112199783325,0.6040590405464172,0.014030354097485542,0.5290624499320984,0.5894306898117065,0.0074968235567212105,0.5958902835845947,0.6701112389564514,0.004325331188738346,0.6338763236999512,0.7360363602638245,-0.003866702551022172,0.5733103156089783,0.5343543887138367,-0.06894292682409286,0.7041082978248596,0.5191508531570435,-0.08395005017518997,0.7818711400032043,0.5014063119888306,-0.08923027664422989,0.8483316898345947,0.4853021502494812,-0.09637174010276794,0.5730088949203491,0.6354243755340576,-0.08985363692045212,0.7294342517852783,0.6394407749176025,-0.1118207797408104,0.8316296339035034,0.6472406983375549,-0.13178884983062744,0.9108250737190247,0.6558197736740112,-0.15100912749767303,0.5625619888305664,0.7352091073989868,-0.10215502232313156,0.7023025751113892,0.7734112739562988,-0.13044093549251556,0.7874208688735962,0.7848942875862122,-0.1618698090314865,0.848977267742157,0.7988472580909729,-0.18718551099300385,0.5488568544387817,0.8188971281051636,-0.10798116028308868,0.5992909669876099,0.7863360643386841,-0.12641359865665436,0.5671499967575073,0.7404794096946716,-0.13197942078113556,0.5365617871284485,0.7192809581756592,-0.13980108499526978
E,0.3389066457748413,0.7407470345497131,7.958299192978302e-07,0.42392265796661377,0.615581214427948,0.0112445754930377,0.5330502390861511,0.613461971282959,0.002072312403470278,0.5996734499931335,0.7144709229469299,-0.003587686223909259,0.6381738185882568,0.7925092577934265,-0.014161292463541031,0.5720691680908203,0.5510591864585876,-0.07230988144874573,0.7036436796188354,0.5295180082321167,-0.08538766950368881,0.7808868885040283,0.506676971912384,-0.088993139564991,0.8481834530830383,0.48634541034698486,-0.09616993367671967,0.5722143054008484,0.6510095000267029,-0.09313289821147919,0.7273393869400024,0.650493860244751,-0.115363210439682,0.8277359008789062,0.6533573865890503,-0.13708220422267914,0.906984269618988,0.6588099002838135,-0.15845102071762085,0.5608667135238647,0.7488174438476562,-0.10506367683410645,0.7028093934059143,0.7834371328353882,-0.13401806354522705,0.7885310053825378,0.7899160385131836,-0.1673699915409088,0.8503293991088867,0.8014816641807556,-0.19471679627895355,0.5463427901268005,0.8289535045623779,-0.11059201508760452,0.5977930426597595,0.7857199907302856,-0.13030442595481873,0.5665982961654663,0.7371208667755127,-0.13734441995620728,0.538192093372345,0.719689667224884,-0.14693264663219452
E,0.33608168363571167,0.7455193400382996,8.019424058147706e-07,0.4203277826309204,0.6110588908195496,0.016896285116672516,0.5272804498672485,0.6015112996101379,0.010390020906925201,0.5922800898551941,0.6897327303886414,0.007521452382206917,0.6324137449264526,0.7615464329719543,-1.1803427696577273e-05,0.5689035654067993,0.547980785369873,-0.07318505644798279,0.7036652565002441,0.5245799422264099,-0.08707144856452942,0.7830439805984497,0.5015155076980591,-0.0896100103855133,0.8506373167037964,0.48325109481811523,-0.09420701861381531,0.5695737600326538,0.652016282081604,-0.09420838952064514,0.7319126725196838,0.6507419943809509,-0.11558865010738373,0.8348912596702576,0.6538026928901672,-0.13296794891357422,0.9134847521781921,0.6618406176567078,-0.14955584704875946,0.5596580505371094,0.7517167329788208,-0.10556656867265701,0.7048947215080261,0.7828057408332825,-0.1328159123659134,0.7900974750518799,0.7909796833992004,-0.16274826228618622,0.8496994972229004,0.8063098192214966,-0.18635819852352142,0.5462340712547302,0.8328850269317627,-0.10971305519342422,0.5954442024230957,0.7893129587173462,-0.12392318993806839,0.5640164613723755,0.7417650818824768,-0.12596395611763,0.5332231521606445,0.7259532809257507,-0.13120119273662567
E,0.32715874910354614,0.755755603313446,7.55047381062468e-07,0.4090225100517273,0.622256875038147,0.017759721726179123,0.5183800458908081,0.6126593351364136,0.01259334571659565,0.5877758860588074,0.6959378123283386,0.010514750145375729,0.6294776201248169,0.7628034949302673,0.004200161434710026,0.5643012523651123,0.5566982626914978,-0.0664290338754654,0.6972510814666748,0.5311484932899475,-0.07930807024240494,0.7767659425735474,0.5074231028556824,-0.08113669604063034,0.844240665435791,0.4890611469745636,-0.08481209725141525,0.5646255612373352,0.6578865051269531,-0.08774202316999435,0.726080596446991,0.6533226370811462,-0.11136358231306076,0.8300020098686218,0.6558253765106201,-0.1284836381673813,0.9091200232505798,0.6627210378646851,-0.14363257586956024,0.5543321371078491,0.7563186287879944,-0.09965701401233673,0.7016228437423706,0.7872827649116516,-0.12910795211791992,0.7888334393501282,0.7930801510810852,-0.15669377148151398,0.849960446357727,0.8051381707191467,-0.17690472304821014,0.5395082831382751,0.8373742699623108,-0.10437361150979996,0.6004034280776978,0.7978695631027222,-0.11720999330282211,0.5698399543762207,0.7516255378723145,-0.11534405499696732,0.5370386242866516,0.7351248264312744,-0.11722066253423691
E,0.3266944885253906,0.748052716255188,7.585108505736571e-07,0.4115050733089447,0.6153152585029602,0.017758827656507492,0.5246208906173706,0.6099667549133301,0.012385020032525063,0.5950127840042114,0.7016608119010925,0.010443650186061859,0.6377306580543518,0.7698983550071716,0.004038969520479441,0.5651552081108093,0.5488764047622681,-0.0662337988615036,0.6965019702911377,0.5203922390937805,-0.07776250690221786,0.7738418579101562,0.4968864917755127,-0.08053940534591675,0.8403990268707275,0.47766169905662537,-0.08571727573871613,0.5616516470909119,0.6504157185554504,-0.0876937285065651,0.7222086191177368,0.6483785510063171,-0.10590444505214691,0.8251137137413025,0.6513192653656006,-0.12358199805021286,0.9045730829238892,0.6574393510818481,-0.1414593905210495,0.5494785904884338,0.748022198677063,-0.10005659610033035,0.6980628967285156,0.7796574831008911,-0.12767533957958221,0.7838406562805176,0.79102623462677,-0.15965424478054047,0.8442667722702026,0.806067168712616,-0.18493244051933289,0.5356258153915405,0.8297364115715027,-0.10490952432155609,0.5927211046218872,0.7915740609169006,-0.1198960393667221,0.558111846446991,0.7484337687492371,-0.12223636358976364,0.5236854553222656,0.7335017323493958,-0.1282017081975937
E,0.32482069730758667,0.7541812658309937,7.402410346912802e-07,0.40735894441604614,0.6153796315193176,0.016380753368139267,0.5205875039100647,0.603206992149353,0.011495483107864857,0.5912833213806152,0.688226580619812,0.009924938902258873,0.6325544714927673,0.7553704380989075,0.003570590168237686,0.5642234086990356,0.5494818687438965,-0.06522207707166672,0.6948405504226685,0.5233785510063171,-0.07837427407503128,0.7728448510169983,0.5007716417312622,-0.08215904980897903,0.8393541574478149,0.48302412033081055,-0.08775550127029419,0.5622009038925171,0.6518582701683044,-0.0867820605635643,0.7219157218933105,0.6486844420433044,-0.10733713209629059,0.8258763551712036,0.6520798802375793,-0.1259564906358719,0.906154990196228,0.6593884229660034,-0.1436598300933838,0.5515897274017334,0.7498802542686462,-0.09977449476718903,0.6968182325363159,0.7772639393806458,-0.12964703142642975,0.783320426940918,0.786665141582489,-0.16246791183948517,0.8452206254005432,0.8020675778388977,-0.18746457993984222,0.5386182069778442,0.8305271863937378,-0.1055879220366478,0.5938294529914856,0.7868481874465942,-0.12276479601860046,0.5590622425079346,0.7416049838066101,-0.12647303938865662,0.5246372222900391,0.7262529730796814,-0.13277356326580048
E,0.32707858085632324,0.7493557333946228,6.928401603545353e-07,0.4060347080230713,0.6129208207130432,0.018256407231092453,0.5147990584373474,0.5961034893989563,0.01498203445225954,0.5843100547790527,0.6721032857894897,0.014119707979261875,0.6252316832542419,0.7367964386940002,0.008654057048261166,0.560975193977356,0.544903576374054,-0.05850793793797493,0.6916053891181946,0.5171951651573181,-0.07097353786230087,0.7683830261230469,0.49402666091918945,-0.07403738051652908,0.8325384259223938,0.47552669048309326,-0.07855816930532455,0.5601272583007812,0.6433613896369934,-0.08050806820392609,0.7177090644836426,0.6407821178436279,-0.09818031638860703,0.8205593824386597,0.6445817947387695,-0.11350354552268982,0.8986939191818237,0.6509726047515869,-0.12857483327388763,0.5501822233200073,0.7394985556602478,-0.09474463760852814,0.6912260055541992,0.7716642618179321,-0.1225595474243164,0.7772606015205383,0.781089186668396,-0.1538223773241043,0.8383606672286987,0.7923081517219543,-0.17768873274326324,0.5360944271087646,0.8218605518341064,-0.10196422040462494,0.5896145105361938,0.7903925776481628,-0.11748411506414413,0.5553655624389648,0.7485690116882324,-0.12012472003698349,0.5190128087997437,0.7296298742294312,-0.1256042867898941
E,0.3311678469181061,0.7485991716384888,7.672847459616605e-07,0.4075503945350647,0.6136375665664673,0.016072340309619904,0.5147104263305664,0.5954439640045166,0.010744237340986729,0.5863038301467896,0.6669701933860779,0.008086440153419971,0.6253846287727356,0.7303764224052429,0.0003663390234578401,0.562899649143219,0.5401387214660645,-0.06500256806612015,0.6927996277809143,0.5177012085914612,-0.0810934528708458,0.7707093954086304,0.4973592758178711,-0.08628320693969727,0.8350138664245605,0.4800390601158142,-0.09187126159667969,0.5621001720428467,0.6396825909614563,-0.08720406889915466,0.7234084010124207,0.6416429877281189,-0.10749712586402893,0.8298196792602539,0.648620069026947,-0.12325218319892883,0.9097172617912292,0.657161295413971,-0.13835150003433228,0.5523534417152405,0.7382303476333618,-0.10173741728067398,0.690996527671814,0.7695030570030212,-0.13034765422344208,0.7766427993774414,0.7781047224998474,-0.16061986982822418,0.8376883268356323,0.7914297580718994,-0.1836867332458496,0.5383582711219788,0.8232992887496948,-0.10968730598688126,0.5906155109405518,0.7901068925857544,-0.12520796060562134,0.5560438632965088,0.7484728097915649,-0.12756386399269104,0.5203216075897217,0.7316601872444153,-0.13287508487701416
E,0.33541762828826904,0.7453629970550537,7.129672212613514e-07,0.4098857641220093,0.6078060269355774,0.01433472242206335,0.5170575976371765,0.5840678811073303,0.009223134256899357,0.5889018774032593,0.651417076587677,0.007274096366018057,0.6316626071929932,0.7128264307975769,0.000615543860476464,0.5629982352256775,0.529967188835144,-0.06308561563491821,0.6902974843978882,0.5087018609046936,-0.0747249647974968,0.7650507092475891,0.489276647567749,-0.07769834995269775,0.8276950120925903,0.4724850058555603,-0.08265622705221176,0.5616355538368225,0.6304054856300354,-0.08322246372699738,0.7165336608886719,0.6302353739738464,-0.09965573996305466,0.8167116045951843,0.6343905925750732,-0.11415567249059677,0.8928964734077454,0.6407574415206909,-0.12956391274929047,0.5506663918495178,0.7297298312187195,-0.09553760290145874,0.690872311592102,0.7650635838508606,-0.12168283760547638,0.7734559774398804,0.7770898938179016,-0.14989089965820312,0.8307895064353943,0.7907516360282898,-0.17240221798419952,0.535558819770813,0.8147810101509094,-0.10135155916213989,0.5930643677711487,0.785304605960846,-0.11654636263847351,0.5590905547142029,0.7470017671585083,-0.11789953708648682,0.5224398374557495,0.7312319278717041,-0.12277452647686005
E,0.3375869691371918,0.7459658980369568,7.086030677783128e-07,0.40918654203414917,0.6082039475440979,0.013444892130792141,0.5143194198608398,0.5860426425933838,0.007501683663576841,0.5854846835136414,0.6586107611656189,0.005437119863927364,0.6286861896514893,0.7225764989852905,-0.0017005150439217687,0.5613329410552979,0.5303589105606079,-0.06897610425949097,0.6882054209709167,0.5124200582504272,-0.08268749713897705,0.7627859115600586,0.49088555574417114,-0.08860314637422562,0.8256504535675049,0.4717143476009369,-0.0960407555103302,0.5604897141456604,0.6310983300209045,-0.0883663147687912,0.7146456241607666,0.6303128600120544,-0.10358927398920059,0.8132531046867371,0.6322514414787292,-0.11979110538959503,0.888714075088501,0.6370095014572144,-0.1379549354314804,0.5507972240447998,0.7297970056533813,-0.09953713417053223,0.6927449107170105,0.7627223134040833,-0.12381607294082642,0.7741568684577942,0.7702307105064392,-0.1537344604730606,0.8315094709396362,0.783243715763092,-0.1791924685239792,0.5370133519172668,0.8117339611053467,-0.10426339507102966,0.5869337916374207,0.7791826128959656,-0.12012527883052826,0.5510149598121643,0.7393147945404053,-0.12423139065504074,0.5167034864425659,0.7247011065483093,-0.13183556497097015
E,0.3422311544418335,0.7273150682449341,7.615887511747133e-07,0.41867464780807495,0.5943872928619385,0.011355864815413952,0.5230120420455933,0.5665366053581238,0.004212577827274799,0.5932081341743469,0.6359848380088806,-0.00022522044309880584,0.6318838596343994,0.7125809788703918,-0.009514897130429745,0.5644593834877014,0.5121687054634094,-0.06112030893564224,0.6890135407447815,0.49215632677078247,-0.07324176281690598,0.7610549926757812,0.47414493560791016,-0.0769069567322731,0.8195734620094299,0.4565967321395874,-0.08241575211286545,0.561255693435669,0.6140297651290894,-0.08165033906698227,0.7121904492378235,0.6147768497467041,-0.09916254878044128,0.8073286414146423,0.6171794533729553,-0.11415219306945801,0.8797223567962646,0.6175723671913147,-0.12906001508235931,0.549216628074646,0.7146219611167908,-0.09500632435083389,0.6862763166427612,0.7442625761032104,-0.12319131195545197,0.7652953863143921,0.7519614100456238,-0.150925412774086,0.8212288618087769,0.7565990686416626,-0.17210184037685394,0.5316258668899536,0.8011670112609863,-0.10216452926397324,0.589262068271637,0.7709210515022278,-0.1203698217868805,0.5564804673194885,0.7384093403816223,-0.12126611918210983,0.5200912952423096,0.7255882024765015,-0.12475308775901794
E,0.3326830267906189,0.7242332100868225,7.062906206556363e-07,0.40916144847869873,0.5940247774124146,0.01483837142586708,0.5149818658828735,0.5786864161491394,0.008915008045732975,0.5824722051620483,0.6670344471931458,0.00507439486682415,0.6134903430938721,0.7475561499595642,-0.004320460371673107,0.5579884052276611,0.5148832201957703,-0.05796411633491516,0.6804798245429993,0.4929586946964264,-0.07035429030656815,0.7533968687057495,0.4729873538017273,-0.07603532075881958,0.8154341578483582,0.45340195298194885,-0.08390597999095917,0.5568622350692749,0.6136611700057983,-0.08083006739616394,0.7038672566413879,0.6098332405090332,-0.09891467541456223,0.8017275929450989,0.610329270362854,-0.11736693233251572,0.877747118473053,0.6107805371284485,-0.13623254001140594,0.545244038105011,0.7118158340454102,-0.09631240367889404,0.6823821663856506,0.7427785992622375,-0.12721434235572815,0.7658144235610962,0.7468612194061279,-0.16080915927886963,0.8264049291610718,0.7500673532485962,-0.18653813004493713,0.5285730361938477,0.7969342470169067,-0.1048981323838234,0.5870474576950073,0.7603130340576172,-0.12576332688331604,0.5511612892150879,0.7233909964561462,-0.13000793755054474,0.5145341157913208,0.7077662348747253,-0.1368655562400818
E,0.334359735250473,0.7236781716346741,6.916316124261357e-07,0.40962284803390503,0.5932947397232056,0.01934848353266716,0.5145556330680847,0.5790424942970276,0.014233320020139217,0.5813383460044861,0.6624007821083069,0.011003753170371056,0.6132011413574219,0.736238420009613,0.0022361751180142164,0.5590550303459167,0.5120870471000671,-0.059125762432813644,0.6824703216552734,0.4925536513328552,-0.07007274776697159,0.7547007203102112,0.4733542799949646,-0.07274673134088516,0.8153217434883118,0.45441317558288574,-0.07821916043758392,0.5564457774162292,0.6090301871299744,-0.08315201848745346,0.7051725387573242,0.6067712903022766,-0.10235893726348877,0.8017536997795105,0.6086482405662537,-0.11834785342216492,0.8769157528877258,0.6104950308799744,-0.13416936993598938,0.5440386533737183,0.7070788741111755,-0.09882663935422897,0.6836403608322144,0.7383487820625305,-0.1294681578874588,0.7667258977890015,0.7445875406265259,-0.16002966463565826,0.8281306624412537,0.7515460252761841,-0.18294550478458405,0.5268467664718628,0.7939176559448242,-0.10691940039396286,0.5842170119285583,0.7569493055343628,-0.12348616868257523,0.5482085347175598,0.7163273692131042,-0.12419014424085617,0.5117196440696716,0.7011595964431763,-0.1286228448152542
E,0.3340563178062439,0.7188585996627808,7.274300628523633e-07,0.4100518524646759,0.5855287313461304,0.013680193573236465,0.5161011815071106,0.5703437328338623,0.006945854052901268,0.5851748585700989,0.6557290554046631,0.002840020228177309,0.6192760467529297,0.7341214418411255,-0.006638396065682173,0.5571962594985962,0.5003206133842468,-0.058957185596227646,0.6818126440048218,0.4810296595096588,-0.07018937915563583,0.7550910711288452,0.4650738537311554,-0.07454385608434677,0.8157039880752563,0.4485219419002533,-0.08096973598003387,0.5551811456680298,0.6017608046531677,-0.08028789609670639,0.7023860812187195,0.5989362001419067,-0.09765663743019104,0.799716591835022,0.6001600623130798,-0.11440415680408478,0.8738949298858643,0.5992720723152161,-0.13137969374656677,0.5441529750823975,0.7020659446716309,-0.09425698965787888,0.6816311478614807,0.7281618118286133,-0.1247626394033432,0.7640119194984436,0.733738124370575,-0.1569885015487671,0.8228462934494019,0.7363077998161316,-0.1811448186635971,0.5286760926246643,0.7887888550758362,-0.1011681854724884,0.5887396335601807,0.7520904541015625,-0.11987046897411346,0.5530897378921509,0.7159489989280701,-0.12188778072595596,0.5142463445663452,0.700879693031311,-0.1269587278366089
E,0.33972907066345215,0.7082118391990662,6.820516205152671e-07,0.4192792773246765,0.5758411288261414,0.012305277399718761,0.5229355692863464,0.5523351430892944,0.004404006060212851,0.5930046439170837,0.6251764893531799,-0.0008199338335543871,0.6292417049407959,0.7001833319664001,-0.010870016179978848,0.5594497323036194,0.49307602643966675,-0.06157032400369644,0.6817651391029358,0.47698256373405457,-0.07518499344587326,0.752784013748169,0.46240562200546265,-0.08166608959436417,0.8120496869087219,0.4452322721481323,-0.08977322280406952,0.5547022819519043,0.5944110751152039,-0.08257340639829636,0.7009897828102112,0.5946764945983887,-0.10115594416856766,0.7973853349685669,0.5959697961807251,-0.11931280791759491,0.8713139891624451,0.5925307273864746,-0.1381245255470276,0.5442113280296326,0.6955787539482117,-0.09639252722263336,0.6829793453216553,0.719944179058075,-0.1278424859046936,0.7649828791618347,0.7244065403938293,-0.1604364812374115,0.824260950088501,0.7264634966850281,-0.18530631065368652,0.5315234661102295,0.7837228775024414,-0.10333148390054703,0.5955597162246704,0.7406668066978455,-0.12415243685245514,0.5611729621887207,0.6999074816703796,-0.12812532484531403,0.5239720940589905,0.6823391914367676,-0.13477130234241486
E,0.3410298228263855,0.7062588334083557,7.407892326227739e-07,0.42111629247665405,0.5744988918304443,0.009739279747009277,0.524259626865387,0.5554400682449341,0.0005738577456213534,0.5912667512893677,0.6364459991455078,-0.005859580356627703,0.6231392621994019,0.7186076641082764,-0.01679994910955429,0.560148298740387,0.494809091091156,-0.06283964216709137,0.6818958520889282,0.47558969259262085,-0.07656770199537277,0.7533740997314453,0.45979562401771545,-0.08216969668865204,0.8135801553726196,0.4435961842536926,-0.08987744152545929,0.5563647747039795,0.5944917798042297,-0.08400421589612961,0.7016974687576294,0.5925490856170654,-0.10510151833295822,0.7974476218223572,0.5930914878845215,-0.12359984964132309,0.8728129863739014,0.5912137031555176,-0.14165368676185608,0.5455449819564819,0.6951454877853394,-0.09817323088645935,0.6818701028823853,0.723870038986206,-0.12971241772174835,0.7630414366722107,0.7283026576042175,-0.15984070301055908,0.823441743850708,0.731545090675354,-0.1823868602514267,0.5300414562225342,0.7830761671066284,-0.10621528327465057,0.5941636562347412,0.7418845295906067,-0.1265813261270523,0.5614657402038574,0.6995179653167725,-0.1289166659116745,0.526669979095459,0.6819952130317688,-0.1338116079568863
E,0.3407542109489441,0.7071108222007751,7.079950705701776e-07,0.4149201512336731,0.5747805237770081,0.0065819569863379,0.5144010186195374,0.5453996658325195,-0.0026140944100916386,0.5834931135177612,0.6083142757415771,-0.00804184004664421,0.624304473400116,0.6738906502723694,-0.01734953559935093,0.5549903512001038,0.49359267950057983,-0.06287534534931183,0.6773842573165894,0.4722103476524353,-0.07753631472587585,0.750568151473999,0.455196738243103,-0.08486136049032211,0.8110945224761963,0.4371601343154907,-0.09301423281431198,0.5533009767532349,0.5948889255523682,-0.08082764595746994,0.7008055448532104,0.5906477570533752,-0.10127191245555878,0.7977592945098877,0.5900952219963074,-0.12019918113946915,0.8710319995880127,0.5876078605651855,-0.1387050747871399,0.5447990894317627,0.694271445274353,-0.09204959869384766,0.6834093332290649,0.7196353077888489,-0.12354712188243866,0.765914797782898,0.7242335677146912,-0.15440170466899872,0.8235090970993042,0.7284010052680969,-0.17758065462112427,0.5322946310043335,0.7779849767684937,-0.09727738797664642,0.597355842590332,0.7378479838371277,-0.11957617104053497,0.5642149448394775,0.6979647278785706,-0.12317215651273727,0.5261831283569336,0.6825159788131714,-0.1284579634666443
E,0.34221023321151733,0.7054024338722229,7.188010613390361e-07,0.4178803563117981,0.5723472833633423,0.00985029712319374,0.5167998671531677,0.540973424911499,0.0020628711208701134,0.5844368934631348,0.5952681303024292,-0.0026664927136152983,0.6239498853683472,0.6524980068206787,-0.011564325541257858,0.5582980513572693,0.493696004152298,-0.06178358197212219,0.6796618700027466,0.4709542989730835,-0.07625200599431992,0.7515171766281128,0.45385855436325073,-0.08173695206642151,0.8112102746963501,0.43498653173446655,-0.08859145641326904,0.5568251013755798,0.5945286750793457,-0.08175097405910492,0.702793300151825,0.5898147225379944,-0.1069173589348793,0.7978611588478088,0.5891097784042358,-0.12620098888874054,0.8718537092208862,0.5850390195846558,-0.1430898904800415,0.5464779138565063,0.6940638422966003,-0.09452340751886368,0.6816666722297668,0.7201945781707764,-0.12878136336803436,0.7655180096626282,0.723686695098877,-0.15818078815937042,0.8274236917495728,0.7253276705741882,-0.17883996665477753,0.530750036239624,0.7784554958343506,-0.10092543810606003,0.595617949962616,0.7392222285270691,-0.12253568321466446,0.5675931572914124,0.6956081986427307,-0.1246231272816658,0.5350701212882996,0.6754703521728516,-0.12826812267303467
E,0.34341052174568176,0.7013975381851196,7.03131092905096e-07,0.41757166385650635,0.5644510984420776,0.010007718577980995,0.5187780857086182,0.5367050170898438,0.0018590959953144193,0.5893607139587402,0.6050592064857483,-0.002740859519690275,0.6303909420967102,0.670527994632721,-0.01168487872928381,0.5524708032608032,0.48595428466796875,-0.0653606653213501,0.676027774810791,0.4647637605667114,-0.07890170067548752,0.7484804391860962,0.44744986295700073,-0.08388189226388931,0.809137761592865,0.42901843786239624,-0.09061555564403534,0.551506519317627,0.587253212928772,-0.08443023264408112,0.6982669830322266,0.5820019841194153,-0.10588289052248001,0.795378565788269,0.5802963972091675,-0.12458992004394531,0.8696904182434082,0.5765863656997681,-0.1425955593585968,0.5432911515235901,0.6873030662536621,-0.09589337557554245,0.6795703172683716,0.7113114595413208,-0.12799887359142303,0.763542890548706,0.7169085741043091,-0.1593342274427414,0.8234958648681641,0.720799446105957,-0.18263450264930725,0.532300591468811,0.7730021476745605,-0.10071312636137009,0.5944940447807312,0.7318260669708252,-0.12243664264678955,0.5637363791465759,0.6904558539390564,-0.1264803260564804,0.5294147729873657,0.6718251705169678,-0.1322750449180603
E,0.34206607937812805,0.6998481750488281,7.237053978315089e-07,0.4165142774581909,0.5688340663909912,0.01563172973692417,0.5162038803100586,0.5514650344848633,0.008898894302546978,0.5844133496284485,0.6298180818557739,0.004510620143264532,0.6228477954864502,0.6988232135772705,-0.004066405352205038,0.5528820157051086,0.4856252670288086,-0.05992599204182625,0.6765505075454712,0.4640461802482605,-0.07296975702047348,0.7483017444610596,0.44750335812568665,-0.07697287946939468,0.8076496124267578,0.43040549755096436,-0.08289571106433868,0.5510236024856567,0.5820102691650391,-0.08178786188364029,0.6986917853355408,0.5759852528572083,-0.10648638755083084,0.7935305833816528,0.5751276612281799,-0.1253633052110672,0.8665294647216797,0.5734819769859314,-0.14200671017169952,0.5421119332313538,0.6798033714294434,-0.09556709975004196,0.6814569234848022,0.7049251794815063,-0.1295965164899826,0.7650389671325684,0.7100294828414917,-0.1589737832546234,0.8257879614830017,0.7144649028778076,-0.17954055964946747,0.5296719074249268,0.7665525078773499,-0.10216258466243744,0.5941658020019531,0.7277625203132629,-0.12153484672307968,0.5627984404563904,0.6866567134857178,-0.122270368039608,0.5294237732887268,0.6701414585113525,-0.12542930245399475
E,0.34265434741973877,0.6972454786300659,7.432391839756747e-07,0.42034250497817993,0.5661612749099731,0.013737577013671398,0.5232164859771729,0.553205132484436,0.006070677191019058,0.5922116637229919,0.6409872770309448,0.0008506208541803062,0.630042552947998,0.7161862254142761,-0.008648430928587914,0.5544759035110474,0.483420729637146,-0.06110274791717529,0.6780215501785278,0.4623931646347046,-0.07287909090518951,0.7486002445220947,0.44592219591140747,-0.07611550390720367,0.8076747059822083,0.4288337826728821,-0.08201291412115097,0.5518708229064941,0.5800265669822693,-0.08273403346538544,0.6990634799003601,0.5750448107719421,-0.10495366156101227,0.7931389212608337,0.5743434429168701,-0.12305966764688492,0.8662518262863159,0.5726386904716492,-0.13994692265987396,0.5425873398780823,0.6784019470214844,-0.0965411365032196,0.6820558309555054,0.704939603805542,-0.12807850539684296,0.7645879983901978,0.7123821973800659,-0.15699084103107452,0.8250879049301147,0.7185937762260437,-0.17813239991664886,0.5296240448951721,0.7657736539840698,-0.10361845791339874,0.5935591459274292,0.7260326743125916,-0.12179914861917496,0.5612796545028687,0.6857349872589111,-0.12266429513692856,0.5280645489692688,0.6708917617797852,-0.12645094096660614
E,0.3450559675693512,0.696343183517456,6.830643428656913e-07,0.4183366000652313,0.5618077516555786,0.011151826940476894,0.5160430669784546,0.5287528038024902,0.0051751043647527695,0.5877388715744019,0.585067868232727,0.0008989080670289695,0.6334011554718018,0.6400466561317444,-0.0071725063025951385,0.5498318672180176,0.4817272126674652,-0.05041341111063957,0.6729806661605835,0.4587414860725403,-0.06295450031757355,0.7443742156028748,0.4429946541786194,-0.06797509640455246,0.8028355836868286,0.4287611246109009,-0.07427747547626495,0.5523354411125183,0.5772988200187683,-0.07088702917098999,0.6963388919830322,0.5689907073974609,-0.08812976628541946,0.7893266081809998,0.5673649907112122,-0.10497182607650757,0.8602485656738281,0.5666264891624451,-0.12152086198329926,0.5470812916755676,0.6730182766914368,-0.08548115938901901,0.6827957630157471,0.6920469999313354,-0.11391740292310715,0.7620906829833984,0.7006473541259766,-0.14430198073387146,0.8176271915435791,0.7080502510070801,-0.167545348405838,0.5371304154396057,0.7589530348777771,-0.09430453181266785,0.5955279469490051,0.7252095937728882,-0.11644476652145386,0.5663347244262695,0.6918643116950989,-0.12271064519882202,0.5336066484451294,0.6788353323936462,-0.12954293191432953
E,0.3448059856891632,0.699252724647522,7.108980639713991e-07,0.4162229299545288,0.5644404888153076,0.013085837475955486,0.5145621299743652,0.5259206295013428,0.008746489882469177,0.5870640873908997,0.5758578777313232,0.005940767005085945,0.6316747665405273,0.6292532682418823,-0.00033361936220899224,0.5514867305755615,0.4791014790534973,-0.04849529638886452,0.6746560335159302,0.4582839608192444,-0.06022986024618149,0.7468233704566956,0.4447680711746216,-0.06394287943840027,0.8048800230026245,0.4315064549446106,-0.069051094353199,0.5525802373886108,0.5759189128875732,-0.06920810788869858,0.6987069845199585,0.5685399174690247,-0.08798663318157196,0.791345477104187,0.5687426924705505,-0.103602834045887,0.8617377877235413,0.5689446926116943,-0.1179322823882103,0.5463088750839233,0.6741465330123901,-0.08369076997041702,0.6853559613227844,0.6966556906700134,-0.11140725016593933,0.7646315097808838,0.7045066952705383,-0.1372610330581665,0.8203338980674744,0.7119494676589966,-0.15610076487064362,0.5353983640670776,0.7618738412857056,-0.09242568165063858,0.6033878326416016,0.732173502445221,-0.11071275174617767,0.5788878202438354,0.700897753238678,-0.11222917586565018,0.5491716861724854,0.6903547048568726,-0.11510440707206726
E,0.33554908633232117,0.7204342484474182,9.9137525921833e-07,0.39291608333587646,0.5955000519752502,0.006090935319662094,0.48074349761009216,0.5387874245643616,-0.010093809105455875,0.5597964525222778,0.5678606033325195,-0.028957746922969818,0.6151751279830933,0.6139289736747742,-0.04772856831550598,0.518092930316925,0.45661789178848267,-0.048898108303546906,0.6400558948516846,0.4569658637046814,-0.0826696902513504,0.7018682360649109,0.4816575050354004,-0.10244985669851303,0.7445996403694153,0.5051665306091309,-0.11298792064189911,0.5281266570091248,0.5344600677490234,-0.07193563878536224,0.6828110218048096,0.5451854467391968,-0.09690495580434799,0.7749778032302856,0.5647095441818237,-0.1100548654794693,0.843087911605835,0.5844191312789917,-0.1198660284280777,0.5288136005401611,0.6267217397689819,-0.09134379774332047,0.6597228646278381,0.6574767827987671,-0.11331062018871307,0.6640592813491821,0.6922256946563721,-0.11161139607429504,0.6468647718429565,0.7190964221954346,-0.10871431231498718,0.5220184326171875,0.7234231233596802,-0.10972423851490021,0.5742796659469604,0.7371968626976013,-0.1198030635714531,0.5461094379425049,0.7410773634910583,-0.10706260800361633,0.5176605582237244,0.7489333152770996,-0.09583818912506104
E,0.33368682861328125,0.7052887082099915,9.99499206955079e-07,0.39580315351486206,0.5840766429901123,0.014689294621348381,0.48183974623680115,0.5359106659889221,0.00252851122058928,0.5585474371910095,0.5647457242012024,-0.013805589638650417,0.6106308698654175,0.6036414504051208,-0.030318183824419975,0.5146982073783875,0.46314066648483276,-0.043069902807474136,0.6381025910377502,0.4548265337944031,-0.0722816213965416,0.6907561421394348,0.4818243980407715,-0.08650998771190643,0.7210769653320312,0.5049355626106262,-0.0929931253194809,0.5264742970466614,0.540880024433136,-0.06884699314832687,0.6781162619590759,0.5519545674324036,-0.09018437564373016,0.7709977030754089,0.5693836212158203,-0.09970251470804214,0.8397945761680603,0.5855439901351929,-0.10730447620153427,0.5266462564468384,0.6295831799507141,-0.0902639850974083,0.647240161895752,0.6655575037002563,-0.10540114343166351,0.6565802097320557,0.7005654573440552,-0.10039585083723068,0.6475963592529297,0.7242504954338074,-0.0964224636554718,0.5199816226959229,0.7220185995101929,-0.11016388237476349,0.569966733455658,0.740240752696991,-0.11064267158508301,0.5438156127929688,0.7441959381103516,-0.09324673563241959,0.5183589458465576,0.7466835379600525,-0.08042002469301224
E,0.33069175481796265,0.790827751159668,1.0879681155984144e-07,0.3720869719982147,0.6772712469100952,0.009267197921872139,0.4439648985862732,0.5834082365036011,-0.007391036953777075,0.516697883605957,0.5550298690795898,-0.02957921102643013,0.572734534740448,0.5722127556800842,-0.04939598962664604,0.4686388373374939,0.4866296648979187,-0.040277279913425446,0.5871508121490479,0.43998169898986816,-0.0785970687866211,0.6422454714775085,0.48851585388183594,-0.09910217672586441,0.6669453382492065,0.5420142412185669,-0.1097419485449791,0.46600398421287537,0.5328455567359924,-0.06509412825107574,0.5996600985527039,0.5593193769454956,-0.10062532126903534,0.5876662731170654,0.6105756163597107,-0.10095546394586563,0.5557158589363098,0.6250595450401306,-0.09793226420879364,0.4660996198654175,0.6058962345123291,-0.08874083310365677,0.57867431640625,0.6526912450790405,-0.11038938164710999,0.5530458688735962,0.684196412563324,-0.08965868502855301,0.5190532803535461,0.6820496916770935,-0.07490254938602448,0.4648205637931824,0.6905909180641174,-0.11291933804750443,0.540444016456604,0.7330191135406494,-0.11740614473819733,0.5137898325920105,0.7545758485794067,-0.09586292505264282,0.4828616678714752,0.7500021457672119,-0.08004321157932281
E,0.4480098485946655,0.5944201946258545,3.2101084457281104e-07,0.5084652900695801,0.47860679030418396,0.02401397004723549,0.5969732999801636,0.4458560347557068,0.02847832813858986,0.6538975238800049,0.48906856775283813,0.029374651610851288,0.6955230236053467,0.521754264831543,0.025835443288087845,0.6237321496009827,0.3889116644859314,-0.008178887888789177,0.7092537879943848,0.326221227645874,-0.013627154752612114,0.7620566487312317,0.2848462462425232,-0.013835855759680271,0.8058252930641174,0.25421321392059326,-0.015647457912564278,0.649745762348175,0.4554365873336792,-0.033670056611299515,0.768842875957489,0.3942165970802307,-0.046151500195264816,0.8460448980331421,0.35226356983184814,-0.060969166457653046,0.9060720801353455,0.32883191108703613,-0.07169859111309052,0.656562864780426,0.5344379544258118,-0.054279521107673645,0.7796858549118042,0.5236103534698486,-0.07764789462089539,0.8509732484817505,0.503013551235199,-0.10690570622682571,0.9020509719848633,0.49541419744491577,-0.1273399293422699,0.6494239568710327,0.6141908168792725,-0.06877123564481735,0.6725804209709167,0.5836690068244934,-0.08620210736989975,0.6407361626625061,0.5645853281021118,-0.09065315872430801,0.6122977137565613,0.5753268003463745,-0.09426987916231155
E,0.4704207181930542,0.5846123099327087,4.828414716939733e-07,0.5281488299369812,0.4666476249694824,0.029728306457400322,0.6148501634597778,0.4205401837825775,0.037226513028144836,0.6774929165840149,0.42538729310035706,0.04022403061389923,0.7282688021659851,0.43585121631622314,0.03988123685121536,0.6584942936897278,0.37131795287132263,-0.0021094155963510275,0.7416480183601379,0.29708540439605713,-0.010374206118285656,0.795345664024353,0.262296587228775,-0.011495406739413738,0.8386766314506531,0.23597434163093567,-0.01168791949748993,0.6806007027626038,0.4339984953403473,-0.029577860608696938,0.8016390800476074,0.38032397627830505,-0.042482633143663406,0.8784924149513245,0.3476717472076416,-0.053488750010728836,0.9357132315635681,0.32341107726097107,-0.05930669233202934,0.6822277307510376,0.5081528425216675,-0.05270771309733391,0.7993266582489014,0.5091955065727234,-0.07238960266113281,0.8728346824645996,0.49675682187080383,-0.09660044312477112,0.9261837005615234,0.48621684312820435,-0.11281605809926987,0.6679698824882507,0.5897663235664368,-0.06994909048080444,0.700097382068634,0.5934920310974121,-0.08262746781110764,0.6798228621482849,0.5915172100067139,-0.08401510864496231,0.6567751169204712,0.5977482199668884,-0.08433063328266144
E,0.4619479477405548,0.5818423628807068,3.51423835809328e-07,0.5299224257469177,0.4689613878726959,0.03878564015030861,0.6192830801010132,0.42944204807281494,0.050877779722213745,0.6764801740646362,0.45736804604530334,0.05583832040429115,0.7205273509025574,0.4897157847881317,0.05770614743232727,0.6532991528511047,0.3729548752307892,0.014847835525870323,0.7382922172546387,0.30234384536743164,0.011987891048192978,0.7917100191116333,0.2661268711090088,0.014343976974487305,0.8358808755874634,0.24034802615642548,0.015184056013822556,0.6785451173782349,0.43205058574676514,-0.01747075840830803,0.8016651272773743,0.3805729150772095,-0.027714872732758522,0.8783227205276489,0.3445817232131958,-0.03741135075688362,0.9361701011657715,0.31947287917137146,-0.04251683130860329,0.6850617527961731,0.5057002902030945,-0.04552076384425163,0.8049107789993286,0.5092622637748718,-0.06311224400997162,0.8765596151351929,0.49405229091644287,-0.08682534843683243,0.9288318157196045,0.48078861832618713,-0.10295722633600235,0.674690306186676,0.5894026756286621,-0.0674738883972168,0.6984956860542297,0.5860216617584229,-0.07784795016050339,0.6652366518974304,0.5766052007675171,-0.07850886881351471,0.6334735155105591,0.5812638998031616,-0.07899937033653259
E,0.4925827383995056,0.5568854212760925,6.494234412457445e-07,0.5572441816329956,0.4358260929584503,0.03546120226383209,0.651467502117157,0.39646193385124207,0.04536875709891319,0.7106000781059265,0.41545554995536804,0.04956735670566559,0.7554141283035278,0.44497835636138916,0.05007452517747879,0.6952833533287048,0.34575045108795166,0.004546173848211765,0.7824368476867676,0.27703291177749634,-0.0022606966085731983,0.8401224613189697,0.24230703711509705,-0.0012944511836394668,0.8869117498397827,0.21232157945632935,0.0003191116265952587,0.7202374935150146,0.4101063907146454,-0.025178194046020508,0.8513572216033936,0.3749518096446991,-0.03708765283226967,0.9333853721618652,0.35153117775917053,-0.04424015432596207,0.9965529441833496,0.32980984449386597,-0.045503247529268265,0.7233973741531372,0.48301151394844055,-0.05006866529583931,0.8327269554138184,0.5004422664642334,-0.06414946913719177,0.9070322513580322,0.48776301741600037,-0.0823189839720726,0.9655114412307739,0.4716041684150696,-0.09424518793821335,0.7085424661636353,0.5610988140106201,-0.06981915235519409,0.7281438112258911,0.5868341326713562,-0.07333675026893616,0.6973031163215637,0.5873820781707764,-0.06764477491378784,0.6695412993431091,0.5903151631355286,-0.0632002055644989
E,0.496112585067749,0.5513441562652588,5.497016672961763e-07,0.5658552646636963,0.43325504660606384,0.03307642787694931,0.6570250988006592,0.39271843433380127,0.0416320264339447,0.7175783514976501,0.41020074486732483,0.04359230771660805,0.7626798152923584,0.44740477204322815,0.04183178395032883,0.701880693435669,0.34530797600746155,0.0036343205720186234,0.7916198968887329,0.2768018841743469,-0.006445838138461113,0.8510887622833252,0.24421297013759613,-0.008175568655133247,0.8982886075973511,0.22056259214878082,-0.007957388646900654,0.7305155992507935,0.41521918773651123,-0.02569877728819847,0.8669105768203735,0.39231863617897034,-0.03291849046945572,0.9495987892150879,0.37253499031066895,-0.037587184458971024,1.0103074312210083,0.35612866282463074,-0.038352739065885544,0.7345556616783142,0.493646502494812,-0.05136203393340111,0.8413076996803284,0.5110569596290588,-0.05735355615615845,0.9123083353042603,0.49834203720092773,-0.07102252542972565,0.966223955154419,0.48549193143844604,-0.08188136667013168,0.7171297669410706,0.5750177502632141,-0.07326772809028625,0.7331159710884094,0.5906364917755127,-0.0728972852230072,0.70781409740448,0.5820455551147461,-0.06696933507919312,0.6815539002418518,0.5783136487007141,-0.062722347676754
E,0.4928668439388275,0.5537508726119995,4.892559104519023e-07,0.5644378066062927,0.43455058336257935,0.03632447496056557,0.6563669443130493,0.3936891555786133,0.04606461152434349,0.7186936736106873,0.4004560112953186,0.04837419092655182,0.7636433243751526,0.4260976016521454,0.04742974787950516,0.7056524753570557,0.3419018089771271,0.006327170412987471,0.7968420386314392,0.27723073959350586,-0.004121248610317707,0.8566879630088806,0.24646669626235962,-0.006505797151476145,0.9032990336418152,0.2235257625579834,-0.006721859332174063,0.7305551171302795,0.4136452376842499,-0.023695653304457664,0.8663806915283203,0.399603009223938,-0.0305788516998291,0.9461936950683594,0.38214197754859924,-0.03590051084756851,1.0048162937164307,0.36656761169433594,-0.03766323998570442,0.733097493648529,0.4927946627140045,-0.04956969618797302,0.8346790671348572,0.5145248174667358,-0.05216621607542038,0.8973883390426636,0.4983890950679779,-0.06212879344820976,0.9457027316093445,0.4818781912326813,-0.07125665992498398,0.7163805961608887,0.5740008354187012,-0.07190153002738953,0.7316755652427673,0.594034731388092,-0.06516873836517334,0.7087287902832031,0.5823442935943604,-0.05611753836274147,0.686981737613678,0.5754104256629944,-0.050568338483572006
E,0.4985508322715759,0.5490473508834839,5.370722533371008e-07,0.5745187997817993,0.43139857053756714,0.037339359521865845,0.6652442812919617,0.397263765335083,0.04571548476815224,0.7265226244926453,0.41713571548461914,0.04655272886157036,0.7704553604125977,0.4556678533554077,0.04421300068497658,0.7105115652084351,0.34734106063842773,0.0044638291001319885,0.7999509572982788,0.28237074613571167,-0.0037986976094543934,0.8569962978363037,0.2523159682750702,-0.0045461696572601795,0.9032823443412781,0.22913368046283722,-0.004042670596390963,0.7353007197380066,0.4192263185977936,-0.026407500728964806,0.8733918070793152,0.4074416160583496,-0.03040316514670849,0.951714038848877,0.3904445767402649,-0.03278346732258797,1.009824275970459,0.3759478032588959,-0.033304013311862946,0.7365050315856934,0.49748140573501587,-0.05270668864250183,0.8417470455169678,0.5235575437545776,-0.051116134971380234,0.897517740726471,0.5080882906913757,-0.05584065243601799,0.9403939247131348,0.4910445213317871,-0.06235310807824135,0.7190784215927124,0.5763767957687378,-0.07573594152927399,0.7372682094573975,0.5913301110267639,-0.06439964473247528,0.7123337388038635,0.5749952793121338,-0.05123015120625496,0.6901628971099854,0.5639985203742981,-0.04366147890686989
E,0.4983241558074951,0.5524347424507141,4.2827630863939703e-07,0.5702273845672607,0.43415242433547974,0.04540478438138962,0.66142737865448,0.4005618691444397,0.05888834595680237,0.7217602133750916,0.4139459729194641,0.0643971636891365,0.7673261165618896,0.4433002471923828,0.06732103228569031,0.7098343968391418,0.3468466103076935,0.013899920508265495,0.8005280494689941,0.2825661897659302,0.006878803949803114,0.8605959415435791,0.25237876176834106,0.00787154771387577,0.9088020324707031,0.2299683690071106,0.009780608117580414,0.7340683937072754,0.4142751395702362,-0.019104421138763428,0.8696990609169006,0.3917040526866913,-0.02891797013580799,0.9534178972244263,0.3724285662174225,-0.03222070634365082,1.0151128768920898,0.3582135736942291,-0.031087081879377365,0.7372189164161682,0.49071475863456726,-0.04707420617341995,0.8471646904945374,0.515106201171875,-0.05217497795820236,0.9189263582229614,0.5095121264457703,-0.05910274013876915,0.975440502166748,0.5019828081130981,-0.06459420174360275,0.7204614281654358,0.5734381675720215,-0.07034632563591003,0.741209864616394,0.5916904807090759,-0.062078967690467834,0.7112476825714111,0.5816691517829895,-0.048154667019844055,0.6823295950889587,0.5771014094352722,-0.03881919011473656
E,0.4982219636440277,0.5463164448738098,4.507508890583267e-07,0.5754493474960327,0.42801517248153687,0.043251968920230865,0.6654037833213806,0.40019887685775757,0.05485568568110466,0.7238791584968567,0.42344024777412415,0.059619467705488205,0.7699366211891174,0.4616854190826416,0.06107421591877937,0.708177924156189,0.34779876470565796,0.006446110084652901,0.7990937829017639,0.2852187156677246,0.0003905979683622718,0.8582635521888733,0.2545488476753235,0.0029392908327281475,0.9059134721755981,0.2293667197227478,0.005563599988818169,0.7322161793708801,0.4179058074951172,-0.025363929569721222,0.8697121143341064,0.39637303352355957,-0.03664108365774155,0.952077329158783,0.3772544860839844,-0.040197454392910004,1.0129449367523193,0.36160263419151306,-0.03915540501475334,0.7352609634399414,0.4952186048030853,-0.05152122303843498,0.8431013226509094,0.5157710909843445,-0.05953189358115196,0.9163534641265869,0.5097384452819824,-0.06833997368812561,0.9726964831352234,0.5028893351554871,-0.07442647218704224,0.7189563512802124,0.5765335559844971,-0.07255417853593826,0.7364832162857056,0.5804576277732849,-0.06581185758113861,0.70630943775177,0.5665578246116638,-0.05236818268895149,0.6765870451927185,0.5628405809402466,-0.04328727349638939
E,0.498296856880188,0.5449456572532654,5.477116928886971e-07,0.5730384588241577,0.43042227625846863,0.03568932041525841,0.6638545393943787,0.4018847644329071,0.04317091777920723,0.7250538468360901,0.42252132296562195,0.04342981427907944,0.7699080109596252,0.460645467042923,0.04127946496009827,0.7097309827804565,0.3452807068824768,0.0018744824919849634,0.801065981388092,0.2860835790634155,-0.009446718730032444,0.8601894378662109,0.25729846954345703,-0.011865071952342987,0.9068083167076111,0.2349836230278015,-0.011934196576476097,0.7324899435043335,0.4152311086654663,-0.02763335406780243,0.873238205909729,0.4115418493747711,-0.036127399653196335,0.953184962272644,0.397350937128067,-0.0402803048491478,1.011211633682251,0.3822978138923645,-0.04101091995835304,0.7342008352279663,0.49270498752593994,-0.05247824266552925,0.8379141688346863,0.527651309967041,-0.053229641169309616,0.8937522172927856,0.5145707130432129,-0.05647439509630203,0.9352320432662964,0.4957125782966614,-0.06071130186319351,0.717354953289032,0.5717337727546692,-0.07435152679681778,0.7381886839866638,0.5950802564620972,-0.06178069859743118,0.714150607585907,0.5811002254486084,-0.04664989188313484,0.6921283006668091,0.5689598321914673,-0.03720264509320259
E,0.4986598789691925,0.5450966954231262,4.457977524907619e-07,0.5764000415802002,0.42718246579170227,0.039029307663440704,0.6675798892974854,0.40057480335235596,0.04836573824286461,0.7266745567321777,0.4300314784049988,0.05119624361395836,0.7714080810546875,0.4720880389213562,0.050450075417757034,0.7121650576591492,0.35145577788352966,0.004521392285823822,0.8025089502334595,0.29105573892593384,-0.0012118935119360685,0.8598489761352539,0.26401689648628235,0.0003909044316969812,0.9062608480453491,0.24023482203483582,0.0020672075916081667,0.7344129085540771,0.424696147441864,-0.025941576808691025,0.8693940043449402,0.41127681732177734,-0.034013792872428894,0.9472633600234985,0.395525187253952,-0.03668490797281265,1.006394386291504,0.38036540150642395,-0.03577429801225662,0.7352964878082275,0.503031313419342,-0.051338475197553635,0.8414710760116577,0.5227117538452148,-0.05737736076116562,0.9122624397277832,0.516516387462616,-0.06603660434484482,0.9676553606987,0.5093196034431458,-0.0729140043258667,0.7170567512512207,0.5830194354057312,-0.07215538620948792,0.7355774641036987,0.5841379165649414,-0.06550781428813934,0.7083731889724731,0.5687047243118286,-0.05235807225108147,0.6815001368522644,0.5640147924423218,-0.04373331740498543
E,0.5003827214241028,0.544674813747406,4.574705201321194e-07,0.577164888381958,0.4339618384838104,0.036621611565351486,0.6663516163825989,0.41009312868118286,0.046358391642570496,0.7202169299125671,0.4416643977165222,0.04908965900540352,0.7612575888633728,0.4885295033454895,0.04875582084059715,0.7107266187667847,0.35630661249160767,0.007824694737792015,0.8005924224853516,0.29882973432540894,-0.0008102722349576652,0.8598753213882446,0.27205467224121094,-0.0013557295314967632,0.9079638719558716,0.2505192756652832,-0.0005971066420897841,0.7342751026153564,0.42413994669914246,-0.022037798538804054,0.8677980899810791,0.4155641198158264,-0.031986404210329056,0.9467887878417969,0.4017482399940491,-0.0352642759680748,1.0070213079452515,0.38673803210258484,-0.03401834890246391,0.7367585301399231,0.49853000044822693,-0.04784175381064415,0.8433112502098083,0.5296000242233276,-0.05539542809128761,0.9118438959121704,0.5242145657539368,-0.06428264081478119,0.9652577042579651,0.513994038105011,-0.07040861994028091,0.7184837460517883,0.5765199661254883,-0.06977523863315582,0.7405537366867065,0.5914790034294128,-0.06440447270870209,0.7119737267494202,0.57954341173172,-0.051815543323755264,0.6839045882225037,0.5755483508110046,-0.04305525869131088
E,0.5057348012924194,0.5447041392326355,4.63204571587994e-07,0.5800215005874634,0.4314955174922943,0.04311772808432579,0.6676748991012573,0.40796589851379395,0.05527135357260704,0.7230852842330933,0.43602943420410156,0.06025046110153198,0.766527533531189,0.4771632254123688,0.062106139957904816,0.7130415439605713,0.3559398055076599,0.009205937385559082,0.8034648895263672,0.2963908314704895,0.0037435092963278294,0.8623175621032715,0.2686120867729187,0.00623199250549078,0.9106007814407349,0.2476566731929779,0.008716873824596405,0.7365998029708862,0.4233802556991577,-0.022311991080641747,0.870391845703125,0.4032021760940552,-0.03208921477198601,0.9538956880569458,0.38669854402542114,-0.036265697330236435,1.0160988569259644,0.37554067373275757,-0.03638674318790436,0.7392637729644775,0.4981037974357605,-0.04849555343389511,0.8451557755470276,0.5270535945892334,-0.05567755550146103,0.9148637652397156,0.5251204967498779,-0.06619525700807571,0.9676778316497803,0.5215495824813843,-0.07403364032506943,0.723124623298645,0.5768454074859619,-0.06962665915489197,0.7389689683914185,0.5867739915847778,-0.06348226964473724,0.7083631753921509,0.5716732144355774,-0.05224425345659256,0.6789560317993164,0.5660813450813293,-0.045108094811439514
E,0.5022717714309692,0.5468806624412537,4.4906545326739433e-07,0.5806828141212463,0.4336487650871277,0.03838063403964043,0.6685318946838379,0.409072607755661,0.04786600545048714,0.7236690521240234,0.4355853796005249,0.04976307973265648,0.7634831666946411,0.47851601243019104,0.0482875294983387,0.7149817943572998,0.3559260964393616,0.007496573496609926,0.8056941628456116,0.3009078800678253,-0.0007310570799745619,0.864409327507019,0.2745749354362488,-0.0014952367637306452,0.911504328250885,0.2534879148006439,-0.0014061531983315945,0.7370361089706421,0.4278949201107025,-0.02338738553225994,0.8686436414718628,0.4264412522315979,-0.030668213963508606,0.9433210492134094,0.4152057468891144,-0.03395384922623634,0.9996963143348694,0.402342826128006,-0.03400233015418053,0.7370511889457703,0.5052040815353394,-0.049848031252622604,0.8383689522743225,0.5346240401268005,-0.05306500196456909,0.9017770290374756,0.527536153793335,-0.059378206729888916,0.9525158405303955,0.5161932706832886,-0.06548573076725006,0.717313289642334,0.5829843878746033,-0.07261869311332703,0.7347537875175476,0.5919002890586853,-0.06490093469619751,0.7106596231460571,0.5754441618919373,-0.052184268832206726,0.6882967352867126,0.5666688084602356,-0.04408631473779678
E,0.5090226531028748,0.5418930053710938,5.492075274560193e-07,0.5845123529434204,0.4295883774757385,0.0388823002576828,0.6706231832504272,0.40862444043159485,0.04836413636803627,0.7289416193962097,0.44054940342903137,0.05095117539167404,0.7712151408195496,0.4844401180744171,0.05110636726021767,0.7158493399620056,0.35467010736465454,0.00493325712159276,0.8076131343841553,0.2979327440261841,0.00018983265908900648,0.8654629588127136,0.2720048725605011,0.002375817857682705,0.9123349785804749,0.2514834702014923,0.004425862804055214,0.7378568053245544,0.42774996161460876,-0.02425292879343033,0.8728479146957397,0.41878196597099304,-0.03098130226135254,0.9528198838233948,0.4029756784439087,-0.03570699319243431,1.01231050491333,0.39042913913726807,-0.0376938097178936,0.7377378344535828,0.5043147206306458,-0.047769591212272644,0.8409334421157837,0.5337316989898682,-0.047306306660175323,0.9001284837722778,0.5253921151161194,-0.05185314640402794,0.9436331391334534,0.5147401094436646,-0.05745681747794151,0.7210791707038879,0.5791323184967041,-0.06746768206357956,0.7395317554473877,0.5866080522537231,-0.05339505895972252,0.717072069644928,0.5687959790229797,-0.03843995928764343,0.6961076259613037,0.5580125451087952,-0.02990945614874363
E,0.5069451332092285,0.5426747798919678,4.927143208988127e-07,0.583866536617279,0.43055054545402527,0.04123581945896149,0.671229898929596,0.4079073667526245,0.052357323467731476,0.7290437817573547,0.43538206815719604,0.05594082921743393,0.7713653445243835,0.47789305448532104,0.05671895667910576,0.7187039256095886,0.3542883098125458,0.009675456210970879,0.8079664707183838,0.2988635003566742,0.0028113399166613817,0.866279125213623,0.2723983824253082,0.002941151149570942,0.9131805300712585,0.25027793645858765,0.00351335434243083,0.7402521371841431,0.42614221572875977,-0.021447263658046722,0.8737236261367798,0.42378488183021545,-0.030768515542149544,0.9532186388969421,0.4125305116176605,-0.03565966337919235,1.012510061264038,0.4013606309890747,-0.03636230528354645,0.7395288348197937,0.5030190348625183,-0.04739177227020264,0.8424872756004333,0.5316184759140015,-0.050787001848220825,0.9069607853889465,0.5249884128570557,-0.056263696402311325,0.9572058916091919,0.515407145023346,-0.06120503321290016,0.7202380895614624,0.5815985202789307,-0.06922710686922073,0.738398551940918,0.5891527533531189,-0.05929528549313545,0.7140013575553894,0.5713073015213013,-0.04486968368291855,0.6913981437683105,0.561320424079895,-0.0355072021484375
E,0.5065773725509644,0.5424232482910156,4.947636398355826e-07,0.5835782885551453,0.429185152053833,0.041802920401096344,0.6710766553878784,0.4093308746814728,0.05255015939474106,0.729274570941925,0.43995189666748047,0.05573483183979988,0.7722881436347961,0.4846402406692505,0.056267935782670975,0.718904972076416,0.3547036647796631,0.009060553275048733,0.8091225624084473,0.2992470860481262,0.0029107907321304083,0.8673620820045471,0.27271395921707153,0.0036312316078692675,0.9142436385154724,0.25103580951690674,0.004542084876447916,0.7399672269821167,0.42711141705513,-0.02156565524637699,0.8734276294708252,0.42482060194015503,-0.029926441609859467,0.9521518349647522,0.41234010457992554,-0.03470515087246895,1.0103602409362793,0.4002997875213623,-0.035872682929039,0.7393063306808472,0.5040572881698608,-0.046731770038604736,0.8426439166069031,0.535840630531311,-0.04797116294503212,0.9054595232009888,0.5284189581871033,-0.052664775401353836,0.9537973999977112,0.5176230072975159,-0.05776599422097206,0.7211092114448547,0.5817166566848755,-0.06778693944215775,0.7387024164199829,0.5909713506698608,-0.05536412447690964,0.7146607041358948,0.5720711946487427,-0.04058997705578804,0.6926860809326172,0.5607617497444153,-0.031589899212121964
E,0.5147644281387329,0.5403690934181213,5.374494094212423e-07,0.590101420879364,0.433249831199646,0.03730259835720062,0.6795472502708435,0.4160262644290924,0.04536449909210205,0.7377954125404358,0.45337387919425964,0.046469271183013916,0.7820718884468079,0.4991737902164459,0.04501586779952049,0.7219155430793762,0.35559695959091187,0.00726946908980608,0.8116534352302551,0.2991040050983429,0.0023833459708839655,0.8688203692436218,0.2728009819984436,0.003225139807909727,0.9160098433494568,0.2509772777557373,0.003765292465686798,0.7446363568305969,0.4206322431564331,-0.022067589685320854,0.8778380155563354,0.41317397356033325,-0.025207415223121643,0.9578779339790344,0.4005832076072693,-0.028892511501908302,1.0184919834136963,0.38922595977783203,-0.031148714944720268,0.746100127696991,0.4925025403499603,-0.04668496176600456,0.8519740104675293,0.5297125577926636,-0.04586116224527359,0.9149153232574463,0.525486171245575,-0.05414022505283356,0.9625564813613892,0.5162701606750488,-0.0638391301035881,0.7315517067909241,0.5687828063964844,-0.0676528587937355,0.74738609790802,0.591943621635437,-0.05756586417555809,0.7193511724472046,0.5800940990447998,-0.0469149574637413,0.6958898901939392,0.5718854069709778,-0.04198553040623665
E,0.5170680284500122,0.5476169586181641,4.2543715039755625e-07,0.5922288298606873,0.43242189288139343,0.04293707758188248,0.6780955791473389,0.40701571106910706,0.05568510293960571,0.7325130701065063,0.4300094246864319,0.06053808331489563,0.7723069190979004,0.46966710686683655,0.06193007901310921,0.7246033549308777,0.3593464493751526,0.01290182862430811,0.8132642507553101,0.30339500308036804,0.006470273714512587,0.8711941838264465,0.27483242750167847,0.007215057034045458,0.9176255464553833,0.2527368664741516,0.008669277653098106,0.7499693632125854,0.42912837862968445,-0.017879880964756012,0.8796279430389404,0.421974241733551,-0.02399718016386032,0.9569461941719055,0.4091978073120117,-0.025157563388347626,1.014066457748413,0.3979782462120056,-0.022997334599494934,0.7518100738525391,0.5059608221054077,-0.044007040560245514,0.8535377383232117,0.5309819579124451,-0.04680754989385605,0.9188894033432007,0.5279818773269653,-0.05316338688135147,0.9705491662025452,0.5235047936439514,-0.05862664058804512,0.7323946952819824,0.5851067304611206,-0.06583049148321152,0.745802104473114,0.5939586162567139,-0.05943268537521362,0.7155870795249939,0.5783683657646179,-0.04767947643995285,0.6875535249710083,0.5716091990470886,-0.03944116458296776
E,0.5190048217773438,0.5450179576873779,3.8007246416782436e-07,0.595690131187439,0.4291209280490875,0.04516439139842987,0.6803251504898071,0.4065477252006531,0.05817454680800438,0.7341690063476562,0.4331984519958496,0.06374210119247437,0.7747266888618469,0.47256433963775635,0.06582049280405045,0.7270168662071228,0.35985511541366577,0.010879425331950188,0.8155264258384705,0.3046937584877014,0.0063412669114768505,0.8725613355636597,0.27516669034957886,0.008980837650597095,0.919487476348877,0.25110477209091187,0.011197817511856556,0.7503864169120789,0.4302719533443451,-0.020899977535009384,0.878524661064148,0.41620463132858276,-0.028155617415905,0.9552717208862305,0.4005048871040344,-0.029277775436639786,1.0130923986434937,0.3879496455192566,-0.02742844633758068,0.7509080767631531,0.5077232718467712,-0.04729761183261871,0.8538720011711121,0.5317715406417847,-0.05222904682159424,0.9206973314285278,0.5298746824264526,-0.05893819406628609,0.9731158018112183,0.526764452457428,-0.06453248113393784,0.7315106987953186,0.5874164700508118,-0.06866233795881271,0.7453434467315674,0.5877496600151062,-0.062275953590869904,0.7139809131622314,0.567363440990448,-0.04968130216002464,0.6851407289505005,0.5586395263671875,-0.04144377261400223
E,0.5219384431838989,0.5483962297439575,4.112544900181092e-07,0.5966197848320007,0.4350614845752716,0.03640370070934296,0.6840376257896423,0.4122161567211151,0.0462467335164547,0.736312747001648,0.44280317425727844,0.04906053468585014,0.77469402551651,0.48666438460350037,0.04807746037840843,0.7278735637664795,0.3607073128223419,0.008214876055717468,0.8168866038322449,0.3055654764175415,-0.0008061439730226994,0.8757878541946411,0.2757558226585388,-0.003047830890864134,0.9230639934539795,0.253256618976593,-0.00393528351560235,0.7532733678817749,0.4303753674030304,-0.020459193736314774,0.8788326978683472,0.42190682888031006,-0.02462789975106716,0.9550052881240845,0.41014784574508667,-0.027019789442420006,1.0118863582611084,0.40015172958374023,-0.02709410898387432,0.7555763721466064,0.5079138278961182,-0.04546601325273514,0.8575872778892517,0.5317447185516357,-0.049750279635190964,0.9250499606132507,0.5311700105667114,-0.061134498566389084,0.9776179194450378,0.5292166471481323,-0.07120560854673386,0.7376126646995544,0.5881305932998657,-0.06652985513210297,0.746468186378479,0.6004550457000732,-0.06595206260681152,0.7153461575508118,0.5870939493179321,-0.05961636081337929,0.6875472068786621,0.5821329951286316,-0.05547410249710083
E,0.5253115296363831,0.542543888092041,4.413951728565735e-07,0.6010955572128296,0.42757469415664673,0.03971666097640991,0.6876518726348877,0.40595322847366333,0.049126457422971725,0.7436009645462036,0.43720126152038574,0.05253247171640396,0.7851271629333496,0.477742999792099,0.052747923880815506,0.7303267121315002,0.35850828886032104,0.00034269175375811756,0.8198895454406738,0.30621182918548584,-0.004746990278363228,0.8773974180221558,0.27821093797683716,-0.0025462035555392504,0.9241134524345398,0.25510165095329285,-0.0010682314168661833,0.7530189752578735,0.4317435026168823,-0.02864539436995983,0.8822925090789795,0.42263123393058777,-0.03475362807512283,0.9581979513168335,0.4083050787448883,-0.03739645704627037,1.0145586729049683,0.39706334471702576,-0.03802809119224548,0.7530754208564758,0.5106027722358704,-0.05173511058092117,0.858011782169342,0.5343025922775269,-0.05439615622162819,0.9237592220306396,0.5306735038757324,-0.06134679540991783,0.9733550548553467,0.5273233652114868,-0.06857088208198547,0.7357158064842224,0.5895733833312988,-0.0701572522521019,0.7480332255363464,0.5887299180030823,-0.06260446459054947,0.7202548384666443,0.5667763352394104,-0.05124679580330849,0.6951847076416016,0.5561301112174988,-0.04471428692340851
E,0.5239967107772827,0.5466038584709167,4.1096669178841694e-07,0.5950129628181458,0.4326324462890625,0.038329705595970154,0.6822733879089355,0.40946221351623535,0.04952401667833328,0.73881596326828,0.4361094832420349,0.05403991416096687,0.7811446189880371,0.4754534959793091,0.054926443845033646,0.7289570569992065,0.3601732552051544,0.007947966456413269,0.8183616399765015,0.3037089407444,-0.0006352048949338496,0.877284049987793,0.2754818797111511,-0.002579594263806939,0.9244251251220703,0.2536768913269043,-0.003009880892932415,0.7517258524894714,0.42972373962402344,-0.020691055804491043,0.8799863457679749,0.42006802558898926,-0.026095109060406685,0.9577631950378418,0.4081716239452362,-0.029507283121347427,1.0151457786560059,0.3975905179977417,-0.030039232224225998,0.7532506585121155,0.5067424774169922,-0.04507921636104584,0.8569265604019165,0.5322171449661255,-0.0490032397210598,0.9230866432189941,0.5309298038482666,-0.05882234498858452,0.9735615253448486,0.5279768705368042,-0.0673433467745781,0.7358226180076599,0.5869213938713074,-0.0652395561337471,0.7519580125808716,0.604596734046936,-0.06039924919605255,0.7243285775184631,0.5923677086830139,-0.050886478275060654,0.6989887356758118,0.5865916609764099,-0.04477531090378761
E,0.5210373997688293,0.546883225440979,4.172507885868981e-07,0.5937157869338989,0.431082546710968,0.04156624898314476,0.6783271431922913,0.40201810002326965,0.054249852895736694,0.7350066304206848,0.4217856526374817,0.05985299497842789,0.7755933403968811,0.4596405029296875,0.06172504276037216,0.7287547588348389,0.36088988184928894,0.008863307535648346,0.8195692896842957,0.3075554370880127,0.0035057205241173506,0.8781643509864807,0.27899545431137085,0.005169957410544157,0.9247049689292908,0.25565671920776367,0.006749994587153196,0.7522647380828857,0.4354066550731659,-0.021039126440882683,0.880245566368103,0.42839667201042175,-0.029135193675756454,0.9558296203613281,0.4174565076828003,-0.0316462405025959,1.0111796855926514,0.40853092074394226,-0.03035452589392662,0.7518566846847534,0.5147552490234375,-0.045761458575725555,0.854928195476532,0.5315479636192322,-0.05045446380972862,0.9210352897644043,0.5269643664360046,-0.05631868168711662,0.9722988605499268,0.5240331888198853,-0.06085796654224396,0.7314125299453735,0.5942375659942627,-0.06589589267969131,0.7517954707145691,0.5980277061462402,-0.05910507217049599,0.7274454832077026,0.5821808576583862,-0.045978039503097534,0.703082799911499,0.577017068862915,-0.03677120432257652
E,0.4711580276489258,0.5602135062217712,3.9964737652553595e-07,0.5456777811050415,0.4472269117832184,0.019108228385448456,0.646420419216156,0.41913744807243347,0.02385644055902958,0.7041284441947937,0.46602892875671387,0.02592679299414158,0.7405940294265747,0.5102133750915527,0.024629617109894753,0.6886654496192932,0.3661808371543884,-0.006280702538788319,0.7846146821975708,0.3095473051071167,-0.013035017997026443,0.8439326286315918,0.2773498296737671,-0.01676301658153534,0.891944169998169,0.24882560968399048,-0.02065097540616989,0.7060184478759766,0.44512516260147095,-0.02927921526134014,0.8361446261405945,0.41725486516952515,-0.036842215806245804,0.9134044647216797,0.3941381275653839,-0.04987843707203865,0.9735327363014221,0.37575629353523254,-0.05934082344174385,0.7037413120269775,0.5274402499198914,-0.04857431724667549,0.8163757920265198,0.5340366959571838,-0.06183364614844322,0.8861879706382751,0.5176070332527161,-0.08635770529508591,0.9380909204483032,0.5069940090179443,-0.1051911935210228,0.6862396001815796,0.6058298349380493,-0.06410374492406845,0.7045733332633972,0.5966840982437134,-0.07209931313991547,0.6727414727210999,0.5818811655044556,-0.07213032990694046,0.6425760984420776,0.5862807035446167,-0.07296539098024368
E,0.431062787771225,0.568343460559845,3.430320134611975e-07,0.5068143606185913,0.4601850211620331,0.022714728489518166,0.6100513339042664,0.4296534061431885,0.028866907581686974,0.6682499647140503,0.46921205520629883,0.03094673901796341,0.7071086764335632,0.504903256893158,0.029113907366991043,0.6539450287818909,0.36809292435646057,-0.0003660514485090971,0.7497876286506653,0.31138962507247925,-0.006284859497100115,0.8098121285438538,0.2780195474624634,-0.009700346738100052,0.8602400422096252,0.2500261664390564,-0.014484832994639874,0.6711870431900024,0.4401298463344574,-0.026834046468138695,0.8010499477386475,0.4029342532157898,-0.03492780774831772,0.8834412097930908,0.3786342442035675,-0.051259707659482956,0.9471266269683838,0.36451366543769836,-0.06425081938505173,0.670377254486084,0.5210244059562683,-0.04961223900318146,0.7917454242706299,0.5287272334098816,-0.06855633854866028,0.8637186884880066,0.5163243412971497,-0.10067494213581085,0.914483904838562,0.508118212223053,-0.12498970329761505,0.6563938856124878,0.604768693447113,-0.06768562644720078,0.6800076961517334,0.5978376865386963,-0.08635860681533813,0.6471949219703674,0.5881249308586121,-0.0946841835975647,0.6147216558456421,0.5937137603759766,-0.10087721049785614
E,0.43022674322128296,0.5690953731536865,4.772127795149572e-07,0.5119086503982544,0.4615822434425354,0.023077044636011124,0.6187190413475037,0.4405990242958069,0.028024932369589806,0.6804602146148682,0.49358120560646057,0.02796388417482376,0.7238245010375977,0.5349498987197876,0.02501489408314228,0.6531168818473816,0.37399375438690186,0.004819531925022602,0.7489736080169678,0.3067008852958679,-0.0005186470807529986,0.808795690536499,0.2717488706111908,-0.003706571878865361,0.8597880601882935,0.24557432532310486,-0.007941154763102531,0.6734156012535095,0.4452173411846161,-0.021372465416789055,0.8024121522903442,0.4085092842578888,-0.023898722603917122,0.8813207149505615,0.3827364444732666,-0.03618549928069115,0.9431354999542236,0.3678417205810547,-0.04781151935458183,0.673751175403595,0.5228336453437805,-0.04486937075853348,0.7993196845054626,0.5334993600845337,-0.05639490485191345,0.8679128885269165,0.5206955671310425,-0.08410899341106415,0.9160448312759399,0.5130848288536072,-0.10773194581270218,0.6609756946563721,0.6022320985794067,-0.06450922787189484,0.6881592273712158,0.6074190139770508,-0.07648881524801254,0.658439040184021,0.6036672592163086,-0.08278486132621765,0.6314108967781067,0.6142916083335876,-0.08936415612697601
E,0.39234381914138794,0.5790653824806213,3.1495940788772714e-07,0.4726501703262329,0.4619782567024231,0.0223392304033041,0.5771644115447998,0.4290403425693512,0.028760500252246857,0.6382445096969604,0.47334644198417664,0.031783055514097214,0.6737120151519775,0.5165860056877136,0.03224388509988785,0.6129240989685059,0.37222954630851746,-0.002012115204706788,0.710200309753418,0.30875468254089355,-0.008294131606817245,0.7706183791160583,0.27467337250709534,-0.011655089445412159,0.8227217793464661,0.24440652132034302,-0.01622774451971054,0.6278668642044067,0.4457281827926636,-0.02740396186709404,0.759391188621521,0.40746650099754333,-0.04047244042158127,0.8438323140144348,0.383696973323822,-0.05709022656083107,0.9105982780456543,0.36687299609184265,-0.06923259794712067,0.6284816265106201,0.5265952944755554,-0.048973776400089264,0.7514680027961731,0.5342580676078796,-0.07267901301383972,0.8256801962852478,0.526229202747345,-0.10186891257762909,0.8824713826179504,0.5195780396461487,-0.12172836810350418,0.6181746125221252,0.611011266708374,-0.0656590387225151,0.6622302532196045,0.5910161137580872,-0.08132804185152054,0.6266356706619263,0.5724933743476868,-0.08243029564619064,0.5903099179267883,0.5699596405029297,-0.08347085863351822
E,0.3960837721824646,0.5775976181030273,4.62610785234574e-07,0.4803847670555115,0.46301814913749695,0.024738647043704987,0.5876296758651733,0.4321528673171997,0.032319169491529465,0.6511818170547485,0.4660663306713104,0.035736117511987686,0.6906363368034363,0.49955353140830994,0.03691063076257706,0.6124929785728455,0.3805471658706665,0.001646402757614851,0.7085985541343689,0.3049982190132141,-0.003197222715243697,0.769591212272644,0.2693794369697571,-0.0031248307786881924,0.8220311999320984,0.24208875000476837,-0.0045597306452691555,0.6306405067443848,0.45432785153388977,-0.02571774460375309,0.7624344229698181,0.40934813022613525,-0.0380428284406662,0.8457702994346619,0.3840883672237396,-0.05121318995952606,0.9109988212585449,0.3670525848865509,-0.060237132012844086,0.6301835775375366,0.5340585112571716,-0.04970061033964157,0.7551470398902893,0.5335783958435059,-0.0740601122379303,0.8264356851577759,0.5227217078208923,-0.09986185282468796,0.8798956871032715,0.5155295729637146,-0.11625514179468155,0.6177657842636108,0.6138163208961487,-0.06832466274499893,0.6690100431442261,0.5785405039787292,-0.08284374326467514,0.6368852853775024,0.5540993809700012,-0.08131485432386398,0.6024407148361206,0.5518602132797241,-0.08038046211004257
E,0.35493606328964233,0.5835093259811401,4.104614106381632e-07,0.4402604103088379,0.4789589047431946,0.024442238733172417,0.5465903282165527,0.4636405110359192,0.026478825137019157,0.609856367111206,0.5340713262557983,0.02466462180018425,0.6477328538894653,0.5920504927635193,0.020425917580723763,0.567983865737915,0.38665205240249634,-0.012849263846874237,0.6699148416519165,0.3139423131942749,-0.02297070622444153,0.7353137731552124,0.27896976470947266,-0.026437727734446526,0.7904568910598755,0.2530466318130493,-0.030432501807808876,0.5784508585929871,0.4568648934364319,-0.04144003987312317,0.7176653742790222,0.41555407643318176,-0.06106649339199066,0.8060302734375,0.3907891809940338,-0.07885845750570297,0.8729846477508545,0.3740978240966797,-0.09050445258617401,0.5778471231460571,0.5359250903129578,-0.06525459885597229,0.7116438150405884,0.5413684844970703,-0.09449373185634613,0.7890098690986633,0.5282199382781982,-0.12434627115726471,0.8454456329345703,0.515522301197052,-0.143229678273201,0.5688590407371521,0.6213292479515076,-0.08340337872505188,0.6177218556404114,0.5942213535308838,-0.10088001191616058,0.5796113014221191,0.5689123272895813,-0.10131119936704636,0.540221095085144,0.5633326768875122,-0.10160186141729355
E,0.3556678295135498,0.5831247568130493,5.430568421616044e-07,0.4424307644367218,0.47582611441612244,0.02698366530239582,0.546838641166687,0.4505634903907776,0.0317520797252655,0.6064249873161316,0.4991430342197418,0.03232375904917717,0.640749454498291,0.5392921566963196,0.030681585893034935,0.5664348602294922,0.38743844628334045,-0.007733555044978857,0.6647858619689941,0.31392842531204224,-0.01772484928369522,0.7292978763580322,0.2780229449272156,-0.01984533853828907,0.7841552495956421,0.24922175705432892,-0.02191516011953354,0.5820216536521912,0.456964910030365,-0.036714427173137665,0.7173401713371277,0.41983067989349365,-0.054608676582574844,0.8049322962760925,0.3962613046169281,-0.06817714869976044,0.8739367127418518,0.3769299387931824,-0.0761089026927948,0.5817508101463318,0.5340057015419006,-0.06130499765276909,0.7064411640167236,0.5388365387916565,-0.08734652400016785,0.7839338779449463,0.526387631893158,-0.11160492897033691,0.8444570302963257,0.5126028060913086,-0.12642769515514374,0.5700928568840027,0.6164512634277344,-0.08039356768131256,0.61777263879776,0.593711256980896,-0.09221015870571136,0.5838357210159302,0.5714366436004639,-0.08731652051210403,0.5493822693824768,0.5672912001609802,-0.08414524793624878
E,0.3210148811340332,0.5971819162368774,4.413589067553403e-07,0.4042864739894867,0.4865277111530304,0.03086446225643158,0.506455659866333,0.46075859665870667,0.0349603146314621,0.5692879557609558,0.5124335885047913,0.03517312929034233,0.6074785590171814,0.5573135614395142,0.032755475491285324,0.5329858660697937,0.39068058133125305,-0.013358397409319878,0.6387237310409546,0.32301804423332214,-0.02065068855881691,0.7028758525848389,0.2865208685398102,-0.020559558644890785,0.7569788694381714,0.2555611729621887,-0.022287266328930855,0.5413603186607361,0.45878294110298157,-0.04334822669625282,0.6806766390800476,0.42289894819259644,-0.0639268234372139,0.7668262720108032,0.3995223641395569,-0.07966692000627518,0.833841860294342,0.38177311420440674,-0.08950912952423096,0.5382931232452393,0.5370145440101624,-0.06702554225921631,0.6722156405448914,0.5516306161880493,-0.09655705839395523,0.7511035203933716,0.5409166812896729,-0.12267347425222397,0.8114051222801208,0.5280451774597168,-0.13866166770458221,0.5269457697868347,0.621852457523346,-0.08385813981294632,0.5813277959823608,0.6019824743270874,-0.09812774509191513,0.5438718199729919,0.5801421403884888,-0.09358107298612595,0.5061518549919128,0.5734823942184448,-0.09059777855873108
E,0.3214404582977295,0.5996947288513184,6.021368221809098e-07,0.40003708004951477,0.48421430587768555,0.03173370659351349,0.5018447041511536,0.46230030059814453,0.035407137125730515,0.5658288598060608,0.5150179862976074,0.035441622138023376,0.6048042178153992,0.556183934211731,0.033019568771123886,0.5284267663955688,0.39116060733795166,-0.012937318533658981,0.6322815418243408,0.323455810546875,-0.019723813980817795,0.6957519054412842,0.2865228056907654,-0.019681591540575027,0.749588131904602,0.2531850337982178,-0.021295849233865738,0.5415541529655457,0.46157512068748474,-0.041897132992744446,0.6813145875930786,0.4286031723022461,-0.059998225420713425,0.767000675201416,0.4067860245704651,-0.07361188530921936,0.8343186378479004,0.3888342082500458,-0.082604318857193,0.5395620465278625,0.5381734371185303,-0.06435055285692215,0.673220694065094,0.5469620227813721,-0.08740450441837311,0.7518887519836426,0.5356909036636353,-0.10782372206449509,0.8128451704978943,0.5236321687698364,-0.12152179330587387,0.5287096500396729,0.6190657615661621,-0.08041111379861832,0.581619143486023,0.6040816307067871,-0.0854651927947998,0.5460525155067444,0.5873011946678162,-0.07537655532360077,0.5110660791397095,0.5857090950012207,-0.07010229676961899
E,0.29573047161102295,0.6027495861053467,5.461043883769889e-07,0.3774360418319702,0.49278485774993896,0.033074840903282166,0.4781576693058014,0.47492024302482605,0.035830043256282806,0.5367063879966736,0.5403739809989929,0.034611720591783524,0.5687052011489868,0.5930910110473633,0.0300661139190197,0.5065327882766724,0.3895408511161804,-0.01473930012434721,0.6108768582344055,0.3266015350818634,-0.021360279992222786,0.6722877025604248,0.29308563470840454,-0.020965980365872383,0.725334882736206,0.26134803891181946,-0.022914526984095573,0.5128014087677002,0.45806580781936646,-0.045012351125478745,0.6536126136779785,0.4262424409389496,-0.06452158838510513,0.7382311820983887,0.4082944095134735,-0.07906784862279892,0.8063889741897583,0.3932816982269287,-0.08851572126150131,0.507468044757843,0.536283552646637,-0.06838782876729965,0.642282247543335,0.5468502640724182,-0.09662260115146637,0.7234381437301636,0.5392816662788391,-0.12152072787284851,0.788606584072113,0.5306305885314941,-0.13697586953639984,0.4962240159511566,0.6212382316589355,-0.08439940959215164,0.5512588620185852,0.6037254929542542,-0.09401091188192368,0.51454097032547,0.5879073143005371,-0.08605542033910751,0.47984492778778076,0.5875056982040405,-0.08173584192991257
E,0.2997342348098755,0.6031650900840759,6.663583462795941e-07,0.3769720196723938,0.49448829889297485,0.02308274805545807,0.47654327750205994,0.46959125995635986,0.022037448361516,0.5365049242973328,0.5293511748313904,0.017873501405119896,0.5688635110855103,0.5780068635940552,0.010881840251386166,0.5013278722763062,0.39395877718925476,-0.018237465992569923,0.6020474433898926,0.32534289360046387,-0.028657151386141777,0.6661590933799744,0.2903268337249756,-0.03266517072916031,0.721125066280365,0.25880634784698486,-0.037184037268161774,0.5110853314399719,0.45932573080062866,-0.04617409035563469,0.6509177684783936,0.42764461040496826,-0.06368301063776016,0.737586259841919,0.40972331166267395,-0.07794034481048584,0.8063928484916687,0.39469146728515625,-0.08785780519247055,0.5073270201683044,0.5350427627563477,-0.06902417540550232,0.6410375833511353,0.541961133480072,-0.09263352304697037,0.7219491004943848,0.5351361632347107,-0.1143791526556015,0.7860990762710571,0.5268617868423462,-0.1294291615486145,0.49517834186553955,0.6186233162879944,-0.08665329217910767,0.5536642074584961,0.6072158813476562,-0.09524589776992798,0.5195916891098022,0.5953119993209839,-0.08617409318685532,0.4863223433494568,0.5969107747077942,-0.08145223557949066
E,0.28565722703933716,0.610359251499176,6.703089638904203e-07,0.35588598251342773,0.4988131523132324,0.017194196581840515,0.45499715209007263,0.4663679301738739,0.017116982489824295,0.5209823846817017,0.5084326267242432,0.015439349226653576,0.5612256526947021,0.549084484577179,0.012237058021128178,0.48159119486808777,0.39648276567459106,-0.020764067769050598,0.5816075801849365,0.32644152641296387,-0.03158697485923767,0.6469838619232178,0.2915545403957367,-0.03349945694208145,0.7009146213531494,0.2635859251022339,-0.03570195287466049,0.49031540751457214,0.4684964716434479,-0.04492882266640663,0.6369616985321045,0.4387047290802002,-0.06216638535261154,0.7238367795944214,0.42445117235183716,-0.07436446100473404,0.7899947762489319,0.41583847999572754,-0.08216933161020279,0.4866308569908142,0.5488719344139099,-0.06492707133293152,0.6208598613739014,0.5630185604095459,-0.0887410119175911,0.693024218082428,0.5602281093597412,-0.10914182662963867,0.7470183968544006,0.556621253490448,-0.12223153561353683,0.47521018981933594,0.6306585669517517,-0.08038057386875153,0.5312447547912598,0.6144320368766785,-0.09212910383939743,0.5027077198028564,0.592621386051178,-0.08787006139755249,0.4735395610332489,0.5846877098083496,-0.08531688153743744
E,0.2738533020019531,0.6127933263778687,7.414621450152481e-07,0.34847205877304077,0.500111997127533,0.020059213042259216,0.44560369849205017,0.4768315255641937,0.018226556479930878,0.5070218443870544,0.53062903881073,0.014922232367098331,0.5412489771842957,0.5768197774887085,0.00976599007844925,0.46911028027534485,0.4008414149284363,-0.0289884302765131,0.5721365809440613,0.33332109451293945,-0.04064628481864929,0.637275755405426,0.298718124628067,-0.04221842810511589,0.691824734210968,0.2737421989440918,-0.044278427958488464,0.47821396589279175,0.47360140085220337,-0.05412951484322548,0.6249562501907349,0.445583313703537,-0.07544612139463425,0.7133705019950867,0.43343135714530945,-0.08890224993228912,0.7799464464187622,0.4313085973262787,-0.0974288135766983,0.4756450653076172,0.5540373921394348,-0.07379963248968124,0.6111640334129333,0.5756035447120667,-0.09812065213918686,0.6903289556503296,0.5774245858192444,-0.11793730407953262,0.7511231899261475,0.5818415880203247,-0.13099253177642822,0.46514755487442017,0.6337409019470215,-0.08853045105934143,0.5172243118286133,0.6183006167411804,-0.09690631181001663,0.48876404762268066,0.5926374793052673,-0.09088356792926788,0.4617615342140198,0.5838983058929443,-0.08810794353485107
E,0.27807357907295227,0.6112232208251953,7.978035228006775e-07,0.3506239354610443,0.49547895789146423,0.01911299116909504,0.4464782178401947,0.4691658616065979,0.015436693094670773,0.5076369643211365,0.5262255072593689,0.010886501520872116,0.5425096750259399,0.5728886723518372,0.004475573543459177,0.4701572358608246,0.3988755941390991,-0.03487864136695862,0.5719923973083496,0.33190107345581055,-0.0468500517308712,0.6369296312332153,0.2991149425506592,-0.04930995777249336,0.691200852394104,0.27461564540863037,-0.05207648128271103,0.4780731499195099,0.47034165263175964,-0.059419259428977966,0.6254583597183228,0.44572076201438904,-0.08245596289634705,0.7151476144790649,0.4337804317474365,-0.09688575565814972,0.7830307483673096,0.429726779460907,-0.10603711009025574,0.4745103716850281,0.5505536198616028,-0.07773830741643906,0.6131694912910461,0.5765501260757446,-0.10205575823783875,0.6932402849197388,0.5798375606536865,-0.12065400183200836,0.7539772987365723,0.5836334824562073,-0.13296417891979218,0.4629696309566498,0.632377564907074,-0.09096920490264893,0.5211833119392395,0.6235845685005188,-0.0967477411031723,0.4918898046016693,0.5977864861488342,-0.08714652806520462,0.46137094497680664,0.5869086980819702,-0.0823037177324295
E,0.2747296690940857,0.614223301410675,7.978463258950796e-07,0.34757134318351746,0.4982856810092926,0.020711233839392662,0.44290924072265625,0.47873350977897644,0.01760493405163288,0.504545271396637,0.5421643257141113,0.013855715282261372,0.5375753045082092,0.5934238433837891,0.00813216995447874,0.46535223722457886,0.4003596007823944,-0.03642803803086281,0.5693157315254211,0.3362903892993927,-0.04866345226764679,0.6335755586624146,0.3046600818634033,-0.05081040784716606,0.6884778738021851,0.28197425603866577,-0.053679484874010086,0.47114771604537964,0.47378960251808167,-0.06106879934668541,0.6180514097213745,0.451367050409317,-0.08594560623168945,0.7073181867599487,0.4446648359298706,-0.10182569921016693,0.774573802947998,0.44745969772338867,-0.11218596994876862,0.467334508895874,0.5535210967063904,-0.07915189862251282,0.6036503911018372,0.5779924392700195,-0.10575810819864273,0.6843414306640625,0.5853099226951599,-0.12676726281642914,0.7467780709266663,0.5950020551681519,-0.14045879244804382,0.4578537046909332,0.6314334273338318,-0.09171343594789505,0.5119780898094177,0.6147741675376892,-0.09982185065746307,0.48234593868255615,0.5877606868743896,-0.09344606101512909,0.4542851150035858,0.5777041912078857,-0.09085257351398468
E,0.277532160282135,0.6101477742195129,8.057160130192642e-07,0.3504580855369568,0.4934955835342407,0.02255055122077465,0.4450848698616028,0.4765535593032837,0.02025263011455536,0.5040997266769409,0.541968822479248,0.01805241033434868,0.5375465154647827,0.5916484594345093,0.014189084991812706,0.465950071811676,0.4000704288482666,-0.03971385955810547,0.5689321756362915,0.33923909068107605,-0.04977541044354439,0.6317852735519409,0.30966174602508545,-0.04976103827357292,0.6849240064620972,0.289023756980896,-0.05113868787884712,0.4698010981082916,0.47376689314842224,-0.0625545009970665,0.614548921585083,0.4506966471672058,-0.08816447854042053,0.7007352709770203,0.44420552253723145,-0.10323909670114517,0.765940248966217,0.4472229480743408,-0.1127803772687912,0.4649914801120758,0.5539045929908752,-0.07756424695253372,0.6000322103500366,0.5842373967170715,-0.1022355780005455,0.6778764724731445,0.5897296071052551,-0.12038376182317734,0.737149715423584,0.5972851514816284,-0.13199417293071747,0.454323410987854,0.6310720443725586,-0.08669771254062653,0.5077828168869019,0.6223877668380737,-0.08961749821901321,0.47757115960121155,0.5961533784866333,-0.07978305220603943,0.44822418689727783,0.585679292678833,-0.07525060325860977
E,0.28124839067459106,0.608548104763031,8.049755706451833e-07,0.35170167684555054,0.49504101276397705,0.021748075261712074,0.4453042447566986,0.4781421422958374,0.019178612157702446,0.5033842325210571,0.5421847105026245,0.0167868509888649,0.5369507074356079,0.5900599956512451,0.012638832442462444,0.46588602662086487,0.40123051404953003,-0.03969110548496246,0.5683786273002625,0.3420600891113281,-0.04928327724337578,0.6318735480308533,0.3144208788871765,-0.048771459609270096,0.6849806308746338,0.29486721754074097,-0.04970205947756767,0.47049129009246826,0.47261232137680054,-0.062042396515607834,0.6137561798095703,0.4499443769454956,-0.08601048588752747,0.6994753479957581,0.44521695375442505,-0.09979735314846039,0.7640213966369629,0.4497552216053009,-0.10853882879018784,0.4655916690826416,0.5518044829368591,-0.07673809677362442,0.5986958742141724,0.5842281579971313,-0.10031169652938843,0.6766008138656616,0.5904870629310608,-0.11778001487255096,0.7352695465087891,0.5982333421707153,-0.12921763956546783,0.4546354413032532,0.6296841502189636,-0.08567225933074951,0.5068953037261963,0.624388575553894,-0.08854898810386658,0.47718796133995056,0.6008740663528442,-0.07860297709703445,0.44757401943206787,0.5913166999816895,-0.07402092218399048
E,0.2811149060726166,0.6083448529243469,8.154935358106741e-07,0.3515626788139343,0.4963572323322296,0.02263137511909008,0.4455963373184204,0.4831680953502655,0.01935693621635437,0.5037367343902588,0.5484446287155151,0.016266684979200363,0.5376127362251282,0.5947691202163696,0.010834895074367523,0.46536239981651306,0.40071696043014526,-0.04252616688609123,0.5678057670593262,0.34295666217803955,-0.05288448929786682,0.631285548210144,0.3148539066314697,-0.05225652456283569,0.6845016479492188,0.29520946741104126,-0.05310872197151184,0.47085002064704895,0.47268733382225037,-0.06581883132457733,0.6140531301498413,0.44946587085723877,-0.08990304917097092,0.7000676393508911,0.4437708854675293,-0.10384195297956467,0.7649648785591125,0.44875451922416687,-0.11286754161119461,0.46569061279296875,0.5531081557273865,-0.08111805468797684,0.5987924337387085,0.5848822593688965,-0.10541711002588272,0.6773014068603516,0.5894778966903687,-0.12424269318580627,0.7361384630203247,0.5974345207214355,-0.1368594467639923,0.45414403080940247,0.6314018368721008,-0.09034407138824463,0.4999353587627411,0.6233910322189331,-0.09519578516483307,0.47011831402778625,0.5996956825256348,-0.08733086287975311,0.44211816787719727,0.5921939015388489,-0.0841478630900383
E,0.2833346128463745,0.6067032814025879,8.059906235757808e-07,0.3515399694442749,0.49615156650543213,0.017978370189666748,0.4454474449157715,0.4775221645832062,0.014202281832695007,0.5058169960975647,0.5369782447814941,0.011101603507995605,0.5439416766166687,0.5810787081718445,0.006169138476252556,0.46612784266471863,0.40169966220855713,-0.042608216404914856,0.5688162446022034,0.34286054968833923,-0.05332358926534653,0.6333907246589661,0.3158981502056122,-0.05326932668685913,0.6862778067588806,0.29765594005584717,-0.05410994961857796,0.4712912440299988,0.473761647939682,-0.0633329525589943,0.614574670791626,0.45148998498916626,-0.08648966252803802,0.7000489234924316,0.44728800654411316,-0.09961789101362228,0.7639933228492737,0.4520646929740906,-0.10783851146697998,0.46668753027915955,0.5528502464294434,-0.07687504589557648,0.5996888279914856,0.5814905166625977,-0.0997433215379715,0.6769742965698242,0.5836297273635864,-0.11732832342386246,0.7339209318161011,0.5879836678504944,-0.1291273832321167,0.4552835524082184,0.6301441192626953,-0.0851069837808609,0.5045893788337708,0.6236177682876587,-0.08947692066431046,0.47640886902809143,0.5989999175071716,-0.081276074051857,0.44679492712020874,0.5888006687164307,-0.07761707156896591
E,0.2839883863925934,0.6072824001312256,8.278522614091344e-07,0.3493543863296509,0.49638277292251587,0.016068343073129654,0.44322651624679565,0.4788459539413452,0.011068424209952354,0.5046327114105225,0.5381450653076172,0.007288414519280195,0.5435388088226318,0.5810928344726562,0.0017373759765177965,0.4649445414543152,0.40112394094467163,-0.04580666497349739,0.5684866905212402,0.3420696258544922,-0.05685413256287575,0.6335608959197998,0.3155786395072937,-0.0569298192858696,0.6866804361343384,0.2976526618003845,-0.05768387392163277,0.4711903929710388,0.47426295280456543,-0.06512922793626785,0.6151028871536255,0.45045727491378784,-0.0888543352484703,0.7006530165672302,0.4456825852394104,-0.10184027254581451,0.7642461061477661,0.45035362243652344,-0.10976361483335495,0.46732690930366516,0.5543561577796936,-0.07704105228185654,0.6007099151611328,0.5822030305862427,-0.09924919158220291,0.6773149967193604,0.5828593969345093,-0.11506501585245132,0.7330687046051025,0.5865239500999451,-0.1256663203239441,0.45648571848869324,0.6313442587852478,-0.08386650681495667,0.506927490234375,0.6263677477836609,-0.08674382418394089,0.4790738821029663,0.6022805571556091,-0.0768333375453949,0.44944581389427185,0.5927897691726685,-0.07201017439365387
E,0.2883473336696625,0.6052879095077515,8.004390679161588e-07,0.3541609048843384,0.4935685098171234,0.018357180058956146,0.44619694352149963,0.47443848848342896,0.013680776581168175,0.5065866112709045,0.5326352119445801,0.010182589292526245,0.5451511144638062,0.5750573873519897,0.004713769070804119,0.46745115518569946,0.40070146322250366,-0.04870320484042168,0.5707612037658691,0.342893123626709,-0.06022520363330841,0.6348817944526672,0.31702324748039246,-0.059673067182302475,0.6873195767402649,0.2995963394641876,-0.05978221818804741,0.4730430245399475,0.4726702570915222,-0.06881394237279892,0.6167699694633484,0.4504946172237396,-0.09322082251310349,0.7018681764602661,0.447314977645874,-0.10499396175146103,0.7648269534111023,0.45271673798561096,-0.11176568269729614,0.46926993131637573,0.552405059337616,-0.08108846098184586,0.6014928817749023,0.5804448127746582,-0.10383658856153488,0.6794226169586182,0.5819615125656128,-0.1195303425192833,0.7363781929016113,0.5860910415649414,-0.1298244148492813,0.4584585428237915,0.6301335692405701,-0.08786185830831528,0.5069920420646667,0.6239976286888123,-0.09009164571762085,0.4788687527179718,0.598821222782135,-0.07989036291837692,0.44911566376686096,0.5881855487823486,-0.0749269351363182
E,0.2902250289916992,0.6058605313301086,8.069737873483973e-07,0.3541175127029419,0.4950024485588074,0.013422764837741852,0.4466284215450287,0.4682283401489258,0.008383095264434814,0.5084524750709534,0.518855631351471,0.004394191782921553,0.5472158789634705,0.5607626438140869,-0.0016885456861928105,0.46822842955589294,0.40196967124938965,-0.045419931411743164,0.5684472322463989,0.34356778860092163,-0.05821876600384712,0.6338729858398438,0.3186037540435791,-0.0600215420126915,0.6865575909614563,0.3010883629322052,-0.06140861287713051,0.47547006607055664,0.4738539755344391,-0.06457294523715973,0.6181154251098633,0.45370858907699585,-0.08459530770778656,0.7025057673454285,0.449147492647171,-0.09484080225229263,0.7644268274307251,0.45133352279663086,-0.1009524017572403,0.47180283069610596,0.5534963607788086,-0.07742942124605179,0.603672206401825,0.5813049077987671,-0.09699185937643051,0.6797145009040833,0.5777408480644226,-0.11223569512367249,0.7350560426712036,0.5762829780578613,-0.12292462587356567,0.45948275923728943,0.6315954923629761,-0.08590910583734512,0.5089982748031616,0.6285691261291504,-0.08944565057754517,0.48253366351127625,0.603735089302063,-0.08044899255037308,0.453335702419281,0.5924277901649475,-0.07594391703605652
E,0.29218441247940063,0.6050894260406494,8.087325795713696e-07,0.356899231672287,0.49514225125312805,0.013037396594882011,0.44824063777923584,0.46894675493240356,0.00765247130766511,0.5092778205871582,0.5216677188873291,0.003497981932014227,0.5469931364059448,0.5643280744552612,-0.002639545127749443,0.46981972455978394,0.40299859642982483,-0.04622916504740715,0.5698238611221313,0.34374478459358215,-0.05947635695338249,0.6347692012786865,0.31901052594184875,-0.061647724360227585,0.6873869895935059,0.30154138803482056,-0.0633677989244461,0.4758465588092804,0.4743575155735016,-0.0652073323726654,0.6173616051673889,0.45447206497192383,-0.08697731047868729,0.7016300559043884,0.4501781463623047,-0.09866607189178467,0.7637463808059692,0.4527036249637604,-0.10567443817853928,0.4714130163192749,0.5533313155174255,-0.07777541130781174,0.6017218828201294,0.5823426246643066,-0.0996173620223999,0.679104208946228,0.5790097117424011,-0.11672322452068329,0.7356959581375122,0.5775780081748962,-0.1282728910446167,0.4591737687587738,0.6309311985969543,-0.0857478454709053,0.5082338452339172,0.628779411315918,-0.09129216521978378,0.4810398817062378,0.6043115854263306,-0.0834336131811142,0.451396107673645,0.5928962230682373,-0.07949412614107132
E,0.2940373420715332,0.6066700220108032,7.669349315619911e-07,0.35703521966934204,0.49710607528686523,0.019646858796477318,0.44810163974761963,0.4722193479537964,0.0168854221701622,0.5097651481628418,0.5244030356407166,0.014033996500074863,0.5494575500488281,0.5661755800247192,0.008907527662813663,0.4717913269996643,0.4042506515979767,-0.03974023833870888,0.5713149309158325,0.3436700105667114,-0.05218816176056862,0.636146068572998,0.3188569247722626,-0.05381343513727188,0.6883187294006348,0.30326876044273376,-0.05484733730554581,0.4769947826862335,0.47227174043655396,-0.061687637120485306,0.6180164813995361,0.4508585035800934,-0.08319949358701706,0.7029999494552612,0.44685861468315125,-0.09434811770915985,0.7648239135742188,0.4514192044734955,-0.10055407136678696,0.4725547730922699,0.5495703816413879,-0.07695920020341873,0.6069051623344421,0.57483971118927,-0.09950121492147446,0.6844606399536133,0.572049081325531,-0.11653672903776169,0.7407196760177612,0.5713764429092407,-0.12746550142765045,0.46038690209388733,0.6282988786697388,-0.08680284023284912,0.5147802233695984,0.6243544816970825,-0.09180738776922226,0.4872055947780609,0.6002025008201599,-0.08284420520067215,0.45572009682655334,0.5889583230018616,-0.07787304371595383
E,0.29494255781173706,0.6083856225013733,7.820864880159206e-07,0.3563916087150574,0.49762532114982605,0.01850231923162937,0.4468453526496887,0.4709603190422058,0.01582128182053566,0.5085067749023438,0.5228317379951477,0.012935558333992958,0.5475572347640991,0.5681735277175903,0.007769294548779726,0.4712318480014801,0.40380269289016724,-0.037801578640937805,0.5706155300140381,0.3437228202819824,-0.05103325843811035,0.636280357837677,0.3195863366127014,-0.05348733812570572,0.688833475112915,0.30349940061569214,-0.05514119192957878,0.47714918851852417,0.4718702435493469,-0.06006695330142975,0.6194214224815369,0.4510551691055298,-0.08065106719732285,0.7048693895339966,0.44854429364204407,-0.09086161851882935,0.7666850090026855,0.45330438017845154,-0.09642321616411209,0.47362279891967773,0.5491533875465393,-0.07650332152843475,0.6056499481201172,0.5736937522888184,-0.09793231636285782,0.6821109056472778,0.5718430876731873,-0.11390259861946106,0.7384464740753174,0.5715468525886536,-0.12429109960794449,0.46214622259140015,0.6274127960205078,-0.08804338425397873,0.5145731568336487,0.6203502416610718,-0.0928301140666008,0.4869084656238556,0.5953652858734131,-0.08392790704965591,0.4564493000507355,0.5842847228050232,-0.079047791659832
E,0.2941995859146118,0.6080703735351562,7.941138733258413e-07,0.3562968373298645,0.498279869556427,0.018321966752409935,0.4497241973876953,0.4732212424278259,0.016088344156742096,0.5122647881507874,0.5272133350372314,0.013228349387645721,0.5512130260467529,0.5719829201698303,0.0072951121255755424,0.47254836559295654,0.4020204544067383,-0.034582946449518204,0.5719846487045288,0.34139081835746765,-0.046027448028326035,0.6371796131134033,0.3193957805633545,-0.047635115683078766,0.6891658306121826,0.3046274185180664,-0.04881352558732033,0.4787609279155731,0.4710533022880554,-0.05719681829214096,0.6203305125236511,0.44862791895866394,-0.07705134898424149,0.7059054970741272,0.4450332224369049,-0.08819149434566498,0.7697087526321411,0.4479230046272278,-0.09403243660926819,0.47432512044906616,0.5480466485023499,-0.07405006140470505,0.6083716154098511,0.561718225479126,-0.09735841304063797,0.687558650970459,0.5561827421188354,-0.11648039519786835,0.7464431524276733,0.5526140928268433,-0.12840025126934052,0.46193385124206543,0.6255732178688049,-0.08565565943717957,0.5161710977554321,0.6133369207382202,-0.09391394257545471,0.4878273606300354,0.5903528928756714,-0.08687996119260788,0.4551795423030853,0.5822356939315796,-0.08256252855062485
E,0.2935864329338074,0.6052683591842651,7.751751240903104e-07,0.359611839056015,0.49759337306022644,0.01861412823200226,0.4519801139831543,0.4802856743335724,0.01612517237663269,0.5118699073791504,0.5438402891159058,0.012461263686418533,0.544866144657135,0.5961641073226929,0.005858211778104305,0.47554802894592285,0.4067363142967224,-0.029731782153248787,0.5736370086669922,0.34792816638946533,-0.039954639971256256,0.6366250514984131,0.3253893256187439,-0.04175858199596405,0.6884790658950806,0.30886876583099365,-0.0440128855407238,0.48156920075416565,0.47456952929496765,-0.053882140666246414,0.6194374561309814,0.449463427066803,-0.07479596883058548,0.7039700746536255,0.44036129117012024,-0.08791802078485489,0.7681297659873962,0.43646538257598877,-0.09570984542369843,0.4765471816062927,0.5503352880477905,-0.07259436696767807,0.6068277359008789,0.5688585638999939,-0.09760598093271255,0.6857287883758545,0.5662175416946411,-0.11689050495624542,0.7458252310752869,0.564136803150177,-0.12857776880264282,0.46260517835617065,0.6281996369361877,-0.08616207540035248,0.5221990942955017,0.6123698353767395,-0.09441056847572327,0.4931275248527527,0.5901615619659424,-0.08584022521972656,0.460673451423645,0.583733320236206,-0.08086863160133362
E,0.29365164041519165,0.6068083047866821,7.650626798749727e-07,0.35737764835357666,0.4978553056716919,0.017585620284080505,0.45024028420448303,0.4766376316547394,0.014815866947174072,0.5118976831436157,0.5368411540985107,0.011155666783452034,0.5477886199951172,0.5864246487617493,0.004649187438189983,0.4737713932991028,0.4041918218135834,-0.030164062976837158,0.5722734928131104,0.34684044122695923,-0.040378138422966,0.6350594758987427,0.32467854022979736,-0.0426664799451828,0.687038004398346,0.3082159161567688,-0.045177996158599854,0.4804087281227112,0.47206640243530273,-0.05361562594771385,0.6196027398109436,0.4477791488170624,-0.0751761794090271,0.7058404684066772,0.43836185336112976,-0.0898624137043953,0.7721160650253296,0.4340697228908539,-0.09866703301668167,0.47637373208999634,0.5481039881706238,-0.07136561721563339,0.6103600859642029,0.564852774143219,-0.09776214510202408,0.6906945705413818,0.565353274345398,-0.11831218004226685,0.7514278888702393,0.5658369064331055,-0.1306011825799942,0.46363434195518494,0.6266831159591675,-0.0837944746017456,0.5270818471908569,0.6146015524864197,-0.0929214283823967,0.49780333042144775,0.5962353348731995,-0.08397632837295532,0.46404173970222473,0.5931415557861328,-0.07847224920988083
E,0.29366129636764526,0.6074607968330383,7.595479019073537e-07,0.3581998348236084,0.4982624053955078,0.020103536546230316,0.4501621723175049,0.478283166885376,0.01843317598104477,0.5116568207740784,0.5397569537162781,0.0155513696372509,0.5457866191864014,0.5913124084472656,0.009932907298207283,0.4738830029964447,0.4059814512729645,-0.02921435236930847,0.5727306604385376,0.3482195734977722,-0.0397881455719471,0.6356223821640015,0.32529711723327637,-0.04193568602204323,0.6876769661903381,0.3081161379814148,-0.04427623376250267,0.479038804769516,0.4722537398338318,-0.0536610409617424,0.6181942820549011,0.4489458501338959,-0.07528822124004364,0.7045121788978577,0.44014424085617065,-0.0887783095240593,0.7694939970970154,0.436464786529541,-0.09669356793165207,0.4747612476348877,0.5475884079933167,-0.07244176417589188,0.6071429252624512,0.5674585700035095,-0.09845947474241257,0.6868423223495483,0.566946268081665,-0.11789793521165848,0.7472413182258606,0.5656070709228516,-0.12935590744018555,0.46259671449661255,0.6263548731803894,-0.08578525483608246,0.5251749753952026,0.6132616400718689,-0.09396633505821228,0.49514758586883545,0.5922633409500122,-0.08463142067193985,0.4613863229751587,0.5855295658111572,-0.07898453623056412
E,0.29454341530799866,0.602813720703125,7.589330834889552e-07,0.35970574617385864,0.49689629673957825,0.018423153087496758,0.4512173533439636,0.4762634038925171,0.015238679014146328,0.5111721158027649,0.5359798669815063,0.010682662948966026,0.5454773306846619,0.5862480401992798,0.0034959709737449884,0.4750433564186096,0.40373653173446655,-0.028579436242580414,0.5719236731529236,0.34814122319221497,-0.039268121123313904,0.6336866617202759,0.32628118991851807,-0.042025696486234665,0.6847293376922607,0.3087279796600342,-0.04516137018799782,0.4822390675544739,0.46806198358535767,-0.052959177643060684,0.6181240677833557,0.4459581673145294,-0.07312008738517761,0.7026050090789795,0.43472084403038025,-0.08728822320699692,0.7673302292823792,0.42758089303970337,-0.09659605473279953,0.47799018025398254,0.5421682596206665,-0.07188461720943451,0.6081539392471313,0.5649866461753845,-0.09554560482501984,0.6859037280082703,0.5669194459915161,-0.11443115025758743,0.7454324960708618,0.5660653114318848,-0.1269022822380066,0.4657590091228485,0.621048629283905,-0.08589370548725128,0.5233950018882751,0.6144858598709106,-0.09402883797883987,0.4945167303085327,0.5972416400909424,-0.08579910546541214,0.4641284644603729,0.5909912586212158,-0.08141449838876724
E,0.29301512241363525,0.6029002666473389,7.658261438336922e-07,0.3580915331840515,0.49897974729537964,0.020287903025746346,0.4492739140987396,0.4807611107826233,0.017851799726486206,0.5078826546669006,0.5437756776809692,0.013877064920961857,0.5382696986198425,0.5960835814476013,0.007404370699077845,0.4751671254634857,0.4039803743362427,-0.02527157962322235,0.5719647407531738,0.3479878902435303,-0.03489676117897034,0.633380115032196,0.3261585533618927,-0.037156105041503906,0.6841452121734619,0.30817365646362305,-0.03981989249587059,0.48239150643348694,0.4670209288597107,-0.04998936131596565,0.6181126832962036,0.44576042890548706,-0.06959206610918045,0.7021996378898621,0.4341505765914917,-0.08319922536611557,0.7664220333099365,0.42602258920669556,-0.09158091247081757,0.47844699025154114,0.539893627166748,-0.06920161843299866,0.6063346266746521,0.5646240711212158,-0.09184623509645462,0.6860328912734985,0.5694071054458618,-0.11056534945964813,0.74736088514328,0.5708527565002441,-0.12259554862976074,0.46641942858695984,0.61837238073349,-0.0833929032087326,0.5218961238861084,0.6165520548820496,-0.08883853256702423,0.4926946759223938,0.6003036499023438,-0.07909185439348221,0.46220457553863525,0.593997597694397,-0.07377944141626358
E,0.29207950830459595,0.6054394245147705,7.570028515146987e-07,0.35553568601608276,0.498341828584671,0.019877560436725616,0.4471316337585449,0.47702354192733765,0.017827564850449562,0.5070126056671143,0.536677360534668,0.014420597814023495,0.5389293432235718,0.5874236226081848,0.00864344835281372,0.47472989559173584,0.40362855792045593,-0.025078963488340378,0.57160484790802,0.34767818450927734,-0.034470461308956146,0.633114755153656,0.3258011043071747,-0.0365440659224987,0.6839171648025513,0.30793851613998413,-0.03898094221949577,0.4828548729419708,0.467795193195343,-0.049165766686201096,0.6186143159866333,0.4462345242500305,-0.06822988390922546,0.702747106552124,0.4343632459640503,-0.08132976293563843,0.7669334411621094,0.4265708029270172,-0.08931202441453934,0.4792361259460449,0.5415204763412476,-0.0677952840924263,0.6073018312454224,0.5648428797721863,-0.08999001234769821,0.6868632435798645,0.5685728192329407,-0.10810184478759766,0.7480804920196533,0.5699802041053772,-0.11964995414018631,0.4670214354991913,0.6200181841850281,-0.08145583420991898,0.5231939554214478,0.6163754463195801,-0.08658754825592041,0.494445264339447,0.5992975831031799,-0.07647771388292313,0.463972270488739,0.5931140184402466,-0.07076551020145416
E,0.29614943265914917,0.6059764623641968,7.35102446469682e-07,0.35988369584083557,0.49774372577667236,0.02028058096766472,0.4511054754257202,0.4705802798271179,0.019451608881354332,0.5124876499176025,0.5210482478141785,0.017435317859053612,0.5529618859291077,0.5662910342216492,0.01352927926927805,0.47537028789520264,0.4021133482456207,-0.026118451729416847,0.5734861493110657,0.3547801971435547,-0.03622275963425636,0.6363996863365173,0.3356143534183502,-0.038165267556905746,0.6879480481147766,0.32184407114982605,-0.04030546173453331,0.48102736473083496,0.4649967551231384,-0.04941711947321892,0.6181083917617798,0.4467090964317322,-0.06816613674163818,0.7027641534805298,0.44390660524368286,-0.07981064915657043,0.7662791013717651,0.4463356137275696,-0.08705618232488632,0.47830137610435486,0.5382927060127258,-0.06734788417816162,0.6091293096542358,0.5655819177627563,-0.08879493176937103,0.6853762865066528,0.572848916053772,-0.10531894862651825,0.7431014180183411,0.5778961181640625,-0.11624392867088318,0.4685341715812683,0.6162357926368713,-0.0803970918059349,0.5247519612312317,0.6125015020370483,-0.08591020852327347,0.49728307127952576,0.5941653251647949,-0.07724374532699585,0.4686923623085022,0.5869070887565613,-0.07267050445079803
E,0.298334002494812,0.6047182083129883,8.090742653621419e-07,0.3637821078300476,0.5016269087791443,0.021549012511968613,0.4535685181617737,0.4792589247226715,0.019922228530049324,0.51102215051651,0.5378478169441223,0.01636100746691227,0.5466791391372681,0.586248517036438,0.010637213476002216,0.4758933484554291,0.40262570977211,-0.026022223755717278,0.5792010426521301,0.3597686290740967,-0.03759992495179176,0.6432918310165405,0.3468654155731201,-0.0408625453710556,0.6954562664031982,0.3415488600730896,-0.04370156675577164,0.48117947578430176,0.46438145637512207,-0.05083007737994194,0.6174896955490112,0.43955519795417786,-0.07223638892173767,0.7023234963417053,0.43729138374328613,-0.08652742952108383,0.7665669918060303,0.44307172298431396,-0.09532011300325394,0.47863733768463135,0.5382276177406311,-0.07000718265771866,0.610676646232605,0.561949610710144,-0.09260815382003784,0.6851639747619629,0.5722671151161194,-0.10985222458839417,0.7424482703208923,0.5812737345695496,-0.12098465114831924,0.469509482383728,0.6168406009674072,-0.0841476172208786,0.5254127383232117,0.6096045970916748,-0.08987332880496979,0.49842044711112976,0.5924012660980225,-0.08131913095712662,0.47187185287475586,0.5884102582931519,-0.07675696164369583
E,0.29984867572784424,0.6023716330528259,8.060280265453912e-07,0.3672987222671509,0.5013577938079834,0.023038608953356743,0.4562371075153351,0.4838704466819763,0.021084753796458244,0.5116015076637268,0.5496202111244202,0.016607370227575302,0.5444337129592896,0.602462887763977,0.009677949361503124,0.4771115183830261,0.4034557640552521,-0.02478812448680401,0.5794199705123901,0.3597038984298706,-0.03562331199645996,0.6420426964759827,0.3465392589569092,-0.038252390921115875,0.6939539313316345,0.3409461975097656,-0.041278958320617676,0.48219791054725647,0.4636136591434479,-0.051044825464487076,0.6170307993888855,0.4373772144317627,-0.07386190444231033,0.7013706564903259,0.4346407949924469,-0.08947326987981796,0.7656888365745544,0.4407578110694885,-0.09920540452003479,0.4788290858268738,0.5373565554618835,-0.07143739610910416,0.6099770069122314,0.5626838207244873,-0.095977783203125,0.6858090162277222,0.5721436142921448,-0.1146775335073471,0.7444957494735718,0.5802871584892273,-0.1266026347875595,0.4692639410495758,0.6173427104949951,-0.08645303547382355,0.5235985517501831,0.6091872453689575,-0.09352551400661469,0.4957072138786316,0.5907700657844543,-0.08569566905498505,0.46887362003326416,0.5862644910812378,-0.08177394419908524
E,0.3020976185798645,0.606071949005127,7.978533176355995e-07,0.3693721294403076,0.5037696957588196,0.027474205940961838,0.45583176612854004,0.48885437846183777,0.027305511757731438,0.5101056098937988,0.5541050434112549,0.024519864469766617,0.5417906641960144,0.6051760315895081,0.019405856728553772,0.47816962003707886,0.40565577149391174,-0.024752629920840263,0.5822536945343018,0.36476051807403564,-0.03594491258263588,0.6467921733856201,0.35444527864456177,-0.038869380950927734,0.7000895738601685,0.3524577021598816,-0.041447073221206665,0.48269158601760864,0.4664373993873596,-0.05170741304755211,0.6183158755302429,0.43404141068458557,-0.07517967373132706,0.7038549184799194,0.4291565716266632,-0.09066203981637955,0.7683248519897461,0.4349363446235657,-0.09976009279489517,0.4800608456134796,0.5407069325447083,-0.07191292941570282,0.6112222671508789,0.5661735534667969,-0.09473054111003876,0.6867542862892151,0.5737351179122925,-0.11204195767641068,0.7441491484642029,0.5809525847434998,-0.12281253188848495,0.4708561599254608,0.6214098334312439,-0.08631802350282669,0.5223181247711182,0.615034282207489,-0.08862902969121933,0.4940197467803955,0.5950047373771667,-0.0779680535197258,0.4666009843349457,0.5885176658630371,-0.07231932878494263
E,0.3008657693862915,0.6050635576248169,7.922421900730114e-07,0.3677680492401123,0.504378616809845,0.026989202946424484,0.45614880323410034,0.4920702576637268,0.026781069114804268,0.51092129945755,0.5596739053726196,0.024010784924030304,0.5418340563774109,0.6125538349151611,0.018786387518048286,0.4764801859855652,0.4064566493034363,-0.024692706763744354,0.5822256803512573,0.3655030131340027,-0.03569483011960983,0.647418200969696,0.3544282019138336,-0.03825100138783455,0.70047527551651,0.3531186580657959,-0.040503136813640594,0.4825280010700226,0.46808427572250366,-0.051739778369665146,0.6193519830703735,0.43471044301986694,-0.07282382994890213,0.7044751644134521,0.4293939769268036,-0.08696373552083969,0.7678326368331909,0.43638163805007935,-0.09553802013397217,0.4810018837451935,0.5419005155563354,-0.0724247470498085,0.6132189035415649,0.5622812509536743,-0.0939977616071701,0.6889084577560425,0.5701554417610168,-0.11198992282152176,0.7459254264831543,0.5789471864700317,-0.12383037805557251,0.47282320261001587,0.6214072704315186,-0.08746042847633362,0.5207701921463013,0.6136165857315063,-0.09056070446968079,0.49278607964515686,0.594706654548645,-0.08177211880683899,0.4656243920326233,0.5893980860710144,-0.07756353169679642
E,0.30136242508888245,0.6075336933135986,7.853107604205434e-07,0.36992552876472473,0.5018411874771118,0.028107333928346634,0.4567168354988098,0.4900709390640259,0.026956234127283096,0.5113509297370911,0.5579947233200073,0.02406974881887436,0.5421010255813599,0.6052098274230957,0.019043758511543274,0.47754234075546265,0.40663766860961914,-0.03256578370928764,0.5828734636306763,0.36445945501327515,-0.04433559998869896,0.6468031406402588,0.34959113597869873,-0.04783271253108978,0.70025634765625,0.34483471512794495,-0.051149364560842514,0.48142361640930176,0.47090771794319153,-0.05864739790558815,0.6191684007644653,0.4321419894695282,-0.08413750678300858,0.7062993049621582,0.42172881960868835,-0.1024898886680603,0.7720811367034912,0.4261905252933502,-0.1143583282828331,0.47932374477386475,0.5464070439338684,-0.07671211659908295,0.6153906583786011,0.5662407875061035,-0.10043590515851974,0.6922315955162048,0.5724791884422302,-0.12039919942617416,0.7493466734886169,0.5838210582733154,-0.13353794813156128,0.4722573161125183,0.6250097751617432,-0.08845251053571701,0.5200635194778442,0.612857460975647,-0.09117090702056885,0.49056679010391235,0.5880706310272217,-0.08287844061851501,0.46324366331100464,0.5814449787139893,-0.07939967513084412
E,0.29956889152526855,0.6070636510848999,7.862892061893945e-07,0.3690050542354584,0.5005776882171631,0.026453742757439613,0.45755475759506226,0.4872353672981262,0.02506946213543415,0.5135994553565979,0.5554016828536987,0.021945269778370857,0.543920636177063,0.6059848666191101,0.016601046547293663,0.47734948992729187,0.40721437335014343,-0.0315830297768116,0.5823974609375,0.3635529577732086,-0.04325486347079277,0.6463772058486938,0.34929925203323364,-0.04714394360780716,0.6999186873435974,0.3454592525959015,-0.05079604312777519,0.481865793466568,0.4721932113170624,-0.05742739513516426,0.619121789932251,0.43303900957107544,-0.08221138268709183,0.7068730592727661,0.42187774181365967,-0.1007753387093544,0.7727721929550171,0.4260059893131256,-0.11310224235057831,0.480188250541687,0.547858715057373,-0.0756692886352539,0.6159053444862366,0.5668231844902039,-0.09943915903568268,0.6922133564949036,0.5729361772537231,-0.11983076483011246,0.7488017082214355,0.5844334363937378,-0.1332448273897171,0.4733540415763855,0.6260474920272827,-0.08784240484237671,0.5255477428436279,0.6112251281738281,-0.09177786856889725,0.4967634379863739,0.5880816578865051,-0.08379199355840683,0.4693349301815033,0.5835310816764832,-0.08030083775520325
E,0.30127787590026855,0.6099592447280884,7.685189302719664e-07,0.3686628043651581,0.5032493472099304,0.02703419141471386,0.4555004835128784,0.4885963201522827,0.02668926864862442,0.5114543437957764,0.5549915432929993,0.024123897776007652,0.541983425617218,0.6073278784751892,0.01914411038160324,0.47721320390701294,0.4083448648452759,-0.027629883959889412,0.5823320746421814,0.36426210403442383,-0.039822570979595184,0.6469674110412598,0.3467528820037842,-0.04437641054391861,0.7007961273193359,0.336980402469635,-0.048512350767850876,0.4817943572998047,0.47106850147247314,-0.05446446314454079,0.6191954016685486,0.4339234232902527,-0.07889383286237717,0.708210825920105,0.4220044016838074,-0.09685712307691574,0.774470329284668,0.42233768105506897,-0.10847383737564087,0.48074018955230713,0.5447946786880493,-0.07435443997383118,0.6137783527374268,0.5634048581123352,-0.09884968400001526,0.6904414892196655,0.5701658129692078,-0.11877930164337158,0.7481191754341125,0.5795511603355408,-0.13152334094047546,0.4747661054134369,0.6231900453567505,-0.08833825588226318,0.5279700756072998,0.6079745292663574,-0.09307445585727692,0.4974396228790283,0.5866366028785706,-0.08425840735435486,0.467909574508667,0.5829062461853027,-0.07986743748188019
E,0.2991698384284973,0.6099534034729004,7.900717378106492e-07,0.36948108673095703,0.5040009021759033,0.03016364760696888,0.4564553201198578,0.49033138155937195,0.030164798721671104,0.5121510028839111,0.5569122433662415,0.027723485603928566,0.5427141189575195,0.6068527102470398,0.023170609027147293,0.47878992557525635,0.40809366106987,-0.02843322791159153,0.5826082825660706,0.3648701310157776,-0.041012778878211975,0.6471272110939026,0.34721171855926514,-0.04583005979657173,0.7008460760116577,0.3380962610244751,-0.05015179514884949,0.48175403475761414,0.47065263986587524,-0.05635135993361473,0.6195459365844727,0.43317246437072754,-0.08389882743358612,0.7082005739212036,0.4200097322463989,-0.103904128074646,0.7739977836608887,0.4207875728607178,-0.11656065285205841,0.47954386472702026,0.5449011325836182,-0.07626888900995255,0.6157870888710022,0.565538227558136,-0.10097743570804596,0.6917324066162109,0.572262167930603,-0.11944673210382462,0.7487306594848633,0.5825825333595276,-0.13091854751110077,0.47308212518692017,0.6243560910224915,-0.08990487456321716,0.5266668200492859,0.611137866973877,-0.0925915315747261,0.49705129861831665,0.590364933013916,-0.08202756196260452,0.46914204955101013,0.5863479375839233,-0.07638010382652283
E,0.3008074462413788,0.6096084713935852,7.595709234919923e-07,0.36963900923728943,0.5024564266204834,0.02895822376012802,0.457817941904068,0.48609280586242676,0.029514126479625702,0.5141204595565796,0.5498086214065552,0.027773786336183548,0.5469357371330261,0.600419282913208,0.023561429232358932,0.4791664481163025,0.4075271785259247,-0.027192261070013046,0.5843960642814636,0.36345458030700684,-0.03894367814064026,0.6488509178161621,0.3445311188697815,-0.04297535866498947,0.7021891474723816,0.333322137594223,-0.04663504660129547,0.48338213562965393,0.4705744981765747,-0.05438240244984627,0.6214032173156738,0.4338085949420929,-0.07846324890851974,0.7092427015304565,0.42168256640434265,-0.09579378366470337,0.7753982543945312,0.42142438888549805,-0.10684677958488464,0.48217859864234924,0.5442678928375244,-0.07426277548074722,0.6160457134246826,0.5619504451751709,-0.09743445366621017,0.6918778419494629,0.5675938725471497,-0.11630787700414658,0.7495966553688049,0.5757800936698914,-0.12854139506816864,0.4753122925758362,0.622460126876831,-0.08807537704706192,0.5281943082809448,0.6107022762298584,-0.09059668332338333,0.49775898456573486,0.5903280377388,-0.08054894953966141,0.468819797039032,0.5866919159889221,-0.07554347813129425
E,0.30115872621536255,0.6113227605819702,7.607436600665096e-07,0.3691028952598572,0.5033485889434814,0.029384644702076912,0.45655640959739685,0.4890407621860504,0.02994449995458126,0.5130653977394104,0.5543177127838135,0.02844848670065403,0.5451752543449402,0.6033526062965393,0.024536913260817528,0.4796425998210907,0.40775054693222046,-0.028651563450694084,0.5849377512931824,0.3635733723640442,-0.03988441079854965,0.6488106846809387,0.3447275459766388,-0.04325383901596069,0.7022106051445007,0.3336249589920044,-0.0464424304664135,0.4833647906780243,0.47217369079589844,-0.05521584674715996,0.6214778423309326,0.4344104528427124,-0.08051407337188721,0.7091541290283203,0.4224875569343567,-0.0981164425611496,0.7753154039382935,0.42309993505477905,-0.10907753556966782,0.4818732440471649,0.5473828911781311,-0.0740121603012085,0.6157692074775696,0.5641555786132812,-0.09769017994403839,0.6918333768844604,0.5684722065925598,-0.11629308015108109,0.7494475841522217,0.5767315626144409,-0.12796206772327423,0.4751139283180237,0.6257562637329102,-0.08653505891561508,0.5274690985679626,0.6109275817871094,-0.08807611465454102,0.4969114363193512,0.5884562134742737,-0.07749012112617493,0.4678168296813965,0.5844919085502625,-0.07212266325950623
E,0.30103155970573425,0.6121433973312378,7.595745046273805e-07,0.3676607608795166,0.5017485022544861,0.026727011427283287,0.45617708563804626,0.4853930175304413,0.025824256241321564,0.515173077583313,0.551000714302063,0.023432575166225433,0.5498066544532776,0.6006811857223511,0.01831202581524849,0.4770079553127289,0.40729519724845886,-0.033322062343358994,0.5829668045043945,0.36196696758270264,-0.045512184500694275,0.6475138664245605,0.3390282690525055,-0.04956229403614998,0.7013071775436401,0.3241700530052185,-0.05341325327754021,0.48158955574035645,0.473158061504364,-0.05927552282810211,0.6207695007324219,0.43475061655044556,-0.08493112772703171,0.7092409133911133,0.4225648045539856,-0.10254207253456116,0.7757197022438049,0.42339494824409485,-0.11383365839719772,0.48104631900787354,0.5485577583312988,-0.0775744765996933,0.6188070774078369,0.56072998046875,-0.10325726121664047,0.6948380470275879,0.5655891299247742,-0.12228332459926605,0.7516511082649231,0.5747634172439575,-0.13416528701782227,0.4751375615596771,0.6265325546264648,-0.0896293967962265,0.5326430797576904,0.6080699563026428,-0.09435923397541046,0.5012114644050598,0.5867747664451599,-0.08435343205928802,0.4703053832054138,0.5846891403198242,-0.07905762642621994
E,0.3017261028289795,0.6105824708938599,7.638552688149503e-07,0.368907630443573,0.5000367164611816,0.027434419840574265,0.45626914501190186,0.48140737414360046,0.026880141347646713,0.514898955821991,0.544470489025116,0.024659421294927597,0.5490877032279968,0.5940603613853455,0.01986902765929699,0.47776639461517334,0.4065685570240021,-0.03218008950352669,0.5830488801002502,0.3606830835342407,-0.04437514767050743,0.6471393704414368,0.33863693475723267,-0.048557113856077194,0.7004015445709229,0.3241737484931946,-0.052409395575523376,0.4816538691520691,0.47210025787353516,-0.0581853911280632,0.6209432482719421,0.434028685092926,-0.08424858003854752,0.7089052200317383,0.422221302986145,-0.10193441808223724,0.7751039266586304,0.42307040095329285,-0.11302729696035385,0.48062530159950256,0.5479251146316528,-0.0764269083738327,0.6179601550102234,0.5610454082489014,-0.10150571912527084,0.6937334537506104,0.5654317736625671,-0.1197541356086731,0.7510915994644165,0.5741294622421265,-0.1310119330883026,0.47426837682724,0.6264976263046265,-0.08844361454248428,0.5328032970428467,0.6102395057678223,-0.09204757958650589,0.5016937851905823,0.5889575481414795,-0.08111516386270523,0.4712333381175995,0.5865157246589661,-0.07514262199401855
E,0.29956382513046265,0.6101576685905457,7.405763540191401e-07,0.36685603857040405,0.5000326037406921,0.023346275091171265,0.45621010661125183,0.4812782406806946,0.021614838391542435,0.5144416093826294,0.5461671352386475,0.018486017361283302,0.5476858019828796,0.5976860523223877,0.012747052125632763,0.4749954044818878,0.40829986333847046,-0.0325218103826046,0.5770021677017212,0.3575882315635681,-0.044973816722631454,0.6401704549789429,0.3303009271621704,-0.04950910061597824,0.6930729150772095,0.3107243776321411,-0.05396174266934395,0.4799365997314453,0.47375038266181946,-0.05778895318508148,0.6174490451812744,0.4373110830783844,-0.08173811435699463,0.7048292756080627,0.4267910122871399,-0.0985897108912468,0.7712042331695557,0.4277520775794983,-0.10972423106431961,0.47883284091949463,0.548048198223114,-0.07634110748767853,0.614195704460144,0.5606537461280823,-0.1023951917886734,0.6913706660270691,0.5658477544784546,-0.1229933425784111,0.7500060200691223,0.5745962858200073,-0.13607990741729736,0.47263965010643005,0.6252100467681885,-0.08912584185600281,0.5293586254119873,0.6091405749320984,-0.09701500833034515,0.49889203906059265,0.5889067649841309,-0.08963245153427124,0.4687083065509796,0.5863953232765198,-0.08596917986869812
E,0.3013288974761963,0.6085658073425293,7.505141752517375e-07,0.36731499433517456,0.49732887744903564,0.023194720968604088,0.4560338854789734,0.4733048975467682,0.021840620785951614,0.5133904218673706,0.5329052209854126,0.0190799068659544,0.5469274520874023,0.5803177356719971,0.013704919256269932,0.474756121635437,0.4073614478111267,-0.03348382189869881,0.5767197608947754,0.35658711194992065,-0.046715423464775085,0.6412662267684937,0.33023762702941895,-0.05160408467054367,0.6942474246025085,0.311027467250824,-0.05572333186864853,0.4798279106616974,0.4720957279205322,-0.058025114238262177,0.6181588172912598,0.43684810400009155,-0.08188509941101074,0.7061255574226379,0.42628350853919983,-0.09768985956907272,0.7720328569412231,0.4257396459579468,-0.10751989483833313,0.4795112907886505,0.5461536645889282,-0.07581406086683273,0.6155120730400085,0.5598959922790527,-0.10004282742738724,0.6920130252838135,0.5634873509407043,-0.11908972263336182,0.749314546585083,0.5692915916442871,-0.13114218413829803,0.4734480381011963,0.6235273480415344,-0.08805804699659348,0.5307291150093079,0.6120394468307495,-0.09388173371553421,0.5009135007858276,0.5903897285461426,-0.08538207411766052,0.4698135554790497,0.5850658416748047,-0.08081742376089096
E,0.30186349153518677,0.6035243272781372,7.692744929954642e-07,0.3664493262767792,0.4924696087837219,0.012592538259923458,0.45849689841270447,0.4657319188117981,0.006552159786224365,0.5195816159248352,0.5229299664497375,0.0013611658941954374,0.5562907457351685,0.5637820363044739,-0.0065704756416380405,0.47296664118766785,0.3997840881347656,-0.04500139132142067,0.5711284875869751,0.3426736295223236,-0.05700518935918808,0.6317221522331238,0.3060648441314697,-0.060925669968128204,0.683090329170227,0.2755715250968933,-0.0654444471001625,0.48098114132881165,0.4692014157772064,-0.06386563926935196,0.6180663108825684,0.4420696198940277,-0.08362480252981186,0.702406644821167,0.431267648935318,-0.09903732687234879,0.7682081460952759,0.42899349331855774,-0.11083364486694336,0.4795558750629425,0.5467522144317627,-0.07610242813825607,0.6114022135734558,0.561053991317749,-0.09833808243274689,0.6879910230636597,0.5599626898765564,-0.12036792933940887,0.7443984746932983,0.5630795359611511,-0.13666653633117676,0.4734981656074524,0.6230776906013489,-0.08360456675291061,0.5211042761802673,0.6138114929199219,-0.09367669373750687,0.49116405844688416,0.5934178829193115,-0.09124044328927994,0.4614766240119934,0.5891565680503845,-0.09165342152118683
E,0.3041185140609741,0.6031104922294617,7.758321203255036e-07,0.3686031997203827,0.4903985857963562,0.018708031624555588,0.4572729468345642,0.4682081639766693,0.01419015508145094,0.5160535573959351,0.529725193977356,0.010046545416116714,0.5492322444915771,0.573951244354248,0.0029078435618430376,0.47473767399787903,0.39819568395614624,-0.04413323849439621,0.5719343423843384,0.33791816234588623,-0.05561458319425583,0.6312743425369263,0.29829248785972595,-0.05890093743801117,0.6819055080413818,0.2658538818359375,-0.06316620856523514,0.48293235898017883,0.46967393159866333,-0.065345898270607,0.622231125831604,0.442965567111969,-0.08797575533390045,0.7056856751441956,0.432780921459198,-0.10390450805425644,0.7699834108352661,0.43210089206695557,-0.11518780142068863,0.4807749390602112,0.5492433309555054,-0.07883129268884659,0.6160109043121338,0.558837354183197,-0.10377432405948639,0.6924112439155579,0.5562177896499634,-0.12508061528205872,0.7486158609390259,0.5604258179664612,-0.13969191908836365,0.473884254693985,0.6269441843032837,-0.08646641671657562,0.52384352684021,0.6092748045921326,-0.09658266603946686,0.49273553490638733,0.5840350985527039,-0.09206614643335342,0.46204009652137756,0.5781700015068054,-0.09049340337514877
E,0.3032081723213196,0.6025793552398682,7.662167718081037e-07,0.36794349551200867,0.49092450737953186,0.016748635098338127,0.45801791548728943,0.47173625230789185,0.011631566099822521,0.5169211030006409,0.5385345220565796,0.007361417170614004,0.5479661822319031,0.5861190557479858,0.0003396855026949197,0.4749216139316559,0.39887911081314087,-0.04556959867477417,0.5722079873085022,0.33912837505340576,-0.05691255256533623,0.6312496066093445,0.29942798614501953,-0.060356367379426956,0.6822177171707153,0.26618972420692444,-0.06498012691736221,0.48089390993118286,0.4705303907394409,-0.06600374728441238,0.6202758550643921,0.4425932466983795,-0.08859377354383469,0.7043174505233765,0.4320482611656189,-0.10476954281330109,0.7691396474838257,0.4309268295764923,-0.11668684333562851,0.47850531339645386,0.5503780841827393,-0.07889936119318008,0.6136724948883057,0.5628418326377869,-0.10385254770517349,0.69065922498703,0.561097264289856,-0.12497483938932419,0.7474061846733093,0.5657879114151001,-0.1395930051803589,0.47228363156318665,0.6272309422492981,-0.08619115501642227,0.5251550078392029,0.60901939868927,-0.09517687559127808,0.49322226643562317,0.5842298865318298,-0.08941277861595154,0.461627334356308,0.5793776512145996,-0.08745262026786804
E,0.30409571528434753,0.6024545431137085,7.838123678993725e-07,0.36804741621017456,0.49001550674438477,0.013195890933275223,0.45769691467285156,0.4663825035095215,0.006440128665417433,0.5164054036140442,0.5276466608047485,0.0006392895011231303,0.549905002117157,0.5727618336677551,-0.008315290324389935,0.47355955839157104,0.39728766679763794,-0.04733208194375038,0.5685164928436279,0.33681246638298035,-0.06065744906663895,0.6280186176300049,0.2966698408126831,-0.0662594810128212,0.6798650026321411,0.2631608247756958,-0.07231857627630234,0.48269516229629517,0.4689309298992157,-0.06642430275678635,0.6200936436653137,0.4448784589767456,-0.08797089755535126,0.7037819027900696,0.43418368697166443,-0.10485245287418365,0.7695087194442749,0.43111395835876465,-0.11768173426389694,0.4807952046394348,0.5483356714248657,-0.07839886844158173,0.6120156049728394,0.5611423254013062,-0.10170646756887436,0.6885313987731934,0.5557519197463989,-0.12384086102247238,0.7451456785202026,0.5561119914054871,-0.1400824338197708,0.4735422730445862,0.6239910125732422,-0.08540991693735123,0.5191203355789185,0.6102834939956665,-0.09545188397169113,0.4881575107574463,0.5867441892623901,-0.09188982844352722,0.4579879343509674,0.5821534395217896,-0.0915072113275528
E,0.30232560634613037,0.6022801399230957,7.878476253608824e-07,0.367629736661911,0.4905860722064972,0.01431774441152811,0.45764389634132385,0.4699377417564392,0.00733241206035018,0.5157496929168701,0.5356576442718506,0.0013630555476993322,0.5484287738800049,0.5822919607162476,-0.00810523983091116,0.4731588065624237,0.39648640155792236,-0.04940684512257576,0.5680100321769714,0.33755385875701904,-0.06319856643676758,0.6279458999633789,0.2975173592567444,-0.06938491016626358,0.6801464557647705,0.2642795741558075,-0.07598017156124115,0.4818696975708008,0.46860677003860474,-0.06955927610397339,0.6198348999023438,0.4443765878677368,-0.09020954370498657,0.7033307552337646,0.43391817808151245,-0.10692440718412399,0.7684298157691956,0.4322293996810913,-0.12025342136621475,0.47927141189575195,0.5489165186882019,-0.08233669400215149,0.6126490235328674,0.5631054639816284,-0.10482050478458405,0.689163088798523,0.5579869747161865,-0.12737679481506348,0.7455912232398987,0.5595869421958923,-0.144668847322464,0.47134140133857727,0.6256535053253174,-0.08998408913612366,0.5151918530464172,0.6117572784423828,-0.10029035061597824,0.48347896337509155,0.5883100628852844,-0.09744374454021454,0.4537526071071625,0.5838401317596436,-0.09794334322214127
E,0.3034057021141052,0.6009849309921265,7.67239214383153e-07,0.3690795302391052,0.4876681864261627,0.017118560150265694,0.4582862854003906,0.46459826827049255,0.011857680976390839,0.5168226361274719,0.5259023308753967,0.0072083063423633575,0.5516514182090759,0.5695762038230896,-0.0007701263530179858,0.47517192363739014,0.3946828544139862,-0.04580088332295418,0.5696333050727844,0.3363468647003174,-0.05783257633447647,0.6284325122833252,0.29625311493873596,-0.06265459209680557,0.679811954498291,0.2629759609699249,-0.06842892616987228,0.4840337634086609,0.4657817780971527,-0.06657957285642624,0.6212356090545654,0.4425526559352875,-0.08646819740533829,0.704440712928772,0.43252620100975037,-0.10280478000640869,0.7694187164306641,0.4311913251876831,-0.11590168625116348,0.4814925789833069,0.5452260375022888,-0.07975757867097855,0.6142385005950928,0.5608936548233032,-0.10156384110450745,0.6898448467254639,0.5574509501457214,-0.12387493997812271,0.745290994644165,0.5600920915603638,-0.1409771740436554,0.4734504222869873,0.6220420002937317,-0.08751851320266724,0.5178198218345642,0.6105223894119263,-0.09689725935459137,0.4868146479129791,0.586984395980835,-0.09401700645685196,0.45765119791030884,0.5813153386116028,-0.0945405513048172
E,0.301826149225235,0.6006874442100525,7.647768143215217e-07,0.3690164387226105,0.4885442554950714,0.017618443816900253,0.4585551619529724,0.47001317143440247,0.012260915711522102,0.5152686238288879,0.5385785102844238,0.0074108922854065895,0.5460171699523926,0.5877251625061035,-0.0008542620926164091,0.4752163290977478,0.39626920223236084,-0.045336246490478516,0.5692184567451477,0.33762437105178833,-0.057699378579854965,0.6282879114151001,0.2972378134727478,-0.06276750564575195,0.680144190788269,0.26330769062042236,-0.0688905343413353,0.4834245443344116,0.467838317155838,-0.06689231097698212,0.6200913190841675,0.4433610141277313,-0.08771207928657532,0.7034432291984558,0.43225014209747314,-0.10432721674442291,0.7685798406600952,0.429501473903656,-0.11757127940654755,0.48055943846702576,0.5476771593093872,-0.08093184977769852,0.6124927997589111,0.5642949342727661,-0.10386795550584793,0.6893627047538757,0.5594713091850281,-0.12628816068172455,0.7469170093536377,0.5601831078529358,-0.1432056576013565,0.47206825017929077,0.6241488456726074,-0.08946097642183304,0.515633225440979,0.6085159778594971,-0.09880287200212479,0.4829721450805664,0.5842167139053345,-0.09492731839418411,0.45315784215927124,0.579112708568573,-0.09488049894571304
E,0.3031659722328186,0.6007260680198669,7.572441518277628e-07,0.36792421340942383,0.49074381589889526,0.017588697373867035,0.4571158289909363,0.4686643183231354,0.013291923329234123,0.5147061347961426,0.5286564826965332,0.009081742726266384,0.5487858057022095,0.573635458946228,0.0014550558989867568,0.4745507538318634,0.39592015743255615,-0.04173976927995682,0.5686871409416199,0.33372557163238525,-0.05444997549057007,0.6289253830909729,0.294208824634552,-0.05934171378612518,0.6808364391326904,0.2620082497596741,-0.06464976072311401,0.48417994379997253,0.46535128355026245,-0.06309019029140472,0.6216448545455933,0.44066333770751953,-0.08298785984516144,0.7045402526855469,0.4319888949394226,-0.09792055189609528,0.7695176005363464,0.43071436882019043,-0.10877461731433868,0.4818296432495117,0.5428392887115479,-0.0774468407034874,0.6119329333305359,0.5555199980735779,-0.09888056665658951,0.688069760799408,0.5499565005302429,-0.12014397233724594,0.744774580001831,0.5490409731864929,-0.1357734650373459,0.47255057096481323,0.6197425723075867,-0.08662008494138718,0.515216588973999,0.6097068786621094,-0.09466438740491867,0.4844912886619568,0.5870004296302795,-0.0901605412364006,0.45448726415634155,0.5819851756095886,-0.08903618156909943
E,0.30204424262046814,0.6008312106132507,7.86940347552445e-07,0.3692120611667633,0.4883701801300049,0.015193060971796513,0.45892566442489624,0.4667525589466095,0.009313714690506458,0.5173966884613037,0.5311427116394043,0.004335995297878981,0.5503429770469666,0.5774245858192444,-0.003670929931104183,0.4750410318374634,0.39563998579978943,-0.04690972715616226,0.5694376230239868,0.3352853059768677,-0.06015058979392052,0.6297376155853271,0.2953934669494629,-0.065592460334301,0.6821129322052002,0.26258400082588196,-0.07154352217912674,0.482616662979126,0.4683258533477783,-0.06748256832361221,0.6205701231956482,0.4437992572784424,-0.08922241628170013,0.7049574255943298,0.43186628818511963,-0.10598301142454147,0.7700732946395874,0.4284829795360565,-0.11897299438714981,0.47934120893478394,0.5485701560974121,-0.08077915012836456,0.6121257543563843,0.5647535920143127,-0.10382188111543655,0.6874135136604309,0.5567149519920349,-0.12540943920612335,0.7428629398345947,0.5543578267097473,-0.14149366319179535,0.47014445066452026,0.6242935657501221,-0.08888471126556396,0.5152910351753235,0.6091391444206238,-0.09820588678121567,0.4832817018032074,0.5836799740791321,-0.0939115583896637,0.45326757431030273,0.5764317512512207,-0.09330029785633087
E,0.30331897735595703,0.60274738073349,7.521494467255252e-07,0.3668283522129059,0.490925669670105,0.018542105332016945,0.45598292350769043,0.46514952182769775,0.015167792327702045,0.5164012312889099,0.5190539956092834,0.011805819347500801,0.5552225708961487,0.5587598085403442,0.005573640577495098,0.47457414865493774,0.39499810338020325,-0.03997284546494484,0.5690994262695312,0.3330625593662262,-0.05255682021379471,0.6297992467880249,0.2935817241668701,-0.05776873603463173,0.6816881895065308,0.26116350293159485,-0.06313356757164001,0.4838791787624359,0.4637734889984131,-0.061014335602521896,0.6218225955963135,0.4400561451911926,-0.08171086758375168,0.7056006193161011,0.4312957525253296,-0.09731889516115189,0.7709053754806519,0.42939645051956177,-0.10857780277729034,0.4821300804615021,0.5405391454696655,-0.07487741112709045,0.6139577627182007,0.5523458123207092,-0.09593942016363144,0.6882710456848145,0.5468000173568726,-0.11573312431573868,0.7428332567214966,0.5452789664268494,-0.13018786907196045,0.4738815128803253,0.6169690489768982,-0.0835447758436203,0.5217640995979309,0.6084755659103394,-0.09002386033535004,0.4918358325958252,0.5870558023452759,-0.08409249037504196,0.4617452025413513,0.5817944407463074,-0.08190776407718658
E,0.30097031593322754,0.6004955768585205,7.83499331191706e-07,0.3693513870239258,0.4905111491680145,0.020597610622644424,0.45916932821273804,0.47331294417381287,0.016209891065955162,0.5172962546348572,0.5402926206588745,0.012154991738498211,0.5501826405525208,0.5857346057891846,0.005247314926236868,0.47514042258262634,0.39530065655708313,-0.045074477791786194,0.5707907676696777,0.3367052674293518,-0.05691280961036682,0.6303043365478516,0.2978179454803467,-0.06079689785838127,0.681947648525238,0.26427751779556274,-0.06585933268070221,0.48116058111190796,0.46494388580322266,-0.0673394575715065,0.6206712126731873,0.4397413432598114,-0.09047643840312958,0.704887866973877,0.4305913746356964,-0.10736014693975449,0.7701951265335083,0.4280977249145508,-0.12007943540811539,0.47775784134864807,0.5433505177497864,-0.08140038698911667,0.6107879877090454,0.5614739060401917,-0.10410608351230621,0.6870081424713135,0.5575136542320251,-0.12442269921302795,0.74342942237854,0.556261420249939,-0.13945525884628296,0.4696290194988251,0.6201788783073425,-0.08966755867004395,0.5172509551048279,0.6097415685653687,-0.09512090682983398,0.48483195900917053,0.5875544548034668,-0.08829057961702347,0.4547399878501892,0.5800023674964905,-0.08647680282592773
E,0.30243992805480957,0.6024789214134216,7.472157221855014e-07,0.3695203959941864,0.4901026785373688,0.02393181249499321,0.45736366510391235,0.46946728229522705,0.021785901859402657,0.5149431228637695,0.5322164297103882,0.019058801233768463,0.5471843481063843,0.5781649351119995,0.013897346332669258,0.47701025009155273,0.39466798305511475,-0.03828029707074165,0.5710806250572205,0.3353007435798645,-0.05050624534487724,0.6305453777313232,0.29573899507522583,-0.055871568620204926,0.6816879510879517,0.2617855966091156,-0.061724964529275894,0.48334211111068726,0.4629558324813843,-0.06108727306127548,0.6220552921295166,0.4405272603034973,-0.08357006311416626,0.7055462598800659,0.4313761591911316,-0.10034402459859848,0.769952118396759,0.4295998215675354,-0.11257510632276535,0.48065003752708435,0.5402472615242004,-0.0758071318268776,0.6140697598457336,0.5569172501564026,-0.09624989330768585,0.6901355981826782,0.5542816519737244,-0.11487982422113419,0.7471444010734558,0.5560761094093323,-0.12855660915374756,0.47330358624458313,0.6176493167877197,-0.08483671396970749,0.5222763419151306,0.6107379794120789,-0.08731812983751297,0.49110904335975647,0.5876394510269165,-0.07889096438884735,0.4616106152534485,0.5810165405273438,-0.07567644119262695
E,0.3017796576023102,0.6034396886825562,7.643815251867636e-07,0.37049400806427,0.48957425355911255,0.02489381842315197,0.4586144983768463,0.47174036502838135,0.022674061357975006,0.5175374746322632,0.5378909707069397,0.02026679739356041,0.5518607497215271,0.5831593871116638,0.015531315468251705,0.47735512256622314,0.3942541778087616,-0.04059591144323349,0.5718623399734497,0.3349326252937317,-0.05246119201183319,0.6308152079582214,0.29454368352890015,-0.05718311294913292,0.682479977607727,0.2601489722728729,-0.06289754807949066,0.4815908968448639,0.46389856934547424,-0.06367021054029465,0.6204305291175842,0.43918395042419434,-0.08935745060443878,0.7046543955802917,0.4295285642147064,-0.10852048546075821,0.7700958251953125,0.42819902300834656,-0.12240403890609741,0.4777263104915619,0.542514979839325,-0.07795300334692001,0.6118587255477905,0.5588051676750183,-0.1022111177444458,0.6876298189163208,0.5544388890266418,-0.12255440652370453,0.7441515326499939,0.5547769665718079,-0.13664862513542175,0.47062093019485474,0.6194455027580261,-0.0858580693602562,0.5208779573440552,0.6060670018196106,-0.09037976711988449,0.48870009183883667,0.5817039608955383,-0.08239254355430603,0.4589955806732178,0.574438214302063,-0.07933110743761063
E,0.3058401942253113,0.6017099618911743,7.710906970714859e-07,0.3710671663284302,0.4866984188556671,0.02175612561404705,0.4582098722457886,0.46354997158050537,0.01913193054497242,0.5188323259353638,0.524872899055481,0.016477759927511215,0.554854154586792,0.5684598684310913,0.011863629333674908,0.47882893681526184,0.3910943865776062,-0.0400046668946743,0.573348879814148,0.32981517910957336,-0.052188944071531296,0.6331327557563782,0.2914271950721741,-0.05756324902176857,0.684441864490509,0.2596093416213989,-0.06343872845172882,0.48409703373908997,0.46106842160224915,-0.061432741582393646,0.6217651963233948,0.436784029006958,-0.08659940958023071,0.7056190967559814,0.4281443655490875,-0.10581029951572418,0.770662248134613,0.4284482002258301,-0.11974512785673141,0.48121050000190735,0.5388128161430359,-0.07466061413288116,0.6146249175071716,0.5538244247436523,-0.09734728932380676,0.687390148639679,0.5513538718223572,-0.11640074849128723,0.7418996095657349,0.5538098216056824,-0.12986348569393158,0.47425371408462524,0.6155874729156494,-0.08219251781702042,0.5288722515106201,0.6049370765686035,-0.08607995510101318,0.49812161922454834,0.5810816884040833,-0.07805122435092926,0.46906450390815735,0.5729961395263672,-0.07489565759897232
E,0.30289047956466675,0.5993912816047668,7.635433121322421e-07,0.3726744055747986,0.48865124583244324,0.0271714236587286,0.46031665802001953,0.4697237014770508,0.02635018900036812,0.5181515216827393,0.5361483693122864,0.024438582360744476,0.5486626625061035,0.5839149355888367,0.020168552175164223,0.4798773527145386,0.39182567596435547,-0.03545660898089409,0.5729166865348816,0.3297284245491028,-0.04703386500477791,0.6324360370635986,0.29132312536239624,-0.05161519721150398,0.6841610670089722,0.2584548592567444,-0.057391371577978134,0.48414504528045654,0.4588829576969147,-0.060527537018060684,0.6205443143844604,0.43399524688720703,-0.0877990573644638,0.7054553031921387,0.4260495603084564,-0.10795092582702637,0.7710422277450562,0.42634353041648865,-0.12195073068141937,0.480416476726532,0.5358859300613403,-0.07709139585494995,0.6120299696922302,0.5538375377655029,-0.10301174223423004,0.6874843835830688,0.5530605912208557,-0.12400572746992111,0.744602620601654,0.5541120767593384,-0.1379365772008896,0.4735577702522278,0.61419677734375,-0.08719346672296524,0.5254368185997009,0.603675365447998,-0.09326522052288055,0.4922330379486084,0.5827800631523132,-0.08590430021286011,0.461731493473053,0.5750564932823181,-0.08293668925762177
E,0.3029395043849945,0.6006296277046204,7.523660201513849e-07,0.3723869025707245,0.4896703064441681,0.02722134441137314,0.46014919877052307,0.46861764788627625,0.026500970125198364,0.5182941555976868,0.5322396755218506,0.024347588419914246,0.5507375597953796,0.5764493942260742,0.019869355484843254,0.47976818680763245,0.39048337936401367,-0.03284718096256256,0.5725740790367126,0.32888495922088623,-0.043778251856565475,0.6317795515060425,0.2912976145744324,-0.04842736944556236,0.6834163665771484,0.2586229145526886,-0.054223887622356415,0.4840688705444336,0.45608028769493103,-0.057555776089429855,0.620433509349823,0.43300551176071167,-0.08289623260498047,0.7051138281822205,0.42569148540496826,-0.10229066014289856,0.7707035541534424,0.42607372999191284,-0.11606279015541077,0.4800126254558563,0.5320802927017212,-0.07393836975097656,0.6136460304260254,0.550803005695343,-0.098235584795475,0.689558744430542,0.5517061948776245,-0.11871074140071869,0.7469619512557983,0.5538942813873291,-0.1327093094587326,0.4732528626918793,0.6103333830833435,-0.08398335427045822,0.5269743800163269,0.6027857065200806,-0.0893130749464035,0.49440038204193115,0.5834290385246277,-0.08179088681936264,0.4643499255180359,0.576619029045105,-0.07883519679307938
E,0.3014345169067383,0.5969750881195068,7.705641564825783e-07,0.37288931012153625,0.4839499592781067,0.02509358339011669,0.46336454153060913,0.4667013883590698,0.02313905954360962,0.5221067070960999,0.5349124670028687,0.02110021375119686,0.55474853515625,0.5787943601608276,0.016270475462079048,0.47936078906059265,0.3899979293346405,-0.041864924132823944,0.5746051669120789,0.3304455876350403,-0.05235633999109268,0.6343718767166138,0.29256901144981384,-0.05553445219993591,0.6867114901542664,0.2610335946083069,-0.060342103242874146,0.48456478118896484,0.46106451749801636,-0.06528308987617493,0.621362566947937,0.4343346357345581,-0.0901486724615097,0.7050617933273315,0.4240676164627075,-0.10921014845371246,0.7707887887954712,0.42308467626571655,-0.12336292862892151,0.48020467162132263,0.5398269295692444,-0.07973625510931015,0.6136905550956726,0.5561946630477905,-0.10490001738071442,0.6889304518699646,0.5527639985084534,-0.12732987105846405,0.7462372779846191,0.5542868971824646,-0.14301946759223938,0.47169116139411926,0.6164467334747314,-0.08746712654829025,0.5208988189697266,0.6013182401657104,-0.09457547217607498,0.4874052107334137,0.5786063075065613,-0.08902248740196228,0.45791423320770264,0.5725204944610596,-0.08771713823080063
E,0.3052652180194855,0.596329391002655,7.92385321801703e-07,0.37494441866874695,0.4837706685066223,0.017581118270754814,0.46413636207580566,0.4609799385070801,0.012818686664104462,0.5214319229125977,0.5224039554595947,0.0085689015686512,0.5544751286506653,0.5667929649353027,0.0014378012856468558,0.4789857268333435,0.39056071639060974,-0.04554397985339165,0.5738060474395752,0.33089834451675415,-0.057422854006290436,0.633438229560852,0.2921024262905121,-0.06141220033168793,0.6852564811706543,0.2596847116947174,-0.06609561294317245,0.48631152510643005,0.4622879922389984,-0.06534872204065323,0.6234962940216064,0.43983083963394165,-0.08620795607566833,0.7061468362808228,0.4301708936691284,-0.10183146595954895,0.7705391645431519,0.4277457594871521,-0.11348175257444382,0.4825991094112396,0.5418432950973511,-0.0771997794508934,0.6123049855232239,0.5588244199752808,-0.09670963138341904,0.6864521503448486,0.5503973960876465,-0.11628337949514389,0.7416788339614868,0.5469029545783997,-0.13111984729766846,0.47281384468078613,0.6175399422645569,-0.08383037894964218,0.51722252368927,0.6086819171905518,-0.08763853460550308,0.48694443702697754,0.5837931036949158,-0.0810285359621048,0.4592834711074829,0.5766820907592773,-0.07916449010372162
E,0.3044593036174774,0.5974555611610413,8.022001907193044e-07,0.3751313090324402,0.484074205160141,0.022069960832595825,0.4636960029602051,0.4610884189605713,0.018731940537691116,0.5223555564880371,0.5201281905174255,0.015125836245715618,0.5570440292358398,0.5590147972106934,0.00848491583019495,0.48027709126472473,0.3916923999786377,-0.0424981489777565,0.5757144093513489,0.32956838607788086,-0.05406784266233444,0.6358676552772522,0.2912936806678772,-0.057461220771074295,0.687870442867279,0.25926074385643005,-0.06147001311182976,0.48656606674194336,0.46242713928222656,-0.06423957645893097,0.623691976070404,0.4402422308921814,-0.08896942436695099,0.7071093916893005,0.43020591139793396,-0.10636936128139496,0.7720714807510376,0.42758652567863464,-0.11795538663864136,0.48156362771987915,0.5410047769546509,-0.07722558081150055,0.6125550270080566,0.5567090511322021,-0.09933536499738693,0.6870831251144409,0.5472487807273865,-0.11853381246328354,0.7431470155715942,0.5419324040412903,-0.1318572759628296,0.47021034359931946,0.6168832778930664,-0.08427751064300537,0.5183995366096497,0.6097314357757568,-0.08831246942281723,0.487335205078125,0.5859065651893616,-0.08003026992082596,0.4579768776893616,0.5783218741416931,-0.07619977742433548
E,0.3045603930950165,0.5970764756202698,7.835256496946386e-07,0.3755956292152405,0.48467689752578735,0.022875076159834862,0.46408864855766296,0.4613536596298218,0.020039744675159454,0.5227054953575134,0.5199453830718994,0.016735626384615898,0.55727618932724,0.5575540661811829,0.010645254515111446,0.4808937907218933,0.3920761048793793,-0.04052663594484329,0.5753408670425415,0.3295176029205322,-0.05175375938415527,0.6347723007202148,0.2911101281642914,-0.05509117245674133,0.686433732509613,0.25854188203811646,-0.05913020297884941,0.48645585775375366,0.4604504704475403,-0.06266015768051147,0.6226217746734619,0.43704089522361755,-0.08741520345211029,0.7060973644256592,0.42728984355926514,-0.1047324687242508,0.7712137699127197,0.42517057061195374,-0.11627838760614395,0.48143574595451355,0.5373681783676147,-0.07617007941007614,0.6126230955123901,0.5545243620872498,-0.09895018488168716,0.6882588863372803,0.5479065775871277,-0.11849870532751083,0.7451385259628296,0.5447449684143066,-0.13185648620128632,0.4708455204963684,0.6133079528808594,-0.08366982638835907,0.5205789804458618,0.6087271571159363,-0.08786025643348694,0.48908811807632446,0.586831271648407,-0.07950010895729065,0.459144651889801,0.5802504420280457,-0.07564779371023178
E,0.3104538321495056,0.5946126580238342,8.024104545256705e-07,0.3781895339488983,0.4837587773799896,0.015343225561082363,0.4691784679889679,0.4610453248023987,0.009912876412272453,0.5312703251838684,0.5209280252456665,0.0050357491709291935,0.5708398818969727,0.5581795573234558,-0.0028452652040868998,0.48368194699287415,0.38951143622398376,-0.04415455088019371,0.5797470808029175,0.3308091461658478,-0.05594437196850777,0.6408872604370117,0.2954631447792053,-0.06003320962190628,0.6929695010185242,0.26636749505996704,-0.06457848101854324,0.4907587468624115,0.4604102373123169,-0.06361667811870575,0.6265054941177368,0.4387702941894531,-0.08460395038127899,0.709111213684082,0.4301629364490509,-0.10106663405895233,0.7739852666854858,0.42890289425849915,-0.11342930048704147,0.4854741096496582,0.5386742949485779,-0.07569857686758041,0.6174674034118652,0.5532149076461792,-0.09748683124780655,0.6894688010215759,0.5454102754592896,-0.11891483515501022,0.7426444292068481,0.542221188545227,-0.13486960530281067,0.47405651211738586,0.613723635673523,-0.08254733681678772,0.5224685668945312,0.6034719347953796,-0.09112272411584854,0.49291151762008667,0.5800559520721436,-0.08763164281845093,0.46435728669166565,0.5724905729293823,-0.08739811182022095
E,0.3109651207923889,0.5888155698776245,7.651775604244904e-07,0.3787500858306885,0.48278331756591797,0.020344125106930733,0.46796104311943054,0.46235552430152893,0.01599767990410328,0.5264671444892883,0.5260590314865112,0.011065750382840633,0.5586121678352356,0.5687911510467529,0.0033000404946506023,0.48603954911231995,0.3895668089389801,-0.04011279717087746,0.5823068022727966,0.33123743534088135,-0.05246282368898392,0.6437609195709229,0.2969450056552887,-0.05763529613614082,0.6957802772521973,0.26805657148361206,-0.06322931498289108,0.4912578761577606,0.4555661976337433,-0.06302161514759064,0.6264234781265259,0.43341150879859924,-0.08659368008375168,0.7108047604560852,0.42706364393234253,-0.10431456565856934,0.7747807502746582,0.42799559235572815,-0.11718334257602692,0.4874614477157593,0.5309208631515503,-0.07841066271066666,0.6217572689056396,0.5477626323699951,-0.10382475703954697,0.6971130967140198,0.5505358576774597,-0.1253167688846588,0.7520759105682373,0.5553520917892456,-0.1402161866426468,0.4796150028705597,0.6082960367202759,-0.08802171051502228,0.5362567901611328,0.6017798185348511,-0.09810391068458557,0.5052594542503357,0.5851479172706604,-0.09283321350812912,0.47402775287628174,0.5811364650726318,-0.0909392237663269
E,0.3109623193740845,0.587156355381012,7.64026083288627e-07,0.3792286813259125,0.48431193828582764,0.018172694370150566,0.46866390109062195,0.46825525164604187,0.012842332012951374,0.5241681337356567,0.5391838550567627,0.006838142406195402,0.5507895946502686,0.5899777412414551,-0.002432325156405568,0.4861067533493042,0.3909972310066223,-0.0394110269844532,0.5814916491508484,0.332254558801651,-0.051684826612472534,0.642787754535675,0.2982983887195587,-0.056807976216077805,0.6952390074729919,0.2699456214904785,-0.06258021295070648,0.4921623170375824,0.457306832075119,-0.06242158263921738,0.6249921917915344,0.43373823165893555,-0.08525168150663376,0.7092230916023254,0.42743879556655884,-0.10277862101793289,0.773651659488678,0.4281177520751953,-0.11549599468708038,0.48848849534988403,0.5330651998519897,-0.07851767539978027,0.6194167733192444,0.5508030652999878,-0.10505588352680206,0.6962747573852539,0.5527963042259216,-0.12861968576908112,0.7523689866065979,0.5556932687759399,-0.14474479854106903,0.4804080128669739,0.6109983325004578,-0.08905279636383057,0.5318895578384399,0.6032071113586426,-0.10151557624340057,0.5001544952392578,0.5859723687171936,-0.09810548275709152,0.4679529666900635,0.581939160823822,-0.09734140336513519
E,0.3127448260784149,0.5858027935028076,7.651707392142271e-07,0.3811165690422058,0.48237907886505127,0.01984696462750435,0.47067520022392273,0.4628099799156189,0.01510556135326624,0.5279232859611511,0.5257646441459656,0.00978923961520195,0.5594947338104248,0.5675321221351624,0.0017506051808595657,0.48754993081092834,0.38828298449516296,-0.03926154226064682,0.5824063420295715,0.32982873916625977,-0.05254281312227249,0.6440754532814026,0.29707396030426025,-0.05836435407400131,0.6968138217926025,0.2702925503253937,-0.0643344521522522,0.49365079402923584,0.45329973101615906,-0.062351662665605545,0.6276165246963501,0.43169766664505005,-0.08619570732116699,0.7112846374511719,0.42684298753738403,-0.10396929830312729,0.7749310731887817,0.42815476655960083,-0.11658009886741638,0.4902926981449127,0.5280745029449463,-0.07818553596735,0.6219501495361328,0.5461311340332031,-0.10362011194229126,0.6973674297332764,0.5483488440513611,-0.1249895989894867,0.753654956817627,0.5509275197982788,-0.1399279683828354,0.48299330472946167,0.6059583425521851,-0.08842331171035767,0.5351002216339111,0.6029172539710999,-0.09856656193733215,0.5030248761177063,0.586676836013794,-0.09326581656932831,0.4729001820087433,0.5819845795631409,-0.09131133556365967
E,0.3111572265625,0.5847420692443848,7.569055924250279e-07,0.3819050192832947,0.48469480872154236,0.02346128039062023,0.47132858633995056,0.473771870136261,0.01975894533097744,0.5251494646072388,0.550780713558197,0.014867065474390984,0.5470184087753296,0.6037580370903015,0.007093783468008041,0.48887279629707336,0.3895702660083771,-0.03582117334008217,0.5841904282569885,0.3332928419113159,-0.04833986610174179,0.6445580720901489,0.2993846535682678,-0.053347136825323105,0.6967798471450806,0.2708582282066345,-0.05925600603222847,0.493880957365036,0.45423659682273865,-0.06150839850306511,0.6254826784133911,0.4298548400402069,-0.08845982700586319,0.7098620533943176,0.4256232976913452,-0.10739489644765854,0.7743025422096252,0.42885711789131165,-0.1203228309750557,0.4895267188549042,0.528324544429779,-0.07975858449935913,0.6200825572013855,0.5448884963989258,-0.11075121909379959,0.6973938345909119,0.5515441298484802,-0.13340668380260468,0.7560687065124512,0.557776153087616,-0.14735053479671478,0.48198649287223816,0.6069649457931519,-0.0915682390332222,0.5376613140106201,0.5965625047683716,-0.10323288291692734,0.5044830441474915,0.5825976729393005,-0.0961156114935875,0.4718053936958313,0.5813996195793152,-0.09258777648210526
E,0.3124629855155945,0.5880253314971924,7.475457550754072e-07,0.38150566816329956,0.48569583892822266,0.024414893239736557,0.46947821974754333,0.4706628620624542,0.021400557830929756,0.5248837471008301,0.5402125716209412,0.017378512769937515,0.5521264672279358,0.5874003767967224,0.010745944455265999,0.489106684923172,0.3901212811470032,-0.03638613224029541,0.5854681134223938,0.33260053396224976,-0.04874575883150101,0.6469842195510864,0.29889050126075745,-0.053725697100162506,0.6996158361434937,0.27110886573791504,-0.05923048406839371,0.49511197209358215,0.4554882347583771,-0.06101757287979126,0.62800532579422,0.4314671456813812,-0.08728994429111481,0.7120065093040466,0.4258834719657898,-0.10594318807125092,0.7756924629211426,0.42818671464920044,-0.1187443807721138,0.49149757623672485,0.5301949977874756,-0.07769817113876343,0.6230420470237732,0.5470709800720215,-0.10556934028863907,0.6992509365081787,0.5507198572158813,-0.12647166848182678,0.7569588422775269,0.5560904741287231,-0.13998238742351532,0.4844430387020111,0.6085509657859802,-0.08799172192811966,0.5397292971611023,0.6002763509750366,-0.09642364084720612,0.5072782635688782,0.5851593017578125,-0.08821865916252136,0.477007120847702,0.5829173922538757,-0.08431351184844971
E,0.3113848567008972,0.5891977548599243,7.636176064806932e-07,0.38061365485191345,0.4854474663734436,0.021495375782251358,0.46937665343284607,0.46948304772377014,0.01676955819129944,0.5253149271011353,0.540411114692688,0.011341392062604427,0.5521034002304077,0.5892118811607361,0.0033913112711161375,0.48793619871139526,0.3900928199291229,-0.039719101041555405,0.5845102071762085,0.3328382670879364,-0.05234150215983391,0.6456856727600098,0.29917001724243164,-0.05755538493394852,0.6984008550643921,0.27107030153274536,-0.06349769234657288,0.4930874705314636,0.4557815492153168,-0.06360498815774918,0.6262558102607727,0.4327520728111267,-0.09055781364440918,0.7106343507766724,0.42720696330070496,-0.10990698635578156,0.7750483751296997,0.42924171686172485,-0.12341517955064774,0.4895782172679901,0.530856728553772,-0.07967565208673477,0.6213514804840088,0.5491698384284973,-0.10815723985433578,0.6977638006210327,0.5532723665237427,-0.12957200407981873,0.754718005657196,0.5579769015312195,-0.1435135006904602,0.4829646646976471,0.6091141104698181,-0.08969615399837494,0.5383350849151611,0.6010051965713501,-0.09951481223106384,0.5058532357215881,0.5836082100868225,-0.0923762246966362,0.47401565313339233,0.5790719389915466,-0.08912216126918793
E,0.3114410638809204,0.5928187966346741,7.606167855556123e-07,0.37857264280319214,0.48698174953460693,0.024237174540758133,0.46624207496643066,0.46816346049308777,0.021500706672668457,0.523989200592041,0.534454882144928,0.017782947048544884,0.5539390444755554,0.5807462930679321,0.011719890870153904,0.4883244037628174,0.39096277952194214,-0.03598007187247276,0.5857197046279907,0.33366280794143677,-0.04824622720479965,0.6476627588272095,0.3001636862754822,-0.0533161498606205,0.7003517150878906,0.2721515893936157,-0.05867766588926315,0.49345478415489197,0.45582178235054016,-0.059938229620456696,0.627886176109314,0.4322054386138916,-0.08619136363267899,0.712725043296814,0.42623022198677063,-0.10457970947027206,0.776618480682373,0.42817258834838867,-0.11689174920320511,0.48987072706222534,0.5307148098945618,-0.0759522095322609,0.6232770681381226,0.5465695858001709,-0.10353513807058334,0.7001031637191772,0.5494396090507507,-0.12358087301254272,0.7574381828308105,0.5536719560623169,-0.13612857460975647,0.4831118583679199,0.6092424988746643,-0.08563853800296783,0.5415666699409485,0.6026191711425781,-0.09357994794845581,0.5097010731697083,0.5873565077781677,-0.08465225994586945,0.4781512916088104,0.5842400193214417,-0.07986591756343842
E,0.3115435242652893,0.5941930413246155,7.52502387513232e-07,0.3801203966140747,0.4867875277996063,0.026105422526597977,0.4673616886138916,0.4670860469341278,0.024338893592357635,0.5249209403991699,0.5327134728431702,0.02143736183643341,0.5547184348106384,0.5784827470779419,0.016112010926008224,0.4886317551136017,0.3909141719341278,-0.0361977182328701,0.5865222215652466,0.335403710603714,-0.04829005151987076,0.6482541561126709,0.3018453121185303,-0.05289734527468681,0.700768232345581,0.27377432584762573,-0.05799650028347969,0.49293553829193115,0.4561631679534912,-0.06082192063331604,0.628390371799469,0.4323250353336334,-0.08770814538002014,0.7132688760757446,0.4263029992580414,-0.10633319616317749,0.777604877948761,0.4288327395915985,-0.11883679032325745,0.4895192086696625,0.5315135717391968,-0.07715853303670883,0.6229952573776245,0.548712968826294,-0.10432906448841095,0.6985085010528564,0.5518643260002136,-0.12441393733024597,0.7548882961273193,0.5568909645080566,-0.13711586594581604,0.4825555980205536,0.6102758049964905,-0.08701302856206894,0.5398523211479187,0.6036783456802368,-0.09429077059030533,0.507513165473938,0.5863307118415833,-0.08586842566728592,0.4762505888938904,0.5815085768699646,-0.08160673081874847
E,0.31445109844207764,0.5917142629623413,7.615156505380583e-07,0.38103118538856506,0.48420044779777527,0.02122853323817253,0.46858033537864685,0.46067896485328674,0.01800689846277237,0.5264928340911865,0.52351975440979,0.013638363219797611,0.5574470162391663,0.5697664618492126,0.00669839745387435,0.4896180331707001,0.39053091406822205,-0.03589027747511864,0.5855709910392761,0.3369940519332886,-0.04963738098740578,0.6482896208763123,0.30632665753364563,-0.05699104070663452,0.7018383741378784,0.28064411878585815,-0.06413362175226212,0.4933099150657654,0.4543541669845581,-0.05931634083390236,0.627000093460083,0.43242359161376953,-0.08332359045743942,0.7128193378448486,0.42807337641716003,-0.10244300216436386,0.7783867120742798,0.43101051449775696,-0.11656095087528229,0.4895325303077698,0.5285071730613708,-0.07558275759220123,0.6235825419425964,0.5487764477729797,-0.10077640414237976,0.6983570456504822,0.5511711239814758,-0.12241412699222565,0.7533457279205322,0.5541781187057495,-0.13749173283576965,0.48259642720222473,0.6067730784416199,-0.08630367368459702,0.5422261357307434,0.6071158647537231,-0.0953746810555458,0.5113593935966492,0.591034471988678,-0.08986548334360123,0.48065632581710815,0.5850862860679626,-0.08800563216209412
E,0.312856525182724,0.5920742750167847,7.729244089205167e-07,0.37908482551574707,0.4883459210395813,0.020419230684638023,0.4686630368232727,0.46912509202957153,0.01787051558494568,0.5269697308540344,0.5366074442863464,0.014780847355723381,0.5572625398635864,0.583740234375,0.009425833821296692,0.49118515849113464,0.391931414604187,-0.03477414324879646,0.5873030424118042,0.33853456377983093,-0.048398181796073914,0.6507812738418579,0.3080800473690033,-0.05644071474671364,0.7048735618591309,0.28311336040496826,-0.06411731988191605,0.49457699060440063,0.45640772581100464,-0.05779173597693443,0.6270014643669128,0.43372172117233276,-0.08077316731214523,0.712608814239502,0.4298551678657532,-0.10002154111862183,0.7781984806060791,0.4337064027786255,-0.11460991203784943,0.490309476852417,0.5303811430931091,-0.07404696196317673,0.6229507923126221,0.5491794347763062,-0.09863284975290298,0.6967992782592773,0.5531184673309326,-0.12036828696727753,0.7516081929206848,0.5583624243736267,-0.13569983839988708,0.48283496499061584,0.607608437538147,-0.08491997420787811,0.5415891408920288,0.6068817377090454,-0.0934833437204361,0.5108391046524048,0.5932565331459045,-0.08776263147592545,0.4810275733470917,0.5894660353660583,-0.08593154698610306
E,0.31544530391693115,0.5944809317588806,7.634732810402056e-07,0.38113269209861755,0.4858728051185608,0.02312770113348961,0.4683757424354553,0.4627637267112732,0.02116316556930542,0.5278294682502747,0.5250518918037415,0.018442947417497635,0.5606480240821838,0.5694624185562134,0.013513191603124142,0.49035221338272095,0.39170435070991516,-0.03554749861359596,0.5868560075759888,0.3380665183067322,-0.04948725178837776,0.6498007774353027,0.30718904733657837,-0.05659475177526474,0.7033673524856567,0.2819322943687439,-0.0631956160068512,0.49352753162384033,0.455778032541275,-0.05904563143849373,0.6279739737510681,0.43381422758102417,-0.08525779098272324,0.7141683101654053,0.43015384674072266,-0.1043718084692955,0.7793838977813721,0.4342085123062134,-0.11762121319770813,0.48985639214515686,0.5295921564102173,-0.07511710375547409,0.6237056851387024,0.5476348400115967,-0.10215790569782257,0.6990817785263062,0.5521835088729858,-0.12298150360584259,0.7552280426025391,0.5578234195709229,-0.13645721971988678,0.4831242859363556,0.6071377396583557,-0.08518555015325546,0.5439450740814209,0.6047302484512329,-0.09298695623874664,0.5129404664039612,0.5886979103088379,-0.08529186248779297,0.48264968395233154,0.5835614204406738,-0.08164578676223755
E,0.31219854950904846,0.5911874771118164,7.936710062494967e-07,0.37843602895736694,0.48656022548675537,0.02102084271609783,0.4670325815677643,0.4659446179866791,0.018879491835832596,0.525183379650116,0.532447874546051,0.016127461567521095,0.554535448551178,0.5832927227020264,0.01123483944684267,0.4907931089401245,0.39225882291793823,-0.03510265052318573,0.5886973738670349,0.3378032445907593,-0.05022159591317177,0.6548643112182617,0.3091203272342682,-0.05884212255477905,0.7101216316223145,0.2858333885669708,-0.06619670987129211,0.49392247200012207,0.45767319202423096,-0.05854023993015289,0.6279141902923584,0.43498343229293823,-0.0830095186829567,0.7153059244155884,0.43151038885116577,-0.10092919319868088,0.7815263867378235,0.43502432107925415,-0.11350414901971817,0.49079036712646484,0.5315987467765808,-0.07541435956954956,0.6231814622879028,0.5500432252883911,-0.1000828742980957,0.6983049511909485,0.5537541508674622,-0.11900480091571808,0.7551718354225159,0.5579041242599487,-0.13147221505641937,0.48349207639694214,0.608957052230835,-0.08711370825767517,0.545474648475647,0.607498049736023,-0.09331947565078735,0.5143173336982727,0.5948459506034851,-0.0839691162109375,0.4836563169956207,0.592532217502594,-0.07920097559690475
E,0.3207473158836365,0.5914483070373535,8.198489922506269e-07,0.38429081439971924,0.4868507385253906,0.017237337306141853,0.4714547395706177,0.4523131549358368,0.01564987376332283,0.5292991995811462,0.4934667944908142,0.012970496900379658,0.5663989186286926,0.5304831266403198,0.008453086018562317,0.49693363904953003,0.39449363946914673,-0.02868640050292015,0.5949940085411072,0.34048664569854736,-0.04471474140882492,0.663490891456604,0.3160354495048523,-0.052537236362695694,0.717988133430481,0.29853585362434387,-0.05788183584809303,0.50650554895401,0.4583045244216919,-0.05075884610414505,0.6404041647911072,0.43955084681510925,-0.06952156126499176,0.7248729467391968,0.4376770853996277,-0.08160723745822906,0.7891452312469482,0.44007694721221924,-0.08925945311784744,0.5047605037689209,0.5312027931213379,-0.06813669204711914,0.6315051913261414,0.5540206432342529,-0.08566339313983917,0.7015055418014526,0.558437168598175,-0.09907305240631104,0.7571573853492737,0.5610983371734619,-0.109028659760952,0.4948981702327728,0.6076116561889648,-0.08187750726938248,0.5450215935707092,0.6171619296073914,-0.08602951467037201,0.5183202624320984,0.6077361702919006,-0.0767337903380394,0.49612313508987427,0.6064242720603943,-0.07156065106391907
E,0.32593250274658203,0.5942837595939636,8.731502134651237e-07,0.39515501260757446,0.4978153109550476,0.008951898664236069,0.48857828974723816,0.4672279953956604,0.0028791395016014576,0.5520238876342773,0.5117906332015991,-0.004370515700429678,0.5934658050537109,0.5504920482635498,-0.013123912736773491,0.5055416822433472,0.40198755264282227,-0.0331425666809082,0.6052114963531494,0.3467695116996765,-0.05552971735596657,0.676796019077301,0.32310253381729126,-0.06771714985370636,0.7349350452423096,0.3103775084018707,-0.07534798234701157,0.510229229927063,0.46547067165374756,-0.05534863844513893,0.6474844217300415,0.4432138502597809,-0.0787680596113205,0.7379288673400879,0.44558507204055786,-0.09383325278759003,0.8073161840438843,0.45475777983665466,-0.10307545214891434,0.506234884262085,0.5412613153457642,-0.07447697222232819,0.6384698152542114,0.5709595680236816,-0.09914897382259369,0.7036460638046265,0.578953206539154,-0.11431911587715149,0.7520235180854797,0.5788720846176147,-0.12372609227895737,0.49624037742614746,0.6227869391441345,-0.09082458913326263,0.5587759017944336,0.6317927241325378,-0.10236436873674393,0.5358483195304871,0.6241821050643921,-0.09506119787693024,0.5118911862373352,0.6196771860122681,-0.08992088586091995
E,0.32376641035079956,0.6004051566123962,8.899153272068361e-07,0.39074602723121643,0.4992765784263611,0.011010934598743916,0.4823606014251709,0.465786874294281,0.006468640174716711,0.5431622862815857,0.5107028484344482,0.00012418330879881978,0.5786147713661194,0.5568811893463135,-0.007815402001142502,0.5053468346595764,0.40309059619903564,-0.028306741267442703,0.6034422516822815,0.34488505125045776,-0.0505613349378109,0.6753472685813904,0.32404765486717224,-0.06291497498750687,0.7332779169082642,0.3122481107711792,-0.07022501528263092,0.5118617415428162,0.4687560796737671,-0.05105938762426376,0.6486470699310303,0.4499133825302124,-0.07555374503135681,0.7386296391487122,0.4524979591369629,-0.09012068808078766,0.8067480325698853,0.45944011211395264,-0.0976497232913971,0.5080161094665527,0.5442361235618591,-0.07073846459388733,0.6320850849151611,0.5655735731124878,-0.09523006528615952,0.6941346526145935,0.5638113617897034,-0.10881390422582626,0.7411512136459351,0.5554027557373047,-0.11583790183067322,0.49540650844573975,0.625981330871582,-0.08763300627470016,0.5574764013290405,0.6358491778373718,-0.09680560231208801,0.5334182381629944,0.6272718906402588,-0.08618687093257904,0.5077311396598816,0.6215873956680298,-0.07788454741239548
E,0.33253324031829834,0.6071450710296631,9.225266808243759e-07,0.4000409245491028,0.49998679757118225,0.013046346604824066,0.49626624584198,0.46254512667655945,0.009479057975113392,0.5616015195846558,0.4953390657901764,0.0065916297025978565,0.6057674884796143,0.5238627791404724,0.0017410279251635075,0.5181763172149658,0.4050742983818054,-0.04040255397558212,0.622075617313385,0.3530076742172241,-0.0604872889816761,0.6978593468666077,0.33381766080856323,-0.0693746954202652,0.7586728930473328,0.3242231607437134,-0.07469288259744644,0.5252392292022705,0.47779983282089233,-0.06213933601975441,0.6705045104026794,0.46280404925346375,-0.08631879836320877,0.7636386156082153,0.4678865671157837,-0.09964732080698013,0.835313618183136,0.4777674078941345,-0.10692986100912094,0.5217787623405457,0.56020188331604,-0.07892215251922607,0.6586266756057739,0.5861795544624329,-0.10440748929977417,0.7331479787826538,0.5919986963272095,-0.11964038759469986,0.7924219965934753,0.5955808162689209,-0.12894372642040253,0.5101372003555298,0.6444635987281799,-0.09159195423126221,0.5676208138465881,0.6457281112670898,-0.10272803902626038,0.5401424169540405,0.6346623301506042,-0.09388085454702377,0.5151839852333069,0.6323734521865845,-0.08756978809833527
E,0.3280479311943054,0.6122905015945435,8.636228585601202e-07,0.3982771933078766,0.5035145282745361,0.015309329144656658,0.49378901720046997,0.4652826488018036,0.013099230825901031,0.5566105246543884,0.5032371282577515,0.009653960354626179,0.5908097624778748,0.5449240803718567,0.0038907998241484165,0.5186902284622192,0.40832120180130005,-0.029991596937179565,0.621423602104187,0.34962135553359985,-0.051475152373313904,0.6980569362640381,0.33457231521606445,-0.06264641135931015,0.7594059705734253,0.32665330171585083,-0.06921304762363434,0.5247095227241516,0.4787597954273224,-0.05440878868103027,0.6690095663070679,0.4632164239883423,-0.07864965498447418,0.7636043429374695,0.4717201590538025,-0.09245116263628006,0.8349798917770386,0.48203492164611816,-0.09931371361017227,0.5211827754974365,0.5581134557723999,-0.07512971013784409,0.6495910882949829,0.5780042409896851,-0.10137467086315155,0.7280888557434082,0.5806188583374023,-0.11921095848083496,0.7903521060943604,0.5781688690185547,-0.1293184459209442,0.5081722736358643,0.6437138915061951,-0.09193248301744461,0.5717087388038635,0.6462944149971008,-0.10288865864276886,0.5436506867408752,0.632731556892395,-0.09348825365304947,0.512956440448761,0.6253182888031006,-0.08632835745811462
E,0.33221137523651123,0.6193918585777283,9.230411137650663e-07,0.40206509828567505,0.5029059648513794,0.025477493181824684,0.49650195240974426,0.46990424394607544,0.025157302618026733,0.5624441504478455,0.5123174786567688,0.024896858260035515,0.6053891777992249,0.546877920627594,0.021974362432956696,0.5272891521453857,0.40647172927856445,-0.04039263725280762,0.6353788375854492,0.3538212180137634,-0.059649936854839325,0.7126572132110596,0.33664488792419434,-0.06736820936203003,0.775658369064331,0.32682785391807556,-0.0718207135796547,0.533499002456665,0.4833140969276428,-0.0655410885810852,0.6888145208358765,0.47103673219680786,-0.0929093211889267,0.7857537865638733,0.47799670696258545,-0.10739760100841522,0.859535813331604,0.4877873957157135,-0.11476047337055206,0.5295260548591614,0.569688618183136,-0.0831543579697609,0.6741301417350769,0.5984395742416382,-0.10841577500104904,0.7545599937438965,0.6056576371192932,-0.12341225147247314,0.8183892369270325,0.6108329892158508,-0.13192671537399292,0.5167636871337891,0.6555569767951965,-0.09477657824754715,0.5766828060150146,0.6512899994850159,-0.10079599916934967,0.5455743670463562,0.632648229598999,-0.08816349506378174,0.5169447064399719,0.6268846988677979,-0.0792660340666771
E,0.3354579210281372,0.6231733560562134,9.266963729714917e-07,0.40923556685447693,0.4995579421520233,0.022240623831748962,0.5075149536132812,0.46758517622947693,0.019340068101882935,0.5779237151145935,0.5117664337158203,0.017579426988959312,0.6232119202613831,0.5455352067947388,0.012869018130004406,0.5344014763832092,0.4061283469200134,-0.05094849690794945,0.6474689245223999,0.3512224555015564,-0.07117009162902832,0.7276962995529175,0.3347925543785095,-0.07969555258750916,0.7925916910171509,0.32744085788726807,-0.08490046113729477,0.5404956936836243,0.4907425343990326,-0.0744711384177208,0.7004972696304321,0.4784318208694458,-0.09935165196657181,0.800944983959198,0.48439839482307434,-0.11436059325933456,0.8761770725250244,0.49575144052505493,-0.12406087666749954,0.5369564294815063,0.5813199281692505,-0.09009731560945511,0.6863094568252563,0.6051267385482788,-0.11343150585889816,0.7672058343887329,0.6099491715431213,-0.13064397871494293,0.828998327255249,0.6175875663757324,-0.14263027906417847,0.526231050491333,0.6672678589820862,-0.09982030093669891,0.584338903427124,0.6531030535697937,-0.10696794837713242,0.5535246729850769,0.6254820823669434,-0.09812222421169281,0.5251817107200623,0.6163632273674011,-0.09284094721078873
E,0.3317922353744507,0.6285760998725891,8.688750767760212e-07,0.404552698135376,0.503325343132019,0.022031990811228752,0.504546046257019,0.4710630178451538,0.020105481147766113,0.5767180323600769,0.5154501795768738,0.018472319468855858,0.6226910352706909,0.5556711554527283,0.013854405842721462,0.5332381725311279,0.40613022446632385,-0.04632345587015152,0.6476636528968811,0.35106727480888367,-0.06686488538980484,0.7295995354652405,0.33382877707481384,-0.07665322721004486,0.7959420084953308,0.3258085250854492,-0.08297289907932281,0.5404203534126282,0.4913201630115509,-0.07047487050294876,0.6975207328796387,0.4784812927246094,-0.09447602927684784,0.800682783126831,0.48486563563346863,-0.11036926507949829,0.8764718770980835,0.497387558221817,-0.1214449480175972,0.5384007692337036,0.5816186666488647,-0.08751096576452255,0.6819645166397095,0.6022225022315979,-0.11089475452899933,0.7617225050926208,0.6047247648239136,-0.1298993080854416,0.8209284543991089,0.6102400422096252,-0.1434561312198639,0.5286481380462646,0.6678670644760132,-0.09901279956102371,0.5856629014015198,0.6513853073120117,-0.10739802569150925,0.5536660552024841,0.6221350431442261,-0.10057566314935684,0.5225467085838318,0.611248791217804,-0.09691141545772552
E,0.3371923863887787,0.6280715465545654,1.0924983371296548e-06,0.4170268476009369,0.5080091953277588,0.01939031481742859,0.5234598517417908,0.48638904094696045,0.013447334058582783,0.5941619277000427,0.5431717038154602,0.007420297712087631,0.6400484442710876,0.5837085843086243,-0.0011470095487311482,0.5464316010475159,0.41325193643569946,-0.05093088746070862,0.6664806604385376,0.35709768533706665,-0.07187962532043457,0.7490718364715576,0.3411353826522827,-0.07956329733133316,0.8166067600250244,0.337954044342041,-0.084043487906456,0.5550036430358887,0.5016061663627625,-0.07591404765844345,0.718913197517395,0.4883703589439392,-0.1022254154086113,0.8228921890258789,0.49435943365097046,-0.1200200617313385,0.9039002656936646,0.5103104710578918,-0.13139554858207703,0.5485506057739258,0.5960385203361511,-0.09303948283195496,0.6966042518615723,0.6176091432571411,-0.11712360382080078,0.7702818512916565,0.6253949403762817,-0.1344984918832779,0.8259972333908081,0.6363099217414856,-0.14588183164596558,0.5358274579048157,0.6863800883293152,-0.10486871749162674,0.5914027094841003,0.6720050573348999,-0.11225614696741104,0.5646781921386719,0.6526017189025879,-0.10319836437702179,0.5413044095039368,0.6499672532081604,-0.09718268364667892
E,0.33382564783096313,0.6349949240684509,9.84591679298319e-07,0.41939443349838257,0.5123679041862488,0.015631714835762978,0.5311595797538757,0.4937801659107208,0.008068162947893143,0.606503963470459,0.5572324991226196,0.0019113775342702866,0.6597952842712402,0.6048219799995422,-0.007722330745309591,0.5495186448097229,0.41812771558761597,-0.060975413769483566,0.6745908856391907,0.3651176989078522,-0.08437991142272949,0.7596198916435242,0.34702080488204956,-0.09403210878372192,0.8287724256515503,0.34171420335769653,-0.09995105117559433,0.5569100379943848,0.5091346502304077,-0.08456749469041824,0.7246443033218384,0.4961966574192047,-0.10974173247814178,0.8302212953567505,0.5049920678138733,-0.12680096924304962,0.9108413457870483,0.5222512483596802,-0.13867385685443878,0.5527461767196655,0.6050499677658081,-0.1003926694393158,0.7051078081130981,0.6223554015159607,-0.1240292638540268,0.7845973968505859,0.6263287663459778,-0.14388804137706757,0.8421533107757568,0.6336884498596191,-0.1586693972349167,0.54147869348526,0.6946144104003906,-0.11118641495704651,0.5985793471336365,0.6785532832145691,-0.11976993083953857,0.5706713795661926,0.6547205448150635,-0.11267544329166412,0.5442972183227539,0.6505381464958191,-0.10897423326969147
E,0.3293910026550293,0.6382847428321838,9.336547464044997e-07,0.4167037904262543,0.5141119360923767,0.01703701913356781,0.5265654921531677,0.49002349376678467,0.0105853620916605,0.5965924263000488,0.5513308644294739,0.005384539254009724,0.6441645622253418,0.6020199060440063,-0.0034408564679324627,0.5519875884056091,0.4182160198688507,-0.05793480947613716,0.6734973788261414,0.36360469460487366,-0.07923318445682526,0.7577825784683228,0.34695887565612793,-0.08867489546537399,0.8283072710037231,0.3390727639198303,-0.09565874934196472,0.5587853193283081,0.5083738565444946,-0.08209479600191116,0.7224023342132568,0.4961443841457367,-0.10907194763422012,0.8276066780090332,0.5080258250236511,-0.1270119547843933,0.9086953401565552,0.5248802900314331,-0.1397174447774887,0.5534638166427612,0.6050940155982971,-0.09849164634943008,0.7016943097114563,0.6286607980728149,-0.12508893013000488,0.788166880607605,0.6393177509307861,-0.1459735482931137,0.853844404220581,0.6522126793861389,-0.16107039153575897,0.5402905344963074,0.6959370970726013,-0.10948015749454498,0.5999484658241272,0.6759357452392578,-0.1194758340716362,0.5682650804519653,0.6505641341209412,-0.11130203306674957,0.5380212664604187,0.6481033563613892,-0.10716130584478378
E,0.3258703052997589,0.649844765663147,9.665335483077797e-07,0.4102417826652527,0.5183858275413513,0.013018504716455936,0.5233585834503174,0.49139249324798584,0.005538048222661018,0.5974563956260681,0.5549142956733704,0.0007700176211073995,0.6455895900726318,0.6051385998725891,-0.007344091776758432,0.5499908328056335,0.4192865490913391,-0.0643216222524643,0.6742780804634094,0.3671885132789612,-0.08588200807571411,0.7591212391853333,0.34987276792526245,-0.0960332602262497,0.8309975266456604,0.3424052596092224,-0.10392437130212784,0.5564470291137695,0.514773428440094,-0.08536864072084427,0.7200188040733337,0.5009135603904724,-0.1146528422832489,0.827394962310791,0.5119507312774658,-0.1356729418039322,0.9103496074676514,0.531032145023346,-0.15114285051822662,0.5512295961380005,0.6144624948501587,-0.0981796607375145,0.7033312916755676,0.6331926584243774,-0.12704035639762878,0.7896136045455933,0.6419575214385986,-0.15056674182415009,0.8534899353981018,0.6575587391853333,-0.16747136414051056,0.5399309396743774,0.7035508751869202,-0.10553856194019318,0.5996031761169434,0.6741048097610474,-0.1179082915186882,0.5678752064704895,0.6437513828277588,-0.11258234083652496,0.5377598404884338,0.6411121487617493,-0.11042728275060654
E,0.3272017240524292,0.6498551368713379,9.684930546427495e-07,0.41154369711875916,0.5188531279563904,0.021719900891184807,0.5203525424003601,0.4931093454360962,0.017724765464663506,0.5900057554244995,0.5573050379753113,0.015430663712322712,0.6341597437858582,0.6090995073318481,0.009721419773995876,0.549612820148468,0.4199981391429901,-0.05762695521116257,0.6744068264961243,0.3682008981704712,-0.07663774490356445,0.759423017501831,0.3518192768096924,-0.0837981328368187,0.8303541541099548,0.34397250413894653,-0.08925649523735046,0.556192934513092,0.5134646892547607,-0.08168748766183853,0.7227123379707336,0.49939918518066406,-0.11067479103803635,0.8294141292572021,0.5116705894470215,-0.12801527976989746,0.9114120602607727,0.5297580361366272,-0.13938164710998535,0.5513871908187866,0.6120786070823669,-0.09696882218122482,0.702507734298706,0.6327499151229858,-0.12509123980998993,0.7931448221206665,0.6433213949203491,-0.14602351188659668,0.8624448776245117,0.6589229106903076,-0.16021287441253662,0.5387250781059265,0.7031800746917725,-0.10585081577301025,0.5972201824188232,0.6811516880989075,-0.11329410970211029,0.5637392997741699,0.6518321633338928,-0.10328356176614761,0.5318629741668701,0.6484538316726685,-0.09803134948015213
E,0.3249175548553467,0.6525421738624573,9.606816320228972e-07,0.4097746014595032,0.519851565361023,0.019196167588233948,0.5183513164520264,0.49046164751052856,0.014709698036313057,0.5890040993690491,0.5501666069030762,0.012164239771664143,0.6336489319801331,0.5997201204299927,0.006397012621164322,0.5487396717071533,0.42139732837677,-0.059035781770944595,0.6725189089775085,0.36711031198501587,-0.0790838971734047,0.7570476531982422,0.3489757180213928,-0.08727932721376419,0.8282446265220642,0.3408236503601074,-0.09333764761686325,0.5565598607063293,0.515937089920044,-0.08140142261981964,0.7211639881134033,0.5000335574150085,-0.11067324131727219,0.828013002872467,0.5104332566261292,-0.12905257940292358,0.9106648564338684,0.5290678143501282,-0.1413639485836029,0.552527904510498,0.6146745085716248,-0.09509214013814926,0.7027019262313843,0.6331721544265747,-0.12210361659526825,0.7907177209854126,0.6432251930236816,-0.1426841765642166,0.857754111289978,0.6600139737129211,-0.1568390280008316,0.5405335426330566,0.7037129998207092,-0.10290439426898956,0.5965379476547241,0.6783639192581177,-0.11056545376777649,0.5637310743331909,0.6485627889633179,-0.10178618133068085,0.5332894325256348,0.6465233564376831,-0.09708544611930847
E,0.3216243088245392,0.6520736217498779,9.83654786068655e-07,0.40635615587234497,0.5187143087387085,0.01781068742275238,0.5175424218177795,0.49208471179008484,0.011277719400823116,0.5892959833145142,0.5565534234046936,0.006934697274118662,0.63252854347229,0.6082314848899841,-0.001233812072314322,0.5453736186027527,0.4192478656768799,-0.06318092346191406,0.6727690100669861,0.36682629585266113,-0.08198804408311844,0.7581390142440796,0.3493894636631012,-0.08887621015310287,0.8294122219085693,0.3408498167991638,-0.09427344053983688,0.5520807504653931,0.5158829092979431,-0.08577512204647064,0.7191528677940369,0.4998947083950043,-0.11441300064325333,0.827425479888916,0.509459912776947,-0.13215892016887665,0.9097672700881958,0.5268718004226685,-0.1443396806716919,0.5483987927436829,0.6158555746078491,-0.09953717887401581,0.7014857530593872,0.6328094601631165,-0.12831006944179535,0.7936974763870239,0.6400117874145508,-0.15033532679080963,0.8632489442825317,0.6549339890480042,-0.16559956967830658,0.538199782371521,0.705597996711731,-0.10717558115720749,0.5982584953308105,0.6789937615394592,-0.11668219417333603,0.5633867383003235,0.6498522162437439,-0.10783309489488602,0.5295521020889282,0.6491161584854126,-0.10340261459350586
E,0.32321932911872864,0.6511957049369812,9.83954578259727e-07,0.4091949760913849,0.5173433423042297,0.017348818480968475,0.5201187133789062,0.49112746119499207,0.010697158053517342,0.5933716297149658,0.5543996095657349,0.006368753034621477,0.641294538974762,0.6038535237312317,-0.001274357782676816,0.5457035303115845,0.4184150695800781,-0.06362752616405487,0.6713838577270508,0.3652005195617676,-0.08351991325616837,0.7567722201347351,0.3476037383079529,-0.09080538153648376,0.8278219699859619,0.340183824300766,-0.09622103720903397,0.5522907376289368,0.5156379342079163,-0.0864349976181984,0.7198009490966797,0.5011332631111145,-0.11428135633468628,0.8277673721313477,0.5103098154067993,-0.1314510852098465,0.909613847732544,0.5277962684631348,-0.1435554176568985,0.5476114749908447,0.616564929485321,-0.10068517923355103,0.7015963792800903,0.6355716586112976,-0.12824583053588867,0.791000485420227,0.6429276466369629,-0.1492723524570465,0.8579369783401489,0.6573590636253357,-0.16433770954608917,0.5363332629203796,0.7066930532455444,-0.10900132358074188,0.5933802723884583,0.676836371421814,-0.11876503378152847,0.5604447722434998,0.6449368000030518,-0.11095588654279709,0.5290058851242065,0.6417282223701477,-0.1072249710559845
E,0.32300806045532227,0.6529799103736877,9.846103239397053e-07,0.40871089696884155,0.5175099968910217,0.017933674156665802,0.5192912220954895,0.490218847990036,0.011826894246041775,0.5910448431968689,0.5536420941352844,0.007986125536262989,0.6360132098197937,0.6038767695426941,0.0006176283350214362,0.5452805161476135,0.4193512797355652,-0.06259594857692719,0.6705268025398254,0.3657217025756836,-0.08172068744897842,0.7560274004936218,0.3478476405143738,-0.08853140473365784,0.8274117708206177,0.33999449014663696,-0.09376565366983414,0.5524792075157166,0.5175389647483826,-0.0853685587644577,0.7189787030220032,0.5011268854141235,-0.11462289839982986,0.8268235921859741,0.5101277828216553,-0.13232284784317017,0.9090093970298767,0.527498185634613,-0.14420804381370544,0.5481037497520447,0.6187103986740112,-0.09937410056591034,0.701561450958252,0.6355053186416626,-0.12856538593769073,0.792047917842865,0.6422836184501648,-0.14982520043849945,0.8602755069732666,0.6563212275505066,-0.16426968574523926,0.5365329384803772,0.7084972858428955,-0.1072235032916069,0.5949482917785645,0.6763119697570801,-0.11758981645107269,0.5610487461090088,0.6431233286857605,-0.1091781035065651,0.5283873677253723,0.6397033929824829,-0.10468252748250961
E,0.31906628608703613,0.6563740968704224,9.836444405664224e-07,0.4022708535194397,0.5216437578201294,0.018525486811995506,0.5114893913269043,0.4908306300640106,0.013557396829128265,0.5848996639251709,0.5477743148803711,0.010413968935608864,0.6320674419403076,0.5946900844573975,0.004059465602040291,0.5395848155021667,0.4201849699020386,-0.059477563947439194,0.6664149761199951,0.36397892236709595,-0.07926216721534729,0.7535194158554077,0.3469974994659424,-0.08632800728082657,0.8244507312774658,0.3409308195114136,-0.09090171009302139,0.5479378700256348,0.5175340175628662,-0.08227553218603134,0.7163714170455933,0.5016247034072876,-0.11241849511861801,0.8251321911811829,0.5104561448097229,-0.12984396517276764,0.9063528776168823,0.5280030369758606,-0.1403810977935791,0.5454752445220947,0.6179487705230713,-0.09642785787582397,0.6987784504890442,0.6322411298751831,-0.12409373372793198,0.7863479256629944,0.6351683735847473,-0.14206168055534363,0.8521658182144165,0.6453233957290649,-0.15366460382938385,0.5342909693717957,0.7078630328178406,-0.10477163642644882,0.5951402187347412,0.6774336695671082,-0.11178871244192123,0.5614898204803467,0.6467440128326416,-0.0996582955121994,0.5283256769180298,0.6443188786506653,-0.09200301021337509
E,0.3200768828392029,0.653224766254425,9.8715588592313e-07,0.4029237627983093,0.5187382698059082,0.020940957590937614,0.5121721029281616,0.48833411931991577,0.016703542321920395,0.5861427187919617,0.5448504686355591,0.014524834230542183,0.6359491944313049,0.5914563536643982,0.009531657211482525,0.5394906401634216,0.4184485077857971,-0.06096241623163223,0.6670664548873901,0.36139971017837524,-0.08064281195402145,0.7542201280593872,0.34391605854034424,-0.0865374356508255,0.8245614171028137,0.3374992609024048,-0.08993841707706451,0.5472895503044128,0.5141210556030273,-0.08419692516326904,0.7178485989570618,0.49770456552505493,-0.11336337774991989,0.8262500762939453,0.5061733722686768,-0.12835493683815002,0.9064404964447021,0.5228803753852844,-0.13715964555740356,0.5452829599380493,0.6133715510368347,-0.09857311099767685,0.6996745467185974,0.6329942941665649,-0.12436391413211823,0.7868233323097229,0.6376534700393677,-0.1407313495874405,0.8516325950622559,0.6474894285202026,-0.15155434608459473,0.5345492362976074,0.7032153606414795,-0.1069246158003807,0.593576967716217,0.6795053482055664,-0.11130694299936295,0.5596829056739807,0.6481184363365173,-0.09835074096918106,0.5263271927833557,0.6422350406646729,-0.09054984897375107
E,0.31807780265808105,0.6550111770629883,9.859163583314512e-07,0.40272337198257446,0.5186409950256348,0.023447468876838684,0.5129941701889038,0.49063897132873535,0.019728899002075195,0.5859680771827698,0.55149906873703,0.017970308661460876,0.6325840950012207,0.5990399122238159,0.013047877699136734,0.5392548441886902,0.417542964220047,-0.06133208051323891,0.6680245995521545,0.36279118061065674,-0.07817118614912033,0.7537552714347839,0.3451852798461914,-0.08194943517446518,0.8239506483078003,0.33787834644317627,-0.0847017765045166,0.5463800430297852,0.5148212909698486,-0.08476938307285309,0.7171370983123779,0.4972940683364868,-0.1157267838716507,0.82521653175354,0.5054445862770081,-0.13256913423538208,0.9064098596572876,0.521772027015686,-0.14270788431167603,0.5437842607498169,0.6149691939353943,-0.0982307717204094,0.6994872093200684,0.6310300230979919,-0.1262071579694748,0.7896891236305237,0.6359437704086304,-0.14429666101932526,0.8575279712677002,0.6476930379867554,-0.15585418045520782,0.5335174798965454,0.7043921947479248,-0.10490576177835464,0.5954068303108215,0.6746054887771606,-0.10962321609258652,0.5600702166557312,0.6426969170570374,-0.09660713374614716,0.5254908204078674,0.6391335725784302,-0.08897839486598969
E,0.3184303045272827,0.6552317142486572,9.478152378505911e-07,0.4032813310623169,0.5182019472122192,0.02341429516673088,0.5123001337051392,0.4877244532108307,0.020711161196231842,0.583886444568634,0.546072781085968,0.019242623820900917,0.6297973394393921,0.5953707098960876,0.01479057315737009,0.54039466381073,0.41841769218444824,-0.05495481193065643,0.6652005314826965,0.36071670055389404,-0.07312582433223724,0.7508990168571472,0.3434556722640991,-0.07923108339309692,0.8213990926742554,0.3368489146232605,-0.08351413160562515,0.548367977142334,0.5137588977813721,-0.07909831404685974,0.7148376107215881,0.4964401125907898,-0.1075032576918602,0.8226081132888794,0.5045328736305237,-0.12417706102132797,0.9039304852485657,0.5200875401496887,-0.13490228354930878,0.5462560057640076,0.6117149591445923,-0.09444279223680496,0.697566032409668,0.6303970217704773,-0.12072718143463135,0.7867093086242676,0.6366177797317505,-0.14002519845962524,0.8538556098937988,0.6479310989379883,-0.15310923755168915,0.5359363555908203,0.7008538246154785,-0.10352727770805359,0.5939643979072571,0.6768816709518433,-0.10887156426906586,0.5593343377113342,0.6458017826080322,-0.09800590574741364,0.5252366065979004,0.6400050520896912,-0.092051662504673
E,0.32004788517951965,0.6531612873077393,9.700472674012417e-07,0.4048857092857361,0.5164878368377686,0.02171080745756626,0.5137648582458496,0.48664289712905884,0.017689406871795654,0.5857099890708923,0.5461675524711609,0.015297810547053814,0.6321192979812622,0.5961452126502991,0.009723015129566193,0.5406864881515503,0.4175366163253784,-0.05809790641069412,0.665518581867218,0.36108940839767456,-0.0767056792974472,0.7512964606285095,0.34367936849594116,-0.08286835253238678,0.8217638731002808,0.3369296193122864,-0.08710913360118866,0.5487077832221985,0.5132874846458435,-0.08202371746301651,0.7159150242805481,0.4971005320549011,-0.10991416126489639,0.8239138126373291,0.5049119591712952,-0.12584376335144043,0.905058741569519,0.5203617215156555,-0.13612619042396545,0.5461432933807373,0.6124750971794128,-0.09722983092069626,0.6985855102539062,0.6324057579040527,-0.12369143962860107,0.7878934144973755,0.6382550597190857,-0.14308375120162964,0.8546887040138245,0.6496449708938599,-0.1563757210969925,0.5352867841720581,0.7023334503173828,-0.10625089704990387,0.5922675728797913,0.6781863570213318,-0.11286599934101105,0.5577781200408936,0.6464912295341492,-0.10261903703212738,0.5239192843437195,0.6407429575920105,-0.09699644148349762
E,0.3188744783401489,0.6526211500167847,9.762183026396087e-07,0.40366169810295105,0.519106924533844,0.0207314882427454,0.5127394199371338,0.4919162690639496,0.01635758951306343,0.584428071975708,0.555203378200531,0.013697445392608643,0.6290700435638428,0.6062277555465698,0.00802698265761137,0.5399599075317383,0.4187406599521637,-0.05824900045990944,0.6664592027664185,0.3626514971256256,-0.0762297734618187,0.7519930601119995,0.34564870595932007,-0.0819258913397789,0.8221076130867004,0.3390083909034729,-0.08598559349775314,0.5473963618278503,0.5144867897033691,-0.0816260352730751,0.7149505019187927,0.49809688329696655,-0.11044278740882874,0.8220838308334351,0.50639408826828,-0.12717345356941223,0.9024842977523804,0.5219525098800659,-0.13785213232040405,0.5445005893707275,0.6132839918136597,-0.09618323296308517,0.6971107125282288,0.6324105858802795,-0.12282159179449081,0.7860546112060547,0.6385950446128845,-0.14149512350559235,0.8529019355773926,0.6502029299736023,-0.15402436256408691,0.5331273674964905,0.7025519609451294,-0.10464495420455933,0.5941897630691528,0.6766420602798462,-0.1099802777171135,0.5601362586021423,0.6468564867973328,-0.09798339754343033,0.5262793898582458,0.6435234546661377,-0.09119081497192383
E,0.3202526867389679,0.651157021522522,9.732119679028983e-07,0.404514342546463,0.5172361135482788,0.020216194912791252,0.5140857100486755,0.4907084107398987,0.01550381164997816,0.5852460861206055,0.5546058416366577,0.01258133351802826,0.6309019327163696,0.6063551902770996,0.006476983428001404,0.5408918261528015,0.4180288314819336,-0.059478629380464554,0.6671500205993652,0.36274662613868713,-0.07773768901824951,0.752617359161377,0.34600841999053955,-0.08361905068159103,0.8227540850639343,0.33982372283935547,-0.08777981996536255,0.5486424565315247,0.5141278505325317,-0.08281420171260834,0.7153629064559937,0.49796485900878906,-0.1101059764623642,0.8223497271537781,0.506010890007019,-0.12619100511074066,0.9024930000305176,0.5220242738723755,-0.13693764805793762,0.5458313226699829,0.6134998798370361,-0.09747567772865295,0.6979513168334961,0.6336703896522522,-0.12298639863729477,0.7858408689498901,0.6393083333969116,-0.1420125663280487,0.8515884876251221,0.6507613062858582,-0.15546585619449615,0.5349388718605042,0.7028459906578064,-0.10612368583679199,0.5924743413925171,0.6771941184997559,-0.1117168515920639,0.5586515665054321,0.6457308530807495,-0.10101601481437683,0.525864839553833,0.640855610370636,-0.09543740749359131
E,0.3196520209312439,0.6521360278129578,9.554504458719748e-07,0.40495994687080383,0.5204039216041565,0.02118431031703949,0.5139659643173218,0.4938861131668091,0.01656360924243927,0.5852810740470886,0.5558231472969055,0.013274967670440674,0.6314339637756348,0.6061301231384277,0.006773702800273895,0.5412248969078064,0.42167794704437256,-0.05819040909409523,0.6662404537200928,0.36521410942077637,-0.07686900347471237,0.7512017488479614,0.34773993492126465,-0.08307235687971115,0.8214430809020996,0.34058892726898193,-0.08750185370445251,0.5491021275520325,0.5158364176750183,-0.08226974308490753,0.7151851654052734,0.4999580383300781,-0.111196368932724,0.8221548199653625,0.5082592964172363,-0.12809231877326965,0.9024102687835693,0.5239031314849854,-0.13896380364894867,0.5457524061203003,0.6139249801635742,-0.09752669930458069,0.6983016133308411,0.633915901184082,-0.12420349568128586,0.7862637042999268,0.6397343277931213,-0.14286217093467712,0.851962685585022,0.6504982709884644,-0.1555619239807129,0.5338688492774963,0.7035563588142395,-0.10671184211969376,0.5938405990600586,0.6787619590759277,-0.11293356120586395,0.5600742697715759,0.6484293937683105,-0.10165700316429138,0.5264449119567871,0.6436359882354736,-0.09529462456703186
E,0.3212665319442749,0.6543057560920715,9.586992746335454e-07,0.40374940633773804,0.5219520330429077,0.018475623801350594,0.5132482647895813,0.4918025732040405,0.013837296515703201,0.5870192646980286,0.5492983460426331,0.010875117033720016,0.6362654566764832,0.5974376797676086,0.0049697039648890495,0.5412278175354004,0.4216887950897217,-0.057896681129932404,0.6665021777153015,0.3647032678127289,-0.07817211002111435,0.7525570392608643,0.3476032018661499,-0.08587033301591873,0.8227862119674683,0.3413369059562683,-0.09067347645759583,0.5490138530731201,0.5160249471664429,-0.0809551477432251,0.7158150672912598,0.5006591081619263,-0.10831786692142487,0.8231016397476196,0.509168803691864,-0.1242278516292572,0.9029929637908936,0.5258347988128662,-0.13440437614917755,0.5465559363365173,0.6142359972000122,-0.09599646925926208,0.6981111168861389,0.6309598684310913,-0.12141848355531693,0.7832304239273071,0.6345171332359314,-0.13959500193595886,0.8462321162223816,0.6443105340003967,-0.15209227800369263,0.534982442855835,0.7035553455352783,-0.10550060123205185,0.594696581363678,0.6783742904663086,-0.11161310225725174,0.5615507960319519,0.6490463614463806,-0.1004222109913826,0.528223991394043,0.6456056833267212,-0.09384771436452866
E,0.32773804664611816,0.6480188965797424,9.22791286939173e-07,0.41259002685546875,0.520768940448761,0.019647987559437752,0.5188776850700378,0.4965273141860962,0.01501292921602726,0.5893086791038513,0.5597609877586365,0.011285413056612015,0.635873556137085,0.6096268892288208,0.004846894647926092,0.5445688366889954,0.42626136541366577,-0.05414116010069847,0.667837917804718,0.3735244870185852,-0.07163525372743607,0.7491949796676636,0.35520637035369873,-0.07711950689554214,0.8169510364532471,0.34634825587272644,-0.08125711977481842,0.5508193969726562,0.5149276256561279,-0.07771655172109604,0.7136904001235962,0.5006741285324097,-0.10407213121652603,0.8174806833267212,0.5103955864906311,-0.11984369158744812,0.8955366611480713,0.5274362564086914,-0.1305103600025177,0.5467617511749268,0.6091619729995728,-0.0932568684220314,0.6956560611724854,0.631882905960083,-0.11797359585762024,0.7808043360710144,0.6389235854148865,-0.13661648333072662,0.844366729259491,0.6498890519142151,-0.14997407793998718,0.5345480442047119,0.6964003443717957,-0.10326054692268372,0.5924886465072632,0.6775537133216858,-0.10906019061803818,0.5605305433273315,0.6487618088722229,-0.09931913018226624,0.5288262367248535,0.6431806087493896,-0.09444379061460495
E,0.33429333567619324,0.6486124992370605,8.866271059559949e-07,0.4169883131980896,0.5226036310195923,0.013725262135267258,0.5257296562194824,0.4969102442264557,0.0071258703246712685,0.601039707660675,0.5558701753616333,0.00225171260535717,0.6511160135269165,0.6023976802825928,-0.005091127939522266,0.54851233959198,0.4287577271461487,-0.058349668979644775,0.6678047180175781,0.3771709203720093,-0.07756976783275604,0.7466202974319458,0.3595324456691742,-0.08533516526222229,0.8131529688835144,0.3519321084022522,-0.09092206507921219,0.5523688197135925,0.5174769163131714,-0.07941435277462006,0.7096641659736633,0.505266010761261,-0.1036921814084053,0.8114104866981506,0.51435387134552,-0.11983772367238998,0.8876704573631287,0.5317807793617249,-0.1319977343082428,0.5479608774185181,0.6113356351852417,-0.0931425616145134,0.6940349340438843,0.6301138401031494,-0.11663537472486496,0.7723425626754761,0.6338651180267334,-0.13596899807453156,0.8288288116455078,0.6435197591781616,-0.15059302747249603,0.5372652411460876,0.6965897083282471,-0.10212830454111099,0.5948156714439392,0.6724177002906799,-0.11010954529047012,0.5636163949966431,0.6434659361839294,-0.10327625274658203,0.5328992009162903,0.6385425329208374,-0.10033729672431946
E,0.3347775340080261,0.6481471061706543,8.863615903464961e-07,0.4145638942718506,0.522585928440094,0.0169189665466547,0.5204358696937561,0.49529892206192017,0.012189414352178574,0.5939387083053589,0.5501618385314941,0.009023603983223438,0.6430788040161133,0.5940874218940735,0.003190594492480159,0.5481057167053223,0.42980337142944336,-0.05617943033576012,0.6667211651802063,0.37753531336784363,-0.07562507688999176,0.7470239400863647,0.36120086908340454,-0.08359571546316147,0.8133779764175415,0.35433197021484375,-0.08878064155578613,0.5525206923484802,0.5184984803199768,-0.0780923143029213,0.7102832198143005,0.5076887607574463,-0.10255240648984909,0.8120983839035034,0.5163669586181641,-0.11772408336400986,0.8880195617675781,0.5317157506942749,-0.12819287180900574,0.5482199788093567,0.6116668581962585,-0.09248483180999756,0.693382740020752,0.629115641117096,-0.11535709351301193,0.7726849317550659,0.6324577331542969,-0.13331522047519684,0.8308349251747131,0.6415448188781738,-0.14624689519405365,0.5361461639404297,0.697019636631012,-0.10181121528148651,0.5944507718086243,0.6726207137107849,-0.10798289626836777,0.5638461112976074,0.6428602337837219,-0.09919429570436478,0.5335691571235657,0.6373667120933533,-0.09436194598674774
E,0.33777716755867004,0.6461378335952759,8.375855600206705e-07,0.41729098558425903,0.5238296985626221,0.015130029059946537,0.5201682448387146,0.4971078932285309,0.010293507017195225,0.5893383026123047,0.5520790815353394,0.006358761340379715,0.6345499753952026,0.5995365977287292,-0.00027582814800553024,0.5487664937973022,0.4348769783973694,-0.0521773062646389,0.6654621362686157,0.3856315016746521,-0.07022863626480103,0.7421217560768127,0.36727529764175415,-0.077777199447155,0.8062853813171387,0.35768720507621765,-0.08336985111236572,0.5528793931007385,0.5198115110397339,-0.07365013659000397,0.7043339610099792,0.5099464654922485,-0.09651260077953339,0.8020703196525574,0.519424557685852,-0.1121329516172409,0.8753166198730469,0.5359208583831787,-0.12376170605421066,0.5482616424560547,0.6097896099090576,-0.08826038241386414,0.6878644227981567,0.6311100125312805,-0.11038615554571152,0.7640402317047119,0.637292742729187,-0.12950001657009125,0.8201704025268555,0.6481699347496033,-0.1439294070005417,0.5367534160614014,0.6921346783638,-0.09827233105897903,0.5926448106765747,0.6712807416915894,-0.10552363097667694,0.5631690621376038,0.6417099833488464,-0.09925561398267746,0.5347090363502502,0.6350457668304443,-0.09672452509403229
E,0.3386659622192383,0.6480777263641357,8.574302796660049e-07,0.4135039448738098,0.525399923324585,0.016054321080446243,0.5149490833282471,0.4970588982105255,0.012518239207565784,0.581946849822998,0.5511254072189331,0.009725640527904034,0.6246519088745117,0.5998041033744812,0.0038779708556830883,0.5479721426963806,0.4357079863548279,-0.04848653823137283,0.6635565757751465,0.38540369272232056,-0.06592221558094025,0.7419273257255554,0.36884936690330505,-0.07334917038679123,0.8061479926109314,0.3615412712097168,-0.07847755402326584,0.554044246673584,0.5212950706481934,-0.07031769305467606,0.705133318901062,0.5118066072463989,-0.09189912676811218,0.8028842806816101,0.5201465487480164,-0.1064847782254219,0.8765794038772583,0.5348255634307861,-0.11669646948575974,0.5494269132614136,0.6107772588729858,-0.0855662003159523,0.6889333724975586,0.6302023530006409,-0.1070755124092102,0.7682394981384277,0.6355587244033813,-0.1261012703180313,0.8274946212768555,0.6463263034820557,-0.14003348350524902,0.5362352132797241,0.6929909586906433,-0.09613864123821259,0.5903686285018921,0.6733385920524597,-0.10325495153665543,0.5611857175827026,0.6448935270309448,-0.09620809555053711,0.5323923230171204,0.6393376588821411,-0.0926339328289032
E,0.33806782960891724,0.6487134099006653,7.838783631086699e-07,0.4158007800579071,0.5295454859733582,0.01599687710404396,0.5167001485824585,0.5040474534034729,0.012724993750452995,0.5821875333786011,0.5589808821678162,0.010353653691709042,0.6224650740623474,0.60652756690979,0.0052174790762364864,0.5473570823669434,0.445453405380249,-0.04692119359970093,0.659558892250061,0.3958098292350769,-0.06289474666118622,0.7342337369918823,0.3782408535480499,-0.06939592212438583,0.7969710826873779,0.36842072010040283,-0.07473454624414444,0.5521396398544312,0.5280948877334595,-0.06812369078397751,0.6974343657493591,0.5175755023956299,-0.09155245125293732,0.7904096245765686,0.5283292531967163,-0.10717841237783432,0.8616416454315186,0.5438304543495178,-0.11829297244548798,0.5476522445678711,0.6138409376144409,-0.08266906440258026,0.6812866926193237,0.6323912739753723,-0.10631511360406876,0.7605254650115967,0.6392243504524231,-0.12630711495876312,0.8214191198348999,0.6510292887687683,-0.1406576782464981,0.5350647568702698,0.6922265291213989,-0.09241969883441925,0.5897016525268555,0.6714136004447937,-0.10000801086425781,0.5594179630279541,0.6449018120765686,-0.09335779398679733,0.5304756164550781,0.6415891647338867,-0.09053993225097656
E,0.34201347827911377,0.6458742618560791,8.116709295791225e-07,0.4167591333389282,0.5292588472366333,0.014093649573624134,0.5193866491317749,0.5038734078407288,0.01014036312699318,0.5873094201087952,0.5601362586021423,0.007458089850842953,0.6296342015266418,0.6071047782897949,0.001782007166184485,0.5468606948852539,0.44243860244750977,-0.04790733382105827,0.6571720242500305,0.39244544506073,-0.06599845737218857,0.7337478399276733,0.37721243500709534,-0.07485318928956985,0.7972062826156616,0.3707297444343567,-0.08138477057218552,0.5533239841461182,0.5247439742088318,-0.06876056641340256,0.6973509192466736,0.5160331726074219,-0.090013787150383,0.7917115092277527,0.5283706188201904,-0.10559161752462387,0.8631201982498169,0.545520007610321,-0.11725092679262161,0.549049973487854,0.6109685301780701,-0.08349445462226868,0.6845612525939941,0.631365180015564,-0.10589884221553802,0.7630038261413574,0.6413478851318359,-0.12678903341293335,0.8219079971313477,0.6546804904937744,-0.1425452083349228,0.5369949340820312,0.6913748383522034,-0.09369166195392609,0.5890395641326904,0.6765817403793335,-0.10310807824134827,0.5586557984352112,0.6531890034675598,-0.0983932763338089,0.5296677350997925,0.6495766639709473,-0.09687696397304535
E,0.34317976236343384,0.6518433690071106,7.740426326563465e-07,0.41434550285339355,0.532425582408905,0.016154101118445396,0.5102463364601135,0.5036662220954895,0.014072778634727001,0.5733672380447388,0.5545543432235718,0.012747800908982754,0.6118030548095703,0.5999180674552917,0.008618711493909359,0.5431517362594604,0.449015736579895,-0.04436461627483368,0.6527894139289856,0.4031321406364441,-0.06086179241538048,0.7273627519607544,0.38700807094573975,-0.0681895986199379,0.7888525128364563,0.3789094090461731,-0.07352043688297272,0.5499475002288818,0.5302784442901611,-0.0648295134305954,0.6920916438102722,0.5227941870689392,-0.08630214631557465,0.7836217880249023,0.5342041254043579,-0.10049129277467728,0.8523460626602173,0.5509678721427917,-0.11039803922176361,0.5465278029441833,0.6146241426467896,-0.0789756029844284,0.6761306524276733,0.6333154439926147,-0.10015800595283508,0.7507249712944031,0.6402960419654846,-0.11834506690502167,0.8070792555809021,0.6532320380210876,-0.13147784769535065,0.5342018604278564,0.6917115449905396,-0.08860834687948227,0.5847874283790588,0.673406183719635,-0.09556630253791809,0.5552554726600647,0.6478673219680786,-0.08887393772602081,0.5271281599998474,0.6440339684486389,-0.08549554646015167
E,0.3450494408607483,0.6483696103096008,7.922005238469865e-07,0.41519439220428467,0.5299976468086243,0.018961943686008453,0.5101059675216675,0.5037432312965393,0.017659053206443787,0.5736066699028015,0.5574256777763367,0.017494507133960724,0.613135814666748,0.6032663583755493,0.014491426758468151,0.5434286594390869,0.4483218789100647,-0.045577649027109146,0.6523619294166565,0.40241724252700806,-0.061415065079927444,0.7271360754966736,0.38726529479026794,-0.06757574528455734,0.7884829044342041,0.3798830509185791,-0.07214580476284027,0.5496108531951904,0.530167818069458,-0.06643307954072952,0.6918193101882935,0.5221721529960632,-0.0900297537446022,0.783261775970459,0.5332878232002258,-0.10414659976959229,0.8523035645484924,0.5491432547569275,-0.11353679746389389,0.5455448627471924,0.6143233776092529,-0.08026982098817825,0.6770814657211304,0.6352203488349915,-0.10293137282133102,0.7524393796920776,0.6445260643959045,-0.12010467797517776,0.8103044033050537,0.6582283973693848,-0.13197900354862213,0.5329408645629883,0.6914449334144592,-0.08890870213508606,0.585821270942688,0.6733755469322205,-0.09508541971445084,0.5557343363761902,0.6472994089126587,-0.08678914606571198,0.5276099443435669,0.6422328352928162,-0.0823454037308693
E,0.3468446433544159,0.647933304309845,7.354367994594213e-07,0.4142875373363495,0.5318806767463684,0.017295751720666885,0.5072008967399597,0.5069959163665771,0.015637924894690514,0.5702652931213379,0.5610522627830505,0.014308961108326912,0.6119276285171509,0.6099203824996948,0.010541923344135284,0.5395030975341797,0.44817495346069336,-0.040843550115823746,0.6480885148048401,0.40458112955093384,-0.05628698691725731,0.7203533053398132,0.38748088479042053,-0.0633762776851654,0.7795634269714355,0.3794286251068115,-0.06881483644247055,0.5454085469245911,0.5267019867897034,-0.061444781720638275,0.685126006603241,0.5195656418800354,-0.07994985580444336,0.7733619213104248,0.529481828212738,-0.09362204372882843,0.8380261063575745,0.5457972288131714,-0.10440670698881149,0.5423331260681152,0.6090140342712402,-0.0760660320520401,0.6723355054855347,0.631100058555603,-0.0952020138502121,0.7401748895645142,0.6405649781227112,-0.11410066485404968,0.7883605360984802,0.6537827849388123,-0.12882696092128754,0.5318582653999329,0.6851029992103577,-0.08609487116336823,0.5804227590560913,0.6664203405380249,-0.09333597123622894,0.5517655611038208,0.6378181576728821,-0.08991963416337967,0.5249419212341309,0.6285054087638855,-0.08956573158502579
E,0.34988516569137573,0.6448459625244141,7.626520073245047e-07,0.41602468490600586,0.529597282409668,0.019314274191856384,0.5055693984031677,0.5035369992256165,0.018523063510656357,0.5684144496917725,0.5534090995788574,0.01795041933655739,0.6084731221199036,0.597454309463501,0.015076111070811749,0.5399891138076782,0.4482175409793854,-0.040002577006816864,0.6483230590820312,0.40496596693992615,-0.05481336638331413,0.7207889556884766,0.3888794183731079,-0.06050235033035278,0.7791345119476318,0.3815760612487793,-0.06444860249757767,0.5466967821121216,0.525862455368042,-0.060761693865060806,0.6862503290176392,0.518855094909668,-0.08012491464614868,0.7740247845649719,0.5283883810043335,-0.09175460040569305,0.8380380868911743,0.5443425178527832,-0.09999308735132217,0.5429192781448364,0.6080470085144043,-0.07518435269594193,0.6706348061561584,0.6298113465309143,-0.0926852896809578,0.7389751672744751,0.6394470930099487,-0.1067914217710495,0.7889615893363953,0.6536354422569275,-0.11749861389398575,0.5302055478096008,0.6842678785324097,-0.08503732085227966,0.5815998315811157,0.6685857176780701,-0.08790737390518188,0.5551733374595642,0.6425994038581848,-0.07951056957244873,0.5299093723297119,0.6350624561309814,-0.07539129257202148
E,0.35117921233177185,0.6429990530014038,7.386087759186921e-07,0.4144306778907776,0.5266493558883667,0.01173027977347374,0.5046262741088867,0.4966842532157898,0.007465137634426355,0.5686979293823242,0.545352041721344,0.0038953523617237806,0.6113607287406921,0.5925814509391785,-0.002389639848843217,0.5355030298233032,0.44587621092796326,-0.04346909001469612,0.6402093172073364,0.40188294649124146,-0.059938155114650726,0.7107455134391785,0.3834593892097473,-0.06806530058383942,0.7688522934913635,0.3747618794441223,-0.07453010231256485,0.5438798069953918,0.5215426087379456,-0.06292504072189331,0.679279088973999,0.513134777545929,-0.07972787320613861,0.7650424242019653,0.5210738778114319,-0.0933658704161644,0.8282198905944824,0.5372675061225891,-0.10513189435005188,0.5410270094871521,0.6000490784645081,-0.07741450518369675,0.6676865220069885,0.6208094358444214,-0.09638622403144836,0.7339749336242676,0.6281826496124268,-0.11690560728311539,0.7807480692863464,0.6407067179679871,-0.13373148441314697,0.5306495428085327,0.673011064529419,-0.08800628781318665,0.5751066207885742,0.6552751660346985,-0.09885893017053604,0.548822283744812,0.628091037273407,-0.09933941811323166,0.5239236950874329,0.6187422871589661,-0.10193342715501785
E,0.3531515598297119,0.6401184797286987,7.606960252815043e-07,0.4153936803340912,0.525515079498291,0.015794411301612854,0.5035474300384521,0.4969922602176666,0.013610849156975746,0.5668461322784424,0.5439392924308777,0.011999930255115032,0.6064732074737549,0.586151123046875,0.008057973347604275,0.537369430065155,0.4446926712989807,-0.04013371840119362,0.6413624286651611,0.4017307758331299,-0.05491697043180466,0.7117041349411011,0.3847748935222626,-0.061570145189762115,0.7683096528053284,0.3760133683681488,-0.06654763966798782,0.5451923608779907,0.5200221538543701,-0.05940987914800644,0.6797225475311279,0.5120959877967834,-0.07737484574317932,0.7645325660705566,0.5200745463371277,-0.08947610855102539,0.8263034820556641,0.5347727537155151,-0.09877657145261765,0.5416257381439209,0.5988455414772034,-0.07299764454364777,0.6664180755615234,0.6173860430717468,-0.0898461788892746,0.7335931062698364,0.6262385845184326,-0.10511687397956848,0.782175600528717,0.6398208141326904,-0.11727651953697205,0.5295917987823486,0.6721078753471375,-0.08246457576751709,0.5797294974327087,0.6578161716461182,-0.08677550405263901,0.5545555353164673,0.633169412612915,-0.08084457367658615,0.5299640893936157,0.6257126927375793,-0.07872603833675385
E,0.3555922210216522,0.6361656188964844,7.382421927104588e-07,0.41557133197784424,0.5218717455863953,0.011135314591228962,0.5050209760665894,0.4889695644378662,0.00796265248209238,0.5701618194580078,0.5316518545150757,0.005447338335216045,0.6111747026443481,0.5725545287132263,0.0005666557117365301,0.5341728925704956,0.44114845991134644,-0.03755419701337814,0.636085569858551,0.395920991897583,-0.05069902539253235,0.7050498723983765,0.3785611391067505,-0.056238818913698196,0.7606230974197388,0.36975497007369995,-0.060766104608774185,0.544406533241272,0.5153651833534241,-0.055411554872989655,0.6756367087364197,0.5063815116882324,-0.0687316507101059,0.7587243914604187,0.5127519965171814,-0.0789099857211113,0.8196559548377991,0.526879608631134,-0.08765442669391632,0.5419714450836182,0.5930112600326538,-0.06882072240114212,0.6643418073654175,0.6053696274757385,-0.08496284484863281,0.730459451675415,0.6082548499107361,-0.10256676375865936,0.7771953344345093,0.6175442934036255,-0.11707576364278793,0.5309749245643616,0.6659644842147827,-0.07869143038988113,0.5763537883758545,0.6489527225494385,-0.08778993785381317,0.5513041019439697,0.6247801184654236,-0.0864962488412857,0.5258693695068359,0.6181062459945679,-0.08737696707248688
E,0.3589003086090088,0.6296499967575073,7.427275932059274e-07,0.41949427127838135,0.5181744694709778,0.01394226960837841,0.5060343742370605,0.4880797564983368,0.010910246521234512,0.5669809579849243,0.5343693494796753,0.008145884610712528,0.6036496162414551,0.5772877335548401,0.0026897876523435116,0.5355061292648315,0.44033440947532654,-0.038016319274902344,0.6362523436546326,0.3945310711860657,-0.051044218242168427,0.7041990756988525,0.379078209400177,-0.05622576177120209,0.7589540481567383,0.3709605038166046,-0.06017935648560524,0.544713020324707,0.5137266516685486,-0.05693105608224869,0.6753377914428711,0.5050602555274963,-0.07135061919689178,0.7578063607215881,0.513179361820221,-0.08055543154478073,0.818244457244873,0.5262144804000854,-0.0877261832356453,0.5415495038032532,0.590985119342804,-0.07089847326278687,0.6622967720031738,0.6045529246330261,-0.08671245723962784,0.7307494878768921,0.6101703643798828,-0.1021110787987709,0.7806938886642456,0.619572103023529,-0.11431404948234558,0.5291145443916321,0.6635868549346924,-0.08101261407136917,0.5804640054702759,0.6502466201782227,-0.0867743045091629,0.555251955986023,0.6283994317054749,-0.08114556223154068,0.5282565355300903,0.6220988035202026,-0.07891343533992767
E,0.35920315980911255,0.6257035136222839,6.737759008501598e-07,0.4183783531188965,0.5143826603889465,0.0160429198294878,0.501494824886322,0.487906277179718,0.015136160887777805,0.559197723865509,0.5374892950057983,0.014280077069997787,0.5929684042930603,0.5836328864097595,0.010624962858855724,0.5326850414276123,0.43748751282691956,-0.032154910266399384,0.6296483874320984,0.39397507905960083,-0.043598007410764694,0.6942893266677856,0.3758479952812195,-0.048812780529260635,0.7474541068077087,0.36427634954452515,-0.053714439272880554,0.5420761704444885,0.5113254189491272,-0.05122770369052887,0.6671158671379089,0.5020167827606201,-0.06454265117645264,0.746758222579956,0.5073179006576538,-0.07587210088968277,0.8064461350440979,0.5189005732536316,-0.0856960117816925,0.539418637752533,0.5865545272827148,-0.0653504803776741,0.6548683643341064,0.5990806221961975,-0.08166442066431046,0.720038115978241,0.599553108215332,-0.10030510276556015,0.768531084060669,0.6055099368095398,-0.11537899076938629,0.529112696647644,0.655783474445343,-0.075261689722538,0.5722742080688477,0.6364675164222717,-0.08322738111019135,0.5472295880317688,0.6115040183067322,-0.08157435059547424,0.5243064761161804,0.6036794185638428,-0.08251745998859406
E,0.36077338457107544,0.6204423904418945,6.566627916981815e-07,0.41889625787734985,0.5132815837860107,0.01621818169951439,0.5002702474594116,0.4825919270515442,0.016972243785858154,0.5590291619300842,0.5207822918891907,0.0181278008967638,0.5962978601455688,0.5590973496437073,0.01693946123123169,0.5330575108528137,0.44032514095306396,-0.03071889653801918,0.6278557181358337,0.39477109909057617,-0.04211018607020378,0.6916325688362122,0.37525784969329834,-0.04621097072958946,0.7428020238876343,0.361549973487854,-0.049073170870542526,0.5420283079147339,0.5110925436019897,-0.04833225533366203,0.6671754717826843,0.5026007294654846,-0.06075000390410423,0.744605541229248,0.5063743591308594,-0.06822115182876587,0.8006566762924194,0.5135109424591064,-0.07363151758909225,0.540028989315033,0.5838243961334229,-0.06117681413888931,0.652132511138916,0.5977232456207275,-0.07368828356266022,0.7162394523620605,0.5974332690238953,-0.08682235330343246,0.7639349102973938,0.6004989743232727,-0.09737298637628555,0.5287224650382996,0.650853157043457,-0.0703125,0.5714003443717957,0.6391786336898804,-0.0726051852107048,0.5478652715682983,0.6180438995361328,-0.06592667102813721,0.5248932242393494,0.6114400029182434,-0.0626857802271843
E,0.3639671802520752,0.6168493628501892,6.842118409622344e-07,0.4216049313545227,0.5127374529838562,0.015345095656812191,0.5009090304374695,0.4819585680961609,0.014656503684818745,0.5586898326873779,0.5174916982650757,0.014204910025000572,0.5962257981300354,0.5542362928390503,0.011487492360174656,0.5327916145324707,0.4407753348350525,-0.03283675014972687,0.6286102533340454,0.3934629261493683,-0.04462224617600441,0.6925421357154846,0.3748530149459839,-0.0477612130343914,0.7432464957237244,0.3628755509853363,-0.049299515783786774,0.5430662035942078,0.5102948546409607,-0.050531018525362015,0.669425368309021,0.5019651651382446,-0.06444094330072403,0.7463153600692749,0.5054980516433716,-0.07050009816884995,0.8018250465393066,0.5125405788421631,-0.07366720587015152,0.5404988527297974,0.5827808976173401,-0.06330063939094543,0.654529333114624,0.5960882306098938,-0.0758601576089859,0.7180891036987305,0.5965126752853394,-0.08553291857242584,0.7653064131736755,0.5996859073638916,-0.09283264726400375,0.5267353057861328,0.650101900100708,-0.0725487545132637,0.5744457244873047,0.6405532956123352,-0.07340174168348312,0.5535033941268921,0.6216164827346802,-0.06326938420534134,0.5313237905502319,0.616586446762085,-0.05698757618665695
E,0.363613486289978,0.6131185293197632,6.332290922728134e-07,0.4223346710205078,0.5126025080680847,0.01616622321307659,0.5018784403800964,0.4838751554489136,0.016557687893509865,0.5564122200012207,0.5228148698806763,0.016331324353814125,0.5897745490074158,0.5628335475921631,0.014066314324736595,0.5321800708770752,0.4404820203781128,-0.02549351193010807,0.6248394846916199,0.3948019742965698,-0.035163864493370056,0.6857421398162842,0.37551355361938477,-0.03719978779554367,0.7346320152282715,0.3627985119819641,-0.03862296789884567,0.5413389801979065,0.5066230297088623,-0.04408213123679161,0.6629747152328491,0.49829527735710144,-0.056241538375616074,0.7381486296653748,0.501225471496582,-0.06284424662590027,0.7932947874069214,0.5084644556045532,-0.06700265407562256,0.539658784866333,0.575961172580719,-0.05844555050134659,0.6470323204994202,0.590947687625885,-0.07155667990446091,0.7095948457717896,0.5904591679573059,-0.08448008447885513,0.7560654878616333,0.5912006497383118,-0.09422999620437622,0.5287416577339172,0.643449604511261,-0.06930432468652725,0.5696068406105042,0.6340821385383606,-0.07189413905143738,0.5474891066551208,0.6142730116844177,-0.06506048887968063,0.5242616534233093,0.6070647835731506,-0.0614456906914711
E,0.3660767376422882,0.6105268001556396,6.424936032090045e-07,0.4245084226131439,0.5106666684150696,0.01459121610969305,0.5030574202537537,0.4825578033924103,0.013933457434177399,0.5582137107849121,0.5192090272903442,0.013273593038320541,0.5935801863670349,0.5574123859405518,0.010652264580130577,0.5336928963661194,0.4416653513908386,-0.03024534322321415,0.6247684359550476,0.39558589458465576,-0.04180218279361725,0.6863978505134583,0.37601059675216675,-0.04587750881910324,0.7359940409660339,0.36329758167266846,-0.0485835000872612,0.5427054166793823,0.5072218179702759,-0.04815492033958435,0.663594663143158,0.49862977862358093,-0.06033361330628395,0.7393649816513062,0.5012850761413574,-0.06743048876523972,0.7942073345184326,0.5083433389663696,-0.0724693089723587,0.5405247807502747,0.5766974091529846,-0.06163749098777771,0.6499018669128418,0.5957635641098022,-0.07347601652145386,0.7111548781394958,0.5952082276344299,-0.08488248288631439,0.7559194564819336,0.5968287587165833,-0.09415607154369354,0.5287927985191345,0.6433686017990112,-0.07189515233039856,0.5724761486053467,0.635333776473999,-0.07346393913030624,0.5515462756156921,0.6149508357048035,-0.06560791283845901,0.529802143573761,0.6077682971954346,-0.06145854666829109
E,0.36610010266304016,0.6070283651351929,5.578748414336587e-07,0.42362868785858154,0.5115887522697449,0.018159015104174614,0.5029492378234863,0.4910391569137573,0.019961409270763397,0.5544681549072266,0.5359923243522644,0.020967768505215645,0.5855610370635986,0.5799407958984375,0.02000071480870247,0.5315000414848328,0.44284072518348694,-0.021326975896954536,0.6210964918136597,0.394549161195755,-0.027166031301021576,0.677551805973053,0.37569907307624817,-0.025716548785567284,0.7234929203987122,0.3634260296821594,-0.025158023461699486,0.5404008626937866,0.5066231489181519,-0.04014454782009125,0.6555759310722351,0.4904995560646057,-0.052495818585157394,0.7258339524269104,0.488840252161026,-0.059095002710819244,0.7793192267417908,0.4912847578525543,-0.06285851448774338,0.5381795167922974,0.574044406414032,-0.05431303381919861,0.6401391625404358,0.5877821445465088,-0.06968948990106583,0.7041212916374207,0.5880863070487976,-0.08345644921064377,0.7524224519729614,0.5881461501121521,-0.09269493818283081,0.5265225172042847,0.639636218547821,-0.06430329382419586,0.5679150223731995,0.6275405287742615,-0.06662646681070328,0.5448156595230103,0.6106005311012268,-0.05821662396192551,0.5197448134422302,0.6059824824333191,-0.05344514176249504
E,0.36662113666534424,0.6016324162483215,5.50667209608946e-07,0.425409197807312,0.5100160241127014,0.018155239522457123,0.5032643675804138,0.4929793179035187,0.019095126539468765,0.5526211261749268,0.5403568148612976,0.018815280869603157,0.5837013721466064,0.5844858288764954,0.016310330480337143,0.5296837091445923,0.443727970123291,-0.019857797771692276,0.6171885132789612,0.3961260914802551,-0.026057694107294083,0.6729960441589355,0.3772074580192566,-0.02603849023580551,0.7186362743377686,0.3642476201057434,-0.02652614191174507,0.5408503413200378,0.5025118589401245,-0.03933492675423622,0.6538610458374023,0.4825139045715332,-0.05011172965168953,0.7225184440612793,0.4743611812591553,-0.057658903300762177,0.7758066058158875,0.4705403447151184,-0.06252403557300568,0.5401332974433899,0.5665801763534546,-0.05412939190864563,0.6433254480361938,0.584389865398407,-0.06698643416166306,0.7057753801345825,0.5839500427246094,-0.0809837132692337,0.75288325548172,0.5834892988204956,-0.0914514809846878,0.5283817648887634,0.6311102509498596,-0.06508952379226685,0.566504180431366,0.6288972496986389,-0.06662934273481369,0.5421059727668762,0.6149492263793945,-0.058623816817998886,0.5173692107200623,0.6123154163360596,-0.05445663258433342
E,0.36733460426330566,0.6024357676506042,5.499516646523261e-07,0.4259762167930603,0.512531042098999,0.0167485773563385,0.5034654140472412,0.49424266815185547,0.01746022142469883,0.5524103045463562,0.5406453609466553,0.016901275143027306,0.5830374360084534,0.5839179754257202,0.014272909611463547,0.5295920968055725,0.44441384077072144,-0.019014853984117508,0.616955041885376,0.3966538608074188,-0.026114676147699356,0.6729550957679749,0.37816116213798523,-0.02718547359108925,0.7187435626983643,0.36540770530700684,-0.02830350585281849,0.5407586097717285,0.5016847848892212,-0.038138844072818756,0.6533323526382446,0.48275911808013916,-0.048728764057159424,0.7219182252883911,0.47519931197166443,-0.05645943060517311,0.775126576423645,0.4711977243423462,-0.06135394796729088,0.5405153036117554,0.5649652481079102,-0.053018778562545776,0.6424568891525269,0.5841619968414307,-0.06559157371520996,0.7048443555831909,0.5840831995010376,-0.07982382923364639,0.7521480321884155,0.5827512145042419,-0.09052664041519165,0.5290898680686951,0.6298999190330505,-0.06441111862659454,0.5666214227676392,0.6328153014183044,-0.06633780896663666,0.5419278144836426,0.6203441619873047,-0.05869384482502937,0.5168108344078064,0.6169893145561218,-0.0546756237745285
E,0.36812496185302734,0.598686933517456,5.290633566801262e-07,0.42857247591018677,0.5106717944145203,0.019476760178804398,0.5068122744560242,0.49705514311790466,0.01962776482105255,0.5542133450508118,0.5499405264854431,0.018032507970929146,0.5811173319816589,0.5944653749465942,0.014297968707978725,0.5316077470779419,0.44151806831359863,-0.018507864326238632,0.6169825196266174,0.39599090814590454,-0.02427937090396881,0.6701986789703369,0.378223717212677,-0.024654146283864975,0.7149986028671265,0.36423295736312866,-0.026142287999391556,0.5406972765922546,0.4972289502620697,-0.039235763251781464,0.6501331329345703,0.4756983518600464,-0.05126183480024338,0.7189592719078064,0.4661833643913269,-0.06099950522184372,0.7723736763000488,0.46085020899772644,-0.06794368475675583,0.5390340685844421,0.56101393699646,-0.05511735379695892,0.6408740878105164,0.5817449688911438,-0.0710964947938919,0.7059177160263062,0.5874954462051392,-0.0877084881067276,0.755935788154602,0.5929588675498962,-0.09961950033903122,0.5289641618728638,0.6283015608787537,-0.06661387532949448,0.5676993727684021,0.624854564666748,-0.06975506246089935,0.5409861207008362,0.6115072965621948,-0.06232379749417305,0.5145508050918579,0.610454797744751,-0.05900155007839203
E,0.36825233697891235,0.5974284410476685,5.481314815369842e-07,0.429618775844574,0.51090008020401,0.019446274265646935,0.5072321891784668,0.4971903860569,0.019158730283379555,0.5544672012329102,0.5483828186988831,0.017218412831425667,0.5824925303459167,0.5904392004013062,0.013455715961754322,0.53046053647995,0.44255751371383667,-0.02112019620835781,0.6158572435379028,0.39808928966522217,-0.028050528839230537,0.6698523163795471,0.3805540204048157,-0.029210200533270836,0.7152643799781799,0.36718618869781494,-0.0312031302601099,0.5397313833236694,0.4967172145843506,-0.04190881922841072,0.6506364345550537,0.47708791494369507,-0.05493226274847984,0.71913081407547,0.46768927574157715,-0.06518355011940002,0.7722468376159668,0.4624573886394501,-0.07245254516601562,0.5387668013572693,0.5588484406471252,-0.05754932388663292,0.6422044038772583,0.5840646028518677,-0.07197949290275574,0.706133246421814,0.5916961431503296,-0.08677313476800919,0.7556308507919312,0.5976209044456482,-0.0979950875043869,0.5293692946434021,0.6252101063728333,-0.06912635266780853,0.5671374201774597,0.6281241774559021,-0.07050573080778122,0.540180504322052,0.6153851747512817,-0.06242578104138374,0.5148470997810364,0.6130783557891846,-0.05891239643096924
E,0.36912572383880615,0.5975881814956665,5.260577609078609e-07,0.4296319782733917,0.5111550688743591,0.020552413538098335,0.505408763885498,0.49657607078552246,0.020798010751605034,0.5532213449478149,0.5440183877944946,0.019387049600481987,0.5835355520248413,0.5841953158378601,0.016665857285261154,0.5311159491539001,0.4437832534313202,-0.02074376866221428,0.6161946058273315,0.39736002683639526,-0.02793433517217636,0.6698969602584839,0.3787296414375305,-0.028635285794734955,0.7140805721282959,0.3639375567436218,-0.029828395694494247,0.5404576659202576,0.49732252955436707,-0.041496433317661285,0.6516599059104919,0.47740161418914795,-0.05480009689927101,0.7184412479400635,0.4665767550468445,-0.06387742608785629,0.7695683836936951,0.45912274718284607,-0.06950227916240692,0.5392783284187317,0.5589790344238281,-0.056939661502838135,0.6419014930725098,0.5833364129066467,-0.0699746161699295,0.7054926753044128,0.5884659886360168,-0.08213204890489578,0.7552965879440308,0.5924800634384155,-0.09122440963983536,0.5287309885025024,0.6255634427070618,-0.06836291402578354,0.5654572248458862,0.6302500367164612,-0.06686589121818542,0.5395786166191101,0.6153075098991394,-0.05634874850511551,0.5152328610420227,0.6109814047813416,-0.050926920026540756
E,0.36904585361480713,0.5967029333114624,5.124895778862992e-07,0.42976877093315125,0.5110094547271729,0.02192854881286621,0.5065330862998962,0.49736151099205017,0.02251840941607952,0.5547601580619812,0.5448272824287415,0.021292878314852715,0.5861582159996033,0.5845296382904053,0.01857428252696991,0.5318993926048279,0.44264528155326843,-0.019442854449152946,0.6176177263259888,0.39753180742263794,-0.025459930300712585,0.6702766418457031,0.3793261647224426,-0.024839363992214203,0.7139735221862793,0.36366182565689087,-0.025323502719402313,0.5407374501228333,0.49563565850257874,-0.04069702327251434,0.6518468260765076,0.4761573374271393,-0.053989969193935394,0.7177398800849915,0.4663381576538086,-0.0627545714378357,0.7689427137374878,0.4588501453399658,-0.06795617938041687,0.5389654636383057,0.5572606921195984,-0.05647652596235275,0.6410233974456787,0.5805898308753967,-0.0707244873046875,0.7064712047576904,0.5861478447914124,-0.08401945233345032,0.7581861019134521,0.590107798576355,-0.09358447045087814,0.5283439755439758,0.624260425567627,-0.06782711297273636,0.56401526927948,0.6285232305526733,-0.06721092015504837,0.5381107330322266,0.6136648058891296,-0.0572623573243618,0.5135014653205872,0.6092475652694702,-0.05218062922358513
E,0.37126320600509644,0.5960589647293091,4.94708331189031e-07,0.4318946599960327,0.5069825053215027,0.021540185436606407,0.5072420239448547,0.4911416471004486,0.022262444719672203,0.5548414587974548,0.5377891659736633,0.021067766472697258,0.5846380591392517,0.5775021314620972,0.01815066859126091,0.5311635136604309,0.4404441714286804,-0.01935003139078617,0.6162781119346619,0.3946080505847931,-0.025779612362384796,0.6688371300697327,0.3767126202583313,-0.025773953646421432,0.7124167680740356,0.3622666001319885,-0.026632418856024742,0.5388979315757751,0.495891273021698,-0.04044032096862793,0.6479200124740601,0.4736061096191406,-0.05411634221673012,0.715348482131958,0.46200212836265564,-0.06387309730052948,0.7670762538909912,0.45404964685440063,-0.0703071877360344,0.5365390181541443,0.5585293173789978,-0.05621159449219704,0.6393408179283142,0.5797503590583801,-0.07300305366516113,0.7041109800338745,0.5842774510383606,-0.08850888162851334,0.7534252405166626,0.5871158838272095,-0.09916120022535324,0.5260195732116699,0.6249678730964661,-0.06726101785898209,0.5659226179122925,0.6239503622055054,-0.07023852318525314,0.5403385162353516,0.6090617179870605,-0.06227004900574684,0.5139110684394836,0.6045694351196289,-0.05821141600608826
E,0.3731279671192169,0.59344482421875,5.186955718272657e-07,0.43242210149765015,0.5057835578918457,0.02181309275329113,0.5079165101051331,0.48953455686569214,0.022408587858080864,0.5563861131668091,0.5331573486328125,0.021364135667681694,0.5878117084503174,0.5680315494537354,0.01901468075811863,0.5323452949523926,0.44086265563964844,-0.02158186212182045,0.6162240505218506,0.3928845524787903,-0.028698693960905075,0.6695317625999451,0.37383168935775757,-0.028649475425481796,0.7129985094070435,0.35987740755081177,-0.02902761660516262,0.5390538573265076,0.4943678677082062,-0.04278821498155594,0.6498209238052368,0.47148388624191284,-0.05755360797047615,0.7170788049697876,0.45968955755233765,-0.06628504395484924,0.7669984102249146,0.4526951014995575,-0.07127708941698074,0.536530613899231,0.5563971400260925,-0.058444686233997345,0.6425492167472839,0.5845673680305481,-0.07424410432577133,0.7059448957443237,0.5891932249069214,-0.0865018367767334,0.7536897659301758,0.5915789008140564,-0.09471683204174042,0.5252230167388916,0.6233917474746704,-0.06954178214073181,0.5681397318840027,0.6296100616455078,-0.0699465200304985,0.5422754287719727,0.6149044036865234,-0.059132035821676254,0.5156371593475342,0.6095114946365356,-0.053011950105428696
E,0.3734791576862335,0.5938146114349365,5.106547860123101e-07,0.4321008324623108,0.5060161352157593,0.01965019851922989,0.5080283880233765,0.4910043478012085,0.018870767205953598,0.557140588760376,0.5408430099487305,0.016173105686903,0.587578535079956,0.5822611451148987,0.011664372868835926,0.5324486494064331,0.4343162775039673,-0.01921963132917881,0.6160310506820679,0.3873135447502136,-0.026925688609480858,0.6680766940116882,0.3715745806694031,-0.028971947729587555,0.7116649150848389,0.35936954617500305,-0.031313445419073105,0.538679301738739,0.48730361461639404,-0.04011799767613411,0.6464160084724426,0.4686371684074402,-0.05314640700817108,0.7121936678886414,0.45996537804603577,-0.06389164179563522,0.7628740072250366,0.45390790700912476,-0.0714588612318039,0.5357031226158142,0.5489303469657898,-0.05615371838212013,0.6372343301773071,0.5718212723731995,-0.07234206050634384,0.7017947435379028,0.5771958231925964,-0.08903272449970245,0.7511181235313416,0.5791974067687988,-0.10115022212266922,0.5260588526725769,0.6169865727424622,-0.0677516832947731,0.5674834251403809,0.6229842901229858,-0.07040398567914963,0.5430670976638794,0.6109321713447571,-0.06300031393766403,0.5177928805351257,0.6057208180427551,-0.05977654084563255
E,0.3744620680809021,0.5903340578079224,5.423738684839918e-07,0.4338347315788269,0.5055472254753113,0.020072193816304207,0.5099992156028748,0.49395501613616943,0.019020576030015945,0.5578380823135376,0.5494621992111206,0.01613856665790081,0.5862347483634949,0.5916531682014465,0.010986432433128357,0.5313237905502319,0.4357994794845581,-0.022035205736756325,0.6145618557929993,0.3894711136817932,-0.02967005968093872,0.6669473648071289,0.37166428565979004,-0.03164563700556755,0.7108793258666992,0.3577430844306946,-0.034228116273880005,0.5378131866455078,0.4878844618797302,-0.043713100254535675,0.6458890438079834,0.4660743772983551,-0.05695805326104164,0.7133720517158508,0.4558233618736267,-0.06776390969753265,0.764786958694458,0.44964051246643066,-0.07579770684242249,0.5349642038345337,0.54888516664505,-0.06019483879208565,0.639042317867279,0.5752840042114258,-0.0770229920744896,0.703351616859436,0.5810312032699585,-0.09366171061992645,0.7520716190338135,0.5833727121353149,-0.1059066653251648,0.5254694223403931,0.6152646541595459,-0.07209997624158859,0.566655695438385,0.6185421347618103,-0.07650823891162872,0.5401957035064697,0.6065114140510559,-0.06968601793050766,0.5142823457717896,0.6023890376091003,-0.06689032912254333
E,0.3739437758922577,0.5913906693458557,5.368702318264695e-07,0.43222418427467346,0.5056787133216858,0.018318017944693565,0.5092003345489502,0.4925093352794647,0.017438210546970367,0.5582562685012817,0.545538067817688,0.015128549188375473,0.5885763168334961,0.585074782371521,0.010658670216798782,0.5305325984954834,0.4361780285835266,-0.02189468778669834,0.6140474677085876,0.3893965482711792,-0.029492223635315895,0.6673723459243774,0.37131932377815247,-0.03156069666147232,0.7119081020355225,0.35729414224624634,-0.034051522612571716,0.5374006032943726,0.4892318844795227,-0.04244310036301613,0.6454678773880005,0.4674000144004822,-0.055506642907857895,0.712867021560669,0.45668038725852966,-0.06627751886844635,0.764414370059967,0.4494263529777527,-0.07408522069454193,0.5346909761428833,0.5505529642105103,-0.05802883580327034,0.6387184858322144,0.5765140056610107,-0.07510419189929962,0.7029302716255188,0.5810744762420654,-0.09230080246925354,0.7510385513305664,0.5817864537239075,-0.10471945255994797,0.5245761871337891,0.6165099740028381,-0.06918535381555557,0.5654464960098267,0.6210624575614929,-0.07465734332799911,0.5388540029525757,0.6093020439147949,-0.06864075362682343,0.5121151208877563,0.6044936776161194,-0.06608378887176514
E,0.37674206495285034,0.5893028974533081,5.395544917519146e-07,0.43393927812576294,0.5044311285018921,0.01879667304456234,0.5088474750518799,0.4893016219139099,0.01808730885386467,0.5582207441329956,0.5376666188240051,0.015749821439385414,0.5898983478546143,0.5751484036445618,0.011458688415586948,0.5327138304710388,0.43423569202423096,-0.020920248702168465,0.6165030002593994,0.38741055130958557,-0.02828889712691307,0.6690150499343872,0.3698202967643738,-0.02995973639190197,0.7121200561523438,0.3550509214401245,-0.03200911357998848,0.5388677716255188,0.48595911264419556,-0.04157714545726776,0.6480189561843872,0.4688590466976166,-0.05452501028776169,0.7144864797592163,0.4598054885864258,-0.06480255722999573,0.7652556300163269,0.45144808292388916,-0.07191846519708633,0.5356531143188477,0.546238124370575,-0.05729994177818298,0.6379949450492859,0.5727044939994812,-0.07240340113639832,0.7014408707618713,0.5778198838233948,-0.08783071488142014,0.7498488426208496,0.5775686502456665,-0.09928880631923676,0.5249141454696655,0.6122180223464966,-0.06880957633256912,0.5670784711837769,0.6201067566871643,-0.07135578244924545,0.5423697829246521,0.6081919074058533,-0.06378568708896637,0.5173307061195374,0.6017313599586487,-0.0603947639465332
E,0.3746907114982605,0.5886244773864746,5.418725095296395e-07,0.4336656332015991,0.5045887231826782,0.01763554848730564,0.5103257298469543,0.4930863380432129,0.015801329165697098,0.5591611266136169,0.547727108001709,0.012649948708713055,0.5887465476989746,0.5897707939147949,0.007337160408496857,0.5305125713348389,0.43533027172088623,-0.024293024092912674,0.614687442779541,0.38997882604599,-0.03222803398966789,0.667427659034729,0.37232786417007446,-0.03437021002173424,0.7118848562240601,0.3574916124343872,-0.03732816502451897,0.5377140045166016,0.4881497025489807,-0.04470380023121834,0.6453841924667358,0.4692735970020294,-0.05794529616832733,0.7120729684829712,0.45911791920661926,-0.06945838034152985,0.7632056474685669,0.45117026567459106,-0.07832836359739304,0.5350767970085144,0.5492276549339294,-0.06008710339665413,0.6363248825073242,0.5767015814781189,-0.07673224806785583,0.7009151577949524,0.5811055302619934,-0.09493649750947952,0.7500651478767395,0.5804610252380371,-0.10881302505731583,0.5259925723075867,0.6145191788673401,-0.0711364895105362,0.5624463558197021,0.6184451580047607,-0.07684408873319626,0.5363696217536926,0.6042425632476807,-0.07264330983161926,0.5112634301185608,0.596041202545166,-0.07192768901586533
E,0.3793576955795288,0.5884485244750977,5.411201300375978e-07,0.43472254276275635,0.5008338689804077,0.016951587051153183,0.5095276236534119,0.4847789406776428,0.01558789610862732,0.5584738850593567,0.5360062122344971,0.013001532293856144,0.5881775617599487,0.5760769248008728,0.007980949245393276,0.531980037689209,0.4321601986885071,-0.022801611572504044,0.6152815222740173,0.38588839769363403,-0.02983079105615616,0.6665369868278503,0.367073655128479,-0.03167641535401344,0.7095853686332703,0.35215437412261963,-0.03415953367948532,0.5378305315971375,0.485330730676651,-0.042332664132118225,0.6461749076843262,0.4653094410896301,-0.05493747815489769,0.7125632762908936,0.4556848704814911,-0.0660986676812172,0.7636556625366211,0.4494315981864929,-0.07430673390626907,0.5342865586280823,0.5470589995384216,-0.05694714933633804,0.6385140419006348,0.570135235786438,-0.07408224791288376,0.7030041217803955,0.5727407336235046,-0.09315872937440872,0.7516363859176636,0.5729674696922302,-0.10707632452249527,0.5239110589027405,0.6128556728363037,-0.06708390265703201,0.566170334815979,0.617364764213562,-0.07335720956325531,0.5405604243278503,0.6051914691925049,-0.0689580887556076,0.5144922137260437,0.6010783314704895,-0.06764113157987595
E,0.3777679204940796,0.585705041885376,5.623182914860081e-07,0.4343782365322113,0.5021039843559265,0.01646220125257969,0.5110079050064087,0.48961105942726135,0.014517218805849552,0.5617026686668396,0.543678879737854,0.011841132305562496,0.5926041603088379,0.5826119780540466,0.007026500068604946,0.5308064222335815,0.43059247732162476,-0.025546912103891373,0.6146507859230042,0.38500821590423584,-0.032447632402181625,0.6661251187324524,0.3659740686416626,-0.033720649778842926,0.709635853767395,0.35060322284698486,-0.036364104598760605,0.5354352593421936,0.48384085297584534,-0.04502706602215767,0.6438808441162109,0.4659426808357239,-0.05975460261106491,0.7106824517250061,0.45802903175354004,-0.07222432643175125,0.7626683115959167,0.45265427231788635,-0.08171591907739639,0.5318508148193359,0.5451018810272217,-0.05929933488368988,0.6373760104179382,0.5744869112968445,-0.07776650786399841,0.7008912563323975,0.5793236494064331,-0.0962396189570427,0.7494308352470398,0.5788055658340454,-0.10993689298629761,0.5231285095214844,0.6095446348190308,-0.0690680742263794,0.5658667087554932,0.6133081912994385,-0.07662206888198853,0.5396509766578674,0.5998191237449646,-0.07305251806974411,0.5152186155319214,0.5921919345855713,-0.07257332652807236
E,0.3795413672924042,0.585972249507904,5.627778705274977e-07,0.4348914623260498,0.5025572180747986,0.017992815002799034,0.5096766948699951,0.4878848195075989,0.01662650890648365,0.5595725178718567,0.5381807088851929,0.014256089925765991,0.5905958414077759,0.575693666934967,0.009954568929970264,0.5309831500053406,0.4312126338481903,-0.024213049560785294,0.6142845153808594,0.38357698917388916,-0.031974222511053085,0.665947675704956,0.3647851347923279,-0.03371880576014519,0.7092605829238892,0.3493959903717041,-0.0360700860619545,0.5353245139122009,0.4823211431503296,-0.043997738510370255,0.6436799168586731,0.46267056465148926,-0.05949346721172333,0.7105827927589417,0.45563626289367676,-0.07074641436338425,0.7621632814407349,0.4505622386932373,-0.07839898765087128,0.5320093035697937,0.5426117777824402,-0.058601997792720795,0.6358433961868286,0.5703838467597961,-0.07714087516069412,0.7000340223312378,0.5761024355888367,-0.09379210323095322,0.7494004964828491,0.5760048627853394,-0.10539761930704117,0.5235353708267212,0.6077176332473755,-0.0686529129743576,0.5679102540016174,0.6166931390762329,-0.07373564690351486,0.5418513417243958,0.6052489876747131,-0.06718388199806213,0.5166148543357849,0.5986234545707703,-0.06433264911174774
E,0.37974756956100464,0.5859284400939941,5.729361873818561e-07,0.43386393785476685,0.5025302767753601,0.0164239052683115,0.5073613524436951,0.48680365085601807,0.014728866517543793,0.558100163936615,0.5360056757926941,0.012062067165970802,0.5890606641769409,0.5756279826164246,0.007501649670302868,0.5305683612823486,0.42927080392837524,-0.024212529882788658,0.612883985042572,0.38147324323654175,-0.03186274692416191,0.6648844480514526,0.3623223304748535,-0.03363016992807388,0.7082636952400208,0.3463362455368042,-0.03610178455710411,0.5350651741027832,0.48089149594306946,-0.04352901130914688,0.6437790989875793,0.4643319249153137,-0.05858530476689339,0.710918664932251,0.4585488736629486,-0.06936530023813248,0.7622836232185364,0.4539754390716553,-0.07686512917280197,0.5316479802131653,0.5414223074913025,-0.0579693466424942,0.6349728107452393,0.5712212920188904,-0.07452721148729324,0.6974988579750061,0.5767921209335327,-0.0891856700181961,0.74533611536026,0.575881838798523,-0.09982894361019135,0.5223866701126099,0.6065243482589722,-0.06843581050634384,0.5683244466781616,0.6128305196762085,-0.07277382165193558,0.5435173511505127,0.6000717878341675,-0.0660712793469429,0.5191406011581421,0.5914782285690308,-0.0631425529718399
E,0.37969812750816345,0.5857090353965759,5.783739993603376e-07,0.43427222967147827,0.5017105340957642,0.016530875116586685,0.5084460973739624,0.48710158467292786,0.014804147183895111,0.5584685206413269,0.5384283661842346,0.012343675829470158,0.5880396962165833,0.5784643292427063,0.007807271555066109,0.5300909280776978,0.4297236204147339,-0.025840185582637787,0.6132645606994629,0.38261619210243225,-0.03302285820245743,0.6652153134346008,0.36320817470550537,-0.034093551337718964,0.7086032629013062,0.3473224937915802,-0.03608103469014168,0.5349123477935791,0.48266997933387756,-0.044873595237731934,0.643951416015625,0.46534252166748047,-0.05909458547830582,0.7105629444122314,0.4588705897331238,-0.06920889765024185,0.7618730068206787,0.4544116258621216,-0.07642325013875961,0.531572699546814,0.5441415905952454,-0.058848410844802856,0.6353453397750854,0.572693943977356,-0.07544837146997452,0.6981388330459595,0.5756886601448059,-0.09093546122312546,0.746357798576355,0.5739947557449341,-0.10221707820892334,0.5222043395042419,0.6086312532424927,-0.06862685829401016,0.5660468935966492,0.6117956638336182,-0.07343322783708572,0.5408515930175781,0.5977399349212646,-0.06747332215309143,0.516613245010376,0.5897899270057678,-0.06513454020023346
E,0.38045307993888855,0.5846357941627502,5.769647941633593e-07,0.4342813491821289,0.5009921193122864,0.015027056448161602,0.5083054304122925,0.4845796227455139,0.01299227960407734,0.5595535635948181,0.5326124429702759,0.01028935145586729,0.5914815664291382,0.5710194706916809,0.005812119692564011,0.5303319096565247,0.42931151390075684,-0.02564304880797863,0.6126028895378113,0.3816665709018707,-0.03359748423099518,0.6648579835891724,0.3627139627933502,-0.035568851977586746,0.7082989811897278,0.3469921350479126,-0.03811072185635567,0.5348767638206482,0.4812776446342468,-0.04425208643078804,0.643856942653656,0.4655028283596039,-0.05866268649697304,0.710902214050293,0.4597053527832031,-0.06918902695178986,0.7621373534202576,0.45471829175949097,-0.07672498375177383,0.53156977891922,0.5421288013458252,-0.058107856661081314,0.634803831577301,0.5728520154953003,-0.07391973584890366,0.696511447429657,0.5770782232284546,-0.0885997861623764,0.7434660196304321,0.5748817920684814,-0.09955993294715881,0.5223075151443481,0.6069678068161011,-0.06819978356361389,0.5677266716957092,0.6147331595420837,-0.07266338169574738,0.5433733463287354,0.6013779640197754,-0.06662274897098541,0.5194911956787109,0.5919196605682373,-0.06422487646341324
E,0.3805864751338959,0.5870187878608704,5.76170236854523e-07,0.43270260095596313,0.50049889087677,0.017112702131271362,0.5050826072692871,0.4806663990020752,0.016379253938794136,0.5562609434127808,0.5214999914169312,0.015014315024018288,0.5889862179756165,0.5555257797241211,0.011913556605577469,0.5291758179664612,0.426093190908432,-0.024888835847377777,0.6108897924423218,0.3770553469657898,-0.03258505463600159,0.663496196269989,0.35760819911956787,-0.03393341228365898,0.7063690423965454,0.34200549125671387,-0.03550419211387634,0.5337607264518738,0.4794618487358093,-0.043684568256139755,0.6440582275390625,0.46363693475723267,-0.05794869363307953,0.7117733359336853,0.4595593810081482,-0.06701389700174332,0.7626969218254089,0.4568258821964264,-0.07275965809822083,0.531395673751831,0.5413883924484253,-0.057522378861904144,0.6345458626747131,0.568491518497467,-0.0728149339556694,0.6965272426605225,0.5732178688049316,-0.0860137864947319,0.7432184219360352,0.5729351043701172,-0.09540587663650513,0.5228708386421204,0.6067950129508972,-0.06736180931329727,0.5664744973182678,0.6119560599327087,-0.06999628245830536,0.5421432256698608,0.5985432863235474,-0.06210998445749283,0.5173857808113098,0.5907222628593445,-0.05804268270730972
E,0.3776906728744507,0.5856369137763977,5.880679054826032e-07,0.4326110780239105,0.5027267336845398,0.018884187564253807,0.5079226493835449,0.48838144540786743,0.017842182889580727,0.5582420825958252,0.5383714437484741,0.01571323163807392,0.589246928691864,0.5762510895729065,0.011490875855088234,0.5297433733940125,0.42499345541000366,-0.025248387828469276,0.6112551689147949,0.37803947925567627,-0.0335555262863636,0.663975715637207,0.3590086102485657,-0.035847581923007965,0.707651674747467,0.34299254417419434,-0.038693662732839584,0.5334018468856812,0.47797924280166626,-0.04534206539392471,0.6429292559623718,0.46506625413894653,-0.05989537388086319,0.7103073596954346,0.46244943141937256,-0.07045227289199829,0.7620729804039001,0.45970311760902405,-0.07812876254320145,0.5302969813346863,0.5387008190155029,-0.06027684733271599,0.6344527006149292,0.5674196481704712,-0.07596677541732788,0.6967178583145142,0.5722606182098389,-0.09105979651212692,0.7447474002838135,0.5707582235336304,-0.10253232717514038,0.5226555466651917,0.6033035516738892,-0.0709708034992218,0.5634925365447998,0.6120147705078125,-0.07440140098333359,0.5380494594573975,0.5997785925865173,-0.06859692186117172,0.514777660369873,0.5910463333129883,-0.06665776669979095
E,0.37756648659706116,0.5847227573394775,5.844898964824097e-07,0.4330352246761322,0.5010244846343994,0.018448136746883392,0.5078297853469849,0.4844824969768524,0.017560647800564766,0.5577340722084045,0.5313859581947327,0.015527280047535896,0.589167058467865,0.5675676465034485,0.011499207466840744,0.5292937159538269,0.4247230887413025,-0.024028699845075607,0.6110213398933411,0.3778339624404907,-0.031821563839912415,0.6637633442878723,0.3587678074836731,-0.033619657158851624,0.707202136516571,0.3429950177669525,-0.03610812500119209,0.5337010025978088,0.47694987058639526,-0.04396113008260727,0.6436269283294678,0.46519723534584045,-0.05752083286643028,0.710822582244873,0.46244555711746216,-0.06754258275032043,0.762548565864563,0.4595772325992584,-0.07492493838071823,0.5307973623275757,0.5374065041542053,-0.058887895196676254,0.6353386640548706,0.5676372647285461,-0.07356294989585876,0.6970607042312622,0.5728474855422974,-0.08814520388841629,0.7448037266731262,0.5716795325279236,-0.09957453608512878,0.5228244066238403,0.6018426418304443,-0.06975860893726349,0.563969612121582,0.6117830872535706,-0.07296007126569748,0.5392122268676758,0.5991665124893188,-0.06725221127271652,0.5167161822319031,0.5901713967323303,-0.06546790152788162
E,0.3778696060180664,0.5844213962554932,5.910305844736286e-07,0.4323427677154541,0.5010533928871155,0.017028415575623512,0.5064740777015686,0.48240262269973755,0.015946591272950172,0.5570687055587769,0.5262270569801331,0.013833796605467796,0.5900506377220154,0.5617218613624573,0.009786413051187992,0.5286850929260254,0.4248494505882263,-0.024406226351857185,0.6105358004570007,0.37683117389678955,-0.033175088465213776,0.6639229655265808,0.3574514389038086,-0.035592228174209595,0.7074539065361023,0.3417614996433258,-0.03809310495853424,0.5334385633468628,0.47680848836898804,-0.04381170868873596,0.6441497206687927,0.46588408946990967,-0.05707380548119545,0.7115560173988342,0.4634496569633484,-0.06640811264514923,0.7630128264427185,0.46028298139572144,-0.07303004711866379,0.5308681130409241,0.5369206666946411,-0.058581624180078506,0.634867787361145,0.5667378306388855,-0.07248812913894653,0.695722222328186,0.5716369152069092,-0.08643036335706711,0.7425222992897034,0.5696035623550415,-0.09742280095815659,0.5223366618156433,0.6012585163116455,-0.06962597370147705,0.5635789036750793,0.6136054992675781,-0.0724407285451889,0.5399795174598694,0.6015797257423401,-0.06654433906078339,0.5178034901618958,0.5921730995178223,-0.06447344273328781
E,0.37791383266448975,0.5845617055892944,5.940195251241676e-07,0.43138813972473145,0.4999147653579712,0.015301286242902279,0.5053232908248901,0.4795273542404175,0.014026888646185398,0.556414008140564,0.5220352411270142,0.01208393182605505,0.5892211198806763,0.5584619641304016,0.008386789821088314,0.5276514291763306,0.425045907497406,-0.025364061817526817,0.609492301940918,0.3766518831253052,-0.03412191942334175,0.6629772186279297,0.3570095896720886,-0.036432333290576935,0.7065970301628113,0.341116338968277,-0.03870011121034622,0.5332930088043213,0.4778834581375122,-0.04369713366031647,0.6442334651947021,0.4666217565536499,-0.0562458373606205,0.7117408514022827,0.46339690685272217,-0.06483019143342972,0.7628829479217529,0.4599708318710327,-0.07090138643980026,0.5314509272575378,0.5387066006660461,-0.0575878731906414,0.6344515085220337,0.5675229430198669,-0.07067049294710159,0.6945214867591858,0.5706284642219543,-0.0841626450419426,0.7404395341873169,0.5681977272033691,-0.09480341523885727,0.5229863524436951,0.6025189161300659,-0.0680432915687561,0.5635362863540649,0.61308354139328,-0.0705263763666153,0.5401315093040466,0.6001532077789307,-0.06458614766597748,0.5177900195121765,0.5914918780326843,-0.062347330152988434
E,0.3779485523700714,0.5854321718215942,5.851230184816814e-07,0.43102893233299255,0.500486433506012,0.0161930862814188,0.5049260258674622,0.4796862006187439,0.015417384915053844,0.5561375617980957,0.5214558839797974,0.013763289898633957,0.5891457796096802,0.556719958782196,0.010369321331381798,0.5276373624801636,0.4253813326358795,-0.023773886263370514,0.6089727282524109,0.37648218870162964,-0.03284876048564911,0.6623752117156982,0.35670363903045654,-0.035608720034360886,0.7059835195541382,0.3409757614135742,-0.03817775845527649,0.5328782796859741,0.47729283571243286,-0.042677681893110275,0.6434730291366577,0.46547770500183105,-0.055529750883579254,0.7114197611808777,0.4630269706249237,-0.06447003036737442,0.7628737092018127,0.4606664776802063,-0.07071562856435776,0.5309445858001709,0.5376290678977966,-0.05723607912659645,0.6342114806175232,0.566933274269104,-0.07104939967393875,0.6946163177490234,0.571575939655304,-0.08498946577310562,0.7409010529518127,0.5702686905860901,-0.09579203277826309,0.5227102637290955,0.6020620465278625,-0.06824237108230591,0.5641498565673828,0.614530086517334,-0.07133706659078598,0.5403684377670288,0.602623701095581,-0.06553943455219269,0.5175405740737915,0.5937660336494446,-0.06330961734056473
E,0.3795573115348816,0.5840087532997131,5.774024316451687e-07,0.4332183003425598,0.49791309237480164,0.016621239483356476,0.5059328675270081,0.47380900382995605,0.01567162200808525,0.5567845106124878,0.5098462700843811,0.013689153827726841,0.5907098054885864,0.5404819250106812,0.009859711863100529,0.5285439491271973,0.42323052883148193,-0.02459402196109295,0.6074091196060181,0.37387341260910034,-0.03464914485812187,0.6605939269065857,0.35349172353744507,-0.0377616211771965,0.7039167284965515,0.3378145396709442,-0.04040193930268288,0.5332108736038208,0.47509703040122986,-0.04426799342036247,0.6437622904777527,0.4625977873802185,-0.05830610543489456,0.7118529081344604,0.4604493975639343,-0.06705540418624878,0.7627696394920349,0.4593135118484497,-0.07283586263656616,0.5308396816253662,0.5358942151069641,-0.059612154960632324,0.6361992359161377,0.5637261271476746,-0.07494702935218811,0.6962081789970398,0.5676606893539429,-0.08820730447769165,0.741482138633728,0.5662869811058044,-0.09804852306842804,0.5224069952964783,0.601347029209137,-0.07126765698194504,0.564749538898468,0.6087731122970581,-0.07558821886777878,0.5413450598716736,0.5953724384307861,-0.06944950670003891,0.5178263187408447,0.5868033170700073,-0.06657171994447708
E,0.37883156538009644,0.5832782983779907,5.944676786384662e-07,0.43285760283470154,0.4993303716182709,0.014837903901934624,0.5073894262313843,0.479847252368927,0.012732021510601044,0.5575600862503052,0.5250406265258789,0.009729252196848392,0.5888372659683228,0.5627625584602356,0.00446458300575614,0.5284608602523804,0.42358332872390747,-0.025973482057452202,0.6079489588737488,0.3749593198299408,-0.035596705973148346,0.6610695719718933,0.3549981713294983,-0.038822636008262634,0.7050210237503052,0.3391142785549164,-0.04202768951654434,0.5337779521942139,0.47660550475120544,-0.04523766413331032,0.6430792212486267,0.4642717242240906,-0.058806005865335464,0.7108404040336609,0.461250901222229,-0.06855973601341248,0.7623460292816162,0.45890700817108154,-0.0756869688630104,0.5313843488693237,0.5375471115112305,-0.06022360920906067,0.6355324983596802,0.5639928579330444,-0.0760766789317131,0.6959704160690308,0.5668681859970093,-0.09148634225130081,0.7417248487472534,0.564704179763794,-0.1031460091471672,0.5230168104171753,0.6019142270088196,-0.0715775266289711,0.5631540417671204,0.6050008535385132,-0.0778510794043541,0.5382307171821594,0.5910300612449646,-0.07377390563488007,0.5141335129737854,0.5828588604927063,-0.07251621037721634
E,0.3793657422065735,0.5838586091995239,5.789177066617412e-07,0.42938947677612305,0.4984413981437683,0.012261995114386082,0.501762866973877,0.47039681673049927,0.01035186555236578,0.5539102554321289,0.502922534942627,0.007757778745144606,0.5891852378845215,0.5337743163108826,0.0030860858969390392,0.5245588421821594,0.4202471375465393,-0.025532715022563934,0.6040797233581543,0.3701932430267334,-0.0363677479326725,0.6572446823120117,0.3492266535758972,-0.04031837731599808,0.7003368735313416,0.33397799730300903,-0.04330523684620857,0.5316411852836609,0.47232311964035034,-0.04348202049732208,0.6410113573074341,0.45851758122444153,-0.05582079291343689,0.7083616256713867,0.4535987079143524,-0.06466563791036606,0.7593806982040405,0.4516707956790924,-0.07077418267726898,0.529958188533783,0.5326812863349915,-0.05771299824118614,0.6342267394065857,0.5546016097068787,-0.07219098508358002,0.693748414516449,0.5564296245574951,-0.08676706999540329,0.7386273741722107,0.5556560754776001,-0.09800906479358673,0.5211573243141174,0.596952497959137,-0.06884030252695084,0.5581667423248291,0.6052907705307007,-0.07563582807779312,0.5363511443138123,0.5938074588775635,-0.07227451354265213,0.5149028897285461,0.5881843566894531,-0.07099855691194534
E,0.37647101283073425,0.5814197063446045,6.128667564553325e-07,0.42937642335891724,0.4981246888637543,0.0117518724873662,0.5053331851959229,0.4799728989601135,0.008280793204903603,0.5576026439666748,0.5285537838935852,0.004629636183381081,0.5883926749229431,0.567314863204956,-0.0008646038477309048,0.5243251919746399,0.42107364535331726,-0.028368176892399788,0.6049445271492004,0.3726990222930908,-0.038168057799339294,0.657349705696106,0.3519687056541443,-0.04206234589219093,0.7011069059371948,0.33511650562286377,-0.04595813527703285,0.5293293595314026,0.47333845496177673,-0.0458153560757637,0.6373891830444336,0.45810234546661377,-0.05991622433066368,0.7053318023681641,0.4539867639541626,-0.07094943523406982,0.7576836943626404,0.451553612947464,-0.07929855585098267,0.5275018811225891,0.5334630608558655,-0.059048108756542206,0.6306682825088501,0.5575420260429382,-0.0751519724726677,0.691755473613739,0.5598363876342773,-0.09150548279285431,0.7385066747665405,0.5585054755210876,-0.10397491604089737,0.5204259157180786,0.5968002080917358,-0.06893273442983627,0.562576174736023,0.6022855043411255,-0.07538742572069168,0.5379325151443481,0.5903132557868958,-0.07185913622379303,0.5145907998085022,0.5841814279556274,-0.07120275497436523
E,0.3779325485229492,0.581497848033905,5.91703837926616e-07,0.43028250336647034,0.4962323307991028,0.014472142793238163,0.5043500661849976,0.4751428961753845,0.012556197121739388,0.5558999180793762,0.5196669697761536,0.010098685510456562,0.5884386301040649,0.5566312074661255,0.005796643905341625,0.5234209299087524,0.421629399061203,-0.026406196877360344,0.6049211621284485,0.3716100752353668,-0.035942841321229935,0.6578670740127563,0.3509203791618347,-0.039002157747745514,0.7015231847763062,0.3348487615585327,-0.04200345650315285,0.5289377570152283,0.47365301847457886,-0.04492449760437012,0.63810795545578,0.4588610529899597,-0.0590992346405983,0.705941379070282,0.4553288519382477,-0.06900545209646225,0.7575802206993103,0.45288124680519104,-0.07606689631938934,0.52738356590271,0.5337470769882202,-0.05908609926700592,0.6315956711769104,0.5587518811225891,-0.07515715062618256,0.6925512552261353,0.5616933703422546,-0.09016599506139755,0.7389726638793945,0.5595228672027588,-0.10140223801136017,0.5197252631187439,0.5980077385902405,-0.06960538029670715,0.5643268823623657,0.6052281856536865,-0.07508004456758499,0.5405208468437195,0.5937598943710327,-0.0699516236782074,0.5171215534210205,0.5868352651596069,-0.06803218275308609
E,0.3776201009750366,0.5819948315620422,5.979118213872425e-07,0.429660439491272,0.4971431791782379,0.014530996792018414,0.5044892430305481,0.47723138332366943,0.012376579456031322,0.5566575527191162,0.5225515961647034,0.009987223893404007,0.5898991823196411,0.5580786466598511,0.005776680074632168,0.5239267945289612,0.42087072134017944,-0.02803215943276882,0.6050406098365784,0.3716478645801544,-0.03743433579802513,0.6577242016792297,0.35117822885513306,-0.04036307334899902,0.7015876173973083,0.33477991819381714,-0.04336698725819588,0.5284586548805237,0.4732531011104584,-0.04616034775972366,0.6380666494369507,0.4582682251930237,-0.06086351349949837,0.7058202028274536,0.45485764741897583,-0.07105837762355804,0.7578486800193787,0.4526910185813904,-0.07839323580265045,0.5264726877212524,0.533362865447998,-0.059649527072906494,0.6311802864074707,0.5588634014129639,-0.07601219415664673,0.6925233602523804,0.562491238117218,-0.09104975312948227,0.7395655512809753,0.561784029006958,-0.10227834433317184,0.5191266536712646,0.5969522595405579,-0.06937084347009659,0.5631290078163147,0.6033862233161926,-0.07443355023860931,0.5382963418960571,0.5917495489120483,-0.06907301396131516,0.5147296786308289,0.5854079723358154,-0.06712989509105682
E,0.37786638736724854,0.5805295705795288,6.030974759596575e-07,0.42993736267089844,0.4971819519996643,0.014028690755367279,0.5051730871200562,0.47878292202949524,0.011558305472135544,0.5564438700675964,0.5263879299163818,0.008789454586803913,0.5879265069961548,0.5640593767166138,0.004068741574883461,0.5245619416236877,0.42000287771224976,-0.027371490374207497,0.6056534051895142,0.37172731757164,-0.0360013023018837,0.6579304933547974,0.35153937339782715,-0.03869449347257614,0.7013319730758667,0.3349117636680603,-0.041762299835681915,0.5294373035430908,0.4724089503288269,-0.04530482366681099,0.6385019421577454,0.4579438865184784,-0.05848286300897598,0.7058354616165161,0.4545848071575165,-0.06861292570829391,0.7576918601989746,0.45229190587997437,-0.07639829069375992,0.527404248714447,0.5323885679244995,-0.058694880455732346,0.6319250464439392,0.5582072734832764,-0.0740194097161293,0.6932030916213989,0.5614616274833679,-0.08976620435714722,0.7400833368301392,0.5604830980300903,-0.10201819241046906,0.5204461812973022,0.5956546068191528,-0.06839507818222046,0.5626043677330017,0.6030166745185852,-0.07349123805761337,0.5378737449645996,0.5920500159263611,-0.06902515888214111,0.5146950483322144,0.5862277150154114,-0.06798658519983292
E,0.3839944005012512,0.5782487988471985,5.94299478962057e-07,0.43448522686958313,0.49306023120880127,0.014981011860072613,0.5054417848587036,0.4666323959827423,0.013222997076809406,0.556186318397522,0.49929162859916687,0.010938471183180809,0.5898417234420776,0.527014434337616,0.007336603477597237,0.5284396409988403,0.41834011673927307,-0.026579109951853752,0.6093461513519287,0.3689303994178772,-0.03765735402703285,0.6626579165458679,0.34943699836730957,-0.04109465330839157,0.7052714228630066,0.33497464656829834,-0.04366425424814224,0.5333736538887024,0.4691503942012787,-0.045234814286231995,0.6432272791862488,0.45597749948501587,-0.061066675931215286,0.7106362581253052,0.4539671242237091,-0.07014401257038116,0.7612822651863098,0.45327430963516235,-0.0757562518119812,0.5315079092979431,0.5286030173301697,-0.05963316187262535,0.634867250919342,0.556907057762146,-0.07624847441911697,0.6940916776657104,0.5625013709068298,-0.08889535069465637,0.7396389245986938,0.5635054707527161,-0.09801224619150162,0.5235366821289062,0.5929116010665894,-0.07050348073244095,0.5661587715148926,0.6053148508071899,-0.0756249874830246,0.5430851578712463,0.595449686050415,-0.06924924999475479,0.5207399129867554,0.5892688632011414,-0.06600437313318253
E,0.38284939527511597,0.5776792764663696,6.039011282155116e-07,0.433589369058609,0.4968605041503906,0.01319295447319746,0.5060810446739197,0.4776510000228882,0.010399335995316505,0.5566763877868652,0.522733211517334,0.00698432419449091,0.5876453518867493,0.5608680844306946,0.001961746718734503,0.5287032127380371,0.4190139174461365,-0.02660725638270378,0.6086167097091675,0.37028220295906067,-0.0375007763504982,0.6611135005950928,0.3497998118400574,-0.04145481437444687,0.7038877010345459,0.3343879282474518,-0.04462572559714317,0.5339919328689575,0.4697948098182678,-0.044582195580005646,0.6425603628158569,0.4556659758090973,-0.05985954776406288,0.7093339562416077,0.4527321457862854,-0.06961318850517273,0.759972333908081,0.45203524827957153,-0.07594583183526993,0.5323358178138733,0.5293707847595215,-0.05841697007417679,0.6343019008636475,0.5529014468193054,-0.07350748032331467,0.6927154064178467,0.5562995076179504,-0.08633239567279816,0.7377195358276367,0.5561817288398743,-0.0957629606127739,0.5241873860359192,0.5932700634002686,-0.06910490989685059,0.565956175327301,0.6024486422538757,-0.07216458022594452,0.5433525443077087,0.591917872428894,-0.0653410255908966,0.5217551589012146,0.5868585705757141,-0.06211564689874649
E,0.3928164839744568,0.5732284784317017,6.479215812760231e-07,0.4416385889053345,0.48887813091278076,0.015039029531180859,0.5122262835502625,0.4618329107761383,0.014180710539221764,0.5629094243049622,0.49273890256881714,0.012180966325104237,0.5985806584358215,0.5215566754341125,0.00904931128025055,0.5374561548233032,0.41266047954559326,-0.02079072594642639,0.6168487668037415,0.3632964789867401,-0.031793709844350815,0.669636607170105,0.34346967935562134,-0.03538557514548302,0.7120600342750549,0.3309687376022339,-0.03759610280394554,0.545457124710083,0.46313390135765076,-0.03938036039471626,0.6560921669006348,0.44943517446517944,-0.0519045889377594,0.722179114818573,0.45015326142311096,-0.05933566763997078,0.7719120979309082,0.45584043860435486,-0.06381698697805405,0.5430253744125366,0.5228645205497742,-0.05432741716504097,0.6469323635101318,0.5492920875549316,-0.06724407523870468,0.6996214389801025,0.5611616373062134,-0.07699355483055115,0.7388334274291992,0.5692680478096008,-0.08432262390851974,0.5328789949417114,0.5864678025245667,-0.06628066301345825,0.5732256770133972,0.600062906742096,-0.06947684288024902,0.553952693939209,0.5942611694335938,-0.06231852248311043,0.5356872081756592,0.5920218229293823,-0.05815129354596138
E,0.39261192083358765,0.5735582709312439,5.934964519838104e-07,0.44320249557495117,0.49137574434280396,0.01128855999559164,0.5161824822425842,0.4707120358943939,0.00832818727940321,0.5663939118385315,0.5163524150848389,0.004373213276267052,0.5958452224731445,0.5571554899215698,-0.0014875915367156267,0.5401355028152466,0.41407114267349243,-0.02239653468132019,0.6178383231163025,0.3661876916885376,-0.0321839302778244,0.6690011620521545,0.3446277976036072,-0.03620170056819916,0.7114405035972595,0.32896581292152405,-0.03993099927902222,0.547054648399353,0.4651748836040497,-0.040042147040367126,0.6540085673332214,0.4490443468093872,-0.05277976766228676,0.7201617360115051,0.44722825288772583,-0.06264784932136536,0.7708206176757812,0.4516626298427582,-0.06972993165254593,0.5448839068412781,0.5257289409637451,-0.05423770099878311,0.6472578644752502,0.546147346496582,-0.06957624107599258,0.7059859037399292,0.5508033037185669,-0.08530230820178986,0.7499990463256836,0.5562201738357544,-0.09699159860610962,0.536146879196167,0.590612530708313,-0.06547660380601883,0.5746870636940002,0.5942818522453308,-0.07224824279546738,0.5516242980957031,0.584633469581604,-0.0691179484128952,0.5289015769958496,0.5849085450172424,-0.06826914846897125
E,0.40581750869750977,0.5687382221221924,6.402437406904937e-07,0.4544185698032379,0.4771691858768463,0.01022399589419365,0.5282322764396667,0.4536958336830139,0.007413537707179785,0.5791308879852295,0.5009467005729675,0.005256052128970623,0.6121218204498291,0.5409877896308899,0.001267140731215477,0.5540220141410828,0.4033683240413666,-0.026889663189649582,0.6338805556297302,0.35683730244636536,-0.03615264967083931,0.6871998906135559,0.33611220121383667,-0.040579959750175476,0.731870174407959,0.32293736934661865,-0.044531747698783875,0.56331467628479,0.4647924304008484,-0.04172897711396217,0.669644832611084,0.4467160701751709,-0.05481134355068207,0.7378450632095337,0.44012153148651123,-0.06713131070137024,0.7901946306228638,0.4398691952228546,-0.07707136869430542,0.56279456615448,0.5291057825088501,-0.052476249635219574,0.6666963696479797,0.5498207807540894,-0.06985113769769669,0.7247493267059326,0.5528383851051331,-0.08865199983119965,0.7661147117614746,0.558735728263855,-0.10255219787359238,0.5568469762802124,0.5896599888801575,-0.059612397104501724,0.5939890146255493,0.5778804421424866,-0.0700102150440216,0.5693125128746033,0.5645371675491333,-0.07007425278425217,0.5457014441490173,0.5645076036453247,-0.07131673395633698
E,0.4041522741317749,0.5709884166717529,5.741538302572735e-07,0.4540047347545624,0.48225221037864685,0.013791149482131004,0.5290588140487671,0.4595811665058136,0.013845548033714294,0.5796027779579163,0.5016224384307861,0.013379327021539211,0.6114069223403931,0.5407355427742004,0.011569292284548283,0.5550719499588013,0.40541622042655945,-0.01721309684216976,0.6346170902252197,0.35610368847846985,-0.024998491629958153,0.6881736516952515,0.3357189893722534,-0.027988994494080544,0.7316464185714722,0.3225972652435303,-0.03038438968360424,0.5638216733932495,0.4650394916534424,-0.0338689461350441,0.6712706685066223,0.44882914423942566,-0.046867307275533676,0.7390789985656738,0.4440307319164276,-0.05749957263469696,0.7901327610015869,0.4432636499404907,-0.06474193930625916,0.5630148649215698,0.5280589461326599,-0.04678897187113762,0.6658892631530762,0.5462689995765686,-0.06270299851894379,0.7252750396728516,0.5484042763710022,-0.07858441025018692,0.768618643283844,0.5503359436988831,-0.08945450186729431,0.5550947189331055,0.5896779298782349,-0.056104209274053574,0.595879077911377,0.5786436796188354,-0.06173776462674141,0.5724743604660034,0.5648856163024902,-0.057067520916461945,0.5473162531852722,0.5625095963478088,-0.05474058538675308
E,0.42533209919929504,0.5566260814666748,5.799232098979701e-07,0.4749701917171478,0.4650776982307434,0.016140222549438477,0.5515179634094238,0.4369089603424072,0.01675265282392502,0.605054497718811,0.4612898826599121,0.01635606214404106,0.6420602798461914,0.48829200863838196,0.014502786099910736,0.5820311307907104,0.3945651352405548,-0.01768197864294052,0.6598631143569946,0.34645330905914307,-0.029059311375021935,0.7142095565795898,0.32516181468963623,-0.03486724570393562,0.7581363916397095,0.31019526720046997,-0.03884517773985863,0.5906838178634644,0.449465274810791,-0.0355190709233284,0.6971110105514526,0.43365105986595154,-0.047130338847637177,0.7652733325958252,0.4323413670063019,-0.05564969405531883,0.8164126873016357,0.4322318732738495,-0.06206684187054634,0.5890600681304932,0.5104444026947021,-0.050131265074014664,0.687732458114624,0.533124566078186,-0.06380623579025269,0.7464430928230286,0.5404621362686157,-0.07700148224830627,0.7900199890136719,0.5451878309249878,-0.08683489263057709,0.5800946354866028,0.571874737739563,-0.061586931347846985,0.623557984828949,0.5669336318969727,-0.06826505810022354,0.607082188129425,0.5519384741783142,-0.065455861389637,0.5891181230545044,0.5422744154930115,-0.06419899314641953
E,0.4217652976512909,0.5550371408462524,4.714507326752937e-07,0.47608914971351624,0.46346262097358704,0.015445789322257042,0.5544392466545105,0.43671080470085144,0.01742149516940117,0.6083303689956665,0.45857930183410645,0.018675489351153374,0.6459015607833862,0.4811714291572571,0.018902495503425598,0.5819300413131714,0.3949148654937744,-0.01690865308046341,0.6613240242004395,0.35075104236602783,-0.02964598871767521,0.7157331705093384,0.3293238878250122,-0.03660642355680466,0.7607219219207764,0.31603288650512695,-0.041263092309236526,0.5905603766441345,0.4527241289615631,-0.03358621150255203,0.6965911984443665,0.43818041682243347,-0.046124424785375595,0.7645574808120728,0.4353479743003845,-0.0566103495657444,0.815510094165802,0.4362924098968506,-0.06465435773134232,0.590139627456665,0.514918863773346,-0.04707695543766022,0.6883206367492676,0.5376361608505249,-0.060589369386434555,0.7472309470176697,0.5447203516960144,-0.07448998093605042,0.7901811003684998,0.5504464507102966,-0.08486215770244598,0.5828840136528015,0.5744409561157227,-0.05757947266101837,0.6211977005004883,0.565711259841919,-0.0641574040055275,0.6046908497810364,0.5483002066612244,-0.06265520304441452,0.5875319242477417,0.5387320518493652,-0.062272850424051285
E,0.4592186212539673,0.5418365001678467,6.133201964075852e-07,0.5151612162590027,0.44977712631225586,0.019103895872831345,0.5941042900085449,0.423457533121109,0.018161630257964134,0.6535423398017883,0.44215482473373413,0.014832152985036373,0.6958150863647461,0.46925804018974304,0.01166570745408535,0.6227994561195374,0.3832539916038513,-0.0134330615401268,0.701427161693573,0.33736544847488403,-0.029822519049048424,0.7566701769828796,0.31806525588035583,-0.03943526744842529,0.8009071350097656,0.3094058036804199,-0.04418687894940376,0.630290687084198,0.43736782670021057,-0.031945742666721344,0.7392857670783997,0.4286000430583954,-0.04522034898400307,0.8056567311286926,0.4322199821472168,-0.052849724888801575,0.8535637259483337,0.43915480375289917,-0.057457610964775085,0.6300588250160217,0.49835336208343506,-0.04734814167022705,0.7352880239486694,0.527829110622406,-0.058279890567064285,0.7912818789482117,0.5414652228355408,-0.062280379235744476,0.8298337459564209,0.5504313707351685,-0.06435786932706833,0.6219433546066284,0.5601724982261658,-0.06019265204668045,0.6925010681152344,0.571774423122406,-0.060754790902137756,0.7122235298156738,0.5706901550292969,-0.051939692348241806,0.7253944873809814,0.5674134492874146,-0.04526498168706894
E,0.45951807498931885,0.5419301390647888,4.916894340567524e-07,0.5184114575386047,0.4532768726348877,0.01844700612127781,0.5977392792701721,0.4200909435749054,0.02075495570898056,0.6562219262123108,0.4239802360534668,0.0207116287201643,0.6985048651695251,0.43876463174819946,0.020585544407367706,0.6259182095527649,0.3818787932395935,-0.008535902947187424,0.7058699131011963,0.3393588066101074,-0.021481232717633247,0.7613958716392517,0.32267704606056213,-0.028584852814674377,0.8056718111038208,0.31526273488998413,-0.03221109136939049,0.6346665620803833,0.4384757876396179,-0.02728099562227726,0.7423434257507324,0.42911869287490845,-0.03997998312115669,0.8088361024856567,0.4303535223007202,-0.04827689379453659,0.8587818145751953,0.4364790916442871,-0.053431350737810135,0.6336359977722168,0.5009755492210388,-0.0431523323059082,0.7357543110847473,0.5271320343017578,-0.054878510534763336,0.7904067635536194,0.538274347782135,-0.06030505523085594,0.828784167766571,0.5455591082572937,-0.06339498609304428,0.6239400506019592,0.5640600919723511,-0.05647923797369003,0.6879037022590637,0.5677376389503479,-0.05787636339664459,0.6949126720428467,0.5619981288909912,-0.04887402057647705,0.6947284936904907,0.5565207004547119,-0.04226817935705185
E,0.49992650747299194,0.5349454283714294,6.535698844345461e-07,0.5648396015167236,0.44527074694633484,0.02214916981756687,0.6475107073783875,0.4312590956687927,0.02308610826730728,0.7044101357460022,0.473416268825531,0.01988391950726509,0.7406279444694519,0.5139263868331909,0.015213998034596443,0.672014594078064,0.3781939148902893,-0.004702107515186071,0.7524940371513367,0.33473774790763855,-0.01496188249439001,0.8072659969329834,0.32065504789352417,-0.019946739077568054,0.851659893989563,0.315027117729187,-0.023312531411647797,0.6783949136734009,0.4328395128250122,-0.028243500739336014,0.7871354818344116,0.42494285106658936,-0.040816280990839005,0.8533732891082764,0.4314626455307007,-0.049597714096307755,0.9028733372688293,0.44103631377220154,-0.05509747192263603,0.6732432842254639,0.49554115533828735,-0.04885321855545044,0.7782713770866394,0.5204080939292908,-0.06392627209424973,0.834600031375885,0.5373390316963196,-0.07432710379362106,0.8761128187179565,0.5496863722801208,-0.08081672340631485,0.6594200730323792,0.5615817308425903,-0.06610074639320374,0.7209146618843079,0.5582213401794434,-0.07149438560009003,0.71612948179245,0.5573692321777344,-0.06450065970420837,0.7060881853103638,0.5617112517356873,-0.05954039469361305
E,0.4981462061405182,0.5341201424598694,5.285397719489993e-07,0.5608653426170349,0.4457511007785797,0.021862991154193878,0.6422970294952393,0.43187832832336426,0.02570429816842079,0.6955556273460388,0.4811476171016693,0.02590121515095234,0.7299028038978577,0.5264601111412048,0.025429001078009605,0.6710383892059326,0.37861204147338867,-0.0019935283344238997,0.7537496089935303,0.3364737033843994,-0.010375949554145336,0.8087120056152344,0.32293421030044556,-0.01453420426696539,0.8539319634437561,0.3171194791793823,-0.017377547919750214,0.67635178565979,0.43299782276153564,-0.024625679478049278,0.7862653136253357,0.4238150119781494,-0.037479571998119354,0.8554542064666748,0.43060004711151123,-0.046929363161325455,0.9077157974243164,0.4412793517112732,-0.05282513424754143,0.6730055809020996,0.49515846371650696,-0.04443264752626419,0.7740271091461182,0.525123119354248,-0.05786686763167381,0.8310409784317017,0.5410149693489075,-0.06798645853996277,0.8728264570236206,0.5523359775543213,-0.07392052561044693,0.6609350442886353,0.5596323013305664,-0.061137039214372635,0.723939061164856,0.5583465099334717,-0.06042395532131195,0.7149918675422668,0.5539126396179199,-0.04958038777112961,0.7000090479850769,0.556901752948761,-0.04270588606595993
E,0.5447723269462585,0.5250231027603149,7.015169671831245e-07,0.6057686805725098,0.4360229969024658,0.009707778692245483,0.6888692378997803,0.4171096682548523,0.008556016720831394,0.7433569431304932,0.44927987456321716,0.006068022456020117,0.7767778635025024,0.48216474056243896,0.0015015567187219858,0.7210577130317688,0.3823067843914032,-0.016360798850655556,0.8047714233398438,0.34252023696899414,-0.030608592554926872,0.8607584834098816,0.3327381908893585,-0.03961948677897453,0.9049615859985352,0.3302023410797119,-0.04470231384038925,0.7307196855545044,0.4460972845554352,-0.03227032721042633,0.8385763168334961,0.4478549063205719,-0.03669167309999466,0.9062410593032837,0.4504818618297577,-0.044732045382261276,0.9567381143569946,0.4528350830078125,-0.051595289260149,0.7239202260971069,0.5103660821914673,-0.04658576473593712,0.8204365968704224,0.5419061779975891,-0.05489680543541908,0.8779374361038208,0.5548519492149353,-0.07185152918100357,0.9206857085227966,0.5641219615936279,-0.08623423427343369,0.7060891389846802,0.5706043243408203,-0.05874501168727875,0.7319921255111694,0.5916682481765747,-0.06826841831207275,0.7201775908470154,0.5921618342399597,-0.07140275090932846,0.707825779914856,0.5900934338569641,-0.07395051419734955
E,0.5417008399963379,0.5276750326156616,5.626502002087364e-07,0.603875994682312,0.43929773569107056,0.0090699577704072,0.6876496076583862,0.41981714963912964,0.007045652251690626,0.7432616949081421,0.4526555836200714,0.0030273422598838806,0.7774709463119507,0.4863133132457733,-0.0028142426162958145,0.7165238261222839,0.379163920879364,-0.01372459251433611,0.8033745288848877,0.34045833349227905,-0.02883733995258808,0.8613981604576111,0.3320322334766388,-0.038763366639614105,0.9062427878379822,0.3326249122619629,-0.044630371034145355,0.7254205346107483,0.44407162070274353,-0.031066566705703735,0.8340345025062561,0.44695845246315,-0.038573455065488815,0.9029695987701416,0.45183008909225464,-0.0485144667327404,0.9530144333839417,0.4587159752845764,-0.056269571185112,0.7208439111709595,0.5103140473365784,-0.0472366139292717,0.8153640627861023,0.544379472732544,-0.05788484215736389,0.8755447864532471,0.5589829087257385,-0.07554052025079727,0.9181798696517944,0.5688052773475647,-0.08999516814947128,0.7057039141654968,0.5744341611862183,-0.061520978808403015,0.7379681468009949,0.5968180298805237,-0.07167091220617294,0.7277830243110657,0.600053071975708,-0.07406830787658691,0.7140113115310669,0.6014223098754883,-0.07600391656160355
E,0.5995419025421143,0.5179267525672913,6.06441915351752e-07,0.6709380745887756,0.5404749512672424,0.02827327325940132,0.7436052560806274,0.5406214594841003,0.039255183190107346,0.8002685308456421,0.5345839262008667,0.045709554105997086,0.8349875807762146,0.526911735534668,0.05056988447904587,0.7978694438934326,0.5103541016578674,0.01463530957698822,0.8927896618843079,0.5163899660110474,0.009796716272830963,0.9591213464736938,0.5262280106544495,0.004567120689898729,1.009941577911377,0.5346583127975464,0.0011997184483334422,0.8077280521392822,0.4813118577003479,-0.0034224088303744793,0.9113202095031738,0.5042912364006042,-0.0070043522864580154,0.9780251979827881,0.5242241024971008,-0.013135210610926151,1.0280689001083374,0.5427985787391663,-0.017899196594953537,0.8071411848068237,0.454402357339859,-0.018877234309911728,0.9036155939102173,0.4717143774032593,-0.02429875172674656,0.9653995037078857,0.49776971340179443,-0.029916012659668922,1.0105159282684326,0.5200837254524231,-0.03433423861861229,0.7984728813171387,0.42679935693740845,-0.0310427937656641,0.8761131167411804,0.4053589403629303,-0.038050226867198944,0.9238172769546509,0.39718297123908997,-0.03841281309723854,0.9670982956886292,0.39094749093055725,-0.03785551339387894
E,0.6491810083389282,0.5116159915924072,5.219662853050977e-07,0.7180266380310059,0.43790513277053833,0.02013937197625637,0.788855791091919,0.4164378046989441,0.019970573484897614,0.8430348038673401,0.4329356551170349,0.015836408361792564,0.8782684803009033,0.46098220348358154,0.010048062540590763,0.8322840929031372,0.3836260735988617,-0.013863218016922474,0.9255775809288025,0.3482856750488281,-0.02984008379280567,0.9837851524353027,0.3465195894241333,-0.037373121827840805,1.0269041061401367,0.35571494698524475,-0.040239252150058746,0.8400053977966309,0.43512967228889465,-0.03363415598869324,0.9451343417167664,0.445030152797699,-0.045519839972257614,1.0072929859161377,0.46608689427375793,-0.052016668021678925,1.0477910041809082,0.4910580515861511,-0.05549256131052971,0.8308815360069275,0.4985135495662689,-0.05073334276676178,0.9266794323921204,0.5407772660255432,-0.06238878145813942,0.9875736236572266,0.5727856159210205,-0.07135731726884842,1.0308245420455933,0.6012144088745117,-0.07778424024581909,0.8104380369186401,0.565064549446106,-0.064672090113163,0.8749539852142334,0.6158123016357422,-0.07280537486076355,0.9170759320259094,0.6438052654266357,-0.07319663465023041,0.9530975222587585,0.664037823677063,-0.07240213453769684
E,0.659631609916687,0.5102906227111816,5.447075750453223e-07,0.7216732501983643,0.4357801377773285,0.02078401856124401,0.7943896651268005,0.4141276180744171,0.021310053765773773,0.849624514579773,0.4331822395324707,0.01810544729232788,0.8872491121292114,0.4646477997303009,0.013117226772010326,0.8383256793022156,0.3835216760635376,-0.012275829911231995,0.9287253618240356,0.35392963886260986,-0.02752533182501793,0.9871662855148315,0.3510558307170868,-0.03485678508877754,1.0309818983078003,0.35825419425964355,-0.0380224771797657,0.8439679145812988,0.43593597412109375,-0.03276999667286873,0.9515407681465149,0.45018118619918823,-0.04406869783997536,1.0129764080047607,0.4699589014053345,-0.049380116164684296,1.054214596748352,0.49254143238067627,-0.05172884464263916,0.8330942988395691,0.5017133951187134,-0.050421882420778275,0.9299291968345642,0.5431089401245117,-0.06149429827928543,0.9874992966651917,0.5716149806976318,-0.06511957198381424,1.0282642841339111,0.5955947637557983,-0.0670800730586052,0.8085441589355469,0.5706007480621338,-0.06519077718257904,0.8784254193305969,0.6187444925308228,-0.0712401270866394,0.9188405871391296,0.6421487331390381,-0.06627859175205231,0.9527785181999207,0.6566410064697266,-0.061297208070755005
E,0.6724669337272644,0.5083284974098206,5.47677871054475e-07,0.7361109256744385,0.4284006953239441,0.025085171684622765,0.8042241930961609,0.410736083984375,0.025225088000297546,0.858169674873352,0.4285382032394409,0.022084316238760948,0.8956549167633057,0.45959869027137756,0.01672614924609661,0.8453579545021057,0.3867456018924713,-0.02143407240509987,0.9380351901054382,0.356497585773468,-0.03852422907948494,0.9973129034042358,0.35392314195632935,-0.04535849019885063,1.0420252084732056,0.36170023679733276,-0.047427788376808167,0.8491693139076233,0.44330477714538574,-0.04298872873187065,0.959125816822052,0.4574442207813263,-0.056696128100156784,1.0189727544784546,0.47739726305007935,-0.06053595989942551,1.059156060218811,0.49859651923179626,-0.06133796647191048,0.8377355337142944,0.5098180770874023,-0.060053352266550064,0.9337518811225891,0.5582448840141296,-0.07057114690542221,0.9898138046264648,0.5848866701126099,-0.07026538252830505,1.0287913084030151,0.6045764684677124,-0.06928348541259766,0.8131915330886841,0.576188325881958,-0.0736423209309578,0.8804712295532227,0.6195939183235168,-0.07554575800895691,0.9175437092781067,0.6396558880805969,-0.06567637622356415,0.948005735874176,0.6500729322433472,-0.05730356648564339
E,0.6712578535079956,0.5107280015945435,5.140960865901434e-07,0.7307890057563782,0.4318768382072449,0.02416527085006237,0.7992123365402222,0.4142969250679016,0.02564118802547455,0.8509284257888794,0.4359213709831238,0.02361830696463585,0.8852776885032654,0.4686172604560852,0.019254619255661964,0.8433200120925903,0.3853920102119446,-0.014993754215538502,0.9331839680671692,0.35710257291793823,-0.029533758759498596,0.9904700517654419,0.35525259375572205,-0.03543781861662865,1.0322285890579224,0.3635064363479614,-0.03713134303689003,0.8493084907531738,0.4438468813896179,-0.035653192549943924,0.9559796452522278,0.460441917181015,-0.046077415347099304,1.0144712924957275,0.4799380898475647,-0.04871157556772232,1.0531178712844849,0.5003774166107178,-0.04888556897640228,0.838334321975708,0.5112850069999695,-0.05257657915353775,0.9338556528091431,0.5597130060195923,-0.062450721859931946,0.9907647967338562,0.5881635546684265,-0.06317027658224106,1.0305970907211304,0.6088875532150269,-0.06285613775253296,0.8125967979431152,0.5766547918319702,-0.0660221129655838,0.8798467516899109,0.6232173442840576,-0.06854086369276047,0.9158540368080139,0.6456257104873657,-0.05918312817811966,0.9448885917663574,0.6579318642616272,-0.05108107998967171
E,0.6706435084342957,0.5099042654037476,4.975559022568632e-07,0.7313042283058167,0.4325486421585083,0.02358878031373024,0.7988407611846924,0.4164624512195587,0.024840911850333214,0.8500153422355652,0.4369683563709259,0.022564303129911423,0.8841747045516968,0.46902620792388916,0.018038682639598846,0.8426896929740906,0.3883952796459198,-0.014871803112328053,0.9290200471878052,0.3590320348739624,-0.03019353188574314,0.985106348991394,0.35454726219177246,-0.03710838034749031,1.0271250009536743,0.3603552579879761,-0.03963189944624901,0.8472917079925537,0.44539859890937805,-0.03572986274957657,0.9527235627174377,0.4573202431201935,-0.04672756418585777,1.0118722915649414,0.47492703795433044,-0.05007416754961014,1.0510379076004028,0.49488699436187744,-0.05074530839920044,0.8358596563339233,0.5119860768318176,-0.05306564271450043,0.9303585886955261,0.5575971603393555,-0.06368773430585861,0.9870640635490417,0.58482825756073,-0.0654434934258461,1.0267196893692017,0.6043605804443359,-0.06566409021615982,0.8105519413948059,0.5772410035133362,-0.0671052485704422,0.8778076171875,0.6229467391967773,-0.07113806903362274,0.9155026078224182,0.6445004940032959,-0.06357672810554504,0.9468716979026794,0.6562067866325378,-0.05663007125258446
E,0.6707984805107117,0.5113185048103333,4.82168161397567e-07,0.7313907742500305,0.4325330853462219,0.027141327038407326,0.7986199259757996,0.4171559512615204,0.03020847961306572,0.8498449325561523,0.4370836317539215,0.029422177001833916,0.884196937084198,0.4689570367336273,0.026363305747509003,0.8432365655899048,0.38942813873291016,-0.011818496510386467,0.9291436076164246,0.35927826166152954,-0.025553178042173386,0.984602689743042,0.3540027141571045,-0.03170804679393768,1.0263664722442627,0.3595837354660034,-0.033662546426057816,0.8474973440170288,0.4462146759033203,-0.03318977355957031,0.9526773691177368,0.4593934714794159,-0.04229344055056572,1.0109446048736572,0.47731226682662964,-0.04458184167742729,1.0491975545883179,0.49748435616493225,-0.044590871781110764,0.8358529210090637,0.5128024816513062,-0.05061818286776543,0.9312233924865723,0.5590662360191345,-0.059234488755464554,0.987486720085144,0.5857803225517273,-0.05994434654712677,1.026320219039917,0.6055577397346497,-0.059609971940517426,0.8107030391693115,0.5779776573181152,-0.06437637656927109,0.8779816627502441,0.6233962178230286,-0.06594302505254745,0.9147428870201111,0.6455751657485962,-0.05687210336327553,0.9452913403511047,0.6583322286605835,-0.04896968603134155
E,0.6423131227493286,0.4986763298511505,5.103246962789854e-07,0.6927859783172607,0.563180685043335,6.011653022142127e-05,0.7557295560836792,0.5798109769821167,-0.00762743316590786,0.815453827381134,0.5770973563194275,-0.013461850583553314,0.8548794388771057,0.5661704540252686,-0.020822720602154732,0.8024457097053528,0.5525179505348206,-0.04186243563890457,0.8871220350265503,0.6098595857620239,-0.06601916253566742,0.941718578338623,0.6451840400695801,-0.08123777061700821,0.9833179116249084,0.6668916940689087,-0.08983389288187027,0.8189290165901184,0.49218180775642395,-0.04771457239985466,0.9214758276939392,0.5449596643447876,-0.06605423986911774,0.9808484315872192,0.574429452419281,-0.07169370353221893,1.024956464767456,0.5973606109619141,-0.07552015036344528,0.822957456111908,0.4392361044883728,-0.051609139889478683,0.9239600300788879,0.4573231339454651,-0.0679471343755722,0.9844524264335632,0.48076891899108887,-0.07177115231752396,1.0279014110565186,0.5018270015716553,-0.07397323846817017,0.8202352523803711,0.39631932973861694,-0.053882136940956116,0.9002079963684082,0.37620460987091064,-0.06894257664680481,0.9499894976615906,0.36933428049087524,-0.07178740203380585,0.9913449883460999,0.36856549978256226,-0.07219395041465759
E,0.6219735741615295,0.5086155533790588,2.9806747647853626e-07,0.6856063604354858,0.43264952301979065,0.018077587708830833,0.7543419599533081,0.40748313069343567,0.01941501908004284,0.8084796071052551,0.4235512316226959,0.016141638159751892,0.8429946899414062,0.4475459158420563,0.012193097732961178,0.7936586737632751,0.37729549407958984,-0.00807991810142994,0.8761836290359497,0.3437322974205017,-0.025925537571310997,0.9292325973510742,0.3402671217918396,-0.03594107925891876,0.9701341390609741,0.3459819555282593,-0.04072960466146469,0.7974770665168762,0.43244558572769165,-0.028384875506162643,0.9023827314376831,0.43703359365463257,-0.043708305805921555,0.9700825214385986,0.45169955492019653,-0.05387359485030174,1.0182750225067139,0.46978262066841125,-0.05991746857762337,0.7887104153633118,0.49597951769828796,-0.0468798503279686,0.8810132741928101,0.527450680732727,-0.06428766250610352,0.9362661242485046,0.5514868497848511,-0.07690797746181488,0.9755861759185791,0.5712063312530518,-0.08369258791208267,0.7717188000679016,0.5626423954963684,-0.0625942051410675,0.8396714925765991,0.6061650514602661,-0.07546424120664597,0.8786262273788452,0.6326634883880615,-0.0787811353802681,0.9117303490638733,0.6540161371231079,-0.07917062938213348
E,0.6256570816040039,0.5103694796562195,5.256289909993939e-07,0.6827197074890137,0.4421219527721405,0.014473561197519302,0.7516064047813416,0.41615694761276245,0.016407886520028114,0.803182065486908,0.43251124024391174,0.015901261940598488,0.8345249891281128,0.4629751145839691,0.014902723021805286,0.7942484021186829,0.3889395296573639,-0.004445145837962627,0.8794162273406982,0.3588568866252899,-0.01585794799029827,0.9324371218681335,0.35513246059417725,-0.022742584347724915,0.9733644127845764,0.35857993364334106,-0.026180781424045563,0.8003931045532227,0.43534567952156067,-0.019260361790657043,0.9014686346054077,0.4497225880622864,-0.02764458768069744,0.9644576907157898,0.46551233530044556,-0.03504873812198639,1.01210355758667,0.4826689660549164,-0.0395318977534771,0.7938032746315002,0.4897814691066742,-0.03252318501472473,0.8810917735099792,0.5162724256515503,-0.04218614846467972,0.9355299472808838,0.543434202671051,-0.04911302775144577,0.9765803217887878,0.5673729777336121,-0.05270671844482422,0.7788020968437195,0.5453755855560303,-0.04373253509402275,0.8464697599411011,0.5717244744300842,-0.04927774518728256,0.8813040256500244,0.5875939130783081,-0.046492040157318115,0.9109451174736023,0.5991042256355286,-0.04290509596467018
E,0.602074921131134,0.5056193470954895,5.305064973981644e-07,0.6562875509262085,0.4348434507846832,0.00966334156692028,0.7273692488670349,0.40905773639678955,0.007142992690205574,0.7818050384521484,0.42232745885849,0.002922765677794814,0.8162795305252075,0.44378629326820374,-0.0022578637581318617,0.7669705152511597,0.3788585066795349,-0.019411034882068634,0.8488205075263977,0.34281307458877563,-0.03869497403502464,0.9028480052947998,0.33841627836227417,-0.050511639565229416,0.94528728723526,0.34216219186782837,-0.05676022917032242,0.7706298828125,0.4330623745918274,-0.03531719744205475,0.873011589050293,0.4360899031162262,-0.05132698640227318,0.938149094581604,0.4494996964931488,-0.06170409545302391,0.9868229627609253,0.46402910351753235,-0.06778949499130249,0.7612000703811646,0.495205283164978,-0.049733538180589676,0.8504433035850525,0.5249453783035278,-0.0667249783873558,0.9084964394569397,0.5521270036697388,-0.07664009928703308,0.9516699910163879,0.5724053382873535,-0.08161807805299759,0.7435040473937988,0.5570576190948486,-0.06213562563061714,0.8130714893341064,0.5978550314903259,-0.07322094589471817,0.8501821756362915,0.6212202906608582,-0.07302601635456085,0.8817798495292664,0.63584303855896,-0.07112271338701248
E,0.6020638346672058,0.5056512355804443,6.441956656999537e-07,0.6590348482131958,0.4347546696662903,0.012543250806629658,0.7318028807640076,0.4122571051120758,0.01184229925274849,0.786902904510498,0.43005892634391785,0.008928737603127956,0.8207023739814758,0.45214393734931946,0.005174344405531883,0.7666122913360596,0.3800588548183441,-0.016618449240922928,0.8466055393218994,0.3433959484100342,-0.03506942838430405,0.9000755548477173,0.33683791756629944,-0.0462755523622036,0.9432958960533142,0.33673736453056335,-0.052054066210985184,0.7699968218803406,0.43191656470298767,-0.03396870195865631,0.8770543932914734,0.43710094690322876,-0.0509665310382843,0.9483044147491455,0.4497935473918915,-0.06287560611963272,1.002406358718872,0.4629746079444885,-0.06955832242965698,0.7601976990699768,0.4922529458999634,-0.04933079332113266,0.8509448766708374,0.5215178728103638,-0.06746930629014969,0.9075785279273987,0.5496528744697571,-0.07814595848321915,0.9501194953918457,0.5709506273269653,-0.08261042833328247,0.742620050907135,0.5537644028663635,-0.0623089000582695,0.8143523335456848,0.5931488275527954,-0.07377942651510239,0.8522014021873474,0.6178845763206482,-0.07298269867897034,0.8843944668769836,0.6336721777915955,-0.07005874067544937
E,0.5666446089744568,0.5057733654975891,5.285024258228077e-07,0.6282985210418701,0.43370193243026733,0.007876280695199966,0.7029366493225098,0.41420966386795044,0.0022713521029800177,0.7593291997909546,0.43449273705482483,-0.004918817896395922,0.795713484287262,0.45854488015174866,-0.012494651600718498,0.7317278385162354,0.38332420587539673,-0.02757866308093071,0.8147640824317932,0.344673752784729,-0.05086599290370941,0.8707634210586548,0.33807846903800964,-0.06417767703533173,0.9163118600845337,0.3413640260696411,-0.07083290070295334,0.7331302165985107,0.43935632705688477,-0.04427284374833107,0.8391011953353882,0.43565618991851807,-0.06383921205997467,0.9063496589660645,0.4475206434726715,-0.07453785091638565,0.9559624195098877,0.462933212518692,-0.0805312991142273,0.7247213125228882,0.5026280879974365,-0.059249646961688995,0.8206157088279724,0.5329806804656982,-0.07776860892772675,0.8807357549667358,0.5569896697998047,-0.08638296276330948,0.9247649908065796,0.574234664440155,-0.0902879387140274,0.7097196578979492,0.5648717880249023,-0.07258754223585129,0.7839420437812805,0.6013349890708923,-0.08297678828239441,0.827011227607727,0.6232097148895264,-0.08187931776046753,0.8635732531547546,0.6373544335365295,-0.07957359403371811
E,0.5652825236320496,0.510601282119751,5.845822101946396e-07,0.6274701952934265,0.4339997172355652,0.010734508745372295,0.7032452821731567,0.41340726613998413,0.0068910932168364525,0.7594486474990845,0.43404239416122437,0.0007893219590187073,0.7946993708610535,0.4592803120613098,-0.005659894086420536,0.7299901843070984,0.38248562812805176,-0.022919664159417152,0.813162624835968,0.3428792953491211,-0.04270618036389351,0.8677654266357422,0.33371907472610474,-0.053414132446050644,0.9127383232116699,0.3326004147529602,-0.058691903948783875,0.7308686375617981,0.43841859698295593,-0.041066840291023254,0.8377158641815186,0.4362242519855499,-0.05934181436896324,0.9059352874755859,0.447258323431015,-0.06967172771692276,0.9567389488220215,0.46064960956573486,-0.07531489431858063,0.7218111753463745,0.5027976036071777,-0.05724622681736946,0.8154094219207764,0.5314617156982422,-0.07555577158927917,0.8748744130134583,0.5555258393287659,-0.08499611169099808,0.9180809259414673,0.5736488699913025,-0.08894499391317368,0.7074159383773804,0.5676255822181702,-0.07134781777858734,0.7830486297607422,0.5989384651184082,-0.0814230814576149,0.8260388970375061,0.6203432679176331,-0.07987997680902481,0.8613958358764648,0.6360794305801392,-0.07704050093889236
E,0.5268025994300842,0.5155588984489441,5.065552954874875e-07,0.5920133590698242,0.43853938579559326,0.002395624527707696,0.6705601215362549,0.4268536865711212,-0.005152249708771706,0.7215625047683716,0.45914211869239807,-0.012083569541573524,0.7507402300834656,0.4948591887950897,-0.020909782499074936,0.6907874941825867,0.3865448832511902,-0.03771103546023369,0.7721284031867981,0.35049325227737427,-0.05905380845069885,0.8292722702026367,0.33946824073791504,-0.07179674506187439,0.8750044107437134,0.337731271982193,-0.0795152336359024,0.6919670104980469,0.44872015714645386,-0.05250459536910057,0.7987703680992126,0.44275933504104614,-0.0695859044790268,0.868949294090271,0.45209911465644836,-0.08110137283802032,0.9197560548782349,0.4629613757133484,-0.08876796811819077,0.6823181509971619,0.5153070688247681,-0.06515278667211533,0.7733118534088135,0.5400325059890747,-0.08386869728565216,0.8332065939903259,0.5585607886314392,-0.10096167773008347,0.8766157031059265,0.5738654136657715,-0.11293381452560425,0.6651289463043213,0.5785555243492126,-0.0758199691772461,0.6943659782409668,0.5780439376831055,-0.08835502713918686,0.677706778049469,0.5602102875709534,-0.08950293064117432,0.6584582924842834,0.5495467185974121,-0.09041779488325119
E,0.5196832418441772,0.5242206454277039,5.777214369118155e-07,0.5820590257644653,0.437487930059433,0.005360647104680538,0.6614348292350769,0.42002713680267334,0.0013677828246727586,0.7145869135856628,0.45529764890670776,-0.001909109647385776,0.7453069090843201,0.4858015179634094,-0.006712157279253006,0.683464527130127,0.38406991958618164,-0.03164733946323395,0.769899845123291,0.34735965728759766,-0.04642847925424576,0.828000545501709,0.3370927572250366,-0.05465817451477051,0.8748871088027954,0.33475714921951294,-0.059689704328775406,0.6844624280929565,0.4509897232055664,-0.04610035568475723,0.7943221926689148,0.44384321570396423,-0.05842800810933113,0.867281436920166,0.45007261633872986,-0.06906868517398834,0.9178150296211243,0.4605519771575928,-0.07698414474725723,0.6756736040115356,0.5195006132125854,-0.05781926214694977,0.7694928646087646,0.545426607131958,-0.07271881401538849,0.8307884931564331,0.5568313598632812,-0.09046660363674164,0.8725757598876953,0.5680572986602783,-0.10378579050302505,0.6605870127677917,0.5833736658096313,-0.06699332594871521,0.6952068209648132,0.5789394974708557,-0.0775742158293724,0.6759131550788879,0.5569775104522705,-0.07793213427066803,0.6521199345588684,0.5432215929031372,-0.07859952747821808
E,0.47697144746780396,0.5326133370399475,5.165437642062898e-07,0.5314380526542664,0.4573413133621216,0.004093895200639963,0.6076430082321167,0.4348401427268982,-0.002457184949889779,0.6634096503257751,0.46575596928596497,-0.008805308490991592,0.6982134580612183,0.5005978345870972,-0.016238514333963394,0.6342757940292358,0.38713088631629944,-0.03162207826972008,0.7228648662567139,0.34758344292640686,-0.051462315022945404,0.7809454202651978,0.33858710527420044,-0.06254202127456665,0.8267019987106323,0.33478987216949463,-0.06927568465471268,0.6338275074958801,0.4428735673427582,-0.048452574759721756,0.7475242614746094,0.44166648387908936,-0.0706956684589386,0.8166465759277344,0.44994765520095825,-0.08398811519145966,0.8713201284408569,0.4565029740333557,-0.09144610911607742,0.62421053647995,0.5048763155937195,-0.06304314732551575,0.7281188368797302,0.5367211699485779,-0.08784022182226181,0.788790762424469,0.5523239970207214,-0.10362280160188675,0.8371212482452393,0.5620619654655457,-0.11280069500207901,0.6079939603805542,0.5691592693328857,-0.07520388066768646,0.6621453166007996,0.5840920805931091,-0.09012988954782486,0.6442397832870483,0.5781338214874268,-0.08660159260034561,0.6245996952056885,0.5760186314582825,-0.08318325132131577
E,0.47013044357299805,0.5367167592048645,6.535932470796979e-07,0.5273269414901733,0.4581848084926605,0.0035842203069478273,0.6091755032539368,0.4408416152000427,-0.0009142046910710633,0.6635236740112305,0.4885263442993164,-0.005575998220592737,0.6923987865447998,0.5290880799293518,-0.0115125747397542,0.6313558220863342,0.38951289653778076,-0.02346176840364933,0.7205139398574829,0.35075506567955017,-0.0363750234246254,0.779350221157074,0.3385750651359558,-0.0441507063806057,0.8265007138252258,0.33162346482276917,-0.05015533044934273,0.6300566792488098,0.4479813277721405,-0.039445046335458755,0.741211473941803,0.44301173090934753,-0.05448329821228981,0.8119789361953735,0.44981157779693604,-0.06842491030693054,0.8658953309059143,0.4596364200115204,-0.07900779694318771,0.6206027865409851,0.5114409923553467,-0.053604308515787125,0.7250231504440308,0.5411595106124878,-0.07461962848901749,0.7842217683792114,0.5523473024368286,-0.09541933238506317,0.827421247959137,0.561730682849884,-0.10968053340911865,0.6066944599151611,0.575188159942627,-0.06529034674167633,0.6611018180847168,0.5745744109153748,-0.08086075633764267,0.6414046883583069,0.5624328851699829,-0.08266016095876694,0.6178602576255798,0.55821293592453,-0.08431853353977203
E,0.41428422927856445,0.5426040291786194,4.741642953831615e-07,0.46984750032424927,0.465386301279068,0.00580717995762825,0.5497697591781616,0.4395348131656647,-0.0008500659605488181,0.6111956238746643,0.4597274363040924,-0.007822554558515549,0.6548877954483032,0.4864043891429901,-0.015325062908232212,0.5731324553489685,0.390094518661499,-0.03194901719689369,0.6590852737426758,0.3479100465774536,-0.055731795728206635,0.7195940017700195,0.33351248502731323,-0.07031147927045822,0.7669679522514343,0.329243004322052,-0.07938879728317261,0.5744324326515198,0.44524428248405457,-0.04960610345005989,0.6862025260925293,0.4369884133338928,-0.07373267412185669,0.7586897015571594,0.44306284189224243,-0.08895126730203629,0.8149539828300476,0.4521219730377197,-0.09874215722084045,0.56769198179245,0.5077541470527649,-0.06487545371055603,0.6796181201934814,0.531629204750061,-0.08966825157403946,0.737407922744751,0.5431854724884033,-0.10358347743749619,0.7806840538978577,0.5508084893226624,-0.1121087521314621,0.5542924404144287,0.5733486413955688,-0.07790184020996094,0.6094446182250977,0.5764480829238892,-0.09397419542074203,0.5992960929870605,0.5680333375930786,-0.0924634337425232,0.587077260017395,0.5649204850196838,-0.0904659554362297
E,0.40750041604042053,0.5465215444564819,6.494337299045583e-07,0.4640467166900635,0.4671339988708496,0.003693103790283203,0.5495819449424744,0.4395572543144226,-0.002550081117078662,0.6136607527732849,0.45926976203918457,-0.009292622096836567,0.6574762463569641,0.48009437322616577,-0.01633780635893345,0.5687347650527954,0.38766366243362427,-0.02675556018948555,0.6554049253463745,0.3488260507583618,-0.04641377925872803,0.7179410457611084,0.33175840973854065,-0.058027420192956924,0.7676396369934082,0.32571321725845337,-0.06563101708889008,0.5694292783737183,0.4408726394176483,-0.0438016913831234,0.6801121830940247,0.4301327168941498,-0.06372677534818649,0.7533672451972961,0.43540915846824646,-0.07652247697114944,0.8094261288642883,0.44873133301734924,-0.08533873409032822,0.5614102482795715,0.5038141012191772,-0.05920564383268356,0.6781610250473022,0.5324212908744812,-0.08248047530651093,0.7326080203056335,0.5457504391670227,-0.09471667557954788,0.7702752351760864,0.5562845468521118,-0.10217375308275223,0.5476904511451721,0.5697363615036011,-0.07273241877555847,0.612016499042511,0.5737372040748596,-0.0897107869386673,0.6071161031723022,0.5690233707427979,-0.0889633521437645,0.5972295999526978,0.5677958130836487,-0.08749818056821823
E,0.3401954770088196,0.5501025319099426,4.3453241005408927e-07,0.3927280306816101,0.48005783557891846,0.0034263443667441607,0.46152275800704956,0.44602787494659424,-0.00762671884149313,0.5157976150512695,0.4635149836540222,-0.01996818743646145,0.5509287118911743,0.4948508143424988,-0.032983481884002686,0.479026734828949,0.39784908294677734,-0.037164606153964996,0.5595787763595581,0.3468793034553528,-0.062289122492074966,0.6098557114601135,0.3314618468284607,-0.07481765002012253,0.6503111720085144,0.3229851722717285,-0.0813692957162857,0.47340139746665955,0.44561687111854553,-0.056118838489055634,0.5899826884269714,0.4320286512374878,-0.0819711685180664,0.6559772491455078,0.43923822045326233,-0.09158825874328613,0.7063820362091064,0.44935309886932373,-0.09567675739526749,0.46322572231292725,0.5062187910079956,-0.07371316105127335,0.5718047618865967,0.5258645415306091,-0.10133472084999084,0.6335726976394653,0.5430240035057068,-0.11208941042423248,0.6815836429595947,0.5531690120697021,-0.11653908342123032,0.45078134536743164,0.5746856331825256,-0.08933303505182266,0.518914520740509,0.5851730704307556,-0.10392438620328903,0.5230967402458191,0.5831067562103271,-0.09885379672050476,0.5206032395362854,0.5781494379043579,-0.09425351023674011
E,0.28857696056365967,0.5662398338317871,6.80359732996294e-07,0.3381240665912628,0.4944888651371002,-0.005875450558960438,0.4089597463607788,0.46066102385520935,-0.019317559897899628,0.4645151197910309,0.4802677035331726,-0.03164152801036835,0.4991067051887512,0.5063257217407227,-0.04420944303274155,0.4253256320953369,0.41620704531669617,-0.05077347531914711,0.505926787853241,0.3610658645629883,-0.07694485038518906,0.5585088133811951,0.3410376310348511,-0.0915159210562706,0.601323664188385,0.3279632031917572,-0.09948942065238953,0.4238011837005615,0.4725465774536133,-0.06336122751235962,0.5403127074241638,0.46490612626075745,-0.08953487128019333,0.608160674571991,0.4602738916873932,-0.10540172457695007,0.6617187857627869,0.45582544803619385,-0.1155543103814125,0.4147036075592041,0.534428060054779,-0.073053278028965,0.515426516532898,0.5657906532287598,-0.09487497061491013,0.5505783557891846,0.5622069239616394,-0.10392948985099792,0.5732724666595459,0.5525071620941162,-0.1085914820432663,0.40132081508636475,0.59505295753479,-0.0820644274353981,0.4659823775291443,0.6205954551696777,-0.09096193313598633,0.4573255777359009,0.6171625852584839,-0.0837409645318985,0.4427429437637329,0.6097776889801025,-0.07813660800457001
E,0.2817962169647217,0.5848461985588074,6.425115088859457e-07,0.32811596989631653,0.505340039730072,0.002388767898082733,0.4010627865791321,0.4693431258201599,-0.004983197897672653,0.45723578333854675,0.4862591624259949,-0.011286572553217411,0.4941052496433258,0.5056310296058655,-0.01903010718524456,0.41927462816238403,0.4185067117214203,-0.0367160439491272,0.4988783597946167,0.36229103803634644,-0.05347582697868347,0.5534437894821167,0.3404669165611267,-0.06180055812001228,0.5971732139587402,0.32221442461013794,-0.0665954053401947,0.4201902151107788,0.46891945600509644,-0.05079388618469238,0.5329408049583435,0.44902488589286804,-0.07199902832508087,0.6030733585357666,0.4437752068042755,-0.08495055139064789,0.6582111120223999,0.43782907724380493,-0.09200557321310043,0.4147956371307373,0.5272287726402283,-0.06150929629802704,0.5219088196754456,0.5443196892738342,-0.08452911674976349,0.5876950025558472,0.5452641844749451,-0.1002773866057396,0.6361972093582153,0.5408166646957397,-0.10921206325292587,0.4045040011405945,0.5879631638526917,-0.06953669339418411,0.4637692868709564,0.5948335528373718,-0.08170384913682938,0.4493073523044586,0.5939326882362366,-0.07683274894952774,0.4282839596271515,0.594109833240509,-0.07249737530946732
E,0.2619076073169708,0.597604513168335,6.349465593302739e-07,0.3080616593360901,0.5140206217765808,0.005471406038850546,0.3805454969406128,0.4738754630088806,-7.628913590451702e-05,0.4395110607147217,0.4833785891532898,-0.005647886078804731,0.4829186499118805,0.49832841753959656,-0.012064093723893166,0.40063250064849854,0.41935744881629944,-0.030886517837643623,0.4784545600414276,0.3655988574028015,-0.05102117359638214,0.5330856442451477,0.34260642528533936,-0.06303995102643967,0.5774617195129395,0.3257136642932892,-0.07059842348098755,0.40078362822532654,0.46542346477508545,-0.04697392135858536,0.5095551013946533,0.44670867919921875,-0.06997101753950119,0.5804812908172607,0.44061946868896484,-0.08596149832010269,0.6357014179229736,0.4378383159637451,-0.09616807103157043,0.39692410826683044,0.5213509798049927,-0.060266029089689255,0.5031142234802246,0.545819103717804,-0.08511590212583542,0.5689915418624878,0.5482274889945984,-0.10379086434841156,0.6182386875152588,0.5468732714653015,-0.11553172767162323,0.38928091526031494,0.5797630548477173,-0.07107137143611908,0.4464568495750427,0.6077275276184082,-0.0881989598274231,0.44395777583122253,0.6237329244613647,-0.0900072455406189,0.43830981850624084,0.6366915702819824,-0.09016382694244385
E,0.2605241537094116,0.5923976898193359,7.115577886906976e-07,0.3100431561470032,0.5100780725479126,0.0033171363174915314,0.3839925527572632,0.4714542031288147,-0.0029216536786407232,0.4419589936733246,0.4809771776199341,-0.008702072314918041,0.48276519775390625,0.49179893732070923,-0.015710242092609406,0.3993695080280304,0.41827017068862915,-0.034404654055833817,0.47762197256088257,0.36176490783691406,-0.05467180535197258,0.5335638523101807,0.3400726318359375,-0.06580256670713425,0.5779879689216614,0.32571280002593994,-0.07218775898218155,0.3992200791835785,0.467138409614563,-0.04957518354058266,0.5077413320541382,0.44524338841438293,-0.0701812207698822,0.5797502994537354,0.4399844706058502,-0.08398649096488953,0.6350176930427551,0.43907779455184937,-0.09258081763982773,0.39505863189697266,0.5253806114196777,-0.06224849820137024,0.500066876411438,0.5472583770751953,-0.08533672243356705,0.5696653127670288,0.5488353967666626,-0.10424799472093582,0.6219840049743652,0.5474681854248047,-0.11669551581144333,0.38669925928115845,0.5846146941184998,-0.07266119867563248,0.4432471692562103,0.6206306219100952,-0.08976911008358002,0.4449324607849121,0.6457870602607727,-0.09199842810630798,0.44247615337371826,0.6674467325210571,-0.09253276139497757
E,0.2566247582435608,0.5995200276374817,7.266466468536237e-07,0.3035828471183777,0.5180573463439941,0.0035786398220807314,0.3780590295791626,0.4775787591934204,-0.002288149669766426,0.4383881986141205,0.4834645390510559,-0.008501534350216389,0.48055729269981384,0.497205913066864,-0.016006791964173317,0.39251092076301575,0.42695969343185425,-0.03469584882259369,0.4719877541065216,0.3688485026359558,-0.057901397347450256,0.5269627571105957,0.34597331285476685,-0.07097457349300385,0.5702526569366455,0.33058786392211914,-0.0781131163239479,0.39305946230888367,0.4725179076194763,-0.05089382827281952,0.5021354556083679,0.4510222375392914,-0.07174202054738998,0.5725767016410828,0.4440290033817291,-0.08619896322488785,0.6254375576972961,0.44233715534210205,-0.09489046782255173,0.38928094506263733,0.5282229781150818,-0.06488973647356033,0.49296554923057556,0.5495574474334717,-0.08975853025913239,0.5602023601531982,0.5510865449905396,-0.1114339604973793,0.6111128330230713,0.5502486824989319,-0.12559866905212402,0.379970520734787,0.5851552486419678,-0.07669754326343536,0.4384298324584961,0.6411246657371521,-0.09826528280973434,0.44925355911254883,0.6798508167266846,-0.10502427816390991,0.45577767491340637,0.7114443182945251,-0.10787150263786316
E,0.255118191242218,0.5969501733779907,6.725844627908373e-07,0.30175626277923584,0.5160686373710632,0.006202342454344034,0.37602129578590393,0.47350117564201355,0.0013898606412112713,0.4360184073448181,0.468649297952652,-0.003379051573574543,0.480970174074173,0.4696495234966278,-0.009344298392534256,0.3936760723590851,0.42409640550613403,-0.03539501875638962,0.47245126962661743,0.3693118691444397,-0.05629528686404228,0.5261492133140564,0.34469112753868103,-0.06724048405885696,0.5692778825759888,0.3264418840408325,-0.07362297177314758,0.391533762216568,0.4701727330684662,-0.05193867161870003,0.501317024230957,0.44804367423057556,-0.07357899844646454,0.5732074975967407,0.4435568153858185,-0.08701930195093155,0.6281378865242004,0.44450587034225464,-0.09534239023923874,0.38753101229667664,0.5270287394523621,-0.06559409946203232,0.4952155649662018,0.5471696853637695,-0.08994235098361969,0.5620432496070862,0.553191602230072,-0.10799945890903473,0.6127492189407349,0.5566900968551636,-0.11970092356204987,0.3806377053260803,0.5851620435714722,-0.07661906629800797,0.4386562407016754,0.6218885183334351,-0.09507450461387634,0.4428728520870209,0.6484594345092773,-0.09838292747735977,0.4441382586956024,0.6708888411521912,-0.09951570630073547
E,0.2570255398750305,0.6009332537651062,7.195641273938236e-07,0.30303940176963806,0.5166847705841064,0.005093615502119064,0.37713077664375305,0.47185537219047546,-0.0002219675952801481,0.4380371570587158,0.46734702587127686,-0.005054396111518145,0.482596755027771,0.46835875511169434,-0.010606727562844753,0.3941660225391388,0.42167603969573975,-0.03640314191579819,0.4728359282016754,0.36849528551101685,-0.058840300887823105,0.5285667777061462,0.3478492498397827,-0.07085885852575302,0.5727756023406982,0.3326217830181122,-0.07735248655080795,0.39093559980392456,0.46625107526779175,-0.0520779974758625,0.502214252948761,0.44886091351509094,-0.07542569190263748,0.5750290751457214,0.4458169937133789,-0.08939734846353531,0.6308361291885376,0.44669046998023987,-0.09740523248910904,0.38699665665626526,0.5220719575881958,-0.06492055207490921,0.49264436960220337,0.5476025938987732,-0.08995993435382843,0.562305212020874,0.5523990392684937,-0.10794824361801147,0.6156044006347656,0.5549623966217041,-0.11912015080451965,0.3803168535232544,0.5797399282455444,-0.07531225681304932,0.4388849139213562,0.6252638697624207,-0.09252690523862839,0.4446555972099304,0.6572299003601074,-0.09456990659236908,0.44669997692108154,0.6842689514160156,-0.09467309713363647
E,0.2587745785713196,0.5903604626655579,8.088378535830998e-07,0.3083952069282532,0.5068124532699585,0.0009568182285875082,0.3824043571949005,0.4681963324546814,-0.007503948640078306,0.4412934184074402,0.47264498472213745,-0.014395080506801605,0.48230499029159546,0.48155131936073303,-0.0224772896617651,0.39691686630249023,0.42104238271713257,-0.046207960695028305,0.479146808385849,0.36554062366485596,-0.06966336071491241,0.5369530916213989,0.3451639413833618,-0.08156274259090424,0.5822091698646545,0.3314477205276489,-0.08771494030952454,0.39588236808776855,0.47201961278915405,-0.05969114974141121,0.5119973421096802,0.45819562673568726,-0.08342713862657547,0.5858743786811829,0.45259830355644226,-0.0972546860575676,0.6411390900611877,0.4497048854827881,-0.10526858270168304,0.39115968346595764,0.5324629545211792,-0.06990991532802582,0.4974632263183594,0.5591878890991211,-0.09205923974514008,0.570328414440155,0.5601447224617004,-0.1090230643749237,0.6246696710586548,0.5590634942054749,-0.12021443247795105,0.3817158043384552,0.5910575985908508,-0.07809316366910934,0.4371354579925537,0.6341179609298706,-0.09201730042695999,0.44595080614089966,0.660250186920166,-0.09266702830791473,0.4494268298149109,0.6819683313369751,-0.09234024584293365
E,0.2642979025840759,0.5972211360931396,6.644895620411262e-07,0.3081723749637604,0.5106295347213745,0.0046877688728272915,0.38177451491355896,0.46630433201789856,-0.00154650688637048,0.44224581122398376,0.4648040235042572,-0.006035964470356703,0.4874116778373718,0.46607333421707153,-0.011277071200311184,0.4001317620277405,0.4168720841407776,-0.042154472321271896,0.4799681603908539,0.36547374725341797,-0.06118234992027283,0.5344489812850952,0.3441717326641083,-0.07015696913003922,0.5782327651977539,0.3258732557296753,-0.07518497109413147,0.3971809148788452,0.46595993638038635,-0.055718887597322464,0.5118827819824219,0.45186030864715576,-0.07935488224029541,0.5848896503448486,0.44874799251556396,-0.09300275892019272,0.6400211453437805,0.4463595151901245,-0.10126973688602448,0.39339208602905273,0.5253986120223999,-0.06518800556659698,0.5025737881660461,0.5531014204025269,-0.08936230838298798,0.5721486210823059,0.5575312972068787,-0.10586516559123993,0.6225864291191101,0.5575202107429504,-0.11619577556848526,0.3878040015697479,0.5850918292999268,-0.07159426808357239,0.44501733779907227,0.6122442483901978,-0.08479193598031998,0.43878576159477234,0.626816987991333,-0.08310799300670624,0.42759642004966736,0.6379687786102295,-0.08160238713026047
E,0.2701343297958374,0.58734530210495,6.929993787707645e-07,0.319688081741333,0.5017567873001099,0.008293340913951397,0.3932550847530365,0.46201619505882263,0.0029878104105591774,0.4535645544528961,0.47258925437927246,-0.0011566843604668975,0.49678173661231995,0.4834664463996887,-0.005971643608063459,0.4120990037918091,0.41100823879241943,-0.038647353649139404,0.4898466467857361,0.3579290509223938,-0.05586040019989014,0.5464838147163391,0.34005558490753174,-0.06423965096473694,0.5917295813560486,0.3256378769874573,-0.06916214525699615,0.4075021743774414,0.4623963236808777,-0.0546129085123539,0.5242814421653748,0.449210524559021,-0.07535593956708908,0.5978845357894897,0.4481157064437866,-0.08657512813806534,0.6529887914657593,0.4461730122566223,-0.09355070441961288,0.4016055762767792,0.5246124863624573,-0.06669944524765015,0.5129035711288452,0.5487890839576721,-0.08668273687362671,0.5806582570075989,0.5560568571090698,-0.09941565245389938,0.6308000087738037,0.5574018955230713,-0.10773613303899765,0.395529568195343,0.5881749391555786,-0.07588842511177063,0.45574766397476196,0.6038286685943604,-0.083858922123909,0.44324028491973877,0.6083283424377441,-0.07845550775527954,0.4266017973423004,0.6100165247917175,-0.07518967986106873
E,0.2686319351196289,0.5938975214958191,6.416752285076655e-07,0.31469476222991943,0.5063127875328064,0.0069207665510475636,0.3878328502178192,0.46184200048446655,0.0014784173108637333,0.4473015367984772,0.4629926383495331,-0.003004473866894841,0.4918624758720398,0.4714741110801697,-0.008338389918208122,0.4074825644493103,0.4150824546813965,-0.03798050060868263,0.48791712522506714,0.3606075644493103,-0.056524015963077545,0.5448744297027588,0.3409445881843567,-0.06527669727802277,0.5898400545120239,0.32567036151885986,-0.06997460126876831,0.407093346118927,0.4657058119773865,-0.05351901426911354,0.5248042345046997,0.4504091739654541,-0.07425706088542938,0.597975492477417,0.44768399000167847,-0.08498520404100418,0.651479959487915,0.44456911087036133,-0.0909845307469368,0.4030376970767975,0.5270118713378906,-0.06546607613563538,0.5130957961082458,0.5488011837005615,-0.08573535084724426,0.5803691148757935,0.5523114800453186,-0.09807757288217545,0.6291210651397705,0.550033688545227,-0.10566946864128113,0.39644095301628113,0.5899490118026733,-0.0746973529458046,0.45155784487724304,0.600045382976532,-0.08397196978330612,0.44034281373023987,0.598349392414093,-0.07901041954755783,0.4237772822380066,0.5954175591468811,-0.07535998523235321
E,0.27302730083465576,0.5799410343170166,8.679791108079371e-07,0.32538020610809326,0.4942614436149597,-0.0015784930437803268,0.3990505039691925,0.45192474126815796,-0.012529228813946247,0.45824211835861206,0.45331624150276184,-0.021447503939270973,0.49975940585136414,0.4640510380268097,-0.031161563470959663,0.41571667790412903,0.4104207456111908,-0.05032343789935112,0.5014669299125671,0.3600741922855377,-0.07145470380783081,0.5596730709075928,0.3420315682888031,-0.08086052536964417,0.6050631999969482,0.32992398738861084,-0.08552829921245575,0.4159184396266937,0.46878886222839355,-0.06273903697729111,0.5393377542495728,0.46574902534484863,-0.08362342417240143,0.6127366423606873,0.46088671684265137,-0.09483427554368973,0.6681187748908997,0.4547114372253418,-0.10165359824895859,0.4077190160751343,0.5328725576400757,-0.07154105603694916,0.5143663883209229,0.565301239490509,-0.08765710145235062,0.5785530209541321,0.5617112517356873,-0.09765934944152832,0.6244220733642578,0.5514624714851379,-0.1050836518406868,0.3935144245624542,0.5937515497207642,-0.0789460688829422,0.45264196395874023,0.6274490356445312,-0.08386344462633133,0.45542460680007935,0.6339257955551147,-0.07743239402770996,0.44969573616981506,0.6337129473686218,-0.07343661785125732
E,0.28150755167007446,0.5755659341812134,9.937670029103174e-07,0.32942596077919006,0.4905378222465515,-0.003290838096290827,0.4076539874076843,0.44812214374542236,-0.01852927729487419,0.4706757962703705,0.4506775438785553,-0.03254804387688637,0.5135856866836548,0.4668634235858917,-0.045129500329494476,0.42367082834243774,0.40664243698120117,-0.058997537940740585,0.514754056930542,0.35732555389404297,-0.08585043996572495,0.5724595785140991,0.3358311951160431,-0.09875461459159851,0.6181657910346985,0.32461658120155334,-0.10519272089004517,0.4230777621269226,0.46888598799705505,-0.07120677828788757,0.54388427734375,0.48190543055534363,-0.09621000289916992,0.6188896894454956,0.4859275817871094,-0.10556084662675858,0.6749358773231506,0.4922960102558136,-0.11134054511785507,0.41458407044410706,0.5363243222236633,-0.07936783134937286,0.4979138970375061,0.5853859186172485,-0.09566168487071991,0.48844948410987854,0.5798324942588806,-0.08569681644439697,0.4702208340167999,0.5682249665260315,-0.0761597603559494,0.40162917971611023,0.5997441411018372,-0.08768395334482193,0.45907139778137207,0.6270713210105896,-0.09112574905157089,0.4449622631072998,0.6240575909614563,-0.07299907505512238,0.42272549867630005,0.6163293123245239,-0.05779215320944786
E,0.28199225664138794,0.576819896697998,8.511966598234721e-07,0.33290183544158936,0.4894959330558777,-0.002641405211761594,0.4087529480457306,0.44798892736434937,-0.014416255056858063,0.4693504571914673,0.46040335297584534,-0.024503590539097786,0.5100443363189697,0.4825381934642792,-0.03474841266870499,0.4254961907863617,0.4039035737514496,-0.05164627730846405,0.5146815180778503,0.35478806495666504,-0.07254063338041306,0.5712934732437134,0.33559584617614746,-0.08273538947105408,0.6167805194854736,0.3217754065990448,-0.08811801671981812,0.4264414608478546,0.46707603335380554,-0.06365262717008591,0.5493423938751221,0.4690721929073334,-0.08218219131231308,0.6211701035499573,0.46658384799957275,-0.0924605205655098,0.6751194000244141,0.4621599614620209,-0.10017674416303635,0.4193197190761566,0.5333763957023621,-0.071839340031147,0.519518256187439,0.5709823966026306,-0.08540432155132294,0.553138792514801,0.5620163083076477,-0.08894652873277664,0.572608470916748,0.5455845594406128,-0.09200815856456757,0.4069103002548218,0.5946832299232483,-0.07917646318674088,0.46542561054229736,0.6156657338142395,-0.0808524340391159,0.4524203836917877,0.6060908436775208,-0.06893561780452728,0.43270719051361084,0.5927860140800476,-0.06118205189704895
E,0.28478479385375977,0.5746257901191711,7.267634600793826e-07,0.3329939842224121,0.48218095302581787,0.004918765742331743,0.41133373975753784,0.43920430541038513,-0.0029634011443704367,0.47346535325050354,0.447071373462677,-0.008173942565917969,0.5179154276847839,0.4635201692581177,-0.014669056050479412,0.4324081242084503,0.3908884525299072,-0.05027274787425995,0.5202211737632751,0.34022441506385803,-0.0676884725689888,0.5820805430412292,0.3234109878540039,-0.07387376576662064,0.6300382018089294,0.31105363368988037,-0.07650433480739594,0.4334658682346344,0.4516286253929138,-0.06442742794752121,0.5560377836227417,0.4379923641681671,-0.08575557917356491,0.6303035020828247,0.4360233247280121,-0.09316469728946686,0.6843566298484802,0.4323745369911194,-0.0960976704955101,0.4283640682697296,0.5209475159645081,-0.0737973153591156,0.5446160435676575,0.5463972687721252,-0.09429620206356049,0.6112983822822571,0.5476630926132202,-0.10243076086044312,0.6580051779747009,0.5442282557487488,-0.1064169853925705,0.4165760278701782,0.5900994539260864,-0.08004936575889587,0.47650375962257385,0.5905079245567322,-0.08609705418348312,0.4587143659591675,0.5767607688903809,-0.07483383268117905,0.43326616287231445,0.5683748126029968,-0.06667204946279526
E,0.2794051170349121,0.5724449157714844,8.156857802532613e-07,0.3335796594619751,0.4811820089817047,0.002265899209305644,0.41044652462005615,0.44101855158805847,-0.008146046660840511,0.46844643354415894,0.4517092704772949,-0.017868541181087494,0.5097329616546631,0.47609543800354004,-0.029097646474838257,0.4299060106277466,0.3970946669578552,-0.050507672131061554,0.5226122736930847,0.3473525047302246,-0.07342618703842163,0.5846392512321472,0.327177494764328,-0.0844639390707016,0.6332074403762817,0.3159037232398987,-0.08998403698205948,0.4334433376789093,0.4613562822341919,-0.065765880048275,0.5595871806144714,0.45369425415992737,-0.08404795825481415,0.6311546564102173,0.44701647758483887,-0.09328451752662659,0.6843664050102234,0.4417296350002289,-0.09972940385341644,0.4258512854576111,0.5312677621841431,-0.07689911872148514,0.5332801938056946,0.5585021376609802,-0.08975642919540405,0.579084575176239,0.5504051446914673,-0.0935479924082756,0.6097128391265869,0.5385596752166748,-0.09697287529706955,0.40986043214797974,0.5956535339355469,-0.08671996742486954,0.46808815002441406,0.604832649230957,-0.08843517303466797,0.46181750297546387,0.5930788516998291,-0.0767032727599144,0.4490329325199127,0.5818850994110107,-0.0688820630311966
E,0.28341495990753174,0.5694974660873413,7.710494855928118e-07,0.33574536442756653,0.47379550337791443,0.006713162641972303,0.41745081543922424,0.4336000084877014,-0.0008817182388156652,0.47923189401626587,0.44806110858917236,-0.006778693292289972,0.5226181745529175,0.46910589933395386,-0.014284150674939156,0.437898188829422,0.3816128969192505,-0.04704828932881355,0.5286266803741455,0.33206120133399963,-0.06456363201141357,0.591788649559021,0.3150430917739868,-0.07140212506055832,0.6410188674926758,0.30572450160980225,-0.07462933659553528,0.43977367877960205,0.44627565145492554,-0.06273899972438812,0.5650038719177246,0.4335501194000244,-0.0817970409989357,0.6412263512611389,0.43193674087524414,-0.09033095091581345,0.6969137787818909,0.43206945061683655,-0.09503639489412308,0.4341684579849243,0.5193651914596558,-0.07354540377855301,0.5537106394767761,0.5421072244644165,-0.08985508233308792,0.6159206628799438,0.5421654582023621,-0.09657321870326996,0.6592839360237122,0.5403405427932739,-0.10106080770492554,0.421696275472641,0.5902315378189087,-0.08160559833049774,0.4791882038116455,0.583681046962738,-0.08589233458042145,0.46358567476272583,0.5687185525894165,-0.07472265511751175,0.4423801302909851,0.5614405870437622,-0.06685832887887955
E,0.28151631355285645,0.5688691735267639,8.139455189848377e-07,0.33638426661491394,0.4740176498889923,0.005169108510017395,0.41494786739349365,0.43300458788871765,-0.004330141469836235,0.47398674488067627,0.44589436054229736,-0.013705330900847912,0.5149385929107666,0.47066566348075867,-0.02471093460917473,0.43669161200523376,0.38436809182167053,-0.047446224838495255,0.5314027667045593,0.3364476263523102,-0.0699714943766594,0.5946896076202393,0.3177018463611603,-0.0806422010064125,0.6444751024246216,0.308398574590683,-0.085622139275074,0.4399676024913788,0.448727548122406,-0.06354938447475433,0.5684570670127869,0.4388348460197449,-0.08079613000154495,0.6428511142730713,0.43587154150009155,-0.08901343494653702,0.6973924040794373,0.43669363856315613,-0.09437208622694016,0.4334637522697449,0.5214195251464844,-0.07543715089559555,0.5443703532218933,0.5475776195526123,-0.08754003047943115,0.5904643535614014,0.5447649359703064,-0.09104294329881668,0.6211749315261841,0.5391656756401062,-0.09394609928131104,0.4195198714733124,0.5906223058700562,-0.08575249463319778,0.47593116760253906,0.5942568182945251,-0.0869947224855423,0.46645569801330566,0.5796972513198853,-0.07540574669837952,0.4520758390426636,0.5680264234542847,-0.06734401732683182
E,0.279890239238739,0.570300281047821,7.492760687455302e-07,0.3351941704750061,0.4767664670944214,0.007174728438258171,0.41438037157058716,0.4359118640422821,-0.0009981857147067785,0.473854660987854,0.4467375874519348,-0.008666209876537323,0.5170924067497253,0.46921414136886597,-0.018041765317320824,0.4372112452983856,0.3823590874671936,-0.04498621076345444,0.530073344707489,0.33415496349334717,-0.06597307324409485,0.5935273170471191,0.31583482027053833,-0.07533694058656693,0.6429638862609863,0.30594420433044434,-0.07983811944723129,0.43952393531799316,0.444568395614624,-0.062007684260606766,0.5667169094085693,0.4345327317714691,-0.0808875784277916,0.6428505182266235,0.43316569924354553,-0.08942115306854248,0.6988300085067749,0.4338114559650421,-0.09434492886066437,0.43328145146369934,0.5161830186843872,-0.07482035458087921,0.5492936968803406,0.5434838533401489,-0.08975999057292938,0.6105212569236755,0.5428173542022705,-0.09644242376089096,0.6549292206764221,0.5378994941711426,-0.10143184661865234,0.41921621561050415,0.5872474908828735,-0.0854206383228302,0.4758487939834595,0.5908905267715454,-0.0893513411283493,0.466255784034729,0.5767653584480286,-0.07961349934339523,0.4519164562225342,0.5649044513702393,-0.07295026630163193
E,0.28797316551208496,0.5696018934249878,7.208641363831703e-07,0.33958420157432556,0.47056639194488525,0.013173826038837433,0.4206523001194,0.4299358129501343,0.008603469468653202,0.48271700739860535,0.4479855000972748,0.0051423050463199615,0.5273497104644775,0.4672156274318695,0.00029698977596126497,0.44587740302085876,0.3708398938179016,-0.043578390032052994,0.5382766723632812,0.3219565153121948,-0.06070940941572189,0.603531539440155,0.3028661608695984,-0.06790012866258621,0.654865026473999,0.2904961109161377,-0.07195533812046051,0.44441452622413635,0.43197816610336304,-0.06294737011194229,0.5708907842636108,0.41487252712249756,-0.08497057855129242,0.6505287289619446,0.41714227199554443,-0.09465465694665909,0.7088767886161804,0.4211055636405945,-0.10006099939346313,0.439958393573761,0.5041062831878662,-0.07722190767526627,0.5631759166717529,0.5254627466201782,-0.09841935336589813,0.630622148513794,0.5328574776649475,-0.10737161338329315,0.6793936491012573,0.5357788801193237,-0.11278489977121353,0.4316350519657135,0.5785530209541321,-0.08773959428071976,0.49211281538009644,0.5727396607398987,-0.09397466480731964,0.47128117084503174,0.5601995587348938,-0.08299754559993744,0.4467552602291107,0.5531173944473267,-0.07570959627628326
E,0.2873474359512329,0.5687723159790039,7.292127293112571e-07,0.3429705500602722,0.46871036291122437,0.009736660867929459,0.42460519075393677,0.4271593689918518,0.0031923470087349415,0.49029994010925293,0.4440397322177887,-0.0020187227055430412,0.5390228629112244,0.4632022976875305,-0.008344975300133228,0.447618305683136,0.3737160265445709,-0.04958297684788704,0.5395514369010925,0.32203882932662964,-0.06948353350162506,0.6036273241043091,0.30225157737731934,-0.07805201411247253,0.6561611890792847,0.2898450493812561,-0.08295159041881561,0.4446343779563904,0.43729400634765625,-0.06769832223653793,0.5740342736244202,0.42260414361953735,-0.09180039167404175,0.6526570320129395,0.42262154817581177,-0.10160388797521591,0.710953414440155,0.42575603723526,-0.10710500180721283,0.4383905529975891,0.5112053155899048,-0.08085823804140091,0.5650074481964111,0.5316455960273743,-0.1022014394402504,0.6314586400985718,0.5344456434249878,-0.11013904958963394,0.6792150139808655,0.5340718030929565,-0.11455154418945312,0.42851486802101135,0.583154559135437,-0.09092937409877777,0.4941697120666504,0.5777396559715271,-0.09797144681215286,0.4808143675327301,0.5604485273361206,-0.08859791606664658,0.4628731608390808,0.5468889474868774,-0.08205607533454895
E,0.28423184156417847,0.5733953714370728,7.104923156475706e-07,0.33825206756591797,0.4721219539642334,0.009068707004189491,0.4227460026741028,0.4302672743797302,0.0041173407807946205,0.48733291029930115,0.4506992995738983,0.00025791407097131014,0.5329471826553345,0.4733065366744995,-0.004854943137615919,0.44594329595565796,0.37515372037887573,-0.04255955293774605,0.5387786030769348,0.3246636390686035,-0.05987994745373726,0.6031675338745117,0.3051803708076477,-0.06764724105596542,0.6555254459381104,0.29201215505599976,-0.07266318798065186,0.4444235861301422,0.4393775463104248,-0.0606720969080925,0.5724427700042725,0.4224046468734741,-0.08278591185808182,0.6520978212356567,0.42252060770988464,-0.09364248812198639,0.7113775014877319,0.4249243140220642,-0.10034008324146271,0.4392049014568329,0.5125897526741028,-0.07451488077640533,0.5646941065788269,0.5340149402618408,-0.09779061377048492,0.6305315494537354,0.5359716415405273,-0.11000403016805649,0.6776792407035828,0.5338006615638733,-0.11725497245788574,0.42998960614204407,0.5840879678726196,-0.08507387340068817,0.4947507381439209,0.5780915021896362,-0.09614049643278122,0.4744836688041687,0.5614392161369324,-0.08975785225629807,0.4498370289802551,0.549014151096344,-0.08519009500741959
E,0.2829786241054535,0.5735461115837097,7.122021088434849e-07,0.33854198455810547,0.4712059795856476,0.009197410196065903,0.4232984781265259,0.42949286103248596,0.004206383600831032,0.48743554949760437,0.4506552219390869,0.00040679678204469383,0.5321375727653503,0.47464433312416077,-0.0045056757517158985,0.4461512565612793,0.37487033009529114,-0.04285798221826553,0.5389000177383423,0.3244677186012268,-0.05943832919001579,0.6029653549194336,0.30480045080184937,-0.06639169901609421,0.6553098559379578,0.2910428047180176,-0.07095327973365784,0.4441051483154297,0.4391108453273773,-0.060606397688388824,0.5718905925750732,0.42202499508857727,-0.08270551264286041,0.651211142539978,0.4223952889442444,-0.09290175139904022,0.7108400464057922,0.4244478642940521,-0.0991944670677185,0.43885019421577454,0.5120571851730347,-0.07400962710380554,0.5636009573936462,0.535137951374054,-0.09682024270296097,0.630114734172821,0.5383514761924744,-0.10800521820783615,0.678331732749939,0.5368260145187378,-0.11461301892995834,0.42998817563056946,0.5834198594093323,-0.08415710926055908,0.495724081993103,0.5776181817054749,-0.09324108064174652,0.47517067193984985,0.5600982308387756,-0.0855487734079361,0.4505923092365265,0.5468936562538147,-0.08053042739629745
E,0.2791830897331238,0.5750406980514526,6.93634206072602e-07,0.33634525537490845,0.4727365970611572,0.01087210513651371,0.42117276787757874,0.43480604887008667,0.00682644359767437,0.4825100004673004,0.46734195947647095,0.0029273254331201315,0.5243442058563232,0.4996800720691681,-0.0022940151393413544,0.44418731331825256,0.37956488132476807,-0.03749396279454231,0.5365361571311951,0.3278247117996216,-0.05396157503128052,0.6000306606292725,0.3074149489402771,-0.06122371554374695,0.6525741219520569,0.2933935225009918,-0.0664496049284935,0.44449129700660706,0.443866103887558,-0.05728822946548462,0.5688889026641846,0.4237210750579834,-0.08081241697072983,0.6480865478515625,0.42452967166900635,-0.09270501136779785,0.7084447741508484,0.4272712469100952,-0.1000564843416214,0.4402253031730652,0.516181468963623,-0.0731605812907219,0.5614320039749146,0.5370192527770996,-0.09827811270952225,0.6274938583374023,0.5410679578781128,-0.11176047474145889,0.6770870685577393,0.5398343801498413,-0.11947894841432571,0.43099886178970337,0.587483286857605,-0.08562588691711426,0.494673490524292,0.5770305395126343,-0.0965593233704567,0.4726908504962921,0.559620201587677,-0.09007980674505234,0.44790348410606384,0.5483410358428955,-0.08584955334663391
E,0.2781065106391907,0.573470413684845,7.070042329360149e-07,0.33634573221206665,0.47530514001846313,0.011057162657380104,0.42112407088279724,0.43523871898651123,0.0066266655921936035,0.48262959718704224,0.45993372797966003,0.0026530385948717594,0.5267876386642456,0.4878899157047272,-0.002445520833134651,0.4427480101585388,0.37921637296676636,-0.039336588233709335,0.534817636013031,0.32715076208114624,-0.05642535910010338,0.6004666090011597,0.30712610483169556,-0.063226118683815,0.6539543867111206,0.2946799397468567,-0.0673893541097641,0.44309544563293457,0.4401977062225342,-0.0588688887655735,0.5690778493881226,0.41992679238319397,-0.08184138685464859,0.6501309871673584,0.42251381278038025,-0.09157288819551468,0.7104607820510864,0.4277656674385071,-0.09687882661819458,0.43943843245506287,0.5106475353240967,-0.07432759553194046,0.5608568787574768,0.5343628525733948,-0.09710118919610977,0.6282199621200562,0.5413317680358887,-0.10725706815719604,0.6781854629516602,0.5427759289741516,-0.11296338587999344,0.430280864238739,0.583267867565155,-0.08658218383789062,0.4932250380516052,0.5785300731658936,-0.09370432794094086,0.4718000590801239,0.5643906593322754,-0.08384336531162262,0.4470142424106598,0.555520236492157,-0.07750672847032547
E,0.2775850296020508,0.5746491551399231,6.843303594905592e-07,0.3366367220878601,0.47423815727233887,0.012131418101489544,0.4210126996040344,0.4373088479042053,0.008239713497459888,0.48207178711891174,0.4659792482852936,0.004681012127548456,0.5250183939933777,0.49444958567619324,-0.00019042436906602234,0.44347795844078064,0.3826167583465576,-0.039206285029649734,0.5355238318443298,0.330808162689209,-0.05571515113115311,0.599245011806488,0.30949175357818604,-0.06232835724949837,0.6519439220428467,0.2948351204395294,-0.06663105636835098,0.44287943840026855,0.44561854004859924,-0.05892312154173851,0.5688075423240662,0.4252285361289978,-0.08098139613866806,0.6484136581420898,0.42688101530075073,-0.091140016913414,0.7087901830673218,0.43110331892967224,-0.09719032049179077,0.43848833441734314,0.5174537897109985,-0.07433705776929855,0.5599750280380249,0.5381959676742554,-0.09657815843820572,0.6262578964233398,0.5429415106773376,-0.1073186919093132,0.6757813096046448,0.5428898334503174,-0.11347261816263199,0.42967259883880615,0.5889491438865662,-0.08635992556810379,0.49352169036865234,0.5771244168281555,-0.09327992796897888,0.4749564528465271,0.558708906173706,-0.08419561386108398,0.453860878944397,0.5468930006027222,-0.07847540825605392
E,0.2767511010169983,0.5754655599594116,7.119575116121268e-07,0.33463776111602783,0.47754937410354614,0.009770795702934265,0.4197975695133209,0.4370489716529846,0.0052297161892056465,0.48124516010284424,0.46167880296707153,0.001181160332635045,0.5252211093902588,0.4897802174091339,-0.003924723714590073,0.4420170783996582,0.3802562654018402,-0.038300495594739914,0.5327749252319336,0.32798659801483154,-0.05621358007192612,0.598171591758728,0.308884859085083,-0.06430456787347794,0.6517037153244019,0.29650700092315674,-0.06940973550081253,0.441925585269928,0.4414156675338745,-0.05769630894064903,0.5675672292709351,0.4218654930591583,-0.08105874061584473,0.6490721106529236,0.42489421367645264,-0.09211323410272598,0.7100350260734558,0.4297322630882263,-0.09846541285514832,0.4378182888031006,0.5123451948165894,-0.07334181666374207,0.5582686066627502,0.5382614135742188,-0.09688235819339752,0.6264491081237793,0.5446637272834778,-0.10821918398141861,0.6774829626083374,0.5442628264427185,-0.11472189426422119,0.42887985706329346,0.5854305624961853,-0.08591418713331223,0.49273228645324707,0.5822641849517822,-0.09378311783075333,0.47167709469795227,0.56841641664505,-0.08428191393613815,0.4472554922103882,0.5585648417472839,-0.0782075896859169
E,0.27793604135513306,0.5771206021308899,6.921336535015143e-07,0.3351428508758545,0.4772797226905823,0.010150043293833733,0.41876497864723206,0.43578311800956726,0.005591695196926594,0.481198787689209,0.4557134509086609,0.0020608578342944384,0.526305615901947,0.4789887070655823,-0.002445860533043742,0.4429032504558563,0.38220828771591187,-0.042700737714767456,0.5349733829498291,0.3301660418510437,-0.060287851840257645,0.598973274230957,0.31020182371139526,-0.06736219674348831,0.6519384384155273,0.2960779368877411,-0.07165783643722534,0.44190514087677,0.4452536404132843,-0.06124240159988403,0.5681449770927429,0.4257693290710449,-0.0848272442817688,0.6474583745002747,0.4283231198787689,-0.09461623430252075,0.7074484825134277,0.4320707619190216,-0.09997733682394028,0.4379465878009796,0.517130434513092,-0.07548797875642776,0.5579656362533569,0.5390848517417908,-0.09773937612771988,0.6245144605636597,0.5442186594009399,-0.10657032579183578,0.6742808222770691,0.5436481237411499,-0.11127277463674545,0.4297250211238861,0.5886902213096619,-0.0866415798664093,0.4947621524333954,0.5809981822967529,-0.09195837378501892,0.47633668780326843,0.5655919909477234,-0.08073926717042923,0.45485928654670715,0.5553181171417236,-0.07352286577224731
E,0.27770596742630005,0.576972484588623,6.921365525158762e-07,0.3345978260040283,0.4767262935638428,0.008604886941611767,0.4181211292743683,0.43553194403648376,0.0030792378820478916,0.48051318526268005,0.45662882924079895,-0.0011573213851079345,0.5254234671592712,0.4820951223373413,-0.006479205563664436,0.44214850664138794,0.38146570324897766,-0.04444243758916855,0.534457266330719,0.3305133283138275,-0.06272479891777039,0.5987606048583984,0.30995815992355347,-0.07072983682155609,0.6520771384239197,0.2951911687850952,-0.0758553296327591,0.44190990924835205,0.4445655941963196,-0.06245837360620499,0.5682810544967651,0.42534711956977844,-0.08539143949747086,0.6476725339889526,0.4275282621383667,-0.09567325562238693,0.7074926495552063,0.43115296959877014,-0.10196606814861298,0.4382995665073395,0.5166974663734436,-0.0762934610247612,0.5587562918663025,0.5389209985733032,-0.09830936789512634,0.6258518099784851,0.5442907810211182,-0.10819007456302643,0.6755644083023071,0.5441446304321289,-0.11419771611690521,0.4306775629520416,0.5884995460510254,-0.08717813342809677,0.4942358732223511,0.5812588334083557,-0.09352141618728638,0.47560447454452515,0.5647754073143005,-0.0837487131357193,0.4540829062461853,0.5528066754341125,-0.07780609279870987
E,0.2786574959754944,0.5750842690467834,6.995704779910739e-07,0.3364812433719635,0.4761560559272766,0.009287442080676556,0.42081379890441895,0.4364444613456726,0.003444969654083252,0.484931081533432,0.4593043327331543,-0.001027841935865581,0.5311776399612427,0.4823344647884369,-0.006380598060786724,0.4439968466758728,0.380209743976593,-0.045850303024053574,0.5353478789329529,0.3294268250465393,-0.0637398213148117,0.5988547205924988,0.30998390913009644,-0.07143847644329071,0.6522526144981384,0.2958820164203644,-0.07656196504831314,0.4418885111808777,0.44218817353248596,-0.06362117826938629,0.5685686469078064,0.42539387941360474,-0.08793144673109055,0.6481883525848389,0.42907506227493286,-0.09859991818666458,0.7085738182067871,0.4342898726463318,-0.10511038452386856,0.4373394250869751,0.5141282081604004,-0.07679774612188339,0.560115396976471,0.5376004576683044,-0.10005612671375275,0.6270238161087036,0.5442585349082947,-0.11015335470438004,0.6763597726821899,0.5459617376327515,-0.11606506258249283,0.4297775626182556,0.5862336158752441,-0.08674337714910507,0.4957802891731262,0.5805574059486389,-0.09362595528364182,0.4745877683162689,0.5645619034767151,-0.08389699459075928,0.45062053203582764,0.5542012453079224,-0.07792719453573227
E,0.27958953380584717,0.5757166147232056,6.925973821125808e-07,0.3367607593536377,0.4764600694179535,0.009748412296175957,0.42017319798469543,0.4362695813179016,0.0040059746243059635,0.48414790630340576,0.45683789253234863,-0.0006663449457846582,0.5307290554046631,0.47957050800323486,-0.00624570669606328,0.4442377984523773,0.38004371523857117,-0.044950637966394424,0.5358779430389404,0.32930028438568115,-0.06367392838001251,0.5994423627853394,0.3097657561302185,-0.07196782529354095,0.6523957252502441,0.2954268455505371,-0.07718577235937119,0.4418623447418213,0.44196200370788574,-0.06332851946353912,0.5693790912628174,0.4256797432899475,-0.08752572536468506,0.6488714814186096,0.42923668026924133,-0.09780588746070862,0.7089161276817322,0.4337432384490967,-0.10374464094638824,0.43725329637527466,0.5142871141433716,-0.07729187607765198,0.5592981576919556,0.5353671312332153,-0.09947246313095093,0.6266920566558838,0.5416676998138428,-0.108104407787323,0.6766989827156067,0.5426872372627258,-0.11292038857936859,0.42956116795539856,0.5870920419692993,-0.08823107928037643,0.4969062805175781,0.580033004283905,-0.09344598650932312,0.4799790680408478,0.5642197132110596,-0.08243944495916367,0.4597800672054291,0.5534290671348572,-0.07551347464323044
E,0.2798711955547333,0.5747950077056885,6.920125770193408e-07,0.3380599617958069,0.4750881493091583,0.009633136913180351,0.42250365018844604,0.43759122490882874,0.003529715584591031,0.4865225553512573,0.4654289782047272,-0.001896603498607874,0.5322298407554626,0.4926862418651581,-0.008390147238969803,0.4442109167575836,0.3802253007888794,-0.04388032108545303,0.5357969999313354,0.3290702998638153,-0.06250929832458496,0.5989874005317688,0.30908530950546265,-0.07121139019727707,0.6519462466239929,0.2946922779083252,-0.07708004862070084,0.44214025139808655,0.4426862895488739,-0.06280475854873657,0.5684412121772766,0.4252748489379883,-0.08610251545906067,0.6478222012519836,0.428266704082489,-0.09720747917890549,0.7087814807891846,0.4326459765434265,-0.10438079386949539,0.43749091029167175,0.5151851177215576,-0.07753125578165054,0.5600538849830627,0.5350719690322876,-0.09973540157079697,0.6281333565711975,0.541658341884613,-0.1102464497089386,0.6790525317192078,0.5430655479431152,-0.1167631447315216,0.43027937412261963,0.5879528522491455,-0.08926187455654144,0.49788111448287964,0.5799395442008972,-0.09607722610235214,0.4829109013080597,0.5635226964950562,-0.08746213465929031,0.4648517668247223,0.5515987277030945,-0.08238940685987473
E,0.2800096869468689,0.5752272605895996,6.994200703047682e-07,0.3388315439224243,0.4772729277610779,0.013150018639862537,0.42442065477371216,0.44443702697753906,0.00839651096612215,0.48880451917648315,0.48006728291511536,0.004011308308690786,0.5351274609565735,0.5097236633300781,-0.0014259114395827055,0.44514429569244385,0.38142701983451843,-0.04044075310230255,0.5373184680938721,0.32862791419029236,-0.056692104786634445,0.6012106537818909,0.3093370795249939,-0.06394453346729279,0.6541038155555725,0.295851469039917,-0.06898315995931625,0.44314655661582947,0.441860169172287,-0.06005190312862396,0.5723553895950317,0.4256661534309387,-0.08238641917705536,0.6518113017082214,0.43024465441703796,-0.09357142448425293,0.711000919342041,0.43630871176719666,-0.10071378201246262,0.43919751048088074,0.5133787393569946,-0.07483669370412827,0.5659739971160889,0.5332798957824707,-0.09634771198034286,0.6334363222122192,0.5417485237121582,-0.10728639364242554,0.6824898719787598,0.5451680421829224,-0.11424219608306885,0.43291252851486206,0.5858840942382812,-0.08600180596113205,0.5010326504707336,0.5772165656089783,-0.09158708900213242,0.4794524908065796,0.5623041987419128,-0.08183780312538147,0.45529985427856445,0.5533665418624878,-0.07613798975944519
E,0.28114646673202515,0.5723063945770264,6.935679834896291e-07,0.3421778380870819,0.47775113582611084,0.014387949369847775,0.4288616478443146,0.44950032234191895,0.010090451687574387,0.492250919342041,0.4929615557193756,0.0056654587388038635,0.5351123809814453,0.5251106023788452,0.00031738323741592467,0.4492483139038086,0.3836051821708679,-0.03664678707718849,0.5409879088401794,0.3302389681339264,-0.05179719626903534,0.6041011810302734,0.31209057569503784,-0.05877738445997238,0.6566663384437561,0.29833924770355225,-0.06406717747449875,0.4461449682712555,0.4417843520641327,-0.05708478018641472,0.5740067958831787,0.4259769320487976,-0.07986972481012344,0.653714120388031,0.43240422010421753,-0.09192033857107162,0.7129853963851929,0.43839624524116516,-0.09966891258955002,0.4416724145412445,0.5120291709899902,-0.07278046011924744,0.5671160221099854,0.5320273637771606,-0.09584952145814896,0.6359938979148865,0.5438411235809326,-0.1078316792845726,0.6866558194160461,0.5480382442474365,-0.11521248519420624,0.4359126687049866,0.5851621031761169,-0.08459595590829849,0.5060698986053467,0.5791562795639038,-0.09029486030340195,0.47999972105026245,0.5673421025276184,-0.07957352697849274,0.4511813521385193,0.5605670213699341,-0.07345321029424667
E,0.2803879976272583,0.5726081132888794,6.900920652697096e-07,0.34198975563049316,0.477195143699646,0.012498435564339161,0.4297106862068176,0.44700008630752563,0.007916399277746677,0.49349111318588257,0.48765403032302856,0.0032663990277796984,0.5368767976760864,0.5191259384155273,-0.0024155043065547943,0.44848620891571045,0.3835247755050659,-0.03609680011868477,0.5404847860336304,0.33212873339653015,-0.05141735076904297,0.603951632976532,0.3141558766365051,-0.05844693258404732,0.6568472385406494,0.30130821466445923,-0.06360846757888794,0.4464373290538788,0.44340208172798157,-0.05597425997257233,0.5733263492584229,0.42815881967544556,-0.07773453742265701,0.653528094291687,0.43386203050613403,-0.08948443084955215,0.7130720019340515,0.4402027428150177,-0.09713608026504517,0.4421750605106354,0.5141885280609131,-0.07151062041521072,0.5665619373321533,0.5335720181465149,-0.0943087562918663,0.633927047252655,0.5432761311531067,-0.10677898675203323,0.6831558346748352,0.5461565852165222,-0.11454707384109497,0.43554356694221497,0.5871464014053345,-0.08343838900327682,0.5043925046920776,0.579950213432312,-0.09034726023674011,0.4791889190673828,0.567203938961029,-0.08080805093050003,0.4506791830062866,0.5605402588844299,-0.07526687532663345
E,0.28941312432289124,0.5726558566093445,7.201365974651708e-07,0.34989091753959656,0.476565420627594,0.016007747501134872,0.43424224853515625,0.44356846809387207,0.01346619799733162,0.4961695075035095,0.47745928168296814,0.011352691799402237,0.5395299792289734,0.5026558637619019,0.008565225638449192,0.45597684383392334,0.3826793432235718,-0.03727682679891586,0.5495806336402893,0.33170944452285767,-0.05198078975081444,0.6140188574790955,0.3146573305130005,-0.05726140737533569,0.6667276620864868,0.303025484085083,-0.060532521456480026,0.45334890484809875,0.4419192969799042,-0.057061564177274704,0.5823941230773926,0.4274473786354065,-0.07988124340772629,0.6630942225456238,0.43263912200927734,-0.09017328917980194,0.7223058938980103,0.4387454092502594,-0.09577688574790955,0.4498777687549591,0.5118836164474487,-0.0716046541929245,0.5757437348365784,0.5402955412864685,-0.09235934168100357,0.643196702003479,0.5503251552581787,-0.10132313519716263,0.6925145387649536,0.5525291562080383,-0.10649484395980835,0.44376805424690247,0.5841320753097534,-0.08226371556520462,0.5096489787101746,0.5841680765151978,-0.08442601561546326,0.48372018337249756,0.5718710422515869,-0.07118941098451614,0.4560398757457733,0.5637427568435669,-0.06314171105623245
E,0.2912442088127136,0.5724297165870667,6.991078862483846e-07,0.3515833914279938,0.47595372796058655,0.013659958727657795,0.4381575584411621,0.44596579670906067,0.009149478748440742,0.5033791661262512,0.48552319407463074,0.004832179751247168,0.551185131072998,0.5149326920509338,-0.0005771914147771895,0.456149160861969,0.38393115997314453,-0.03901411592960358,0.5509473085403442,0.33199793100357056,-0.054916515946388245,0.615760087966919,0.3145752251148224,-0.061248600482940674,0.6683565378189087,0.3030628561973572,-0.06535190343856812,0.45525142550468445,0.4449053406715393,-0.05898727476596832,0.5856951475143433,0.42910414934158325,-0.08076151460409164,0.6661429405212402,0.43381041288375854,-0.09102838486433029,0.7246458530426025,0.4386574327945709,-0.09735465794801712,0.45280900597572327,0.5155865550041199,-0.07429368793964386,0.579067587852478,0.5369337797164917,-0.09529270976781845,0.6441074013710022,0.5465334057807922,-0.10510709136724472,0.6906921863555908,0.5484651923179626,-0.11124346405267715,0.4470454454421997,0.5880777835845947,-0.08598073571920395,0.514756441116333,0.5807082056999207,-0.090766541659832,0.49070683121681213,0.5673798322677612,-0.07973486185073853,0.4630812704563141,0.5590140223503113,-0.07312104851007462
E,0.2905603051185608,0.5729984641075134,6.916628763065091e-07,0.34970200061798096,0.47697144746780396,0.013558669947087765,0.4362803101539612,0.44601425528526306,0.009524086490273476,0.5016299486160278,0.4811176061630249,0.005892416927963495,0.5500996708869934,0.5072313547134399,0.0012852126965299249,0.4560931622982025,0.3846434950828552,-0.0385986864566803,0.5511735081672668,0.33309119939804077,-0.05393892526626587,0.6159268021583557,0.3156849443912506,-0.05965724214911461,0.6682764291763306,0.30432215332984924,-0.0631789118051529,0.4558209180831909,0.44584715366363525,-0.058016903698444366,0.5860021114349365,0.4302734434604645,-0.07918813824653625,0.6662435531616211,0.43367499113082886,-0.08899389952421188,0.7248105406761169,0.43768468499183655,-0.09489176422357559,0.4533819556236267,0.5161248445510864,-0.0726967602968216,0.578948974609375,0.5386499166488647,-0.09280528873205185,0.6429381370544434,0.5465918779373169,-0.10218501091003418,0.6888005137443542,0.547724723815918,-0.10805657505989075,0.4469037652015686,0.5877956748008728,-0.08381983637809753,0.5129771828651428,0.5816869735717773,-0.08807479590177536,0.4892404079437256,0.5681918263435364,-0.07703950256109238,0.46246734261512756,0.5601739287376404,-0.07029393315315247
E,0.2923341989517212,0.5729708671569824,6.845995130788651e-07,0.35155177116394043,0.4757871627807617,0.013906355947256088,0.43596017360687256,0.4415507912635803,0.009870422072708607,0.5009198188781738,0.4693466126918793,0.0063382964581251144,0.5491340160369873,0.4920196831226349,0.001705582719296217,0.4587661027908325,0.3839355707168579,-0.040446411818265915,0.5523738265037537,0.3337081968784332,-0.05653087794780731,0.6166200041770935,0.3155071437358856,-0.062482476234436035,0.6689170598983765,0.3030244708061218,-0.06582227349281311,0.4578435719013214,0.44488176703453064,-0.05961756780743599,0.588097870349884,0.4307202398777008,-0.08130957931280136,0.6683590412139893,0.43449699878692627,-0.09007247537374496,0.7268234491348267,0.4390156865119934,-0.09478341042995453,0.45447832345962524,0.5159289836883545,-0.07384339720010757,0.5809894800186157,0.538030207157135,-0.09398764371871948,0.6456177234649658,0.546409010887146,-0.10181964188814163,0.6914688348770142,0.5486066341400146,-0.10615424066781998,0.4468366503715515,0.5882962942123413,-0.08446046710014343,0.5143563747406006,0.5819640159606934,-0.08776839822530746,0.49190524220466614,0.5677460432052612,-0.0752248615026474,0.46510758996009827,0.5600754022598267,-0.06712017953395844
E,0.2922648787498474,0.5727393627166748,6.861970405225293e-07,0.3511488139629364,0.47673505544662476,0.013723093084990978,0.4365125298500061,0.44344231486320496,0.009655678644776344,0.5015855431556702,0.4733317494392395,0.005800845101475716,0.55006343126297,0.49816590547561646,0.0008143786690197885,0.45824894309043884,0.3844982385635376,-0.038612570613622665,0.5520780682563782,0.3338337540626526,-0.05452021211385727,0.6164456009864807,0.3157658576965332,-0.06044665351510048,0.6685411334037781,0.3034510016441345,-0.06385312229394913,0.45792949199676514,0.4448549151420593,-0.058180030435323715,0.5884290933609009,0.4311128556728363,-0.07924456894397736,0.6682310700416565,0.4345942735671997,-0.08799497038125992,0.726374626159668,0.4381510019302368,-0.09284025430679321,0.4549228847026825,0.5151838064193726,-0.07310130447149277,0.5806974172592163,0.5382261276245117,-0.0928829237818718,0.6446675062179565,0.5463550090789795,-0.10113534331321716,0.6901214122772217,0.547256588935852,-0.10599442571401596,0.44737347960472107,0.5875605344772339,-0.08455298840999603,0.5145782828330994,0.5831347703933716,-0.08831465989351273,0.4924348294734955,0.569705605506897,-0.0765693262219429,0.46598535776138306,0.5612424612045288,-0.06911922246217728
E,0.29268795251846313,0.5731126666069031,6.966006367292721e-07,0.3520909547805786,0.4774222671985626,0.01332628820091486,0.43730610609054565,0.44464948773384094,0.008711154572665691,0.5026534795761108,0.47614148259162903,0.004644624423235655,0.5508878827095032,0.5003063082695007,-0.0005009234882891178,0.45860448479652405,0.38422438502311707,-0.0403074286878109,0.5521447062492371,0.33380523324012756,-0.05606891214847565,0.6163572072982788,0.3158062994480133,-0.062053997069597244,0.6688852310180664,0.3035607933998108,-0.06566816568374634,0.45731279253959656,0.44438809156417847,-0.059373147785663605,0.5869815349578857,0.43009358644485474,-0.08164539188146591,0.6673641800880432,0.43386444449424744,-0.09149827808141708,0.726122260093689,0.4379504919052124,-0.09710106998682022,0.4539465308189392,0.5151586532592773,-0.07344009727239609,0.5809783339500427,0.5387062430381775,-0.09445410966873169,0.6465099453926086,0.5465074181556702,-0.1035204827785492,0.6928303241729736,0.5472230315208435,-0.10878099501132965,0.44675612449645996,0.5880093574523926,-0.08382386714220047,0.5143945813179016,0.5836211442947388,-0.08808492869138718,0.4911242425441742,0.5702100396156311,-0.07628816366195679,0.4638211727142334,0.5624862909317017,-0.0688067153096199
E,0.2938764691352844,0.5722943544387817,6.969629566810909e-07,0.3537116050720215,0.4759449064731598,0.01277908030897379,0.43923184275627136,0.44387272000312805,0.00786699540913105,0.504753589630127,0.4775477349758148,0.0032871337607502937,0.5529214143753052,0.5047321319580078,-0.0023259692825376987,0.45881372690200806,0.38467928767204285,-0.04028225317597389,0.5523359179496765,0.3339141607284546,-0.05628865212202072,0.6161468029022217,0.31586533784866333,-0.06220699101686478,0.6682432293891907,0.3039305806159973,-0.06575595587491989,0.4573891758918762,0.4454011619091034,-0.05955648794770241,0.5871918201446533,0.4307217597961426,-0.08208150416612625,0.6672089695930481,0.43405038118362427,-0.09168507158756256,0.7256406545639038,0.4381123483181,-0.0970466211438179,0.4539632797241211,0.516573965549469,-0.07409252971410751,0.5806189775466919,0.5391340255737305,-0.09552892297506332,0.6449301838874817,0.5469963550567627,-0.10445455461740494,0.6901463270187378,0.5478861927986145,-0.10936597734689713,0.4466322958469391,0.5896997451782227,-0.08507587015628815,0.5158721804618835,0.5831395983695984,-0.0897776260972023,0.49378472566604614,0.5682452917098999,-0.07833392173051834,0.4668278396129608,0.5593302249908447,-0.07100047171115875
E,0.2945178747177124,0.5734946727752686,6.966512842154771e-07,0.3539367914199829,0.4770659804344177,0.013893596827983856,0.43854525685310364,0.443940132856369,0.009329269640147686,0.5042698383331299,0.47501179575920105,0.005344917066395283,0.5524128079414368,0.4993381202220917,0.0003760088002309203,0.4586210548877716,0.3839929699897766,-0.041549332439899445,0.5524780750274658,0.33362627029418945,-0.058069877326488495,0.6165382266044617,0.31597384810447693,-0.06434071063995361,0.6687945127487183,0.3035793602466583,-0.06792654097080231,0.4561419188976288,0.44419771432876587,-0.060646556317806244,0.5873104333877563,0.42934370040893555,-0.08382654190063477,0.6683757305145264,0.4334903061389923,-0.09328226000070572,0.7268250584602356,0.4381892681121826,-0.09829410165548325,0.4527972936630249,0.5151546597480774,-0.07467392832040787,0.5805089473724365,0.5367254018783569,-0.09680064022541046,0.6458867192268372,0.5451689958572388,-0.10558159649372101,0.6915073990821838,0.5469065308570862,-0.11006958037614822,0.44640371203422546,0.5885969400405884,-0.08481165021657944,0.516331672668457,0.5820988416671753,-0.0889938548207283,0.4923882484436035,0.5670632123947144,-0.0764368399977684,0.46371644735336304,0.5586490631103516,-0.0682617649435997
E,0.2956424355506897,0.5731415152549744,6.748858822902548e-07,0.35674336552619934,0.47737371921539307,0.016710059717297554,0.44127222895622253,0.44684553146362305,0.0130111463367939,0.5065392255783081,0.482346773147583,0.008959721773862839,0.5545974373817444,0.5097581744194031,0.0037250169552862644,0.45890018343925476,0.38596290349960327,-0.039270978420972824,0.5534118413925171,0.33397871255874634,-0.055488698184490204,0.6170494556427002,0.3162444829940796,-0.060979727655649185,0.6688494086265564,0.3038941025733948,-0.06409028172492981,0.45601749420166016,0.4457283616065979,-0.060484565794467926,0.5873712301254272,0.429525226354599,-0.08362269401550293,0.6678447723388672,0.4337054491043091,-0.09273561090230942,0.725879430770874,0.4386117160320282,-0.09737830609083176,0.4521492123603821,0.5170412659645081,-0.07664564251899719,0.5787431597709656,0.5356845259666443,-0.0990481972694397,0.6452997922897339,0.5453200340270996,-0.1081685796380043,0.6934077739715576,0.5484988689422607,-0.11276794970035553,0.44521036744117737,0.5910683870315552,-0.08867180347442627,0.5142600536346436,0.5795940160751343,-0.09325173497200012,0.49189111590385437,0.5624853372573853,-0.08139598369598389,0.46482259035110474,0.5526754260063171,-0.07369840145111084
E,0.29623159766197205,0.5745084285736084,6.712157301080879e-07,0.35579949617385864,0.47825315594673157,0.01790054515004158,0.43983158469200134,0.4463152587413788,0.015148782171308994,0.5043950080871582,0.4800117015838623,0.012196915224194527,0.5518958568572998,0.5068694353103638,0.00827101618051529,0.45951467752456665,0.38622352480888367,-0.03853544965386391,0.5539961457252502,0.33357471227645874,-0.05412686988711357,0.6176396012306213,0.3160025179386139,-0.059222571551799774,0.6690009236335754,0.30306923389434814,-0.06202761083841324,0.45595449209213257,0.44511905312538147,-0.059548620134592056,0.5883220434188843,0.4292911887168884,-0.08297022432088852,0.6687232255935669,0.43408203125,-0.09204813092947006,0.7264346480369568,0.43839210271835327,-0.0963137298822403,0.4524507224559784,0.5151299238204956,-0.075226329267025,0.5791377425193787,0.5368439555168152,-0.09722651541233063,0.6464154720306396,0.5466535091400146,-0.10608450323343277,0.6951398849487305,0.5488206744194031,-0.1103883907198906,0.44633761048316956,0.5883529782295227,-0.08666534721851349,0.5162295699119568,0.5829401016235352,-0.09031659364700317,0.49272456765174866,0.5677539706230164,-0.07774557918310165,0.4650719165802002,0.557683527469635,-0.06949321180582047
E,0.2954631745815277,0.5751269459724426,6.893999966450792e-07,0.35577142238616943,0.4793379604816437,0.014973746612668037,0.4430525600910187,0.45064860582351685,0.011065212078392506,0.5100119113922119,0.49226024746894836,0.006710384972393513,0.5587217211723328,0.5236908793449402,0.0011948413448408246,0.4589226245880127,0.3852444291114807,-0.03711911663413048,0.5538911819458008,0.33338662981987,-0.052802279591560364,0.617495596408844,0.3157021999359131,-0.059025704860687256,0.6691226363182068,0.3037641644477844,-0.06316474825143814,0.4554043412208557,0.4450370967388153,-0.057938382029533386,0.5864815711975098,0.42973190546035767,-0.07946629822254181,0.6666697263717651,0.43432068824768066,-0.09003911167383194,0.7253227233886719,0.4397314190864563,-0.09663792699575424,0.4512117803096771,0.5159180760383606,-0.07409048825502396,0.579403817653656,0.5358698964118958,-0.09492641687393188,0.6442091464996338,0.5441064834594727,-0.10597855597734451,0.6905403137207031,0.5452214479446411,-0.11296195536851883,0.44449561834335327,0.5899465084075928,-0.08651036024093628,0.5144693851470947,0.584729790687561,-0.09171833842992783,0.4926151633262634,0.5694156885147095,-0.08239533007144928,0.46638286113739014,0.558529794216156,-0.07695549726486206
E,0.2933184504508972,0.5743725299835205,6.766893534404517e-07,0.3555174767971039,0.48029568791389465,0.01754935272037983,0.44266098737716675,0.4543105661869049,0.014434963464736938,0.5085647106170654,0.4994877874851227,0.01031565759330988,0.5552921295166016,0.5317766070365906,0.004789295606315136,0.4581686556339264,0.38738226890563965,-0.0356832891702652,0.5528215169906616,0.33418428897857666,-0.05165688693523407,0.6169269680976868,0.3158349394798279,-0.058075591921806335,0.6690205335617065,0.3029897212982178,-0.06230785697698593,0.45433294773101807,0.44530606269836426,-0.058071319013834,0.5860610604286194,0.4294382631778717,-0.07959483563899994,0.6673891544342041,0.43394845724105835,-0.09020040929317474,0.7262564301490784,0.43974584341049194,-0.09681205451488495,0.45013177394866943,0.5147140026092529,-0.07573218643665314,0.578391432762146,0.5347083210945129,-0.09752848744392395,0.6446524262428284,0.5437672734260559,-0.11013136059045792,0.6921897530555725,0.5458311438560486,-0.1180509403347969,0.44364073872566223,0.5882914662361145,-0.0893058329820633,0.5122213959693909,0.5822694301605225,-0.09567787498235703,0.4878309965133667,0.5672626495361328,-0.08725199848413467,0.4595670998096466,0.5570078492164612,-0.08243636786937714
E,0.293070524930954,0.5731661915779114,6.790010047552641e-07,0.35514363646507263,0.47888484597206116,0.01891450025141239,0.4403117597103119,0.4508266746997833,0.016648951917886734,0.5050548315048218,0.49054551124572754,0.0136736910790205,0.5521875023841858,0.5193200707435608,0.009721601381897926,0.45843398571014404,0.386682391166687,-0.03528270497918129,0.5532104969024658,0.3335808515548706,-0.05054580792784691,0.6174230575561523,0.31557050347328186,-0.05577181279659271,0.6694694757461548,0.3027016520500183,-0.058813631534576416,0.45488816499710083,0.4441351592540741,-0.05711570009589195,0.5868430137634277,0.42891281843185425,-0.07963647693395615,0.6679877042770386,0.4342036247253418,-0.08899282664060593,0.7261476516723633,0.43944841623306274,-0.09374856948852539,0.4512832760810852,0.5132859945297241,-0.07387091964483261,0.5780202746391296,0.5356154441833496,-0.09520288556814194,0.6457548141479492,0.5470204949378967,-0.10486454516649246,0.694911539554596,0.5496258735656738,-0.11006562411785126,0.44485577940940857,0.586261510848999,-0.08641697466373444,0.5138793587684631,0.5821296572685242,-0.08965475112199783,0.4901238679885864,0.5689190626144409,-0.07765915244817734,0.4625507593154907,0.5597878694534302,-0.0701066330075264
E,0.2937546372413635,0.5759586691856384,6.783860158066091e-07,0.3556223511695862,0.48177650570869446,0.017147229984402657,0.44398757815361023,0.4546263515949249,0.014835222624242306,0.5104258060455322,0.4951098561286926,0.012268793769180775,0.5586180686950684,0.522881805896759,0.00863397866487503,0.45987242460250854,0.386400043964386,-0.03425668925046921,0.5540568232536316,0.33434075117111206,-0.04812470078468323,0.6178340911865234,0.3163072466850281,-0.05309461057186127,0.670006513595581,0.3040546178817749,-0.05658046528697014,0.4570316970348358,0.44538038969039917,-0.05524633824825287,0.5877658724784851,0.4291627109050751,-0.07622087001800537,0.6681368350982666,0.43422484397888184,-0.08667028695344925,0.7264434099197388,0.4401560127735138,-0.09302979707717896,0.4531745910644531,0.5148425102233887,-0.07126637548208237,0.5813416242599487,0.5374862551689148,-0.09236547350883484,0.648215115070343,0.5479347109794617,-0.10403894633054733,0.6963928937911987,0.5502340197563171,-0.11141093820333481,0.4462999403476715,0.5872445106506348,-0.08315712958574295,0.5139583349227905,0.5838906764984131,-0.08881572633981705,0.489703506231308,0.5704172849655151,-0.0796559527516365,0.462611585855484,0.5606918931007385,-0.07431123405694962
E,0.2948390245437622,0.5748029947280884,6.894774742249865e-07,0.35626399517059326,0.4792046844959259,0.0173930861055851,0.44088807702064514,0.45303231477737427,0.014022552408277988,0.503944456577301,0.49884456396102905,0.010108919814229012,0.5484826564788818,0.5339922904968262,0.004979269113391638,0.4590461552143097,0.3865394592285156,-0.03772081434726715,0.5542744398117065,0.33536964654922485,-0.05338189750909805,0.6178358793258667,0.31773805618286133,-0.05904940888285637,0.6699758172035217,0.3048075735569,-0.06286010146141052,0.45476749539375305,0.44566160440444946,-0.059404585510492325,0.586437463760376,0.428396612405777,-0.08290702104568481,0.6679297685623169,0.4332559108734131,-0.0934637114405632,0.7270058393478394,0.43911629915237427,-0.09953215718269348,0.45068106055259705,0.5161417126655579,-0.07607324421405792,0.5782757997512817,0.5378528833389282,-0.09944436699151993,0.6458391547203064,0.5480023622512817,-0.11166192591190338,0.6946543455123901,0.5511826276779175,-0.11862596869468689,0.44445836544036865,0.589191198348999,-0.08844946324825287,0.5115468502044678,0.5813279151916504,-0.09462625533342361,0.48681822419166565,0.5652378797531128,-0.08528416603803635,0.4587275981903076,0.5564376711845398,-0.07965590059757233
E,0.2960703372955322,0.5756839513778687,6.842440711807285e-07,0.35767701268196106,0.4825081527233124,0.016320474445819855,0.4448598623275757,0.4558027386665344,0.012792347930371761,0.5103873610496521,0.4991370737552643,0.008772841654717922,0.5577429533004761,0.5308905243873596,0.0036198163870722055,0.460405170917511,0.3864818215370178,-0.036376360803842545,0.5552436113357544,0.33483991026878357,-0.05150292068719864,0.6188109517097473,0.3165329098701477,-0.057269662618637085,0.6706750392913818,0.3037942051887512,-0.06132230535149574,0.4560048580169678,0.4442106783390045,-0.05779806524515152,0.587392270565033,0.4277244210243225,-0.07999030500650406,0.6679689884185791,0.43392178416252136,-0.0908505916595459,0.7263391613960266,0.44116130471229553,-0.09749066084623337,0.4518764615058899,0.5136499404907227,-0.07437954097986221,0.5804101824760437,0.5353901386260986,-0.09627687931060791,0.6479669809341431,0.5470415353775024,-0.10812070965766907,0.6965456008911133,0.55081707239151,-0.11553436517715454,0.4460327625274658,0.5871296525001526,-0.0869540274143219,0.5151110291481018,0.5830693244934082,-0.0925893485546112,0.491356760263443,0.5696261525154114,-0.08330617845058441,0.4640449285507202,0.5603338479995728,-0.07803285121917725
E,0.2943454682826996,0.5778038501739502,6.938819865354162e-07,0.35488325357437134,0.48441869020462036,0.0166042298078537,0.4420624375343323,0.45722562074661255,0.013794724829494953,0.508287250995636,0.4995640218257904,0.010377448983490467,0.5559290051460266,0.5307549238204956,0.005742977373301983,0.4588124752044678,0.38733386993408203,-0.034577492624521255,0.5544393658638,0.33433622121810913,-0.04903024435043335,0.6184524893760681,0.3162045478820801,-0.05424691364169121,0.6704140901565552,0.3041588068008423,-0.057870086282491684,0.45557379722595215,0.4452102482318878,-0.05593524128198624,0.5884360671043396,0.4286411702632904,-0.07765752077102661,0.6688228845596313,0.4337456226348877,-0.08847901970148087,0.7271983623504639,0.4405870735645294,-0.09485732764005661,0.45147159695625305,0.514676570892334,-0.07245784252882004,0.5811552405357361,0.5357127785682678,-0.09424193948507309,0.6481085419654846,0.5458033680915833,-0.10643065720796585,0.6963983774185181,0.5491271615028381,-0.1138785257935524,0.4444175064563751,0.5877960920333862,-0.08492809534072876,0.5143710970878601,0.5844480991363525,-0.09138983488082886,0.49051761627197266,0.570652425289154,-0.08262479305267334,0.46263954043388367,0.5616911053657532,-0.07730348408222198
E,0.29596003890037537,0.5762984156608582,6.972496180424059e-07,0.35941752791404724,0.4859556257724762,0.017644692212343216,0.4472670555114746,0.4638473093509674,0.014611668884754181,0.5113976001739502,0.513748288154602,0.010501362383365631,0.5561195611953735,0.5486733317375183,0.005139891058206558,0.46064749360084534,0.38716405630111694,-0.032804496586322784,0.555903434753418,0.33572351932525635,-0.046617135405540466,0.6194804310798645,0.3184305429458618,-0.05198276415467262,0.6714211702346802,0.3071562945842743,-0.05635673552751541,0.45624014735221863,0.44413110613822937,-0.0554405115544796,0.587216317653656,0.4286600351333618,-0.07634437084197998,0.6676880121231079,0.4350375831127167,-0.088565893471241,0.7264536619186401,0.44324520230293274,-0.09687043726444244,0.45186561346054077,0.5128801465034485,-0.07327494770288467,0.580259382724762,0.535355269908905,-0.0953049436211586,0.6486464738845825,0.5490461587905884,-0.11032134294509888,0.6980724334716797,0.5553578734397888,-0.12056383490562439,0.4463275074958801,0.5866721272468567,-0.08690421283245087,0.5117868781089783,0.5850076675415039,-0.09463514387607574,0.4865393042564392,0.5731931924819946,-0.08839628845453262,0.45878079533576965,0.5653409361839294,-0.08558347076177597
E,0.2979099750518799,0.5786049365997314,7.02771330907126e-07,0.35829371213912964,0.4860573410987854,0.01689591258764267,0.44388332962989807,0.4606933891773224,0.013517256826162338,0.5075750350952148,0.5082591772079468,0.009019993245601654,0.5516383051872253,0.5440396666526794,0.0032489909790456295,0.460831880569458,0.38640475273132324,-0.033229805529117584,0.5558178424835205,0.3358094394207001,-0.048170629888772964,0.6192243695259094,0.3192759156227112,-0.05459050089120865,0.6708590984344482,0.30830180644989014,-0.05945548787713051,0.4562319219112396,0.4427211582660675,-0.055440280586481094,0.5877398252487183,0.42901837825775146,-0.07690655440092087,0.6679669618606567,0.43585067987442017,-0.08931280672550201,0.7265082597732544,0.44402191042900085,-0.09747304767370224,0.4519057273864746,0.5117602944374084,-0.07295569777488708,0.580682635307312,0.5351332426071167,-0.09519127011299133,0.6485149264335632,0.5484320521354675,-0.11015569418668747,0.6971169114112854,0.5541898012161255,-0.12010408192873001,0.4464786946773529,0.5860387682914734,-0.08641040325164795,0.5128198266029358,0.5879714488983154,-0.09454116225242615,0.4882212281227112,0.5776808261871338,-0.08838298916816711,0.4605361521244049,0.5702980160713196,-0.08524685353040695
E,0.2980722188949585,0.5797300934791565,7.076823749230243e-07,0.3592248558998108,0.4873623847961426,0.014430551789700985,0.44658952951431274,0.45993438363075256,0.01069959532469511,0.5120985507965088,0.5024918913841248,0.006019596476107836,0.557960569858551,0.5337207913398743,6.959307211218402e-05,0.46377041935920715,0.388068288564682,-0.03403504937887192,0.5577316284179688,0.3368726968765259,-0.0496792197227478,0.6214005947113037,0.31956779956817627,-0.05707908794283867,0.6733934879302979,0.30877500772476196,-0.06240813434123993,0.4597223699092865,0.44538256525993347,-0.055101990699768066,0.5895760655403137,0.4335736036300659,-0.0745730996131897,0.6689853072166443,0.4382002055644989,-0.08668889105319977,0.72711181640625,0.4455985426902771,-0.09525973349809647,0.45498135685920715,0.5147853493690491,-0.07186271250247955,0.5841891765594482,0.5423774123191833,-0.09199217706918716,0.6499152183532715,0.5523784160614014,-0.10700570046901703,0.6958561539649963,0.555525004863739,-0.11775344610214233,0.44916123151779175,0.5877636671066284,-0.08516295999288559,0.5135174989700317,0.5948092937469482,-0.09378327429294586,0.49121543765068054,0.5832300186157227,-0.0898711308836937,0.4661434590816498,0.5723708868026733,-0.08835159987211227
E,0.2946615219116211,0.5786272883415222,6.962291649870167e-07,0.3564683794975281,0.4886031746864319,0.013098455034196377,0.44632816314697266,0.46316105127334595,0.008677344769239426,0.512973964214325,0.5082235932350159,0.0031687563750892878,0.5599419474601746,0.5426760911941528,-0.00394399743527174,0.4627765715122223,0.38858187198638916,-0.03265608102083206,0.5568247437477112,0.34005218744277954,-0.04848368838429451,0.6198347806930542,0.32185423374176025,-0.05605898052453995,0.6716494560241699,0.30973178148269653,-0.06194339692592621,0.4593547582626343,0.44462862610816956,-0.05429740995168686,0.5877245664596558,0.4300370216369629,-0.07376378774642944,0.6674777269363403,0.4354323446750641,-0.08661991357803345,0.7269570231437683,0.44438526034355164,-0.09610272198915482,0.4532703459262848,0.5137915015220642,-0.07207567989826202,0.5817661881446838,0.5396308898925781,-0.09368912875652313,0.646880567073822,0.5506740212440491,-0.11042457818984985,0.693670392036438,0.5545546412467957,-0.12257571518421173,0.44512253999710083,0.5877807140350342,-0.08643120527267456,0.50836181640625,0.5944877862930298,-0.09765443950891495,0.4864734411239624,0.5828331112861633,-0.09566783159971237,0.46210402250289917,0.5721578001976013,-0.09564945846796036
E,0.29736465215682983,0.5817026495933533,7.055632522678934e-07,0.3562471270561218,0.48681318759918213,0.014945918694138527,0.4418776333332062,0.4547218084335327,0.010875518433749676,0.5081078410148621,0.48957359790802,0.006392934825271368,0.5561208724975586,0.5181862711906433,0.000999716343358159,0.4619835913181305,0.38728925585746765,-0.036072876304388046,0.556724488735199,0.3362327814102173,-0.052334465086460114,0.6206333637237549,0.3184649348258972,-0.0593593455851078,0.6721786260604858,0.3063085675239563,-0.06384875625371933,0.4582501947879791,0.44248491525650024,-0.056729041039943695,0.5898879170417786,0.4276624023914337,-0.07810376584529877,0.6704064607620239,0.4341747760772705,-0.08857700973749161,0.7285991907119751,0.44233933091163635,-0.09480147808790207,0.45403894782066345,0.5108813643455505,-0.07276690006256104,0.58226478099823,0.5357412695884705,-0.09242004156112671,0.648783802986145,0.5493255853652954,-0.10242897272109985,0.6962482929229736,0.5543487668037415,-0.10900752246379852,0.4474540948867798,0.5842904448509216,-0.0853535532951355,0.5166711807250977,0.5906803011894226,-0.08912239968776703,0.49543941020965576,0.5824883580207825,-0.07861452549695969,0.4702055752277374,0.5749832391738892,-0.07241920381784439
E,0.2990911900997162,0.5821799039840698,6.933219083293807e-07,0.35869789123535156,0.4861588180065155,0.014818641357123852,0.44445058703422546,0.4524880051612854,0.011231489479541779,0.5117358565330505,0.4860169589519501,0.007029699627310038,0.5608701109886169,0.5122361779212952,0.0018508037319406867,0.46309125423431396,0.3877614438533783,-0.03606932982802391,0.5571209192276001,0.3356739580631256,-0.052755821496248245,0.6211484670639038,0.3171726167201996,-0.05985163897275925,0.6729429960250854,0.3050456643104553,-0.06431671231985092,0.45886367559432983,0.44472944736480713,-0.05689157173037529,0.5904384851455688,0.4310653507709503,-0.07733393460512161,0.6702337265014648,0.43518826365470886,-0.08700200915336609,0.7278283834457397,0.44206541776657104,-0.09296203404664993,0.45425957441329956,0.5145061612129211,-0.0733771100640297,0.5846807360649109,0.5401139855384827,-0.09333458542823792,0.6505391001701355,0.5504893660545349,-0.10428348183631897,0.697292149066925,0.5534111261367798,-0.1115167960524559,0.447460412979126,0.5885390043258667,-0.08645535260438919,0.517241895198822,0.5955914855003357,-0.09312638640403748,0.4968773424625397,0.5857406258583069,-0.08547499030828476,0.4722169041633606,0.575904369354248,-0.08082199096679688
E,0.29714369773864746,0.5778012871742249,6.984027436374163e-07,0.3583381175994873,0.48487722873687744,0.013800968416035175,0.44703778624534607,0.4537583589553833,0.009552390314638615,0.5171077251434326,0.48922157287597656,0.004930735565721989,0.5682827234268188,0.5153535604476929,-0.0008007563883438706,0.46314674615859985,0.3864404261112213,-0.03745962306857109,0.5577194690704346,0.3371214270591736,-0.05395161360502243,0.6210347414016724,0.3192331790924072,-0.060596764087677,0.6727015376091003,0.306888610124588,-0.064921073615551,0.45925578474998474,0.4441952407360077,-0.05780375376343727,0.5901792049407959,0.43125471472740173,-0.07798117399215698,0.6700198650360107,0.43680816888809204,-0.08752545714378357,0.7281808853149414,0.4450872242450714,-0.0937332808971405,0.45440787076950073,0.514194905757904,-0.07383272796869278,0.5834780931472778,0.5376178622245789,-0.09342244267463684,0.6478862762451172,0.5477246642112732,-0.10454927384853363,0.6941110491752625,0.5509669780731201,-0.11225150525569916,0.4468517303466797,0.5883045196533203,-0.08651185780763626,0.5148800015449524,0.5938425064086914,-0.09276926517486572,0.494625061750412,0.5816502571105957,-0.08566267043352127,0.4705486595630646,0.5712966322898865,-0.08180097490549088
E,0.2983124852180481,0.5793530344963074,6.750404963895562e-07,0.35877135396003723,0.48599427938461304,0.014265542849898338,0.4468204081058502,0.4573792517185211,0.010615919716656208,0.5123423933982849,0.500130832195282,0.0063290284015238285,0.5585147142410278,0.5324284434318542,0.0009182118228636682,0.4627607464790344,0.38862961530685425,-0.033423636108636856,0.5570000410079956,0.3367115557193756,-0.04828602448105812,0.6200652122497559,0.31792598962783813,-0.05505768582224846,0.6718641519546509,0.30534180998802185,-0.06022673845291138,0.4598120152950287,0.4456934928894043,-0.05440845713019371,0.588799238204956,0.42909541726112366,-0.07393105328083038,0.6683595776557922,0.4339613616466522,-0.08561373502016068,0.7267205119132996,0.440746009349823,-0.09394043684005737,0.45605599880218506,0.5136687159538269,-0.07120681554079056,0.5833947062492371,0.5351755619049072,-0.09187456965446472,0.6491790413856506,0.5459743738174438,-0.10578314960002899,0.6959190964698792,0.5493339896202087,-0.11562450975179672,0.45062315464019775,0.5863279700279236,-0.0844561904668808,0.5180686712265015,0.5866990685462952,-0.09216431528329849,0.4947316348552704,0.5748846530914307,-0.08606480062007904,0.467795729637146,0.5646467208862305,-0.08326492458581924
E,0.2987876534461975,0.579925000667572,6.794561500100826e-07,0.35870373249053955,0.4855762720108032,0.01472725160419941,0.4460282325744629,0.45574837923049927,0.011360052041709423,0.5117418766021729,0.49621495604515076,0.007549045607447624,0.5588173866271973,0.5270266532897949,0.0028031535912305117,0.4622073471546173,0.389196515083313,-0.03456643223762512,0.5570530891418457,0.3361201882362366,-0.04915505647659302,0.6203511953353882,0.31723642349243164,-0.054792340844869614,0.672092616558075,0.3045240640640259,-0.058860860764980316,0.4595995545387268,0.446865975856781,-0.05534755438566208,0.5893689393997192,0.42892155051231384,-0.07566064596176147,0.6688768267631531,0.4334329664707184,-0.08597871661186218,0.7268593907356262,0.43984392285346985,-0.0926152840256691,0.4561777412891388,0.5153958797454834,-0.07174031436443329,0.5827732086181641,0.5365317463874817,-0.0923265591263771,0.6488132476806641,0.5466550588607788,-0.1037822887301445,0.6963023543357849,0.5493800640106201,-0.11132000386714935,0.45039430260658264,0.5880700945854187,-0.08455698192119598,0.5190868377685547,0.5864595174789429,-0.09047850221395493,0.4959753453731537,0.573894739151001,-0.08170918375253677,0.4690212607383728,0.5639306902885437,-0.0767698809504509
E,0.2959928512573242,0.5794726610183716,6.809340789004636e-07,0.3559161424636841,0.4857839345932007,0.015333576127886772,0.4427027106285095,0.45595669746398926,0.012293826788663864,0.5068661570549011,0.4968348741531372,0.008480541408061981,0.5519667267799377,0.529489278793335,0.0034536700695753098,0.4621335566043854,0.38782694935798645,-0.03191559016704559,0.5561678409576416,0.3365083932876587,-0.04611000418663025,0.6190676093101501,0.3181775212287903,-0.05213424190878868,0.6705319285392761,0.30538421869277954,-0.05672949180006981,0.45962217450141907,0.44402027130126953,-0.052853673696517944,0.5888627171516418,0.4281617999076843,-0.07252847403287888,0.6677740216255188,0.43328678607940674,-0.08362368494272232,0.7257840037345886,0.43974947929382324,-0.09103287756443024,0.45554569363594055,0.511913001537323,-0.06944244354963303,0.5826137661933899,0.5367826223373413,-0.0900825709104538,0.6491111516952515,0.5483129024505615,-0.1033930853009224,0.6971108317375183,0.5515470504760742,-0.11249423772096634,0.4491419792175293,0.5846011638641357,-0.08235872536897659,0.5161666870117188,0.5888245701789856,-0.08978927880525589,0.49215298891067505,0.5779916644096375,-0.0830986276268959,0.46511512994766235,0.5678761005401611,-0.07962238788604736
E,0.29577577114105225,0.5783038139343262,6.766641149624775e-07,0.3558650314807892,0.4836597740650177,0.01581234112381935,0.4414301812648773,0.45306897163391113,0.012981104664504528,0.5042682886123657,0.49341264367103577,0.009368496015667915,0.5481671690940857,0.5265103578567505,0.004688549321144819,0.4616302251815796,0.3883785903453827,-0.03234256058931351,0.5558560490608215,0.33626848459243774,-0.04660160839557648,0.6191644072532654,0.31720882654190063,-0.052294518798589706,0.670834481716156,0.30424171686172485,-0.056549567729234695,0.46000537276268005,0.4453985095024109,-0.0535489097237587,0.5885835289955139,0.4281127154827118,-0.0738803967833519,0.6680461168289185,0.4328097105026245,-0.08442383259534836,0.7261111736297607,0.4393593370914459,-0.09115584939718246,0.4568820297718048,0.5134566426277161,-0.0704062208533287,0.5820575952529907,0.5367296934127808,-0.0912088006734848,0.6487635374069214,0.5477995872497559,-0.10376450419425964,0.6970361471176147,0.5513222217559814,-0.112040676176548,0.4508504867553711,0.5858525633811951,-0.08359692245721817,0.5167884826660156,0.5868615508079529,-0.09016306698322296,0.4925243556499481,0.5744736790657043,-0.08255355060100555,0.46470436453819275,0.5644428730010986,-0.07840252667665482
E,0.29740285873413086,0.5782794952392578,6.656704272245406e-07,0.3583138883113861,0.484073668718338,0.015385905280709267,0.4451313018798828,0.4553263783454895,0.011521580629050732,0.5085359215736389,0.49765804409980774,0.007245277985930443,0.5537992119789124,0.5309850573539734,0.0016911820275709033,0.4625983238220215,0.38843536376953125,-0.0357435867190361,0.5551344752311707,0.33780986070632935,-0.050132736563682556,0.6166801452636719,0.3182287812232971,-0.055694907903671265,0.667796790599823,0.30463385581970215,-0.060365449637174606,0.461585134267807,0.4466730058193207,-0.057048819959163666,0.5897148251533508,0.42938223481178284,-0.07824428379535675,0.6685308218002319,0.4340045154094696,-0.09007911384105682,0.7275021076202393,0.44091659784317017,-0.09814988821744919,0.45811939239501953,0.5158059000968933,-0.07362358272075653,0.5833536386489868,0.5374434590339661,-0.09618090093135834,0.6506335139274597,0.5491256713867188,-0.11068166047334671,0.700348436832428,0.5545519590377808,-0.12052034586668015,0.45207005739212036,0.5892896056175232,-0.0861739069223404,0.5137122273445129,0.5851497054100037,-0.09509101510047913,0.4890134632587433,0.5707289576530457,-0.08955150097608566,0.462674081325531,0.561378538608551,-0.08701879531145096
E,0.29649806022644043,0.5778921842575073,6.794742830606992e-07,0.35694220662117004,0.48316147923469543,0.015920763835310936,0.4433870315551758,0.4525325894355774,0.012173685245215893,0.5082443356513977,0.4884001612663269,0.008402208797633648,0.5556471347808838,0.5155259370803833,0.00366297853179276,0.46258777379989624,0.38711321353912354,-0.03770127519965172,0.5554680824279785,0.3370124101638794,-0.05211957171559334,0.617736279964447,0.3190952241420746,-0.05717294663190842,0.6690868735313416,0.3066703677177429,-0.06086656078696251,0.4605581760406494,0.44489437341690063,-0.05821918323636055,0.5897942781448364,0.4276788830757141,-0.07991009205579758,0.6691049933433533,0.4315113127231598,-0.0907202959060669,0.7278404831886292,0.43762636184692383,-0.09746348112821579,0.45656275749206543,0.5146302580833435,-0.07351909577846527,0.5842479467391968,0.5397868156433105,-0.09576516598463058,0.6514585018157959,0.5519115328788757,-0.10789066553115845,0.700032651424408,0.5572891235351562,-0.1154852956533432,0.4503105878829956,0.5886720418930054,-0.08467166870832443,0.5163338780403137,0.5892372727394104,-0.09159500151872635,0.49162933230400085,0.5748186707496643,-0.08332107216119766,0.46412497758865356,0.5644579529762268,-0.0785268247127533
E,0.29690811038017273,0.5805927515029907,6.757940695933939e-07,0.35468217730522156,0.48400983214378357,0.01537871453911066,0.4402524530887604,0.4532754123210907,0.011801391839981079,0.5044746994972229,0.4918815791606903,0.008328535594046116,0.5501798391342163,0.5224665403366089,0.003733567427843809,0.46180590987205505,0.38765019178390503,-0.03766249492764473,0.5559332966804504,0.3373715281486511,-0.052013080567121506,0.6180537939071655,0.31896936893463135,-0.05709409341216087,0.6690746545791626,0.306094765663147,-0.06093334034085274,0.46003907918930054,0.4467216730117798,-0.05775297433137894,0.5896776914596558,0.42858508229255676,-0.07938707619905472,0.6690144538879395,0.4324474334716797,-0.09037439525127411,0.7276471853256226,0.4388663172721863,-0.0973300039768219,0.4567973017692566,0.5166495442390442,-0.07279721647500992,0.5833708643913269,0.5388558506965637,-0.0951654389500618,0.6507322788238525,0.5497719645500183,-0.10841742902994156,0.6996219158172607,0.5552160739898682,-0.11687280237674713,0.45134416222572327,0.5897763967514038,-0.08370817452669144,0.5144880414009094,0.5870081186294556,-0.09126918762922287,0.4892427921295166,0.5714523196220398,-0.08421708643436432,0.4616442918777466,0.5614784955978394,-0.08028946071863174
E,0.2950332760810852,0.580070972442627,6.653773994003132e-07,0.355112761259079,0.48520171642303467,0.017300361767411232,0.4406477212905884,0.45627376437187195,0.014406008645892143,0.5031429529190063,0.4995516538619995,0.01060706190764904,0.5455445051193237,0.5337724089622498,0.005694008897989988,0.4610622823238373,0.3896110951900482,-0.032407086342573166,0.5544244647026062,0.338134229183197,-0.04657137021422386,0.6162887811660767,0.31927064061164856,-0.0519922710955143,0.6672539710998535,0.30573415756225586,-0.05628985911607742,0.45930102467536926,0.4465184211730957,-0.05416971072554588,0.5873009562492371,0.428976446390152,-0.07596005499362946,0.6667286157608032,0.43411627411842346,-0.0871296301484108,0.7257212996482849,0.4402563273906708,-0.09408599883317947,0.4562801420688629,0.5147044658660889,-0.07126717269420624,0.5810951590538025,0.537058413028717,-0.0941847413778305,0.6486164331436157,0.5499578714370728,-0.10759028792381287,0.6980911493301392,0.5545081496238708,-0.11589255928993225,0.4510604739189148,0.588341236114502,-0.08427345752716064,0.5152148008346558,0.5875340700149536,-0.09201116114854813,0.48944413661956787,0.5748412609100342,-0.0847364068031311,0.46098509430885315,0.5652803778648376,-0.08063377439975739
E,0.29548048973083496,0.5794486999511719,6.847340614513087e-07,0.35680821537971497,0.4852246940135956,0.016254514455795288,0.4429541230201721,0.4566911458969116,0.012492169626057148,0.506776750087738,0.4981900453567505,0.008283747360110283,0.5526416301727295,0.5288371443748474,0.0030138760339468718,0.46068185567855835,0.3891807794570923,-0.03586341068148613,0.554646909236908,0.33702677488327026,-0.04999173805117607,0.6173782348632812,0.31817376613616943,-0.05500754341483116,0.6686545610427856,0.30570709705352783,-0.05880395323038101,0.4593729078769684,0.44648438692092896,-0.05691942945122719,0.5886417031288147,0.4279240369796753,-0.07786981761455536,0.6678745150566101,0.4313788414001465,-0.08877196907997131,0.7261915802955627,0.4376658797264099,-0.09580772370100021,0.4559922218322754,0.5152081251144409,-0.07295621931552887,0.5836043953895569,0.5396768450737,-0.0938529446721077,0.6501004099845886,0.5513069033622742,-0.10622670501470566,0.6978020071983337,0.5561306476593018,-0.11451675742864609,0.44974279403686523,0.5887466669082642,-0.08502773940563202,0.5142678618431091,0.5886197090148926,-0.09136466681957245,0.4899750053882599,0.5742467045783997,-0.08374860882759094,0.4628734886646271,0.5635682940483093,-0.07969836890697479
E,0.2937667965888977,0.5812714099884033,6.945012387404859e-07,0.3521277904510498,0.4873187839984894,0.014923500828444958,0.43651536107063293,0.4569394290447235,0.010941610671579838,0.49795183539390564,0.4961516559123993,0.006556551903486252,0.5390998125076294,0.5287249088287354,0.0010278790723532438,0.4588220417499542,0.38920387625694275,-0.035404935479164124,0.5536304712295532,0.33701878786087036,-0.05045650154352188,0.6168755292892456,0.3188408315181732,-0.0560644194483757,0.6680532693862915,0.3065353035926819,-0.06003384664654732,0.45854443311691284,0.4463717043399811,-0.05622486770153046,0.5876596570014954,0.4282280206680298,-0.07787123322486877,0.6670801639556885,0.43200623989105225,-0.08883165568113327,0.7257288694381714,0.43755877017974854,-0.09540905058383942,0.455648809671402,0.5144678354263306,-0.07242624461650848,0.5792871713638306,0.5401230454444885,-0.09374038130044937,0.6471058130264282,0.5508735179901123,-0.10638917982578278,0.697594165802002,0.5546102523803711,-0.11457552760839462,0.4491882026195526,0.5878738760948181,-0.084932841360569,0.5112930536270142,0.5911582708358765,-0.0909583568572998,0.48698320984840393,0.579032838344574,-0.08278347551822662,0.46029719710350037,0.5701513290405273,-0.07822462916374207
E,0.29350483417510986,0.5856825113296509,6.836556849521003e-07,0.35390299558639526,0.4915328025817871,0.018244784325361252,0.43842995166778564,0.45961225032806396,0.01681966707110405,0.49923521280288696,0.49863937497138977,0.013970446772873402,0.5414375066757202,0.5306540131568909,0.010172354057431221,0.45960140228271484,0.3927185535430908,-0.026828723028302193,0.5537154078483582,0.33943405747413635,-0.03973150998353958,0.6166011095046997,0.3194881081581116,-0.04461001977324486,0.6672806143760681,0.3064921796321869,-0.048232048749923706,0.4597093164920807,0.44861164689064026,-0.04869091883301735,0.5891525745391846,0.43032512068748474,-0.06805741786956787,0.6674456596374512,0.43405330181121826,-0.07863572984933853,0.7248861789703369,0.4406510591506958,-0.08492369204759598,0.4569944739341736,0.5165360569953918,-0.06600595265626907,0.5834701061248779,0.539570689201355,-0.08521638810634613,0.649178683757782,0.5509203672409058,-0.0971299260854721,0.6971485018730164,0.5554095506668091,-0.10491454601287842,0.4505360722541809,0.5903424620628357,-0.0795266255736351,0.515221357345581,0.5946957468986511,-0.08434505760669708,0.4914902150630951,0.5829681158065796,-0.07578092813491821,0.4649052619934082,0.5737095475196838,-0.07080353051424026
E,0.2940859794616699,0.5833965539932251,7.117897098396497e-07,0.3529379963874817,0.49031761288642883,0.014537517912685871,0.43729329109191895,0.4597158133983612,0.010902334935963154,0.49824097752571106,0.5015928149223328,0.006454288959503174,0.5390933156013489,0.5362352132797241,0.0010476134484633803,0.45986080169677734,0.3916570544242859,-0.030995909124612808,0.5534635186195374,0.33929651975631714,-0.04540375992655754,0.6162823438644409,0.32003962993621826,-0.05144193768501282,0.6672103404998779,0.30800899863243103,-0.0558042898774147,0.4599746763706207,0.44825562834739685,-0.05154821276664734,0.588914155960083,0.4312049150466919,-0.07078812271356583,0.667284369468689,0.43487349152565,-0.08161233365535736,0.7253732681274414,0.4416912794113159,-0.08857284486293793,0.4565375745296478,0.5161992907524109,-0.06789817661046982,0.5819405317306519,0.5414013862609863,-0.08667934685945511,0.6470809578895569,0.5514497756958008,-0.09912918508052826,0.6947088241577148,0.5545897483825684,-0.10788401961326599,0.44904303550720215,0.5893803238868713,-0.08091209828853607,0.5117709040641785,0.5963041186332703,-0.08587364107370377,0.4889857769012451,0.5848016738891602,-0.07827427983283997,0.4634883403778076,0.5748096704483032,-0.07436075061559677
E,0.2943248748779297,0.5866140723228455,6.961998337828845e-07,0.3531065881252289,0.49338454008102417,0.016270272433757782,0.43716517090797424,0.46184369921684265,0.013602465391159058,0.4976997971534729,0.5016475319862366,0.010057143867015839,0.5393669009208679,0.534671425819397,0.005496217403560877,0.45988762378692627,0.39385297894477844,-0.029849594458937645,0.55350661277771,0.34147462248802185,-0.043617796152830124,0.6167486906051636,0.32139676809310913,-0.049107883125543594,0.6674723625183105,0.3079215884208679,-0.05304593965411186,0.46037834882736206,0.4495506286621094,-0.050828251987695694,0.5891954898834229,0.4325735867023468,-0.0695875957608223,0.667780876159668,0.4361845850944519,-0.07991398125886917,0.7257023453712463,0.4421972632408142,-0.08635567128658295,0.4576636552810669,0.516472578048706,-0.06735241413116455,0.5830615162849426,0.5426564812660217,-0.08557071536779404,0.6486570835113525,0.5520498752593994,-0.09749563038349152,0.6965425610542297,0.5543096661567688,-0.10582186281681061,0.4508132338523865,0.5893780589103699,-0.08034998923540115,0.5120207667350769,0.5972065329551697,-0.08453499525785446,0.4886956512928009,0.5866008400917053,-0.07622914761304855,0.46295100450515747,0.5775516033172607,-0.07173097133636475
E,0.29490476846694946,0.5847971439361572,7.098173568920174e-07,0.35407373309135437,0.4918140172958374,0.013925783336162567,0.4380486011505127,0.4603777825832367,0.009432738646864891,0.4998365342617035,0.5001438856124878,0.004362182691693306,0.5424693822860718,0.5330243706703186,-0.0016177651705220342,0.46068283915519714,0.3923867344856262,-0.03350042551755905,0.5539453625679016,0.34096282720565796,-0.04890303686261177,0.6168574094772339,0.32144036889076233,-0.055446967482566833,0.6679078340530396,0.308193564414978,-0.0601649209856987,0.4597333073616028,0.44804272055625916,-0.05404885858297348,0.5880175828933716,0.4313465356826782,-0.0750262588262558,0.666964590549469,0.43553611636161804,-0.0861254557967186,0.7254719734191895,0.44170525670051575,-0.0930979922413826,0.45617592334747314,0.5157771110534668,-0.07032567262649536,0.5813539028167725,0.5441076755523682,-0.09061362594366074,0.6475976705551147,0.5548936724662781,-0.10268662124872208,0.6955957412719727,0.5574334263801575,-0.11083153635263443,0.44923579692840576,0.5895547866821289,-0.08327484875917435,0.5120847225189209,0.5979865789413452,-0.08878590166568756,0.4894947409629822,0.5870438814163208,-0.08085865527391434,0.4638389050960541,0.5767451524734497,-0.076633982360363
E,0.296383798122406,0.5847473740577698,7.059763333927549e-07,0.35423341393470764,0.491460382938385,0.015029662288725376,0.4381966292858124,0.4607689082622528,0.011156890541315079,0.5004876852035522,0.5017262101173401,0.006875570397824049,0.5438216924667358,0.5345351099967957,0.0018623999785631895,0.4607105255126953,0.39259597659111023,-0.03339112550020218,0.5543602108955383,0.34123948216438293,-0.04830139875411987,0.6176308393478394,0.32188817858695984,-0.05444406718015671,0.6685890555381775,0.3094249367713928,-0.058881450444459915,0.4605118930339813,0.4480636417865753,-0.05370883643627167,0.5897172093391418,0.43210670351982117,-0.07362215220928192,0.6683179140090942,0.43601271510124207,-0.0843920186161995,0.7262899875640869,0.4424505829811096,-0.09130214899778366,0.4575285315513611,0.5157973170280457,-0.06948325037956238,0.5838068127632141,0.5438889265060425,-0.0884898230433464,0.6505190134048462,0.5535419583320618,-0.10059856623411179,0.6991081237792969,0.5561723113059998,-0.10919386148452759,0.4512127637863159,0.5893876552581787,-0.08177368342876434,0.5106098055839539,0.5985903143882751,-0.0866088718175888,0.48769834637641907,0.5863049626350403,-0.0792132243514061,0.46258699893951416,0.5750624537467957,-0.07551100850105286
E,0.2952577471733093,0.585830569267273,7.109427428986237e-07,0.3524877429008484,0.492625892162323,0.014599725604057312,0.4371488094329834,0.46329617500305176,0.010889836587011814,0.4991949796676636,0.5077953934669495,0.006572985090315342,0.5403640866279602,0.5439255237579346,0.0012393725337460637,0.459550678730011,0.3917999863624573,-0.03126520663499832,0.5535385012626648,0.3409993350505829,-0.04556076601147652,0.6167172789573669,0.32247328758239746,-0.05173266679048538,0.6676458120346069,0.31037700176239014,-0.05648351088166237,0.45999228954315186,0.44769740104675293,-0.051793284714221954,0.588681161403656,0.4319462776184082,-0.07150571793317795,0.6672486066818237,0.43601980805397034,-0.08316033333539963,0.7255443334579468,0.4422425627708435,-0.09083165228366852,0.45692452788352966,0.5151881575584412,-0.06800193339586258,0.582001805305481,0.5431190133094788,-0.08788864314556122,0.6492798328399658,0.5522366762161255,-0.10197856277227402,0.6985582113265991,0.5538395643234253,-0.11191722750663757,0.4502710998058319,0.5884955525398254,-0.08069749176502228,0.5096244812011719,0.598048210144043,-0.08726993948221207,0.4857732057571411,0.586362361907959,-0.08122381567955017,0.4597626328468323,0.5753113627433777,-0.07841997593641281
E,0.2967732548713684,0.5855855941772461,7.052780688354687e-07,0.35498178005218506,0.49145275354385376,0.014464729465544224,0.43879932165145874,0.4590790867805481,0.010630358010530472,0.5015103816986084,0.4981052875518799,0.006136951502412558,0.5452514886856079,0.5308388471603394,0.0009108445374295115,0.46077802777290344,0.3919071555137634,-0.03208518773317337,0.5544017553329468,0.3404383957386017,-0.04712605103850365,0.6175563931465149,0.3208310604095459,-0.05352983623743057,0.6686413288116455,0.3083679676055908,-0.058072008192539215,0.4605502784252167,0.4479803740978241,-0.052359484136104584,0.5885030627250671,0.43166491389274597,-0.07176851481199265,0.6670963764190674,0.43499070405960083,-0.08244983851909637,0.7252545356750488,0.44117793440818787,-0.08942368626594543,0.4575209617614746,0.5160126090049744,-0.06839536130428314,0.583646833896637,0.5435764193534851,-0.08726393431425095,0.6497176289558411,0.5529381036758423,-0.09961728751659393,0.6975030899047852,0.5551116466522217,-0.10833117365837097,0.4513227939605713,0.5892098546028137,-0.0811222568154335,0.5119226574897766,0.5979487895965576,-0.08669684082269669,0.4905681908130646,0.5852996110916138,-0.08018676191568375,0.46675780415534973,0.5730586647987366,-0.07693081349134445
E,0.295122891664505,0.5859701037406921,7.055581932036148e-07,0.35269588232040405,0.49259570240974426,0.01438943576067686,0.43781304359436035,0.46303313970565796,0.01096164807677269,0.5001798272132874,0.5077882409095764,0.006784615572541952,0.5407830476760864,0.5449652671813965,0.0017172712832689285,0.4609518051147461,0.39185845851898193,-0.029535183683037758,0.5544763803482056,0.3410080671310425,-0.043926265090703964,0.6174359917640686,0.3217000961303711,-0.05055302754044533,0.6683976650238037,0.30914533138275146,-0.05564020201563835,0.46119391918182373,0.44818249344825745,-0.0499960221350193,0.588038980960846,0.4322930574417114,-0.06851445883512497,0.66631680727005,0.43539029359817505,-0.0798332467675209,0.7246660590171814,0.4414973855018616,-0.08764956891536713,0.4578123092651367,0.5155572891235352,-0.06647118180990219,0.5832578539848328,0.5433501601219177,-0.08546484261751175,0.6487125158309937,0.5515984892845154,-0.09981626272201538,0.6966077089309692,0.5532472729682922,-0.11020977795124054,0.4510219693183899,0.5882933735847473,-0.079632967710495,0.5085556507110596,0.5973377823829651,-0.08669178187847137,0.48530450463294983,0.5837892889976501,-0.08217861503362656,0.46078163385391235,0.5709011554718018,-0.08044309914112091
E,0.29610803723335266,0.5849542021751404,6.959025427022425e-07,0.35682201385498047,0.49253788590431213,0.014939676970243454,0.4419267177581787,0.461828351020813,0.012086136266589165,0.5023713707923889,0.5033004283905029,0.008459256030619144,0.542557418346405,0.5371021628379822,0.004189952276647091,0.46360522508621216,0.3944830894470215,-0.02909933030605316,0.5553678870201111,0.34291720390319824,-0.04250960052013397,0.6171761155128479,0.3237909972667694,-0.04799020662903786,0.6676836013793945,0.31116312742233276,-0.05216025561094284,0.4633166491985321,0.45058387517929077,-0.04954857379198074,0.5891950130462646,0.43154802918434143,-0.06866033375263214,0.6673728227615356,0.4349108934402466,-0.07939692586660385,0.7253877520561218,0.4412711560726166,-0.08626583963632584,0.46015211939811707,0.5188671350479126,-0.06583410501480103,0.5845686197280884,0.5474352836608887,-0.08507171273231506,0.6506813764572144,0.5591333508491516,-0.09781260788440704,0.699181079864502,0.5630441904067993,-0.10652299970388412,0.45369860529899597,0.5918920636177063,-0.07872183620929718,0.5141933560371399,0.6006834506988525,-0.08401572704315186,0.49012210965156555,0.589565098285675,-0.07672961801290512,0.46404463052749634,0.5797827839851379,-0.0730132982134819
E,0.301300048828125,0.5840867161750793,6.946364692339557e-07,0.360761433839798,0.4915468990802765,0.015100028365850449,0.44380906224250793,0.457291841506958,0.011944010853767395,0.5037354826927185,0.49003517627716064,0.008120219223201275,0.5463937520980835,0.5190038681030273,0.003413924016058445,0.46603259444236755,0.39638203382492065,-0.03153177723288536,0.5582152605056763,0.3441687822341919,-0.04614489525556564,0.621068000793457,0.3253733515739441,-0.05146292597055435,0.6708837747573853,0.3144446015357971,-0.054726481437683105,0.467286616563797,0.4509449601173401,-0.05230089649558067,0.5951415300369263,0.4338669776916504,-0.07012239098548889,0.6730173826217651,0.43677932024002075,-0.07886230200529099,0.7293550968170166,0.443122535943985,-0.08400858938694,0.4647051692008972,0.5177920460700989,-0.0688890665769577,0.588499128818512,0.5470114350318909,-0.08601383119821548,0.6528633832931519,0.5577098727226257,-0.09688277542591095,0.699451208114624,0.5614737868309021,-0.10473384708166122,0.4574722349643707,0.590834379196167,-0.08222192525863647,0.5137944221496582,0.6022842526435852,-0.08661101013422012,0.4909994304180145,0.5923526287078857,-0.07877463847398758,0.4659695327281952,0.5832818150520325,-0.07448087632656097
E,0.3025890588760376,0.5836963057518005,7.074808081597439e-07,0.36106255650520325,0.49144282937049866,0.014491695910692215,0.4455101191997528,0.459419310092926,0.011076433584094048,0.5055930018424988,0.4958363175392151,0.00734945060685277,0.5469989776611328,0.5263135433197021,0.0026413837913423777,0.4678262770175934,0.3942059278488159,-0.03200449049472809,0.5596917867660522,0.34490418434143066,-0.04544152319431305,0.6220332384109497,0.3271644115447998,-0.05019552633166313,0.672173798084259,0.316265344619751,-0.053555928170681,0.46960774064064026,0.44958001375198364,-0.0519760437309742,0.5962901711463928,0.43323153257369995,-0.070425845682621,0.6739225387573242,0.436906635761261,-0.0804198607802391,0.7311463952064514,0.4433647394180298,-0.08664120733737946,0.46686646342277527,0.5170853734016418,-0.06745574623346329,0.589622437953949,0.5487432479858398,-0.0858956053853035,0.6554169058799744,0.5592976212501526,-0.0983797237277031,0.7032853960990906,0.5626460909843445,-0.10720166563987732,0.4596371650695801,0.5901529788970947,-0.07945362478494644,0.5151301026344299,0.6013175845146179,-0.08476139605045319,0.49134910106658936,0.5896451473236084,-0.07781767845153809,0.4659489691257477,0.5799623131752014,-0.07428478449583054
E,0.3025735020637512,0.5852025151252747,7.049107466627902e-07,0.36026471853256226,0.49175840616226196,0.013727741315960884,0.44525888562202454,0.4594498872756958,0.010360204614698887,0.5060175657272339,0.49835094809532166,0.006591519806534052,0.5468785762786865,0.531843900680542,0.0017838496714830399,0.4677127003669739,0.3943341076374054,-0.0309034064412117,0.5598205924034119,0.3444707989692688,-0.04463221877813339,0.6224781274795532,0.32708966732025146,-0.0500699058175087,0.6726834177970886,0.31636887788772583,-0.053969208151102066,0.4693349301815033,0.4500426948070526,-0.05085155740380287,0.5956113934516907,0.4334633946418762,-0.06926076859235764,0.6735839247703552,0.43652233481407166,-0.07984080910682678,0.7310451865196228,0.4421065151691437,-0.08656682074069977,0.4666880667209625,0.5177044868469238,-0.06663139164447784,0.5892829895019531,0.5496553182601929,-0.08561829477548599,0.6555547118186951,0.5593045353889465,-0.09914761781692505,0.7039369940757751,0.561335563659668,-0.10862892866134644,0.45952385663986206,0.5909963846206665,-0.07902713865041733,0.5160177946090698,0.6018553972244263,-0.08545614033937454,0.4919174611568451,0.5899196863174438,-0.0793260857462883,0.4658747613430023,0.5795214176177979,-0.07626736909151077
E,0.3056500554084778,0.5831329226493835,7.15503006176732e-07,0.36424875259399414,0.4903973340988159,0.013235910795629025,0.4470665454864502,0.4531653821468353,0.009686782956123352,0.5074197053909302,0.48106062412261963,0.005695079453289509,0.5485416650772095,0.5073001384735107,0.0010848992969840765,0.46941933035850525,0.39523524045944214,-0.03150342404842377,0.561246395111084,0.34322407841682434,-0.04658527672290802,0.6240108013153076,0.32594260573387146,-0.052315324544906616,0.6740268468856812,0.31600314378738403,-0.0556369349360466,0.4713638126850128,0.450338751077652,-0.05109989643096924,0.5979322195053101,0.43392133712768555,-0.06942643225193024,0.675603449344635,0.43776023387908936,-0.07824190706014633,0.7323420643806458,0.4441514313220978,-0.08314573764801025,0.4690803289413452,0.5170221328735352,-0.0667550340294838,0.5883193612098694,0.5481629371643066,-0.08392085880041122,0.652665913105011,0.560606062412262,-0.09391020238399506,0.6997193694114685,0.5651604533195496,-0.10074365139007568,0.46198803186416626,0.589248776435852,-0.07950907200574875,0.5192617177963257,0.6043680906295776,-0.08306793868541718,0.4970826506614685,0.5961813926696777,-0.0740310549736023,0.47236377000808716,0.5878181457519531,-0.068687804043293
E,0.30515986680984497,0.5828893184661865,7.117338896023284e-07,0.36279919743537903,0.49056822061538696,0.012216893956065178,0.4463531970977783,0.45453155040740967,0.008343018591403961,0.5068541765213013,0.48530930280685425,0.004099530633538961,0.5469824075698853,0.5140792727470398,-0.0008995532407425344,0.4684525728225708,0.394550085067749,-0.030878422781825066,0.5602308511734009,0.34430283308029175,-0.045863259583711624,0.6232720613479614,0.3269871771335602,-0.052011508494615555,0.6736227869987488,0.316885381937027,-0.05590690299868584,0.4713955223560333,0.44975829124450684,-0.05017494037747383,0.597141444683075,0.4326581060886383,-0.06812813133001328,0.6748467087745667,0.43643853068351746,-0.077649787068367,0.7316595315933228,0.4434524476528168,-0.08343681693077087,0.469285786151886,0.5167529582977295,-0.06567138433456421,0.5889604091644287,0.547599732875824,-0.0833795815706253,0.6531786918640137,0.5605685114860535,-0.09448765218257904,0.7001386880874634,0.5662617087364197,-0.10223909467458725,0.46210741996765137,0.5894061923027039,-0.07828247547149658,0.5192287564277649,0.6022433042526245,-0.08342830836772919,0.49666401743888855,0.5931161642074585,-0.07569541782140732,0.47195151448249817,0.5848700404167175,-0.07130148261785507
E,0.30461734533309937,0.5822057723999023,7.262419785547536e-07,0.3627139627933502,0.491918683052063,0.012975554913282394,0.4466983377933502,0.458331823348999,0.009099168702960014,0.506379246711731,0.4913392663002014,0.004765939898788929,0.5468276739120483,0.5199577808380127,-0.00037077220622450113,0.4679386019706726,0.3956415057182312,-0.03178859129548073,0.560318648815155,0.3443494439125061,-0.04638292267918587,0.6231918334960938,0.326837420463562,-0.052027780562639236,0.6733592748641968,0.3170710504055023,-0.05565265938639641,0.4708961546421051,0.450469046831131,-0.05132395401597023,0.5972052216529846,0.43294307589530945,-0.06949245929718018,0.6746023297309875,0.4365650415420532,-0.07948599755764008,0.7316500544548035,0.44347459077835083,-0.08560417592525482,0.46868181228637695,0.5168396830558777,-0.0667075589299202,0.5889751315116882,0.547279417514801,-0.08387961238622665,0.6528780460357666,0.5593892931938171,-0.09533605724573135,0.6996932029724121,0.564408540725708,-0.1035836860537529,0.46166878938674927,0.5886707305908203,-0.07909740507602692,0.5169703960418701,0.604113757610321,-0.08338095992803574,0.4947328567504883,0.5952211022377014,-0.07587949186563492,0.4710153639316559,0.5867978930473328,-0.07189744710922241
E,0.30840539932250977,0.583202600479126,7.041911658234312e-07,0.36797043681144714,0.49271339178085327,0.014000490307807922,0.4524950385093689,0.45945823192596436,0.010866628028452396,0.5128231644630432,0.4920208156108856,0.0072947414591908455,0.5558032989501953,0.5187094807624817,0.0031674932688474655,0.47401756048202515,0.39756903052330017,-0.03045695833861828,0.5647044777870178,0.34801292419433594,-0.0444660410284996,0.6268531084060669,0.32995176315307617,-0.04971164092421532,0.6772208213806152,0.31849226355552673,-0.05328236147761345,0.47504934668540955,0.4508489966392517,-0.05022484436631203,0.600295901298523,0.43503811955451965,-0.06852368265390396,0.6776552200317383,0.43864166736602783,-0.0783528983592987,0.7347051501274109,0.4442354738712311,-0.0843794122338295,0.47210368514060974,0.5170993804931641,-0.06584995985031128,0.5926740765571594,0.5515965819358826,-0.08373378962278366,0.6573776006698608,0.564495325088501,-0.0949375256896019,0.7045207023620605,0.5678839683532715,-0.10287769883871078,0.46541982889175415,0.5888068079948425,-0.07832130789756775,0.5205486416816711,0.6042709946632385,-0.08325207233428955,0.496574729681015,0.5946172475814819,-0.07582219690084457,0.4712575674057007,0.5841129422187805,-0.07186338305473328
E,0.3095329999923706,0.5839914679527283,7.141809987842862e-07,0.36665087938308716,0.4929240047931671,0.01114175096154213,0.45041021704673767,0.4550779461860657,0.006784442346543074,0.5124073028564453,0.4810914695262909,0.0025186678394675255,0.5558786988258362,0.5064706802368164,-0.0024637014139443636,0.4725548028945923,0.3957090973854065,-0.03433188796043396,0.5637304186820984,0.3472480773925781,-0.050143495202064514,0.6269131898880005,0.3295798897743225,-0.056541334837675095,0.677692174911499,0.318447470664978,-0.06054172292351723,0.4727044403553009,0.4489244818687439,-0.05317554622888565,0.599749743938446,0.43463385105133057,-0.07227358222007751,0.6781758069992065,0.4394625723361969,-0.08152490854263306,0.7350362539291382,0.4467187523841858,-0.0868844985961914,0.4698695242404938,0.5157453417778015,-0.06814689189195633,0.592961311340332,0.5506113767623901,-0.08710238337516785,0.6584179401397705,0.5621541142463684,-0.09771827608346939,0.70557701587677,0.5647693872451782,-0.10490407794713974,0.46318870782852173,0.5888485312461853,-0.08023548126220703,0.5222445726394653,0.6049241423606873,-0.08633149415254593,0.49877965450286865,0.5952919721603394,-0.07843729108572006,0.4729585349559784,0.5849502086639404,-0.0737973228096962
E,0.3097184896469116,0.5806944370269775,7.232757752717589e-07,0.3685947060585022,0.49063223600387573,0.012906251475214958,0.4539041519165039,0.4599894881248474,0.008686312474310398,0.5153697729110718,0.4980064332485199,0.004331051371991634,0.5571281909942627,0.5302545428276062,-0.0009059573640115559,0.47284314036369324,0.3960220515727997,-0.033786799758672714,0.5651682615280151,0.34659573435783386,-0.04794099181890488,0.6273361444473267,0.3295983374118805,-0.05274968966841698,0.677090048789978,0.3190348744392395,-0.05608898028731346,0.474518358707428,0.45085760951042175,-0.05332911014556885,0.6018222570419312,0.4353698194026947,-0.07238390296697617,0.6791573762893677,0.43848568201065063,-0.08193075656890869,0.7357721924781799,0.4439507722854614,-0.08771518617868423,0.4720515012741089,0.5179105401039124,-0.06863534450531006,0.5948545932769775,0.5509616732597351,-0.08749375492334366,0.6605510711669922,0.5613309144973755,-0.0992402657866478,0.7087937593460083,0.5640344619750977,-0.10737396776676178,0.4654790759086609,0.5900272130966187,-0.08069922775030136,0.5219058394432068,0.6019364595413208,-0.08642850071191788,0.49838465452194214,0.5894913673400879,-0.07949439436197281,0.47350311279296875,0.578330397605896,-0.07590258121490479
E,0.3108619451522827,0.5843629240989685,7.042726792860776e-07,0.36879414319992065,0.4924209415912628,0.013603758066892624,0.45119574666023254,0.4596824645996094,0.009534982964396477,0.5110740661621094,0.4939306676387787,0.005346269812434912,0.5522376894950867,0.5262914896011353,0.00028547877445816994,0.47286394238471985,0.39780041575431824,-0.03520338609814644,0.5649784803390503,0.3480525314807892,-0.050208982080221176,0.627411425113678,0.3297591507434845,-0.05533788353204727,0.6778207421302795,0.3178643584251404,-0.05872970074415207,0.47360071539878845,0.45205751061439514,-0.0550382174551487,0.6007275581359863,0.4356171786785126,-0.07559725642204285,0.6785721182823181,0.439444899559021,-0.08508716523647308,0.7352636456489563,0.44566240906715393,-0.09033886343240738,0.4711538553237915,0.5191689133644104,-0.07039668411016464,0.5919554829597473,0.5531725287437439,-0.09007793664932251,0.6566797494888306,0.5649224519729614,-0.10040875524282455,0.703926682472229,0.5681084394454956,-0.10700714588165283,0.46407756209373474,0.5921947360038757,-0.08245552331209183,0.5218393206596375,0.6031177043914795,-0.0871882513165474,0.4978618025779724,0.591492772102356,-0.07804369181394577,0.4720795154571533,0.5812217593193054,-0.07269071787595749
E,0.30828696489334106,0.5833727717399597,7.162979045460816e-07,0.3664606809616089,0.4920465052127838,0.013337339274585247,0.45023900270462036,0.4608338475227356,0.009316687472164631,0.5104517340660095,0.4987166225910187,0.005098054185509682,0.5495135188102722,0.5336125493049622,-0.00018219577032141387,0.472404807806015,0.3976013958454132,-0.03438785299658775,0.5652724504470825,0.34844690561294556,-0.04866059124469757,0.6275936365127563,0.33104729652404785,-0.053434256464242935,0.6774379014968872,0.319993793964386,-0.056702595204114914,0.4738604724407196,0.4534705877304077,-0.05422499403357506,0.6005339622497559,0.4365517199039459,-0.07444817572832108,0.6779944896697998,0.4399150013923645,-0.08406538516283035,0.7347977161407471,0.44586801528930664,-0.08941958844661713,0.4712357819080353,0.521195113658905,-0.06965945661067963,0.592352032661438,0.5518985986709595,-0.08927645534276962,0.6582074761390686,0.5617912411689758,-0.10047347843647003,0.7072831392288208,0.5645123720169067,-0.10768801718950272,0.4636443555355072,0.5940043926239014,-0.08176835626363754,0.5207729339599609,0.6025464534759521,-0.08696980029344559,0.49644869565963745,0.5891417264938354,-0.07853753864765167,0.47059983015060425,0.5784863829612732,-0.07366929948329926
E,0.30843228101730347,0.5868011713027954,6.950875786060351e-07,0.3653324842453003,0.49329760670661926,0.014738100580871105,0.4473539888858795,0.45806023478507996,0.011995187029242516,0.5077484250068665,0.48800861835479736,0.00885989423841238,0.5501078367233276,0.5171016454696655,0.004830559249967337,0.47266310453414917,0.3994116485118866,-0.03216264024376869,0.5646267533302307,0.34901273250579834,-0.04674890637397766,0.6271718144416809,0.3307790756225586,-0.05160476639866829,0.6770445108413696,0.3189617991447449,-0.05439675226807594,0.47394701838493347,0.4544912278652191,-0.052107829600572586,0.601517379283905,0.437747597694397,-0.07183478772640228,0.6795021891593933,0.44114139676094055,-0.08038989454507828,0.7356943488121033,0.4469829499721527,-0.08450259268283844,0.47152623534202576,0.5213993191719055,-0.06775037944316864,0.5924348831176758,0.5523098111152649,-0.08624769747257233,0.6571736335754395,0.5621557831764221,-0.09558495879173279,0.7046617269515991,0.5642633438110352,-0.10127821564674377,0.4637015759944916,0.5937108397483826,-0.08008689433336258,0.5218644142150879,0.6027396321296692,-0.0834672600030899,0.4985273480415344,0.5901288986206055,-0.07321073859930038,0.473006933927536,0.5797432661056519,-0.06678560376167297
E,0.30803385376930237,0.5869415998458862,7.095559908520954e-07,0.3651229441165924,0.49462956190109253,0.013488932512700558,0.44673916697502136,0.4571665823459625,0.009906272403895855,0.5082198977470398,0.4831482470035553,0.006210905034095049,0.5519708395004272,0.5093231797218323,0.0017758011817932129,0.4712398946285248,0.3987621068954468,-0.03481572866439819,0.564970076084137,0.3487595319747925,-0.050026796758174896,0.6278232336044312,0.3301835060119629,-0.05481951683759689,0.6776574850082397,0.31795281171798706,-0.05737324059009552,0.47224104404449463,0.45366576313972473,-0.05405871942639351,0.6003812551498413,0.43716418743133545,-0.07488872855901718,0.6786074638366699,0.44045475125312805,-0.08325830847024918,0.735065221786499,0.44651639461517334,-0.0870499312877655,0.4701310992240906,0.520551323890686,-0.06891974806785583,0.5915809869766235,0.5525514483451843,-0.08750169724225998,0.6550398468971252,0.561733067035675,-0.09566307067871094,0.7014511227607727,0.5625904202461243,-0.10049378126859665,0.46269628405570984,0.5928277373313904,-0.08066729456186295,0.5229230523109436,0.6044873595237732,-0.0836324468255043,0.5000552535057068,0.5925668478012085,-0.07273740321397781,0.47510218620300293,0.5816853642463684,-0.06582198292016983
E,0.3080570697784424,0.5872538089752197,7.047363510537252e-07,0.36588674783706665,0.49467211961746216,0.014396914280951023,0.4479176998138428,0.459539532661438,0.011192940175533295,0.509610116481781,0.48998093605041504,0.00780426524579525,0.5521954298019409,0.5187958478927612,0.0038002580404281616,0.47164320945739746,0.40094050765037537,-0.03433026373386383,0.5650684237480164,0.34903645515441895,-0.04955549165606499,0.627644419670105,0.33057859539985657,-0.054497960954904556,0.6777077913284302,0.3183560371398926,-0.05731190741062164,0.4721307158470154,0.45608648657798767,-0.05394444614648819,0.6005268096923828,0.4381338655948639,-0.07538127154111862,0.6787573099136353,0.44127243757247925,-0.08394748717546463,0.7355465888977051,0.44670960307121277,-0.0877956971526146,0.4697989225387573,0.5226251482963562,-0.06915630400180817,0.5918188095092773,0.5527517795562744,-0.08856213092803955,0.6566861271858215,0.5623230934143066,-0.09737063199281693,0.7046650648117065,0.5637080073356628,-0.10235480219125748,0.4624902606010437,0.5939995050430298,-0.08110056072473526,0.5228025317192078,0.603811502456665,-0.08442988991737366,0.49944761395454407,0.5909537076950073,-0.07391572743654251,0.4741923213005066,0.5796673893928528,-0.06722763180732727
E,0.30932381749153137,0.5886092782020569,7.099382628439344e-07,0.36560314893722534,0.49439552426338196,0.01345170009881258,0.4462536871433258,0.4548858404159546,0.010103097185492516,0.5077938437461853,0.4778703451156616,0.00663844496011734,0.5514025688171387,0.5032944679260254,0.0025562820956110954,0.47130799293518066,0.3988906741142273,-0.03423132374882698,0.5647314786911011,0.3481195271015167,-0.04980549216270447,0.6279293894767761,0.32966893911361694,-0.05484582483768463,0.6778483986854553,0.3178841173648834,-0.05734171345829964,0.47296392917633057,0.45395851135253906,-0.053319528698921204,0.6012272238731384,0.4373009204864502,-0.07427187263965607,0.6793231964111328,0.44070371985435486,-0.08213550597429276,0.7353949546813965,0.44694843888282776,-0.08525032550096512,0.47124791145324707,0.5209035277366638,-0.0681227445602417,0.5919308066368103,0.5523084402084351,-0.08622264117002487,0.6557168364524841,0.5615445375442505,-0.0931272804737091,0.7026106119155884,0.5629673004150391,-0.09690631926059723,0.4637170135974884,0.5934576392173767,-0.07994725555181503,0.5240854024887085,0.6048367023468018,-0.08168789744377136,0.5019739866256714,0.5931575894355774,-0.06938057392835617,0.47731801867485046,0.5828896164894104,-0.061373788863420486
E,0.31122294068336487,0.5876986384391785,6.947744282115309e-07,0.36874842643737793,0.4935125708580017,0.014528186060488224,0.45105254650115967,0.45903682708740234,0.011140771210193634,0.5130518674850464,0.4917781352996826,0.007671788334846497,0.5564669966697693,0.5205956101417542,0.003578190691769123,0.47311997413635254,0.40102338790893555,-0.03566816821694374,0.565863847732544,0.3497309386730194,-0.05079130455851555,0.6276794672012329,0.3306146562099457,-0.055594705045223236,0.6777707934379578,0.3182787001132965,-0.05866784602403641,0.4733581244945526,0.4569889307022095,-0.05528991296887398,0.6009237170219421,0.4384341239929199,-0.0781220942735672,0.6788455247879028,0.44191524386405945,-0.08756116777658463,0.7357316017150879,0.44862300157546997,-0.09212879091501236,0.47089409828186035,0.524395763874054,-0.0702451765537262,0.594083845615387,0.5508733987808228,-0.09163545817136765,0.6595292091369629,0.5605916380882263,-0.10135336965322495,0.7078571915626526,0.5636157989501953,-0.1067083552479744,0.4641476571559906,0.5963791608810425,-0.0816497877240181,0.5244576334953308,0.6021310091018677,-0.08676714450120926,0.5004608035087585,0.587462842464447,-0.07721801847219467,0.4747171700000763,0.5759631991386414,-0.07113417983055115
E,0.31135404109954834,0.5880942940711975,6.893695285725698e-07,0.3678719997406006,0.49463871121406555,0.014535090886056423,0.4499601721763611,0.4590264558792114,0.011395945213735104,0.5119745135307312,0.4878288805484772,0.008199933916330338,0.5546017289161682,0.5144419074058533,0.004350828938186169,0.4741063117980957,0.4013192057609558,-0.03397304192185402,0.5667716264724731,0.35103607177734375,-0.048220764845609665,0.628296971321106,0.3329232335090637,-0.05241486057639122,0.6778756976127625,0.32058364152908325,-0.054981838911771774,0.47431066632270813,0.45641371607780457,-0.05322033166885376,0.6018646359443665,0.43931806087493896,-0.07533693313598633,0.6795876622200012,0.44267600774765015,-0.08458036929368973,0.7366017699241638,0.4479004740715027,-0.08885814249515533,0.4717043340206146,0.5230465531349182,-0.06780674308538437,0.5939458012580872,0.5515754818916321,-0.0887426882982254,0.659934401512146,0.5619723200798035,-0.09842700511217117,0.7088510394096375,0.5644242763519287,-0.1037045568227768,0.4648185968399048,0.595043957233429,-0.0788121372461319,0.5265176296234131,0.6028997302055359,-0.08345725387334824,0.502241849899292,0.589211642742157,-0.07340431213378906,0.47561660408973694,0.5774825215339661,-0.06691495329141617
E,0.31176039576530457,0.5865544676780701,6.863243129373586e-07,0.3682737648487091,0.49279364943504333,0.014201851561665535,0.450235515832901,0.45734381675720215,0.011080888099968433,0.5115982890129089,0.4874816834926605,0.007976686581969261,0.553464412689209,0.5158751606941223,0.004161593038588762,0.4740886688232422,0.4008999168872833,-0.03452874720096588,0.5671340227127075,0.35088759660720825,-0.04884503036737442,0.628706157207489,0.33282601833343506,-0.0528348833322525,0.6781532764434814,0.32064610719680786,-0.05528246611356735,0.474748820066452,0.4572606086730957,-0.05388559773564339,0.6019912958145142,0.43941548466682434,-0.07591944187879562,0.6796163320541382,0.44291427731513977,-0.08473815768957138,0.736495316028595,0.44862040877342224,-0.08874386548995972,0.4722038209438324,0.5244099497795105,-0.06871277093887329,0.5932186245918274,0.5517883896827698,-0.08996930718421936,0.658937931060791,0.5620203018188477,-0.09982846677303314,0.7083373069763184,0.5651063323020935,-0.10518771409988403,0.46488654613494873,0.596607506275177,-0.07996466755867004,0.5251787900924683,0.6019055843353271,-0.08525030314922333,0.5002997517585754,0.5871397256851196,-0.07550641149282455,0.47335106134414673,0.5755302906036377,-0.06919607520103455
E,0.3116208612918854,0.5890389680862427,7.085199626999383e-07,0.36714357137680054,0.49525508284568787,0.013739591464400291,0.44801104068756104,0.45628660917282104,0.010586647316813469,0.5098005533218384,0.4800686240196228,0.007358887232840061,0.5534749031066895,0.5049868226051331,0.0036696495953947306,0.473964661359787,0.39967644214630127,-0.03350082412362099,0.5675072073936462,0.34911930561065674,-0.04853567108511925,0.630481481552124,0.33166369795799255,-0.05319690704345703,0.6799938678741455,0.32148268818855286,-0.055543847382068634,0.47538331151008606,0.45534998178482056,-0.05242176353931427,0.6029403805732727,0.4388984739780426,-0.07454212009906769,0.6811667680740356,0.4422273635864258,-0.08329799026250839,0.7373875379562378,0.4482969343662262,-0.086829274892807,0.47319477796554565,0.5223458409309387,-0.06690986454486847,0.5955446362495422,0.5523701906204224,-0.08670434355735779,0.660550594329834,0.5615001320838928,-0.09470660239458084,0.7079419493675232,0.5632428526878357,-0.09873342514038086,0.46548840403556824,0.5944904685020447,-0.07813338935375214,0.5274293422698975,0.6046527028083801,-0.08155325800180435,0.5054388046264648,0.591636598110199,-0.07021389156579971,0.47978392243385315,0.580784261226654,-0.0625210851430893
E,0.31262922286987305,0.5832092761993408,6.911783998475585e-07,0.3709558844566345,0.4893918037414551,0.015723373740911484,0.45311713218688965,0.45551738142967224,0.012710546143352985,0.5131165981292725,0.48954030871391296,0.00946133304387331,0.5538623929023743,0.5200040340423584,0.0052985213696956635,0.47533249855041504,0.3975095748901367,-0.034441351890563965,0.5683165788650513,0.3483448028564453,-0.04866836592555046,0.6300589442253113,0.33121299743652344,-0.05292948707938194,0.6799449324607849,0.3198387622833252,-0.05580112338066101,0.4758566617965698,0.45399075746536255,-0.05456257238984108,0.6023868918418884,0.4371321201324463,-0.07727149873971939,0.680126965045929,0.4414691925048828,-0.08698238432407379,0.7370666265487671,0.4476018249988556,-0.09189826250076294,0.4735335111618042,0.5212337374687195,-0.06989172846078873,0.5951042175292969,0.5499892234802246,-0.09188397228717804,0.6616196632385254,0.561242401599884,-0.10263382643461227,0.7109726071357727,0.5649044513702393,-0.10868877917528152,0.4667603373527527,0.5934334993362427,-0.08139562606811523,0.5275276303291321,0.6000103950500488,-0.08660129457712173,0.501884400844574,0.5863582491874695,-0.07691072672605515,0.4740370213985443,0.5761317014694214,-0.07093276083469391
E,0.31185394525527954,0.5849058628082275,6.835842896180111e-07,0.36972567439079285,0.4918294847011566,0.016187118366360664,0.4524533450603485,0.45853692293167114,0.013762718997895718,0.5123457908630371,0.4919470548629761,0.010805950500071049,0.5528658032417297,0.5226972103118896,0.006895036902278662,0.47566157579421997,0.39967337250709534,-0.0316489040851593,0.5677719116210938,0.3492136299610138,-0.04507909342646599,0.6294547915458679,0.3315666913986206,-0.048776037991046906,0.6790750026702881,0.32012683153152466,-0.05118739977478981,0.47727644443511963,0.4548737704753876,-0.05199689790606499,0.6039496660232544,0.4378834664821625,-0.0734100490808487,0.6809124946594238,0.4414992332458496,-0.08235493302345276,0.7372884154319763,0.44687408208847046,-0.08647642284631729,0.47468915581703186,0.5214019417762756,-0.06764119118452072,0.5958163142204285,0.5501595735549927,-0.08802860975265503,0.6613060832023621,0.5601006746292114,-0.09757894277572632,0.7099540829658508,0.5621612668037415,-0.10287133604288101,0.4664599895477295,0.5934741497039795,-0.07960031181573868,0.5265154242515564,0.6011368632316589,-0.08355110138654709,0.5017448663711548,0.5878065228462219,-0.07291284203529358,0.4744585454463959,0.5769855380058289,-0.06616796553134918
E,0.3131936192512512,0.5856260061264038,6.902797053953691e-07,0.36953282356262207,0.4918139576911926,0.01311962865293026,0.4517146050930023,0.452411025762558,0.0093960827216506,0.5140504240989685,0.47325003147125244,0.006103092804551125,0.5587242841720581,0.4953073561191559,0.002183701144531369,0.4753490686416626,0.3980712890625,-0.036980025470256805,0.5679758787155151,0.34813636541366577,-0.05186864361166954,0.630496084690094,0.3305031359195709,-0.05609499290585518,0.6804000735282898,0.318721204996109,-0.05835103243589401,0.4760439693927765,0.45427992939949036,-0.055761005729436874,0.6038700342178345,0.4382253885269165,-0.0777374729514122,0.681851327419281,0.4421093761920929,-0.08606483787298203,0.7382860779762268,0.4472924470901489,-0.08964406698942184,0.47351396083831787,0.5215057134628296,-0.06986470520496368,0.5956990718841553,0.5515174269676208,-0.09036905318498611,0.6616335511207581,0.5616499781608582,-0.09816624969244003,0.7098480463027954,0.5635413527488708,-0.10216748714447021,0.465971976518631,0.5936843752861023,-0.080579973757267,0.5293245315551758,0.6004695296287537,-0.08450379967689514,0.506152331829071,0.5881403684616089,-0.07264617085456848,0.47969579696655273,0.578173041343689,-0.06481895595788956
E,0.31384336948394775,0.5830214023590088,6.930471272426075e-07,0.37221968173980713,0.4896657466888428,0.01624797284603119,0.45419368147850037,0.4560178220272064,0.013255189172923565,0.5140247344970703,0.48996293544769287,0.009786236099898815,0.5544636249542236,0.5208413004875183,0.005361572373658419,0.4761059284210205,0.39867693185806274,-0.03393591195344925,0.5685478448867798,0.34773385524749756,-0.048295892775058746,0.6304652094841003,0.33077549934387207,-0.05252929404377937,0.6801300048828125,0.3195006847381592,-0.055122166872024536,0.476397305727005,0.4538077712059021,-0.05443520471453667,0.6039039492607117,0.43714988231658936,-0.07684292644262314,0.6815091371536255,0.44166070222854614,-0.08567528426647186,0.7380160689353943,0.44713062047958374,-0.08959659934043884,0.4737936854362488,0.5201934576034546,-0.07014809548854828,0.5954987406730652,0.5491106510162354,-0.09122250229120255,0.6621518731117249,0.5600045919418335,-0.10032530128955841,0.7116330862045288,0.5625112652778625,-0.10507114976644516,0.46626847982406616,0.592609703540802,-0.0821392685174942,0.5297560691833496,0.6014394760131836,-0.08586277812719345,0.5048010945320129,0.5890811085700989,-0.07427091896533966,0.4766930937767029,0.5789724588394165,-0.06683682650327682
E,0.3142681121826172,0.5836193561553955,6.739723517057428e-07,0.37220412492752075,0.4901198446750641,0.015749173238873482,0.4528732895851135,0.45495375990867615,0.012688806280493736,0.5128905773162842,0.4839547276496887,0.009081113152205944,0.5545295476913452,0.511094868183136,0.004496905952692032,0.4762399196624756,0.40086033940315247,-0.0340326726436615,0.5686148405075073,0.34987932443618774,-0.04863904416561127,0.6302001476287842,0.33181577920913696,-0.052887700498104095,0.6798731088638306,0.31952667236328125,-0.05544257536530495,0.4779037535190582,0.455888032913208,-0.05427991598844528,0.6041568517684937,0.4382670521736145,-0.07695964723825455,0.6816048622131348,0.4421352744102478,-0.08577481657266617,0.7381641864776611,0.4476780593395233,-0.08949901163578033,0.4755205512046814,0.522423267364502,-0.06974812597036362,0.5960306525230408,0.5486257076263428,-0.09081727266311646,0.6612088084220886,0.5590311288833618,-0.09925270825624466,0.7090962529182434,0.5618770122528076,-0.10336091369390488,0.46768417954444885,0.5947369337081909,-0.08161603659391403,0.5302605032920837,0.600554347038269,-0.08587618172168732,0.5063228607177734,0.5872052907943726,-0.07447519153356552,0.47905853390693665,0.5770933628082275,-0.06680796295404434
E,0.3139173090457916,0.5827649831771851,6.864676720397256e-07,0.3709946870803833,0.4894617199897766,0.014409244060516357,0.45221883058547974,0.4524187445640564,0.010737735778093338,0.5137109160423279,0.47561100125312805,0.007024820428341627,0.557966411113739,0.4985958933830261,0.0023823087103664875,0.4760253429412842,0.3980350196361542,-0.03620155155658722,0.5678960680961609,0.3483024835586548,-0.051189031451940536,0.6302525401115417,0.33024272322654724,-0.05558830127120018,0.6802173852920532,0.31845593452453613,-0.058042947202920914,0.4776371419429779,0.4535371661186218,-0.05566064640879631,0.6048879623413086,0.43877318501472473,-0.07782500982284546,0.6825769543647766,0.44290703535079956,-0.0862949788570404,0.7385911345481873,0.4491775631904602,-0.08994428813457489,0.47486862540245056,0.5212104916572571,-0.07023671269416809,0.5979984998703003,0.551337480545044,-0.09077627211809158,0.6624374389648438,0.5603404641151428,-0.09837489575147629,0.7085384726524353,0.5616610646247864,-0.102222740650177,0.46633896231651306,0.5944780707359314,-0.08130170404911041,0.5297707319259644,0.6024532318115234,-0.08566127717494965,0.5065297484397888,0.5890403985977173,-0.0739143118262291,0.479514479637146,0.5783537030220032,-0.06599576771259308
E,0.3169219493865967,0.5826643705368042,6.777754606446251e-07,0.37520119547843933,0.48942965269088745,0.015536545775830746,0.4559822678565979,0.4539775550365448,0.011768711730837822,0.5173898339271545,0.48094359040260315,0.007831142283976078,0.5613470077514648,0.5060557126998901,0.0030462797731161118,0.47934216260910034,0.3993701934814453,-0.036735549569129944,0.5705915093421936,0.349722683429718,-0.051853615790605545,0.6317377090454102,0.3326125741004944,-0.056509457528591156,0.681317925453186,0.3210069239139557,-0.059369076043367386,0.4787992537021637,0.4552224576473236,-0.0567300021648407,0.6055049300193787,0.441507488489151,-0.08008314669132233,0.682997465133667,0.4461084306240082,-0.08952700346708298,0.7395392656326294,0.4513234496116638,-0.09396270662546158,0.4755702316761017,0.5227962732315063,-0.0716756135225296,0.5981638431549072,0.5524737238883972,-0.09332557767629623,0.6628418564796448,0.5629337430000305,-0.10194237530231476,0.7094815969467163,0.5642150640487671,-0.10635364800691605,0.46806421875953674,0.5953658819198608,-0.08289167284965515,0.5314571261405945,0.6031608581542969,-0.08765695244073868,0.5079900026321411,0.5888469815254211,-0.07673677057027817,0.4811024069786072,0.5763084888458252,-0.0695418119430542
E,0.31943008303642273,0.5806422829627991,6.761650865882984e-07,0.3775121569633484,0.4875604808330536,0.013794132508337498,0.4582711458206177,0.4499525725841522,0.009406364522874355,0.5205793976783752,0.47423988580703735,0.005026308819651604,0.564792811870575,0.4999069571495056,-0.00015582924243062735,0.48072460293769836,0.3978714346885681,-0.03812321275472641,0.570672869682312,0.3494429290294647,-0.054767102003097534,0.6319081783294678,0.3322770595550537,-0.060476891696453094,0.6818647980690002,0.32063692808151245,-0.0639113336801529,0.47934168577194214,0.45235955715179443,-0.05785636603832245,0.6053120493888855,0.43862399458885193,-0.08184689283370972,0.6834214925765991,0.4448612928390503,-0.09080556035041809,0.7400228977203369,0.4520626664161682,-0.09471739083528519,0.4754599332809448,0.5202587842941284,-0.07295648753643036,0.5971256494522095,0.549193263053894,-0.0959143415093422,0.6621048450469971,0.5614339709281921,-0.10444008558988571,0.7090449333190918,0.5644590854644775,-0.10838699340820312,0.46709150075912476,0.5943422317504883,-0.0845230370759964,0.5315215587615967,0.6020804047584534,-0.09097740054130554,0.50809645652771,0.5886765122413635,-0.08030936121940613,0.48059752583503723,0.5772380828857422,-0.07292784750461578
E,0.3169366717338562,0.5822409987449646,6.860184953438875e-07,0.3766467571258545,0.4914848506450653,0.019922252744436264,0.4579685926437378,0.46126189827919006,0.018163932487368584,0.5164209604263306,0.495114803314209,0.01529297512024641,0.5569330453872681,0.5239668488502502,0.01118971686810255,0.4797694683074951,0.40200990438461304,-0.03150453791022301,0.5725261569023132,0.3528682589530945,-0.04484323784708977,0.6340676546096802,0.33537450432777405,-0.04810916632413864,0.6835494041442871,0.32383227348327637,-0.05015377327799797,0.48118162155151367,0.45572924613952637,-0.05336705222725868,0.6086257696151733,0.4402921497821808,-0.0747365802526474,0.6852765083312988,0.4453186094760895,-0.08326234668493271,0.7410962581634521,0.45181697607040405,-0.08688569068908691,0.47893863916397095,0.5217072367668152,-0.06994105130434036,0.6003022193908691,0.5511199235916138,-0.0897795781493187,0.6657150983810425,0.5626770853996277,-0.09875905513763428,0.7139235734939575,0.5657512545585632,-0.10362350940704346,0.47150111198425293,0.5941187143325806,-0.08244813233613968,0.5309767723083496,0.6069080829620361,-0.08563100546598434,0.5065443515777588,0.594973087310791,-0.07465754449367523,0.47984078526496887,0.584592878818512,-0.06758815050125122
E,0.3178446888923645,0.5820050835609436,6.95046765031293e-07,0.37586018443107605,0.49097588658332825,0.0145005127415061,0.4572325646877289,0.4552736282348633,0.010552816092967987,0.5175619125366211,0.4807688593864441,0.006600092630833387,0.5589793920516968,0.5051026940345764,0.0018237225012853742,0.4800848066806793,0.3994799852371216,-0.036178916692733765,0.5711621642112732,0.3505738377571106,-0.05130545422434807,0.6333537101745605,0.3334397077560425,-0.05598674342036247,0.6832404136657715,0.32268333435058594,-0.05870116874575615,0.4808151125907898,0.45434892177581787,-0.055789001286029816,0.6076655387878418,0.4397192597389221,-0.07812709361314774,0.6854205131530762,0.4452345669269562,-0.08698966354131699,0.7415212988853455,0.45299816131591797,-0.0908394381403923,0.4780060350894928,0.5213009119033813,-0.07051239907741547,0.6002832651138306,0.5506426692008972,-0.09128066897392273,0.6655179262161255,0.5622028112411499,-0.09924424439668655,0.7130957245826721,0.5657674074172974,-0.10333600640296936,0.4700065851211548,0.5949015021324158,-0.08168993890285492,0.531949520111084,0.6047868728637695,-0.08599957078695297,0.5074463486671448,0.592739462852478,-0.0740957036614418,0.479614794254303,0.5834698677062988,-0.06611225008964539
E,0.3175508975982666,0.5845996737480164,6.958847507121391e-07,0.37506967782974243,0.49167078733444214,0.016080819070339203,0.45561397075653076,0.45717740058898926,0.01284680888056755,0.515466034412384,0.48501595854759216,0.009368082508444786,0.557507336139679,0.511106014251709,0.0048535848036408424,0.4790264368057251,0.4018222987651825,-0.035295214504003525,0.5718503594398499,0.3519386351108551,-0.049638599157333374,0.6340222358703613,0.334503710269928,-0.05349171534180641,0.68348628282547,0.32329341769218445,-0.05558699369430542,0.48057183623313904,0.4568733274936676,-0.05525752156972885,0.6087233424186707,0.44146737456321716,-0.0773916095495224,0.6860285997390747,0.44579893350601196,-0.08575757592916489,0.7417567372322083,0.45177826285362244,-0.0891055166721344,0.47808995842933655,0.5233616828918457,-0.07010409235954285,0.6006097793579102,0.5515491366386414,-0.09005329757928848,0.6656284332275391,0.5611046552658081,-0.09751435369253159,0.7125673294067383,0.5630046129226685,-0.10118822753429413,0.46992528438568115,0.5954214930534363,-0.08125267177820206,0.5326893329620361,0.6041224598884583,-0.08422163873910904,0.509734034538269,0.5916454195976257,-0.0717717707157135,0.48296281695365906,0.5816614627838135,-0.06345155835151672
E,0.3178287744522095,0.585492730140686,7.008789566498308e-07,0.37501052021980286,0.4928843677043915,0.016618991270661354,0.45657822489738464,0.45716723799705505,0.01377240102738142,0.5173993706703186,0.48302024602890015,0.010693241842091084,0.5596030950546265,0.5068413019180298,0.0068482328206300735,0.48025673627853394,0.4006330668926239,-0.034077830612659454,0.5725899934768677,0.3507500886917114,-0.04784334450960159,0.6346412897109985,0.33358192443847656,-0.051253024488687515,0.6839971542358398,0.32261574268341064,-0.05307694151997566,0.4810618460178375,0.4546205997467041,-0.05393014848232269,0.6093021035194397,0.4407697319984436,-0.07593504339456558,0.6867027282714844,0.4459535479545593,-0.0841754674911499,0.742332935333252,0.45269981026649475,-0.08734738081693649,0.47814661264419556,0.5208584070205688,-0.06864076852798462,0.6016949415206909,0.5508431792259216,-0.08831445872783661,0.667430579662323,0.561100423336029,-0.09570802748203278,0.7150344252586365,0.563102662563324,-0.0994027853012085,0.46999335289001465,0.5936459302902222,-0.0795966386795044,0.5327857732772827,0.605570912361145,-0.08189763128757477,0.509200930595398,0.5937021970748901,-0.0692717507481575,0.4817541837692261,0.5832661390304565,-0.06094740331172943
E,0.3184133768081665,0.5827727317810059,6.908500722602184e-07,0.3763742446899414,0.489635169506073,0.016713187098503113,0.45886313915252686,0.45715567469596863,0.014251609332859516,0.5193989276885986,0.4908252954483032,0.011610910296440125,0.5603733658790588,0.5197833180427551,0.008118979632854462,0.48114103078842163,0.4003657102584839,-0.03399258479475975,0.5738764405250549,0.3505604565143585,-0.04767647385597229,0.6354195475578308,0.33380281925201416,-0.05131320282816887,0.684624195098877,0.3226059675216675,-0.053502410650253296,0.4816496968269348,0.4554515779018402,-0.05383899062871933,0.6097525358200073,0.44061604142189026,-0.07572747766971588,0.6862134337425232,0.4454600214958191,-0.0841921716928482,0.7419719696044922,0.4511529207229614,-0.08779175579547882,0.4789712727069855,0.5217689275741577,-0.06864595413208008,0.6005162000656128,0.5509616732597351,-0.08860477805137634,0.6663596034049988,0.5607149600982666,-0.09708158671855927,0.7153838276863098,0.5625560283660889,-0.10159262269735336,0.4709324836730957,0.5934693217277527,-0.07965087890625,0.532640278339386,0.60474693775177,-0.08206908404827118,0.5079903602600098,0.5919910669326782,-0.07003901898860931,0.48040086030960083,0.5810478329658508,-0.062386639416217804
E,0.31789296865463257,0.5831609964370728,6.820603744017717e-07,0.3761923909187317,0.49288851022720337,0.01696549355983734,0.4581282138824463,0.45917147397994995,0.014576094225049019,0.51951003074646,0.48594850301742554,0.011666248552501202,0.5636954307556152,0.5093817114830017,0.0078982412815094,0.4821167588233948,0.40115785598754883,-0.032571956515312195,0.5739898085594177,0.3509708046913147,-0.046846237033605576,0.6361367106437683,0.33416080474853516,-0.050961658358573914,0.6859889030456543,0.3234894275665283,-0.053268078714609146,0.4823185205459595,0.45421579480171204,-0.05289297550916672,0.6102324724197388,0.4409638047218323,-0.07432850450277328,0.687831699848175,0.44636034965515137,-0.0832202136516571,0.7440288066864014,0.45283278822898865,-0.0872299000620842,0.47917526960372925,0.5196934342384338,-0.06829559057950974,0.6015517115592957,0.5497753024101257,-0.08793091028928757,0.6667616367340088,0.5605455040931702,-0.09674158692359924,0.7141764163970947,0.5623770356178284,-0.10172037780284882,0.47125697135925293,0.5917882323265076,-0.07997164875268936,0.5327761173248291,0.6045961380004883,-0.08327250182628632,0.5088963508605957,0.5931875705718994,-0.07229245454072952,0.4820230305194855,0.5819838047027588,-0.06523946672677994
E,0.31805312633514404,0.5834319591522217,6.820236535531876e-07,0.37660616636276245,0.4925132393836975,0.016586165875196457,0.4592171907424927,0.4589799642562866,0.013998950831592083,0.5207220315933228,0.48633259534835815,0.01103894878178835,0.5645807385444641,0.5103746652603149,0.007260443642735481,0.4826585352420807,0.4005778431892395,-0.033288028091192245,0.5742422342300415,0.35144299268722534,-0.047303974628448486,0.6361333131790161,0.334713339805603,-0.0512649342417717,0.6860660314559937,0.3239659070968628,-0.05362527444958687,0.48254212737083435,0.4543277621269226,-0.05342704430222511,0.6097243428230286,0.4412727653980255,-0.07492103427648544,0.6873987317085266,0.44636136293411255,-0.08392704278230667,0.7439495921134949,0.4528231620788574,-0.08821766078472137,0.47921228408813477,0.5203375816345215,-0.06859774142503738,0.6014751195907593,0.5510529279708862,-0.0886429101228714,0.6668281555175781,0.5617516040802002,-0.09756764769554138,0.7144261598587036,0.5637679696083069,-0.10264439135789871,0.471378356218338,0.5924586057662964,-0.08004508912563324,0.5325216054916382,0.6040981411933899,-0.08387916535139084,0.5081446170806885,0.5921331644058228,-0.07318955659866333,0.4811086654663086,0.5806957483291626,-0.0664050504565239
E,0.31715548038482666,0.5840784907341003,6.823306648584548e-07,0.37539270520210266,0.49402955174446106,0.017124412581324577,0.4573565125465393,0.46204105019569397,0.014904032461345196,0.5171168446540833,0.4923308491706848,0.01199022401124239,0.5589425563812256,0.5193839073181152,0.00823331717401743,0.4822007119655609,0.4027770459651947,-0.030873386189341545,0.5743231177330017,0.3527633547782898,-0.044396091252565384,0.6363301277160645,0.3352559208869934,-0.048282820731401443,0.6861132383346558,0.32424038648605347,-0.050664328038692474,0.4832921624183655,0.4555409550666809,-0.05127774551510811,0.6106019020080566,0.4408782720565796,-0.07185924798250198,0.687576413154602,0.44600415229797363,-0.08062837272882462,0.7434220910072327,0.4531491994857788,-0.08470577746629715,0.4804619550704956,0.520575225353241,-0.06682933121919632,0.6025707721710205,0.5505919456481934,-0.0859101340174675,0.6674525141716003,0.5617550611495972,-0.09476344287395477,0.714604914188385,0.5648977160453796,-0.09991640597581863,0.47244349122047424,0.5923323035240173,-0.07874596118927002,0.5326730608940125,0.605625569820404,-0.08186978846788406,0.508402407169342,0.5940146446228027,-0.07108155637979507,0.4813512861728668,0.5828856825828552,-0.06427651643753052
E,0.31974488496780396,0.584377110004425,6.768987645955349e-07,0.3775557279586792,0.493929386138916,0.01510581560432911,0.4592689871788025,0.4582986533641815,0.011949637904763222,0.5211332440376282,0.4817788302898407,0.00862120185047388,0.5664745569229126,0.5037811398506165,0.004693265073001385,0.48415786027908325,0.4013422727584839,-0.034361332654953,0.5750222206115723,0.35214120149612427,-0.04958965256810188,0.6368329524993896,0.33490633964538574,-0.054617468267679214,0.6870290637016296,0.32375481724739075,-0.05753440409898758,0.48281702399253845,0.453792005777359,-0.05417574569582939,0.6093065142631531,0.4394703805446625,-0.07641256600618362,0.6872538328170776,0.44520652294158936,-0.08560565114021301,0.743783712387085,0.4528231918811798,-0.08989787846803665,0.4791373312473297,0.5194447040557861,-0.06927819550037384,0.6014536023139954,0.5524216294288635,-0.09013506770133972,0.667427659034729,0.5648670792579651,-0.09859966486692429,0.7154150009155273,0.5675594210624695,-0.10321426391601562,0.4712729752063751,0.5916840434074402,-0.08087119460105896,0.5339815020561218,0.60609370470047,-0.0850026085972786,0.5096397995948792,0.5955969095230103,-0.07359249889850616,0.481976717710495,0.5841609239578247,-0.06625542789697647
E,0.3188861608505249,0.5842372179031372,6.985210916354845e-07,0.3770115375518799,0.4921358823776245,0.01500947680324316,0.4610905945301056,0.4604380130767822,0.011765291914343834,0.5227077007293701,0.49527508020401,0.008220463991165161,0.5645308494567871,0.5251270532608032,0.0036897643003612757,0.48352229595184326,0.4009171724319458,-0.03371785208582878,0.575100302696228,0.35150760412216187,-0.048329781740903854,0.6370815634727478,0.33482295274734497,-0.05311548709869385,0.6875008344650269,0.3243582844734192,-0.05625097453594208,0.4833837151527405,0.4556335508823395,-0.05378376692533493,0.609786868095398,0.4400404989719391,-0.07587508857250214,0.6876853704452515,0.44484972953796387,-0.08549562841653824,0.7448262572288513,0.4516529142856598,-0.09028849005699158,0.4799349009990692,0.5221638679504395,-0.06927736103534698,0.6008680462837219,0.5517262816429138,-0.09094172716140747,0.6670782566070557,0.5631189346313477,-0.10120099037885666,0.7161224484443665,0.5663101673126221,-0.10690011829137802,0.47174739837646484,0.5942381620407104,-0.08113253861665726,0.5326908826828003,0.6038396954536438,-0.08657635748386383,0.5074576139450073,0.5911984443664551,-0.07664578408002853,0.47933143377304077,0.5798632502555847,-0.07034418731927872
E,0.31766563653945923,0.5848259925842285,6.796451543777948e-07,0.3759605288505554,0.49360206723213196,0.01582777500152588,0.4577687382698059,0.4593082070350647,0.013123893178999424,0.5186110734939575,0.487093061208725,0.009770086035132408,0.5620483160018921,0.5128036737442017,0.00557490810751915,0.48340991139411926,0.4027470350265503,-0.03189321607351303,0.5744166970252991,0.3522334694862366,-0.04683450981974602,0.6366319060325623,0.3349800705909729,-0.05192897096276283,0.6868352890014648,0.32416480779647827,-0.054936137050390244,0.4840686619281769,0.4555817246437073,-0.052122149616479874,0.6107877492904663,0.441364049911499,-0.07336167246103287,0.6884204745292664,0.445942223072052,-0.08249596506357193,0.7446630597114563,0.4522601366043091,-0.08677958697080612,0.4812087118625641,0.5210411548614502,-0.06781372427940369,0.6019874811172485,0.551260232925415,-0.08736927062273026,0.6668786406517029,0.5619524717330933,-0.0962473601102829,0.7139870524406433,0.5641835927963257,-0.10130545496940613,0.473257452249527,0.5928525924682617,-0.08010239899158478,0.533223032951355,0.6046195030212402,-0.08381146192550659,0.509653627872467,0.5926903486251831,-0.07327456772327423,0.4829409420490265,0.5809256434440613,-0.0664854571223259
E,0.3191338777542114,0.5827333927154541,6.699079904137761e-07,0.37714624404907227,0.4939119815826416,0.01588766649365425,0.45889750123023987,0.4557521343231201,0.013489503413438797,0.5208540558815002,0.4723946154117584,0.010483043268322945,0.5659749507904053,0.4902556836605072,0.006968825124204159,0.48521721363067627,0.40023189783096313,-0.030754294246435165,0.5760916471481323,0.35122212767601013,-0.046393249183893204,0.6388319134712219,0.3347930908203125,-0.052076373249292374,0.6884840726852417,0.32427865266799927,-0.054987937211990356,0.48523256182670593,0.4516608715057373,-0.051357824355363846,0.6126825213432312,0.4415633976459503,-0.07122080028057098,0.6907169818878174,0.4444149136543274,-0.07966349273920059,0.7467784881591797,0.44812384247779846,-0.0835748091340065,0.48144105076789856,0.5163562297821045,-0.06761326640844345,0.6035014986991882,0.5510598421096802,-0.0861673578619957,0.6683531403541565,0.5625751614570618,-0.0940217450261116,0.715495228767395,0.5636261105537415,-0.09866968542337418,0.4719124138355255,0.5892794132232666,-0.08060204237699509,0.5352979302406311,0.6081286668777466,-0.08443260937929153,0.5114728808403015,0.5997695922851562,-0.07287891954183578,0.4836491346359253,0.5886683464050293,-0.06516094505786896
E,0.3203543424606323,0.5842631459236145,6.737968760717195e-07,0.3791840672492981,0.49319642782211304,0.016721388325095177,0.46229180693626404,0.46410107612609863,0.013936075381934643,0.5217660069465637,0.5029322504997253,0.010097485966980457,0.5609686374664307,0.5359855890274048,0.0051775407046079636,0.48490414023399353,0.40063875913619995,-0.02930052950978279,0.5762650966644287,0.35400062799453735,-0.04326373711228371,0.6374574303627014,0.3365474343299866,-0.04915456473827362,0.687103807926178,0.324299693107605,-0.05351082235574722,0.4854210317134857,0.45340806245803833,-0.050732795149087906,0.6103981733322144,0.4387209117412567,-0.07022067159414291,0.6885663866996765,0.4385661780834198,-0.08181773871183395,0.745780885219574,0.44114965200424194,-0.08935610204935074,0.48254939913749695,0.5185734033584595,-0.0675700232386589,0.603463351726532,0.5499336123466492,-0.08731688559055328,0.6689957976341248,0.5612378716468811,-0.10015233606100082,0.7166895270347595,0.5650280714035034,-0.10890207439661026,0.4753507375717163,0.5916009545326233,-0.08072031289339066,0.5342989563941956,0.6039940118789673,-0.08623646944761276,0.5077483654022217,0.593381404876709,-0.07806464284658432,0.4791826605796814,0.5842225551605225,-0.07359875738620758
E,0.3199218511581421,0.5819430947303772,6.681538593511505e-07,0.38092660903930664,0.49267733097076416,0.022098591551184654,0.46343642473220825,0.4678211808204651,0.020572206005454063,0.5210299491882324,0.5089455246925354,0.017302732914686203,0.5594279766082764,0.5424068570137024,0.012660837732255459,0.48523518443107605,0.40158599615097046,-0.02804045006632805,0.5772607326507568,0.35434427857398987,-0.0408804789185524,0.6379294991493225,0.337160587310791,-0.045183002948760986,0.6871371269226074,0.3250929117202759,-0.04846879094839096,0.48560959100723267,0.4533487856388092,-0.051651645451784134,0.6118584275245667,0.43726369738578796,-0.0724024847149849,0.6894623637199402,0.43827903270721436,-0.08377896994352341,0.7464964985847473,0.44117963314056396,-0.09049893170595169,0.4826045036315918,0.5178466439247131,-0.06975172460079193,0.60428386926651,0.5471365451812744,-0.09010709822177887,0.6715192198753357,0.5594025254249573,-0.1023423969745636,0.7210911512374878,0.5638096332550049,-0.11018499732017517,0.4754610061645508,0.5910663604736328,-0.08339155465364456,0.5348225235939026,0.602532148361206,-0.08697137981653214,0.5083891749382019,0.5928937196731567,-0.07684294134378433,0.4801000654697418,0.5848126411437988,-0.07107862830162048
E,0.3196507692337036,0.5800800919532776,6.626989375035919e-07,0.38163650035858154,0.4906874895095825,0.01998726837337017,0.46408432722091675,0.4654437005519867,0.0183103084564209,0.5216007232666016,0.5050146579742432,0.015417961403727531,0.5586909055709839,0.5380951762199402,0.011534009128808975,0.48675698041915894,0.40231797099113464,-0.028469141572713852,0.5781043171882629,0.353965699672699,-0.0407763235270977,0.6380678415298462,0.33626288175582886,-0.044640447944402695,0.6864537596702576,0.32295259833335876,-0.04768428951501846,0.4876880943775177,0.4559924900531769,-0.05084730684757233,0.6127385497093201,0.440325528383255,-0.07168810069561005,0.6892760396003723,0.4388752579689026,-0.0829111635684967,0.7455034852027893,0.43900272250175476,-0.08935444056987762,0.4841187596321106,0.5211631655693054,-0.06789854168891907,0.6040181517601013,0.5518212914466858,-0.08812505006790161,0.6701300740242004,0.5634562969207764,-0.09968031942844391,0.7195970416069031,0.5672279000282288,-0.10679549723863602,0.4752703309059143,0.5941666960716248,-0.08075269311666489,0.5352479219436646,0.6047312021255493,-0.08445841819047928,0.5090251564979553,0.5933175086975098,-0.07405481487512589,0.481112539768219,0.5844411849975586,-0.06784243881702423
E,0.3208730220794678,0.5847811102867126,6.410629111996968e-07,0.3795946538448334,0.4920615255832672,0.019293280318379402,0.4606757164001465,0.4608801007270813,0.018225759267807007,0.5189350843429565,0.49179479479789734,0.01610320806503296,0.5573208332061768,0.5209483504295349,0.013389174826443195,0.4865133762359619,0.4012342095375061,-0.026332227513194084,0.5775409936904907,0.3530406951904297,-0.039275940507650375,0.6383466124534607,0.33551526069641113,-0.0437779501080513,0.6863813400268555,0.3222886323928833,-0.04678826779127121,0.4873475134372711,0.4545013904571533,-0.04807759076356888,0.6122483015060425,0.441483736038208,-0.06856102496385574,0.6886464953422546,0.43989047408103943,-0.07895812392234802,0.743926465511322,0.43922343850135803,-0.08445166796445847,0.48416730761528015,0.5195416808128357,-0.0648868978023529,0.6036109328269958,0.5519216060638428,-0.08436884731054306,0.6696170568466187,0.5626208186149597,-0.09413263201713562,0.7186572551727295,0.5649381279945374,-0.0998183935880661,0.4752652049064636,0.5931410789489746,-0.07779014110565186,0.5361185073852539,0.6067867279052734,-0.08029766380786896,0.5101739168167114,0.597245454788208,-0.06799758970737457,0.48153096437454224,0.5888069272041321,-0.06015403941273689
E,0.32087552547454834,0.5801852941513062,6.901067877151945e-07,0.3814168870449066,0.49077266454696655,0.014319534413516521,0.46599411964416504,0.4643591344356537,0.010087905451655388,0.5246461033821106,0.5063233375549316,0.005178744439035654,0.5604492425918579,0.5421329140663147,-0.0009905752958729863,0.48608529567718506,0.40141159296035767,-0.031465157866477966,0.5773635506629944,0.35372164845466614,-0.04424944892525673,0.637218713760376,0.3342995047569275,-0.04905286058783531,0.685164213180542,0.31815728545188904,-0.05299120396375656,0.4884903132915497,0.45629066228866577,-0.051901012659072876,0.6137630343437195,0.44642266631126404,-0.07038647681474686,0.689934492111206,0.4441433846950531,-0.08124817162752151,0.7465431094169617,0.44141247868537903,-0.08833766728639603,0.48520323634147644,0.5209638476371765,-0.06777586787939072,0.6044648885726929,0.5513951182365417,-0.08673707395792007,0.6699288487434387,0.5600324273109436,-0.09973187744617462,0.7188034057617188,0.5606135725975037,-0.1087985709309578,0.47656571865081787,0.5928400754928589,-0.08017221093177795,0.5345309972763062,0.6049696803092957,-0.08564940094947815,0.5088034868240356,0.5940614938735962,-0.07774484157562256,0.48135924339294434,0.5850830674171448,-0.07355522364377975
E,0.32101279497146606,0.5826963186264038,6.781476145079068e-07,0.38021358847618103,0.4915347993373871,0.015230276621878147,0.46220508217811584,0.46046167612075806,0.012117337435483932,0.521054208278656,0.4945596754550934,0.008292467333376408,0.5588870048522949,0.5256977677345276,0.0036446566227823496,0.486047625541687,0.4014020562171936,-0.02926148660480976,0.5777906775474548,0.3534637689590454,-0.0421627014875412,0.6384235620498657,0.33323997259140015,-0.04695829376578331,0.6864283680915833,0.3164534270763397,-0.050487879663705826,0.48769527673721313,0.45623892545700073,-0.04961105063557625,0.6124880313873291,0.4472945034503937,-0.0697195902466774,0.6893197298049927,0.4452757239341736,-0.08054561167955399,0.7455525398254395,0.4429021179676056,-0.08665569126605988,0.48411768674850464,0.5218222737312317,-0.06532321870326996,0.603801965713501,0.5531951785087585,-0.08485575020313263,0.6688141822814941,0.5637796521186829,-0.09521675854921341,0.7171680927276611,0.5653071403503418,-0.10152081400156021,0.4747955799102783,0.5950214862823486,-0.07754462957382202,0.5364845395088196,0.6068453192710876,-0.08226240426301956,0.5116376876831055,0.5966816544532776,-0.07161163538694382,0.4837658107280731,0.5878245830535889,-0.06471095979213715
E,0.3193584084510803,0.5793222784996033,6.656211439803883e-07,0.3828470706939697,0.48974305391311646,0.016749458387494087,0.4666111469268799,0.4666474759578705,0.013076807372272015,0.5245524048805237,0.5118769407272339,0.008727402426302433,0.5608523488044739,0.5491902828216553,0.002834020182490349,0.4867902398109436,0.4039372205734253,-0.03303132206201553,0.5771466493606567,0.3537651300430298,-0.0455884113907814,0.6362740397453308,0.32966598868370056,-0.04981090500950813,0.6846857666969299,0.3084280490875244,-0.053659792989492416,0.4887397587299347,0.4587479531764984,-0.05445408448576927,0.6136012077331543,0.4468628466129303,-0.07415491342544556,0.6896624565124512,0.4452679753303528,-0.08485143631696701,0.7462702989578247,0.44292891025543213,-0.09168466180562973,0.4851287603378296,0.5240089893341064,-0.07068327814340591,0.6051985025405884,0.5556280016899109,-0.09091099351644516,0.6713496446609497,0.5655295848846436,-0.10325243324041367,0.7205745577812195,0.5662055015563965,-0.11154959350824356,0.47607162594795227,0.5960277318954468,-0.08296822011470795,0.5347641706466675,0.605628252029419,-0.08849170804023743,0.5082244873046875,0.5939225554466248,-0.0793672651052475,0.48056554794311523,0.5845324993133545,-0.07433146238327026
E,0.3216094672679901,0.582912266254425,6.701202437398024e-07,0.3804578483104706,0.4918487071990967,0.01622151769697666,0.4608996510505676,0.46132123470306396,0.012794706970453262,0.5200214385986328,0.49358832836151123,0.008802758529782295,0.5605192184448242,0.5210999846458435,0.003996033221483231,0.48689281940460205,0.40279969573020935,-0.03185288980603218,0.5778107643127441,0.3527904152870178,-0.04557046294212341,0.6381667852401733,0.32964855432510376,-0.050364699214696884,0.6864413022994995,0.3094811737537384,-0.053708065301179886,0.4885871410369873,0.4554430842399597,-0.0522121898829937,0.6149272918701172,0.4487437903881073,-0.07268426567316055,0.6914780139923096,0.4483121931552887,-0.08256995677947998,0.747321367263794,0.44605058431625366,-0.08781544864177704,0.4848637580871582,0.5201971530914307,-0.06754431128501892,0.6057668328285217,0.5552434325218201,-0.08690669387578964,0.6717140078544617,0.5666196942329407,-0.09643307328224182,0.7196836471557617,0.5670507550239563,-0.10234113782644272,0.47537776827812195,0.5933005213737488,-0.07923503965139389,0.5363547205924988,0.6139318943023682,-0.08307737857103348,0.5112359523773193,0.6047589182853699,-0.07160376757383347,0.4828060269355774,0.5935283303260803,-0.0642860159277916
E,0.3211311101913452,0.5785437822341919,6.705989221700293e-07,0.3831394910812378,0.48973676562309265,0.012533052824437618,0.4688841998577118,0.46635347604751587,0.006916204001754522,0.5259518623352051,0.5135644674301147,0.0013821921311318874,0.5593221783638,0.5501640439033508,-0.006089974660426378,0.4887913465499878,0.4034213423728943,-0.0361405611038208,0.5769966840744019,0.3499565124511719,-0.047448594123125076,0.6343660950660706,0.3220078945159912,-0.05137062817811966,0.6818310618400574,0.29427704215049744,-0.05582072213292122,0.4919428825378418,0.4605184495449066,-0.055892787873744965,0.614561140537262,0.45226114988327026,-0.07373227179050446,0.6889822483062744,0.45277827978134155,-0.08375388383865356,0.7457864284515381,0.44912615418434143,-0.09086103737354279,0.4871155917644501,0.5258252620697021,-0.07072585076093674,0.6058028936386108,0.5536095499992371,-0.09110744297504425,0.6751421689987183,0.5607951879501343,-0.10459192842245102,0.7283693552017212,0.5592307448387146,-0.1142495796084404,0.47697189450263977,0.5967341065406799,-0.08183883130550385,0.5345284938812256,0.6030941605567932,-0.08899952471256256,0.5070080757141113,0.591863751411438,-0.0804353877902031,0.47824087738990784,0.5836820602416992,-0.07613055408000946
E,0.320930540561676,0.5777879357337952,6.50825995762716e-07,0.38319817185401917,0.4897901713848114,0.013663160614669323,0.46583032608032227,0.46567559242248535,0.009400400333106518,0.5220210552215576,0.510551929473877,0.004691354464739561,0.5558422803878784,0.5487898588180542,-0.0013749210629612207,0.490806519985199,0.4046861231327057,-0.03105887398123741,0.576366662979126,0.34894615411758423,-0.0438065342605114,0.6336567401885986,0.31922075152397156,-0.04970799759030342,0.681128740310669,0.28985467553138733,-0.05521027371287346,0.4917677044868469,0.45841509103775024,-0.051273688673973083,0.6139489412307739,0.45448607206344604,-0.07001503556966782,0.689388632774353,0.45644471049308777,-0.08063460886478424,0.7459381818771362,0.452981561422348,-0.08741682022809982,0.4861069619655609,0.5225342512130737,-0.0670522153377533,0.6032776832580566,0.5567767024040222,-0.08729635179042816,0.6716905832290649,0.5681784152984619,-0.10000846534967422,0.7229135632514954,0.5672924518585205,-0.10855421423912048,0.47551196813583374,0.5940802693367004,-0.07937633246183395,0.5336197018623352,0.6106750965118408,-0.08593340963125229,0.5067381262779236,0.6008322238922119,-0.07659456878900528,0.4777071177959442,0.5902286767959595,-0.07121071964502335
E,0.3221035599708557,0.5808571577072144,6.600951678592537e-07,0.3823947310447693,0.4914909303188324,0.012987298890948296,0.463937908411026,0.465834379196167,0.008300768211483955,0.5215614438056946,0.5068392753601074,0.003527906956151128,0.5568663477897644,0.5401009321212769,-0.0024779089726507664,0.48915719985961914,0.4042741060256958,-0.032760392874479294,0.5765699148178101,0.3484339118003845,-0.04442986845970154,0.6331391334533691,0.31819823384284973,-0.04837474226951599,0.6793449521064758,0.2886090576648712,-0.05224384367465973,0.4904427230358124,0.45891237258911133,-0.05221635848283768,0.6151136755943298,0.45530590415000916,-0.07178480178117752,0.6905695199966431,0.4565542936325073,-0.0818115696310997,0.7469929456710815,0.45321643352508545,-0.08755265921354294,0.48473891615867615,0.5240796804428101,-0.06689897179603577,0.6031842231750488,0.5566563010215759,-0.08733736723661423,0.6719158887863159,0.5678820610046387,-0.09859328716993332,0.7235430479049683,0.5675844550132751,-0.10564694553613663,0.47364333271980286,0.5956321358680725,-0.07804401963949203,0.5344365239143372,0.6094453930854797,-0.08381275087594986,0.5086382627487183,0.5999576449394226,-0.07288443297147751,0.4800310730934143,0.5905932188034058,-0.06607478111982346
E,0.32074815034866333,0.5809175968170166,6.656160849161097e-07,0.38199371099472046,0.4916233718395233,0.013252530246973038,0.465739369392395,0.46835091710090637,0.008309610188007355,0.5222653150558472,0.5149056315422058,0.003155488520860672,0.5542780160903931,0.5541306734085083,-0.0034880684688687325,0.488983154296875,0.40507960319519043,-0.033350493758916855,0.5762671232223511,0.3468922972679138,-0.04461003094911575,0.6326069831848145,0.31575801968574524,-0.048708122223615646,0.6791799068450928,0.28450363874435425,-0.05325796827673912,0.4911514222621918,0.4611298739910126,-0.0533333458006382,0.614345908164978,0.4547865092754364,-0.0725618451833725,0.688750147819519,0.45539021492004395,-0.08298128098249435,0.7450506687164307,0.4503896236419678,-0.08954638242721558,0.48566558957099915,0.5258752703666687,-0.06846670061349869,0.6022716760635376,0.5565935969352722,-0.08908329159021378,0.6712433695793152,0.5667194724082947,-0.10104241222143173,0.7237772941589355,0.564982533454895,-0.10885222256183624,0.47501423954963684,0.5965555906295776,-0.08001010119915009,0.5351173281669617,0.6068728566169739,-0.08585455268621445,0.5083712935447693,0.5969257354736328,-0.0751388743519783,0.4794696569442749,0.5873156189918518,-0.06889356672763824
E,0.3216707706451416,0.5808073282241821,6.639170351263601e-07,0.3817707300186157,0.49136048555374146,0.012310273014008999,0.4634856581687927,0.4671066105365753,0.007101957220584154,0.5197678804397583,0.5124914646148682,0.001729111303575337,0.5529415011405945,0.5512456893920898,-0.004857486579567194,0.4885442852973938,0.40490713715553284,-0.03230252116918564,0.576170802116394,0.3468385338783264,-0.04377340152859688,0.632409393787384,0.31516504287719727,-0.047763850539922714,0.6781945824623108,0.2842212915420532,-0.05191422253847122,0.49153631925582886,0.4600481390953064,-0.051706280559301376,0.6150676012039185,0.45540758967399597,-0.0708160400390625,0.6893957853317261,0.4563373625278473,-0.08075214177370071,0.7454402446746826,0.45227134227752686,-0.08659549802541733,0.4862474799156189,0.5244919061660767,-0.06651559472084045,0.6019682288169861,0.555837869644165,-0.08658446371555328,0.6709480881690979,0.5659803748130798,-0.09808741509914398,0.7237664461135864,0.5649514198303223,-0.10552284866571426,0.4747611880302429,0.5956442952156067,-0.07794298231601715,0.5340447425842285,0.6094404458999634,-0.0834479108452797,0.5079089999198914,0.6004586219787598,-0.0724506676197052,0.47946828603744507,0.5916964411735535,-0.0658065602183342
E,0.3229794502258301,0.5812634825706482,6.626196977776999e-07,0.382501482963562,0.4911387860774994,0.01398021075874567,0.4638141691684723,0.465514600276947,0.009302514605224133,0.5208591222763062,0.5073961615562439,0.004478960298001766,0.5555575489997864,0.5429864525794983,-0.0014366772957146168,0.4896887540817261,0.40435752272605896,-0.033050402998924255,0.5767238736152649,0.34588509798049927,-0.04462049901485443,0.63261878490448,0.3139141798019409,-0.04836396872997284,0.6781837344169617,0.2825559675693512,-0.052263885736465454,0.4919484257698059,0.45891740918159485,-0.052661970257759094,0.615958034992218,0.4542698562145233,-0.07244022935628891,0.6904008388519287,0.4552130103111267,-0.08235643804073334,0.7463047504425049,0.4512615501880646,-0.0879857987165451,0.4864068925380707,0.5231781005859375,-0.06723523885011673,0.6026303768157959,0.5556373000144958,-0.08688224852085114,0.672007143497467,0.565790057182312,-0.09714744240045547,0.7251107692718506,0.5641444325447083,-0.10373854637145996,0.47538667917251587,0.5940656661987305,-0.07827654480934143,0.533776044845581,0.6106960773468018,-0.08243700116872787,0.5078502297401428,0.6018038988113403,-0.07047270238399506,0.4799630045890808,0.5917254686355591,-0.06319306790828705
E,0.32120171189308167,0.5828494429588318,6.449398597396794e-07,0.3824019432067871,0.4924650490283966,0.016413820907473564,0.46555089950561523,0.46915769577026367,0.012414977885782719,0.5228443741798401,0.5132275819778442,0.007912213914096355,0.5575775504112244,0.5490017533302307,0.0020745317451655865,0.48964422941207886,0.40490761399269104,-0.032437823712825775,0.5763466954231262,0.34575361013412476,-0.043107204139232635,0.6321357488632202,0.3138062357902527,-0.04597852751612663,0.6783355474472046,0.28233957290649414,-0.04953669011592865,0.49180689454078674,0.4598556458950043,-0.05335303768515587,0.6153129935264587,0.45208999514579773,-0.07289788126945496,0.6893559098243713,0.45274484157562256,-0.08249367773532867,0.7451290488243103,0.44907301664352417,-0.08817432820796967,0.4863366186618805,0.524514377117157,-0.06893657892942429,0.6030387878417969,0.555568516254425,-0.08934717625379562,0.672517716884613,0.5666092038154602,-0.09980112314224243,0.7257570028305054,0.5660262107849121,-0.10642077773809433,0.47583451867103577,0.595992922782898,-0.0805416852235794,0.5359392166137695,0.606447160243988,-0.08455840498209,0.5093799829483032,0.5964685678482056,-0.0722322165966034,0.4813830256462097,0.5862982273101807,-0.06496942788362503
E,0.3212948739528656,0.5822798013687134,6.460581971623469e-07,0.3818352222442627,0.4909363389015198,0.016003811731934547,0.4634113013744354,0.46604326367378235,0.012374022975564003,0.5206590890884399,0.507686972618103,0.007974551990628242,0.5555744171142578,0.5436429381370544,0.0022481370251625776,0.48917409777641296,0.40518659353256226,-0.030511237680912018,0.576582670211792,0.34544822573661804,-0.04138721153140068,0.6324789524078369,0.31268110871315,-0.044583510607481,0.6781349182128906,0.2808784246444702,-0.04815545305609703,0.4922909438610077,0.4600295126438141,-0.051260918378829956,0.6161311268806458,0.4533962309360504,-0.07015561312437057,0.6902866959571838,0.45398688316345215,-0.0795002356171608,0.7459918260574341,0.45057204365730286,-0.08480536937713623,0.4869699776172638,0.5247312188148499,-0.0669732466340065,0.6023441553115845,0.5544267296791077,-0.08601533621549606,0.670616626739502,0.5648443698883057,-0.09590821713209152,0.7229187488555908,0.5642202496528625,-0.10226938128471375,0.4754168391227722,0.5960066318511963,-0.0790400505065918,0.5344021916389465,0.6082971692085266,-0.08257251232862473,0.5090650916099548,0.5988163352012634,-0.07033342868089676,0.4817831814289093,0.5893275737762451,-0.06294260919094086
E,0.3218284249305725,0.5824045538902283,6.430514076782856e-07,0.3819851279258728,0.4909510910511017,0.016952093690633774,0.46326765418052673,0.4663238227367401,0.013379900716245174,0.5205145478248596,0.5071913599967957,0.009106757119297981,0.5558545589447021,0.5420786738395691,0.003554504131898284,0.4896371364593506,0.4044169783592224,-0.031170910224318504,0.5771815776824951,0.3448179364204407,-0.04166863113641739,0.6329864859580994,0.31241604685783386,-0.04426374286413193,0.6786158084869385,0.28061920404434204,-0.04748253896832466,0.49237045645713806,0.4595331847667694,-0.05208991467952728,0.6163939237594604,0.45253416895866394,-0.07190530002117157,0.6903640031814575,0.45277461409568787,-0.08150779455900192,0.7457708716392517,0.448761522769928,-0.08680780231952667,0.48668792843818665,0.5243685245513916,-0.06760460883378983,0.6024841666221619,0.554386556148529,-0.08728746324777603,0.6719262599945068,0.5639552474021912,-0.09689663350582123,0.7252165079116821,0.5623615980148315,-0.10286382585763931,0.4751293361186981,0.5958673357963562,-0.07921475917100906,0.5343089699745178,0.6075598001480103,-0.08233655989170074,0.5086796283721924,0.5976502895355225,-0.06927145272493362,0.4810914397239685,0.587929904460907,-0.06130174547433853
E,0.3225160837173462,0.5819433927536011,6.489268002951576e-07,0.3838443160057068,0.4931469261646271,0.015128225088119507,0.465721070766449,0.4700923562049866,0.010740491561591625,0.5223792195320129,0.5153729915618896,0.005553797818720341,0.5566214919090271,0.5533871054649353,-0.0009595987503416836,0.49005061388015747,0.40449443459510803,-0.03022792562842369,0.576768696308136,0.34547752141952515,-0.041395459324121475,0.6324406862258911,0.3123628795146942,-0.04531729966402054,0.6782036423683167,0.27991819381713867,-0.049626924097537994,0.4934152364730835,0.4579518139362335,-0.05099894851446152,0.6163762807846069,0.4515431821346283,-0.06934233009815216,0.6901918649673462,0.4527703523635864,-0.07917805761098862,0.7458065152168274,0.44939255714416504,-0.08524906635284424,0.4884783625602722,0.521685779094696,-0.06691252440214157,0.6039639115333557,0.551389753818512,-0.08609729260206223,0.6726549863815308,0.5625205039978027,-0.09675544500350952,0.7253542542457581,0.5619872808456421,-0.1039990484714508,0.47777503728866577,0.5933465957641602,-0.07927225530147552,0.5358771681785583,0.6080382466316223,-0.08349139988422394,0.5093410015106201,0.6008950471878052,-0.07167542725801468,0.48137253522872925,0.5928802490234375,-0.0647917166352272
E,0.3231985569000244,0.5852457880973816,6.233639737729391e-07,0.3825412392616272,0.4933375418186188,0.017737288028001785,0.4636577367782593,0.46675238013267517,0.015122679062187672,0.5215681791305542,0.5063717365264893,0.0117964381352067,0.5584173202514648,0.5404552221298218,0.007230533752590418,0.49006402492523193,0.40572401881217957,-0.029460281133651733,0.5777074694633484,0.34721633791923523,-0.04000280424952507,0.6334542632102966,0.3141304850578308,-0.04293667525053024,0.6788267493247986,0.2807595133781433,-0.046112511307001114,0.4924142062664032,0.4583333730697632,-0.05026005581021309,0.6163425445556641,0.4520241320133209,-0.06868866831064224,0.689822256565094,0.4530491828918457,-0.07692963629961014,0.744522213935852,0.44841820001602173,-0.08115597069263458,0.48776617646217346,0.5215088129043579,-0.06587589532136917,0.6039145588874817,0.5528808236122131,-0.08472207188606262,0.6732017397880554,0.5635711550712585,-0.09384270012378693,0.725848913192749,0.5616661310195923,-0.09939571470022202,0.47729241847991943,0.5924572944641113,-0.0776086375117302,0.5378125309944153,0.6097302436828613,-0.0796630010008812,0.5112133026123047,0.6023207306861877,-0.06585285812616348,0.48232752084732056,0.5931030511856079,-0.05735698342323303
E,0.32393065094947815,0.5804433226585388,6.329328243737109e-07,0.38540220260620117,0.4917459487915039,0.015856022015213966,0.46734726428985596,0.46818557381629944,0.01103159785270691,0.5248839855194092,0.5118383765220642,0.005673212464898825,0.5611982345581055,0.5472999811172485,-0.0013321833685040474,0.49067223072052,0.404933363199234,-0.03391934931278229,0.5780091285705566,0.3463360071182251,-0.045213788747787476,0.633338987827301,0.3135945200920105,-0.0487607941031456,0.6789827346801758,0.28007155656814575,-0.052810993045568466,0.4927302598953247,0.4584771990776062,-0.054754193872213364,0.6168550252914429,0.4514935612678528,-0.07281043380498886,0.6898422241210938,0.45315414667129517,-0.0817657932639122,0.7451200485229492,0.4490412175655365,-0.0875084176659584,0.4874890148639679,0.5215778350830078,-0.07036750763654709,0.6044850945472717,0.5500275492668152,-0.08955809473991394,0.675199568271637,0.5571691989898682,-0.10096677392721176,0.7292516827583313,0.5535988211631775,-0.10907212644815445,0.47735992074012756,0.592479944229126,-0.08209169656038284,0.535898745059967,0.6041776537895203,-0.08581600338220596,0.5104851126670837,0.5947617888450623,-0.07441671192646027,0.4830397963523865,0.5859901905059814,-0.06826572865247726
E,0.32457882165908813,0.5821688771247864,6.244942483135674e-07,0.38480186462402344,0.49218761920928955,0.017545456066727638,0.4653586745262146,0.4686962068080902,0.014087527990341187,0.5219642519950867,0.5119628310203552,0.009889593347907066,0.5562463998794556,0.5487480163574219,0.004282523412257433,0.4908154010772705,0.4068591892719269,-0.031728699803352356,0.5778011083602905,0.34754377603530884,-0.04355528950691223,0.6335341930389404,0.31440937519073486,-0.04778075963258743,0.679239809513092,0.28135302662849426,-0.051828112453222275,0.4925825595855713,0.46074897050857544,-0.05275823548436165,0.6159542202949524,0.452860563993454,-0.07210756838321686,0.6897902488708496,0.4527055621147156,-0.08136478811502457,0.7443899512290955,0.44770899415016174,-0.08646499365568161,0.48766785860061646,0.5240452885627747,-0.06846243143081665,0.6045020222663879,0.551471471786499,-0.08878631889820099,0.6734921932220459,0.5601214170455933,-0.09915580600500107,0.725927472114563,0.5578374862670898,-0.10538563877344131,0.4774519205093384,0.5947175621986389,-0.08007306605577469,0.5384021401405334,0.6080321669578552,-0.08347352594137192,0.510915994644165,0.5994294881820679,-0.07005027681589127,0.4810912311077118,0.5910093188285828,-0.0617300309240818
E,0.3240512013435364,0.5834215879440308,6.214172003637941e-07,0.38423436880111694,0.49474430084228516,0.01999698206782341,0.46642783284187317,0.47316184639930725,0.01737765036523342,0.5236043334007263,0.5181342959403992,0.013578049838542938,0.5589834451675415,0.5548455119132996,0.008131970651447773,0.49203208088874817,0.40597742795944214,-0.028123727068305016,0.5793893337249756,0.34777897596359253,-0.0384354293346405,0.634619951248169,0.31470805406570435,-0.04139060527086258,0.6798180341720581,0.28097978234291077,-0.04473531246185303,0.4931693971157074,0.4579545557498932,-0.050374723970890045,0.6173932552337646,0.4505794048309326,-0.0683923214673996,0.6905702352523804,0.4514605402946472,-0.07701611518859863,0.7449349761009216,0.4469242990016937,-0.0817514955997467,0.4871516227722168,0.5211168527603149,-0.06721924245357513,0.6051419377326965,0.5493509769439697,-0.08735799044370651,0.6761394739151001,0.5583143830299377,-0.0983024314045906,0.7299833297729492,0.5555346608161926,-0.10507984459400177,0.47662678360939026,0.5927968621253967,-0.07957009971141815,0.5369750261306763,0.6074655652046204,-0.08220425993204117,0.5106654763221741,0.6005115509033203,-0.06855235993862152,0.4821126461029053,0.5924813747406006,-0.060406915843486786
E,0.3240208029747009,0.5802143216133118,6.182549441291485e-07,0.3863924741744995,0.49283450841903687,0.020576149225234985,0.4694811701774597,0.4743388593196869,0.016575071960687637,0.5256348252296448,0.5235518217086792,0.011255930177867413,0.5580244660377502,0.564071536064148,0.003993804566562176,0.49240943789482117,0.40506041049957275,-0.030637962743639946,0.5808267593383789,0.3470478951931,-0.040822356939315796,0.6355807781219482,0.31501543521881104,-0.04358982294797897,0.6807684302330017,0.281713604927063,-0.047190111130476,0.4947097599506378,0.45729514956474304,-0.05324288085103035,0.6172706484794617,0.4488700032234192,-0.07087396830320358,0.6880647540092468,0.45035699009895325,-0.07917682081460953,0.7409893870353699,0.44626256823539734,-0.08427227288484573,0.48867568373680115,0.5195798277854919,-0.07008885592222214,0.6055998802185059,0.5448071956634521,-0.09003482758998871,0.6780800819396973,0.5517902970314026,-0.10172110795974731,0.7339670658111572,0.5485652685165405,-0.109701968729496,0.4783388376235962,0.5910851359367371,-0.0821947231888771,0.5374746322631836,0.6041764616966248,-0.08385385572910309,0.5116331577301025,0.5961953997612,-0.07011126726865768,0.4837035536766052,0.5888186693191528,-0.06270775198936462
E,0.3230699300765991,0.5831044912338257,6.061396220502502e-07,0.3841831684112549,0.4930156469345093,0.020421097055077553,0.4664684534072876,0.4710806608200073,0.018124312162399292,0.5237910151481628,0.5169988870620728,0.014450496062636375,0.5593645572662354,0.5559164881706238,0.009154068306088448,0.49142947793006897,0.4054586589336395,-0.02730596996843815,0.5796504020690918,0.3477712869644165,-0.03746950253844261,0.6351815462112427,0.3158339262008667,-0.040339238941669464,0.6808884143829346,0.28318655490875244,-0.04359447956085205,0.4943464994430542,0.4576711356639862,-0.0495808981359005,0.6177610754966736,0.44861024618148804,-0.06733379513025284,0.6902598142623901,0.44893336296081543,-0.07565800845623016,0.7441207766532898,0.4447239935398102,-0.08013667911291122,0.48912757635116577,0.5203381776809692,-0.06643184274435043,0.605606198310852,0.5463671684265137,-0.08630116283893585,0.6766922473907471,0.5540655255317688,-0.09737472236156464,0.730958878993988,0.5514041781425476,-0.1041523888707161,0.47836926579475403,0.5924204587936401,-0.07876402139663696,0.5392693281173706,0.6050200462341309,-0.08050446957349777,0.5131921172142029,0.5965511798858643,-0.06647881120443344,0.48445940017700195,0.5890496969223022,-0.05815133452415466
E,0.3236088156700134,0.5818160176277161,6.06223409249651e-07,0.38539114594459534,0.49313658475875854,0.0190714281052351,0.4693163335323334,0.473122775554657,0.01605135388672352,0.5265992879867554,0.5208399295806885,0.011901034973561764,0.5610867738723755,0.5599707961082458,0.005926920101046562,0.4920921325683594,0.40432268381118774,-0.02764882706105709,0.581939160823822,0.3566455841064453,-0.036279767751693726,0.6369674205780029,0.3296930193901062,-0.03781832382082939,0.681890606880188,0.3004279136657715,-0.04054960608482361,0.4942066967487335,0.45635443925857544,-0.049764420837163925,0.6170538663864136,0.44785526394844055,-0.06586646288633347,0.6887990236282349,0.44794943928718567,-0.07404497265815735,0.7427002191543579,0.4426916837692261,-0.0792728140950203,0.48904427886009216,0.5190554261207581,-0.06661249697208405,0.6062419414520264,0.5461892485618591,-0.08590598404407501,0.6776500344276428,0.555070698261261,-0.09788568317890167,0.732532262802124,0.5531560778617859,-0.10613749921321869,0.478983998298645,0.5913596153259277,-0.07905041426420212,0.5387510657310486,0.6046158671379089,-0.0819360688328743,0.5121464729309082,0.5975731611251831,-0.06974506378173828,0.4837256073951721,0.5909250974655151,-0.06323374062776566
E,0.32656994462013245,0.583949863910675,6.421772127396252e-07,0.38542118668556213,0.4941851794719696,0.020355410873889923,0.4660074710845947,0.46979761123657227,0.018587497994303703,0.5227973461151123,0.5093558430671692,0.015551738440990448,0.5588614344596863,0.5450945496559143,0.01112616341561079,0.49237778782844543,0.405524343252182,-0.02568552829325199,0.583032488822937,0.36141136288642883,-0.03461937978863716,0.6396850347518921,0.3407943844795227,-0.03607136383652687,0.6850719451904297,0.3208741247653961,-0.03779018297791481,0.4958212971687317,0.4569297134876251,-0.04755954444408417,0.6203043460845947,0.450976699590683,-0.06432721763849258,0.6930557489395142,0.4495767056941986,-0.0725487768650055,0.7473046779632568,0.44519519805908203,-0.07692678272724152,0.4917277991771698,0.5189510583877563,-0.06397723406553268,0.609034538269043,0.5513948798179626,-0.08095106482505798,0.6770294308662415,0.5599385499954224,-0.09088671207427979,0.7284768223762512,0.5590547323226929,-0.09742089360952377,0.48084986209869385,0.5902354717254639,-0.07621929794549942,0.5397251844406128,0.6096205115318298,-0.07664167881011963,0.5142938494682312,0.6016777157783508,-0.06363140791654587,0.4867648184299469,0.5937515497207642,-0.05596136674284935
E,0.3277852237224579,0.5785633325576782,6.452563638958964e-07,0.38933342695236206,0.4925510585308075,0.021030321717262268,0.473481684923172,0.47461676597595215,0.018040889874100685,0.529570460319519,0.5246499180793762,0.013888450339436531,0.5613669157028198,0.5639597177505493,0.007823087275028229,0.49493542313575745,0.4027981758117676,-0.028180772438645363,0.5853731036186218,0.3584232032299042,-0.03643159940838814,0.6411682367324829,0.33819830417633057,-0.03727713227272034,0.6865905523300171,0.3173144459724426,-0.03939864784479141,0.49601784348487854,0.45514968037605286,-0.050948597490787506,0.6183532476425171,0.4456680119037628,-0.06846293061971664,0.6902456283569336,0.44590961933135986,-0.07727670669555664,0.744695782661438,0.4428214430809021,-0.08283217251300812,0.49050071835517883,0.5182603597640991,-0.06797675788402557,0.6089582443237305,0.5499308705329895,-0.08809518814086914,0.6795836091041565,0.5578469038009644,-0.10083729028701782,0.7337891459465027,0.5564910769462585,-0.10939504951238632,0.48045146465301514,0.5908219814300537,-0.08017215877771378,0.5393103957176208,0.6040279269218445,-0.08316584676504135,0.512532114982605,0.5943371057510376,-0.07176551222801208,0.48410922288894653,0.5862587094306946,-0.065852589905262
E,0.3276839852333069,0.5804131031036377,6.192987029862707e-07,0.38977962732315063,0.49207285046577454,0.02183716557919979,0.4726822078227997,0.4716298580169678,0.02001323364675045,0.5281984210014343,0.519147515296936,0.017100349068641663,0.5603455901145935,0.5577296614646912,0.01237981952726841,0.4950551390647888,0.40416789054870605,-0.026932379230856895,0.585328221321106,0.36011794209480286,-0.03443305194377899,0.6405036449432373,0.339078426361084,-0.03440440446138382,0.685857892036438,0.31804990768432617,-0.035731442272663116,0.4970957934856415,0.457407683134079,-0.049362532794475555,0.6190145015716553,0.4474058747291565,-0.06707452982664108,0.6908721923828125,0.446005642414093,-0.07607321441173553,0.7452855110168457,0.4428533911705017,-0.08135198801755905,0.4920753240585327,0.5210680365562439,-0.06579485535621643,0.6092128157615662,0.5515663027763367,-0.08674398809671402,0.6793327927589417,0.559221088886261,-0.1000315472483635,0.7330504655838013,0.559039294719696,-0.10834097862243652,0.48183876276016235,0.5934369564056396,-0.07712431252002716,0.5395073294639587,0.6045858263969421,-0.0813184604048729,0.5114840269088745,0.5951052904129028,-0.07021326571702957,0.48210299015045166,0.5880939364433289,-0.06387569010257721
E,0.32676592469215393,0.5812002420425415,6.245881536415254e-07,0.38854631781578064,0.49374550580978394,0.022704405710101128,0.471108615398407,0.47353360056877136,0.0213983952999115,0.5272957682609558,0.5198987126350403,0.01862550899386406,0.560924232006073,0.5578813552856445,0.014216510578989983,0.49429765343666077,0.4041941165924072,-0.024847380816936493,0.584227442741394,0.35948771238327026,-0.03268767520785332,0.6398321390151978,0.33822309970855713,-0.03311118856072426,0.6855068206787109,0.3167875409126282,-0.03461090102791786,0.4958820343017578,0.4557045102119446,-0.04786291345953941,0.6185289025306702,0.4458879232406616,-0.0661267563700676,0.6913203001022339,0.4448062479496002,-0.07521514594554901,0.7461223602294922,0.4412784278392792,-0.08019974827766418,0.4906964898109436,0.518540620803833,-0.06497461348772049,0.608708918094635,0.5496164560317993,-0.08540766686201096,0.6783244609832764,0.5586087107658386,-0.09722614288330078,0.7313815951347351,0.5581297278404236,-0.10427871346473694,0.48011136054992676,0.5915312767028809,-0.07713084667921066,0.5407508015632629,0.60516357421875,-0.07959116995334625,0.5135522484779358,0.5964180827140808,-0.06683851778507233,0.484330415725708,0.5888533592224121,-0.05931096524000168
E,0.3278743624687195,0.5787701606750488,6.433286898754886e-07,0.3890466094017029,0.49113473296165466,0.019645968452095985,0.4702119827270508,0.46759477257728577,0.01697881892323494,0.5264041423797607,0.5090368986129761,0.01298771146684885,0.5618715286254883,0.5455228090286255,0.007394615560770035,0.49408864974975586,0.4037654995918274,-0.027433454990386963,0.5839945673942566,0.35824230313301086,-0.03665756806731224,0.6406418085098267,0.33702775835990906,-0.037777021527290344,0.6863607168197632,0.3162539005279541,-0.039452265948057175,0.4966912269592285,0.4563406705856323,-0.049699947237968445,0.6195876002311707,0.44904428720474243,-0.06870990991592407,0.6929053068161011,0.44693994522094727,-0.07797206193208694,0.7478691339492798,0.4413902759552002,-0.08291159570217133,0.4919540286064148,0.5195176601409912,-0.06642014533281326,0.609160304069519,0.5523752570152283,-0.08615639060735703,0.6773399710655212,0.5606848001480103,-0.09694833308458328,0.7288894653320312,0.5587086081504822,-0.10344834625720978,0.48071935772895813,0.5916455388069153,-0.07881501317024231,0.5406641960144043,0.6048669815063477,-0.08186019957065582,0.5155351161956787,0.5951347351074219,-0.06981103122234344,0.48745274543762207,0.5863745212554932,-0.062484148889780045
E,0.32761645317077637,0.5821311473846436,6.353123467306432e-07,0.38724395632743835,0.49302831292152405,0.020704632624983788,0.4681030809879303,0.46739447116851807,0.01946653239428997,0.5252275466918945,0.5053234696388245,0.016937540844082832,0.5628745555877686,0.5390121340751648,0.013085125014185905,0.49384698271751404,0.4039090871810913,-0.024883108213543892,0.5834531784057617,0.3585513234138489,-0.03392587974667549,0.6404699683189392,0.3371753692626953,-0.035275086760520935,0.6862857937812805,0.31647080183029175,-0.03677041456103325,0.4959806799888611,0.45539233088493347,-0.046752750873565674,0.6192285418510437,0.44826197624206543,-0.06564489006996155,0.6929517984390259,0.4456499218940735,-0.0749501958489418,0.7478583455085754,0.4400516450405121,-0.07951565831899643,0.49166303873062134,0.5181736350059509,-0.06301286071538925,0.6091369390487671,0.5507830381393433,-0.08208329230546951,0.6765671372413635,0.558903157711029,-0.09202072769403458,0.7269572615623474,0.556542694568634,-0.09762413799762726,0.48057714104652405,0.5904026627540588,-0.07492123544216156,0.5420339107513428,0.607789933681488,-0.07671057432889938,0.5161156058311462,0.5995618104934692,-0.06341799348592758,0.4868706464767456,0.590545117855072,-0.054942786693573
E,0.3285117745399475,0.5814737677574158,6.363846409840335e-07,0.3880760967731476,0.4920918345451355,0.019085856154561043,0.4700659215450287,0.46809592843055725,0.016292037442326546,0.5278289914131165,0.5094028115272522,0.012261873111128807,0.5647375583648682,0.5441001653671265,0.006559232249855995,0.49458256363868713,0.40323394536972046,-0.02699049562215805,0.5843848586082458,0.3576892912387848,-0.0358596071600914,0.641187310218811,0.33629709482192993,-0.03718281909823418,0.6870843172073364,0.31580835580825806,-0.03911689296364784,0.4975492060184479,0.4563373625278473,-0.04883568733930588,0.6191290616989136,0.44774386286735535,-0.06664273142814636,0.692562460899353,0.44465065002441406,-0.07630933076143265,0.7476023435592651,0.4390023946762085,-0.08217586576938629,0.493069052696228,0.520030677318573,-0.06523638218641281,0.610667884349823,0.5524582266807556,-0.08453243970870972,0.6783570647239685,0.5600765943527222,-0.09603166580200195,0.7286573648452759,0.5575264096260071,-0.10350742936134338,0.48246753215789795,0.5924690365791321,-0.07732627540826797,0.5425928235054016,0.6051980257034302,-0.08119234442710876,0.5170062184333801,0.5960167646408081,-0.07026293128728867,0.48792266845703125,0.5865427851676941,-0.06388875842094421
E,0.3286052942276001,0.5788377523422241,6.335836815196672e-07,0.3899008631706238,0.49123692512512207,0.01999826170504093,0.4712265431880951,0.4690142571926117,0.017618155106902122,0.5274010300636292,0.5133364796638489,0.013864404521882534,0.562285840511322,0.5500593185424805,0.008438517339527607,0.4951756000518799,0.4043746590614319,-0.026399990543723106,0.5848836898803711,0.35825279355049133,-0.03499007597565651,0.6411844491958618,0.33678996562957764,-0.03585115075111389,0.6869621276855469,0.31646355986595154,-0.0374889075756073,0.49788713455200195,0.45699986815452576,-0.04867669194936752,0.6194649338722229,0.4477578401565552,-0.06706235557794571,0.6925213932991028,0.4444599449634552,-0.07678071409463882,0.7475113868713379,0.4390426278114319,-0.08237136155366898,0.4931451976299286,0.5202112793922424,-0.06535740941762924,0.610598623752594,0.5531980991363525,-0.08521519601345062,0.6783363819122314,0.5607132911682129,-0.09690742194652557,0.7294141054153442,0.5583444833755493,-0.10420211404561996,0.4819750487804413,0.5924667119979858,-0.07757286727428436,0.5416476130485535,0.6055901050567627,-0.08134443312883377,0.5153787136077881,0.595715343952179,-0.0700557678937912,0.48647215962409973,0.5862379670143127,-0.06335534900426865
E,0.3277565836906433,0.5827460289001465,6.280042725848034e-07,0.38675743341445923,0.4934708774089813,0.021912885829806328,0.467252254486084,0.46800941228866577,0.02136155590415001,0.5246614813804626,0.5058091878890991,0.019407056272029877,0.5629798173904419,0.5383217334747314,0.01612212508916855,0.493733286857605,0.4053167998790741,-0.024169377982616425,0.5843929052352905,0.3586375117301941,-0.03311491012573242,0.6421968936920166,0.33708056807518005,-0.034180622547864914,0.6881554126739502,0.3164314031600952,-0.03525107726454735,0.4967775344848633,0.45692312717437744,-0.046114277094602585,0.6206642389297485,0.4483642578125,-0.06527533382177353,0.6946210265159607,0.443954199552536,-0.07463212311267853,0.7491742372512817,0.43678897619247437,-0.07896588742733002,0.49301955103874207,0.5190430283546448,-0.06222129240632057,0.6110386252403259,0.5506010055541992,-0.08077803254127502,0.6789511442184448,0.5566198229789734,-0.09052927047014236,0.7292751669883728,0.5530663132667542,-0.0959315150976181,0.48184460401535034,0.5902165770530701,-0.07386210560798645,0.5427364110946655,0.6079235076904297,-0.07465201616287231,0.5173125863075256,0.5993582010269165,-0.061011720448732376,0.48821648955345154,0.5903520584106445,-0.05226203426718712
E,0.33061927556991577,0.5788544416427612,6.513248536066385e-07,0.3895702362060547,0.49072524905204773,0.017901459708809853,0.470969021320343,0.4670199155807495,0.014273815788328648,0.5283524990081787,0.5099201798439026,0.00976010411977768,0.5655063986778259,0.5466842651367188,0.00372522696852684,0.4946834444999695,0.40290504693984985,-0.03002278320491314,0.584922194480896,0.35766711831092834,-0.039641521871089935,0.6417869329452515,0.336891770362854,-0.040967173874378204,0.6873488426208496,0.3169597387313843,-0.0426359586417675,0.4970944821834564,0.4559902846813202,-0.05126255750656128,0.6206518411636353,0.447698712348938,-0.06996586918830872,0.6943262815475464,0.44434264302253723,-0.07919742166996002,0.7493813633918762,0.4380059242248535,-0.08444182574748993,0.4927763044834137,0.5192070603370667,-0.06696613878011703,0.6111561059951782,0.5517844557762146,-0.08604596555233002,0.6792797446250916,0.5578573346138,-0.09672722965478897,0.7300872802734375,0.5543463230133057,-0.1036011278629303,0.48202937841415405,0.5909021496772766,-0.07851959019899368,0.5423323512077332,0.6064422726631165,-0.0812644362449646,0.5168765187263489,0.597288966178894,-0.06933630257844925,0.487847238779068,0.5883193612098694,-0.06234891712665558
E,0.3298013210296631,0.5805866718292236,6.203976568031067e-07,0.3885772228240967,0.49051713943481445,0.019007572904229164,0.46966123580932617,0.46586260199546814,0.016293302178382874,0.5279064774513245,0.5056415796279907,0.012719882652163506,0.5651648044586182,0.5398758053779602,0.007680445443838835,0.49521404504776,0.403617262840271,-0.029507573693990707,0.5849054455757141,0.3587701916694641,-0.03949592262506485,0.6418917179107666,0.3370385468006134,-0.04121064767241478,0.687806248664856,0.3162805438041687,-0.04309939593076706,0.49731287360191345,0.4583672285079956,-0.051013536751270294,0.6192447543144226,0.44975757598876953,-0.07063817232847214,0.693331778049469,0.4448864161968231,-0.08059848099946976,0.7482060790061951,0.4381831884384155,-0.08634409308433533,0.49318692088127136,0.5232675075531006,-0.06690174341201782,0.6105707287788391,0.5547826290130615,-0.08789869397878647,0.6780778169631958,0.560692548751831,-0.09961820393800735,0.7279974818229675,0.5582484006881714,-0.10659941285848618,0.48313072323799133,0.5954959392547607,-0.07830218225717545,0.5423986911773682,0.6031622886657715,-0.08334825932979584,0.5170525908470154,0.5902367234230042,-0.07294492423534393,0.488393634557724,0.5793705582618713,-0.06653159111738205
E,0.3293370306491852,0.5822545289993286,6.189239343257213e-07,0.388569712638855,0.49255698919296265,0.021833499893546104,0.4707995653152466,0.47047507762908936,0.02049119956791401,0.5281030535697937,0.5151030421257019,0.017812008038163185,0.5645541548728943,0.5516476631164551,0.013604039326310158,0.4961416721343994,0.4032047688961029,-0.02512381412088871,0.5853879451751709,0.3568356931209564,-0.033703211694955826,0.6420097351074219,0.33517587184906006,-0.03460802510380745,0.6876926422119141,0.31370776891708374,-0.03610965609550476,0.4980486035346985,0.45643094182014465,-0.04768193140625954,0.6194636821746826,0.44616422057151794,-0.06775640696287155,0.6932132244110107,0.4412413239479065,-0.07816924899816513,0.747950553894043,0.43293681740760803,-0.08382381498813629,0.49384552240371704,0.5200424790382385,-0.06440757215023041,0.6112379431724548,0.5518835186958313,-0.08668650686740875,0.680448591709137,0.5579955577850342,-0.09929990768432617,0.7313722372055054,0.5539343357086182,-0.10626779496669769,0.48394909501075745,0.5921492576599121,-0.0761377364397049,0.544114351272583,0.6022295951843262,-0.08042645454406738,0.5172856450080872,0.592216968536377,-0.0687163844704628,0.486770361661911,0.5831276774406433,-0.06138450652360916
E,0.33265846967697144,0.5785518884658813,6.093455908739998e-07,0.3913319706916809,0.4880804121494293,0.019673645496368408,0.47249308228492737,0.46275317668914795,0.016862235963344574,0.5312078595161438,0.5014305710792542,0.013460822403430939,0.5705205202102661,0.5337066054344177,0.008755156770348549,0.4978557229042053,0.40024346113204956,-0.03177130967378616,0.5872479677200317,0.3557795286178589,-0.04157115891575813,0.6432835459709167,0.33442020416259766,-0.0427754744887352,0.6886993646621704,0.31313180923461914,-0.04450293630361557,0.4981463849544525,0.45441311597824097,-0.053427182137966156,0.6208776831626892,0.4462246596813202,-0.0739489197731018,0.6942307949066162,0.4421323239803314,-0.0840577781200409,0.7488549947738647,0.4348248243331909,-0.09001803398132324,0.4934650659561157,0.5192843675613403,-0.06909109652042389,0.6125157475471497,0.5550655722618103,-0.09094817191362381,0.6811038255691528,0.5626819133758545,-0.10235155373811722,0.7319431900978088,0.5602685213088989,-0.10912986844778061,0.48398131132125854,0.5919162631034851,-0.08004021644592285,0.5449278354644775,0.6047022938728333,-0.08467672765254974,0.518730640411377,0.593838632106781,-0.07347699999809265,0.489265114068985,0.5834509134292603,-0.06675966829061508
E,0.3321062922477722,0.5808600187301636,6.131228929007193e-07,0.3897327780723572,0.4888530671596527,0.021423805505037308,0.47096315026283264,0.4640968143939972,0.019876103848218918,0.5292290449142456,0.503048300743103,0.01770145818591118,0.5664812326431274,0.5349090099334717,0.013983109965920448,0.4957349896430969,0.40147632360458374,-0.02978052757680416,0.586725115776062,0.3573290705680847,-0.037685178220272064,0.6423225998878479,0.3361544609069824,-0.03738415986299515,0.6875253915786743,0.3152456283569336,-0.0381685234606266,0.4982009530067444,0.45801299810409546,-0.05105435475707054,0.6215338110923767,0.44753721356391907,-0.07092279940843582,0.6948413848876953,0.4430071711540222,-0.08127744495868683,0.7498971223831177,0.4367367625236511,-0.08736120909452438,0.4943237006664276,0.5234013199806213,-0.06581306457519531,0.6124828457832336,0.5521056652069092,-0.08685904741287231,0.6809164881706238,0.5585845708847046,-0.09863273054361343,0.7324870824813843,0.5580767393112183,-0.10563065856695175,0.4853164255619049,0.5939708352088928,-0.07548530399799347,0.5443816781044006,0.5990572571754456,-0.07901256531476974,0.5178040862083435,0.5866884589195251,-0.06752907484769821,0.4891664981842041,0.5781535506248474,-0.06067648157477379
E,0.3326870799064636,0.5809320211410522,5.943219321125071e-07,0.3904661536216736,0.48987773060798645,0.01940840296447277,0.4710092544555664,0.46085917949676514,0.017525190487504005,0.530643880367279,0.4919573664665222,0.015308801084756851,0.5720791816711426,0.5173690319061279,0.012013809755444527,0.4971151649951935,0.4009610414505005,-0.03034079074859619,0.5872659087181091,0.3570789694786072,-0.03954341262578964,0.6434895396232605,0.33512240648269653,-0.04044066369533539,0.6887065768241882,0.31330856680870056,-0.041743408888578415,0.49886035919189453,0.455377459526062,-0.05095282942056656,0.6217007040977478,0.4471418857574463,-0.06993269175291061,0.6945234537124634,0.4422760009765625,-0.07907533645629883,0.7488166689872742,0.43464258313179016,-0.08425424993038177,0.49490052461624146,0.5201413631439209,-0.06567465513944626,0.6136176586151123,0.5527287721633911,-0.08571483939886093,0.6813099384307861,0.5593177676200867,-0.09643109142780304,0.7315593957901001,0.5571775436401367,-0.10293477773666382,0.4852953553199768,0.5919614434242249,-0.0758136734366417,0.5450320839881897,0.6043778657913208,-0.07965350151062012,0.5196663737297058,0.5931029915809631,-0.06854544579982758,0.4914410412311554,0.5828229188919067,-0.06173776462674141
E,0.3320181965827942,0.5821581482887268,6.040708058208111e-07,0.3891914486885071,0.489510715007782,0.01940167136490345,0.4717748761177063,0.4631863832473755,0.01791393756866455,0.5312163829803467,0.5000189542770386,0.01608791947364807,0.5705793499946594,0.5293154120445251,0.012912193313241005,0.49622106552124023,0.400574654340744,-0.028753595426678658,0.5865499973297119,0.35713863372802734,-0.036720842123031616,0.6427807211875916,0.3351399004459381,-0.037148214876651764,0.688191294670105,0.3134784698486328,-0.03861748427152634,0.4986666440963745,0.4574238061904907,-0.049451909959316254,0.6215834021568298,0.4474036991596222,-0.06733205914497375,0.694372832775116,0.4421547055244446,-0.07720254361629486,0.7490259408950806,0.4346853494644165,-0.08358225971460342,0.49485135078430176,0.5231539607048035,-0.06430523842573166,0.6137268543243408,0.5531023740768433,-0.08441364020109177,0.6813779473304749,0.5594610571861267,-0.09661310166120529,0.7318602204322815,0.558230459690094,-0.10449793934822083,0.48570960760116577,0.5937759280204773,-0.07443932443857193,0.5441111922264099,0.5992563962936401,-0.07936970889568329,0.5182236433029175,0.5864561796188354,-0.06968307495117188,0.4903116524219513,0.5767161846160889,-0.06415846943855286
E,0.3329513370990753,0.5791313052177429,6.034238140273374e-07,0.3914717435836792,0.4897286593914032,0.019282106310129166,0.47310343384742737,0.46508854627609253,0.016705559566617012,0.531035304069519,0.5045993328094482,0.013493089936673641,0.569917619228363,0.5362708568572998,0.008858812041580677,0.49813225865364075,0.40085721015930176,-0.02988486737012863,0.5875129103660583,0.35590577125549316,-0.039030771702528,0.6434538960456848,0.3345264494419098,-0.04015611484646797,0.6886763572692871,0.31327641010284424,-0.04189164191484451,0.4995008111000061,0.4558987021446228,-0.0514068529009819,0.6215999722480774,0.4468766450881958,-0.07035531103610992,0.6943868398666382,0.4423844814300537,-0.08009596168994904,0.7489701509475708,0.4341866075992584,-0.08601298183202744,0.4952632188796997,0.5206608176231384,-0.06722047924995422,0.6140105724334717,0.5531952381134033,-0.08849431574344635,0.6820454597473145,0.5592334270477295,-0.10073015093803406,0.7325296998023987,0.5556722283363342,-0.10825088620185852,0.48574528098106384,0.5923517346382141,-0.07833857834339142,0.5460329055786133,0.6015657782554626,-0.08341970294713974,0.520159125328064,0.5898299813270569,-0.07299646735191345,0.49108314514160156,0.5796759724617004,-0.06684555113315582
E,0.3327753245830536,0.5776907205581665,6.033235990798858e-07,0.3918907344341278,0.48877739906311035,0.01973017118871212,0.47220292687416077,0.46403658390045166,0.017278093844652176,0.5299952626228333,0.501337468624115,0.014136585406959057,0.5683531761169434,0.5312904715538025,0.009710749611258507,0.49790820479393005,0.4017426371574402,-0.030480144545435905,0.587863564491272,0.3558731973171234,-0.04026297107338905,0.644307553768158,0.33469128608703613,-0.041410528123378754,0.6896834969520569,0.31377121806144714,-0.04276231676340103,0.49994051456451416,0.4567779302597046,-0.05182478204369545,0.6222105026245117,0.44710254669189453,-0.07181422412395477,0.6954318881034851,0.4422859847545624,-0.08141341805458069,0.7495430111885071,0.43390125036239624,-0.08664354681968689,0.4963807463645935,0.5216540098190308,-0.06726454943418503,0.6135179400444031,0.5523306727409363,-0.0880034789443016,0.6814165115356445,0.5594256520271301,-0.09855826944112778,0.7317770719528198,0.5571343302726746,-0.10462372750043869,0.48711615800857544,0.593140184879303,-0.07810291647911072,0.545984148979187,0.6018753051757812,-0.08161544054746628,0.5202665328979492,0.5906797051429749,-0.06961338222026825,0.49107417464256287,0.5811945199966431,-0.06213061884045601
E,0.3329673111438751,0.5808753371238708,6.018421458975354e-07,0.39036354422569275,0.49031734466552734,0.019139153882861137,0.4712609350681305,0.464455783367157,0.01751677691936493,0.5294039249420166,0.5029166340827942,0.01500889752060175,0.568178117275238,0.5351584553718567,0.011282248422503471,0.4975406527519226,0.401359498500824,-0.026245784014463425,0.5876846313476562,0.3556429147720337,-0.03489810600876808,0.6442729234695435,0.3341189920902252,-0.036087680608034134,0.6896029710769653,0.3132328391075134,-0.037683501839637756,0.5001601576805115,0.4556252360343933,-0.047185931354761124,0.62199467420578,0.44604432582855225,-0.06543637812137604,0.6949885487556458,0.441156804561615,-0.07521162927150726,0.7490670680999756,0.43305280804634094,-0.0808270201086998,0.49653658270835876,0.519806444644928,-0.06263069808483124,0.6138498783111572,0.5496405363082886,-0.08218258619308472,0.6806609630584717,0.5574398040771484,-0.09331312030553818,0.7297749519348145,0.5555076003074646,-0.10007917881011963,0.48668402433395386,0.5912618041038513,-0.0736876130104065,0.5466185212135315,0.6020792126655579,-0.07749714702367783,0.5208398103713989,0.5915929675102234,-0.06635145097970963,0.491519957780838,0.581659197807312,-0.05946008488535881
E,0.3352508544921875,0.5783315896987915,6.173131055220438e-07,0.3937208354473114,0.48794907331466675,0.017593640834093094,0.4740297794342041,0.4609162509441376,0.014584572985768318,0.5329954028129578,0.49614694714546204,0.011131474748253822,0.5730860829353333,0.5258090496063232,0.006628099363297224,0.49925148487091064,0.4013403356075287,-0.03061121515929699,0.5888098478317261,0.35538190603256226,-0.04039318859577179,0.644619882106781,0.3343583345413208,-0.04172893613576889,0.6898215413093567,0.3140777051448822,-0.04336363822221756,0.5012274980545044,0.4565945267677307,-0.051211025565862656,0.6237078905105591,0.447780966758728,-0.07063571363687515,0.696431040763855,0.443393349647522,-0.0802868902683258,0.7510061264038086,0.43560370802879333,-0.08578170835971832,0.49717360734939575,0.5215937495231628,-0.06629505753517151,0.6148375868797302,0.5542099475860596,-0.08689913898706436,0.6825706958770752,0.5611763000488281,-0.09794450551271439,0.732989490032196,0.5579028129577637,-0.10456354171037674,0.48733818531036377,0.5930686593055725,-0.07704629749059677,0.548278272151947,0.6047385931015015,-0.08134046196937561,0.5242832899093628,0.5933346748352051,-0.07037024945020676,0.49651989340782166,0.5824806094169617,-0.06365900486707687
E,0.336466908454895,0.5762900114059448,6.084963501962193e-07,0.3948989510536194,0.48606228828430176,0.01988144963979721,0.4759998321533203,0.46493810415267944,0.017133081331849098,0.5334160923957825,0.5085025429725647,0.013767959550023079,0.5707168579101562,0.5434386730194092,0.009007292799651623,0.5000540614128113,0.4012543857097626,-0.031032230705022812,0.5903679728507996,0.3558661639690399,-0.04001997411251068,0.6463002562522888,0.33394718170166016,-0.04061375558376312,0.6913899779319763,0.31247884035110474,-0.0418369360268116,0.5025168061256409,0.4583049416542053,-0.05229979008436203,0.6240665316581726,0.4481217861175537,-0.07118906080722809,0.6967679262161255,0.4432666301727295,-0.0806494727730751,0.7508295774459839,0.4356285035610199,-0.08641345053911209,0.49877989292144775,0.523724377155304,-0.06757043302059174,0.6153852343559265,0.553908109664917,-0.0885123610496521,0.6835309863090515,0.560411274433136,-0.10038727521896362,0.7342514991760254,0.5584195852279663,-0.10767649114131927,0.48969173431396484,0.5949614644050598,-0.07795502245426178,0.5482206344604492,0.6023319959640503,-0.08160712569952011,0.5225678086280823,0.5905151963233948,-0.07017847895622253,0.4934813678264618,0.5812010765075684,-0.06355634331703186
E,0.3368733525276184,0.5813015103340149,5.649858394463081e-07,0.39364323019981384,0.48848289251327515,0.023893626406788826,0.4727945029735565,0.46122297644615173,0.02405424416065216,0.5316023230552673,0.4920772910118103,0.023000352084636688,0.5729931592941284,0.517279863357544,0.020937850698828697,0.5008771419525146,0.40172135829925537,-0.024910753592848778,0.5904024839401245,0.3553771376609802,-0.03422422707080841,0.6466491222381592,0.3336460590362549,-0.035248398780822754,0.6915730237960815,0.3118785619735718,-0.036067213863134384,0.5030280947685242,0.45618271827697754,-0.04690957069396973,0.6249125599861145,0.44595637917518616,-0.06675157696008682,0.6976312398910522,0.44085827469825745,-0.07579654455184937,0.7507410645484924,0.4327522814273834,-0.08011294156312943,0.4993959367275238,0.5210307836532593,-0.06281322240829468,0.6159277558326721,0.5500169396400452,-0.0838763639330864,0.6833317279815674,0.5563332438468933,-0.09365416318178177,0.7329171895980835,0.5533994436264038,-0.09840195626020432,0.4897051453590393,0.5932065844535828,-0.0735573023557663,0.5522761940956116,0.6043331027030945,-0.07547187060117722,0.5275301337242126,0.5938511490821838,-0.06149784475564957,0.4982851445674896,0.5840950012207031,-0.05231571942567825
E,0.33757051825523376,0.580019474029541,5.799124664918054e-07,0.3929310739040375,0.48669305443763733,0.0192711241543293,0.47313594818115234,0.45759761333465576,0.01716512441635132,0.5346436500549316,0.4867788255214691,0.014883547089993954,0.5775212645530701,0.511578381061554,0.01155654527246952,0.500055730342865,0.40119606256484985,-0.03225013241171837,0.5911406874656677,0.35624730587005615,-0.04256413131952286,0.6473983526229858,0.33504652976989746,-0.04388904199004173,0.6924878358840942,0.3136743903160095,-0.0449475422501564,0.5022022724151611,0.45775723457336426,-0.0522368960082531,0.6253095865249634,0.44965216517448425,-0.07054152339696884,0.6984661817550659,0.4461681544780731,-0.07861102372407913,0.7528173327445984,0.43919089436531067,-0.08315648138523102,0.49891820549964905,0.5228551626205444,-0.0664450079202652,0.6149861812591553,0.5533512234687805,-0.08590502291917801,0.6824414134025574,0.5589454770088196,-0.09620139747858047,0.7325074076652527,0.5553790330886841,-0.10243525356054306,0.4902883768081665,0.5935925841331482,-0.0760514959692955,0.5510236024856567,0.6059664487838745,-0.07833070307970047,0.5270330905914307,0.59455806016922,-0.06649499386548996,0.49861088395118713,0.583001971244812,-0.05938967317342758
E,0.33731240034103394,0.580413818359375,5.840979611093644e-07,0.3930083215236664,0.4878571331501007,0.019957344979047775,0.47204095125198364,0.45724132657051086,0.018586186692118645,0.53298020362854,0.4818633198738098,0.01681053452193737,0.5763802528381348,0.5024845004081726,0.014158627949655056,0.5011978149414062,0.40142303705215454,-0.030344681814312935,0.5912887454032898,0.3556632101535797,-0.04055487737059593,0.6476751565933228,0.33394935727119446,-0.04190925881266594,0.6928064227104187,0.3120294511318207,-0.04293625056743622,0.5028899908065796,0.4565121829509735,-0.05067763477563858,0.6263312101364136,0.44973868131637573,-0.07031606882810593,0.6993744969367981,0.4457501769065857,-0.07902728021144867,0.7534947395324707,0.4377188980579376,-0.08349309861660004,0.4991929829120636,0.5213039517402649,-0.06514672935009003,0.6154621243476868,0.5534573793411255,-0.0843106359243393,0.681693434715271,0.5609118342399597,-0.09264645725488663,0.7308802008628845,0.558007001876831,-0.09720279276371002,0.489609032869339,0.5918925404548645,-0.0751977488398552,0.5512410998344421,0.6051276922225952,-0.07651068270206451,0.527076244354248,0.5946314334869385,-0.06308039277791977,0.4986221194267273,0.5829223394393921,-0.054551977664232254
E,0.3380493223667145,0.5788475275039673,5.835490810568444e-07,0.39397290349006653,0.48671871423721313,0.018628934398293495,0.4727783203125,0.45608583092689514,0.01660514436662197,0.5339763760566711,0.4826801121234894,0.014421082101762295,0.5771233439445496,0.505060076713562,0.011427324265241623,0.5007357597351074,0.40199458599090576,-0.03220712020993233,0.5916858911514282,0.35578855872154236,-0.04298367723822594,0.6480821967124939,0.334379106760025,-0.044517870992422104,0.693294107913971,0.3126148581504822,-0.045550115406513214,0.5023466944694519,0.45718324184417725,-0.051953114569187164,0.6255542039871216,0.4490510821342468,-0.07202848047018051,0.6988008618354797,0.4449602961540222,-0.08064431697130203,0.7531071305274963,0.436830997467041,-0.08506738394498825,0.49890393018722534,0.5217919945716858,-0.06595493108034134,0.6145957112312317,0.5531302690505981,-0.08571825921535492,0.6814385652542114,0.5602003335952759,-0.09452745318412781,0.731365978717804,0.5570865869522095,-0.09936238825321198,0.4895894229412079,0.5919433236122131,-0.0756114199757576,0.5520294904708862,0.6053860783576965,-0.0773807093501091,0.5277480483055115,0.595212459564209,-0.06419647485017776,0.4989083707332611,0.58365398645401,-0.05590854585170746
E,0.33862799406051636,0.5803072452545166,5.635732236441982e-07,0.3930831551551819,0.4866282343864441,0.020092178136110306,0.47267571091651917,0.4555380642414093,0.018723469227552414,0.5342656373977661,0.47863808274269104,0.017323527485132217,0.5781677961349487,0.4981486201286316,0.014985445886850357,0.5014469027519226,0.40009355545043945,-0.03199326992034912,0.5918731093406677,0.3547707796096802,-0.0420001782476902,0.6477574110031128,0.3341566324234009,-0.04352719336748123,0.6928539276123047,0.31276440620422363,-0.04468769580125809,0.5032129287719727,0.45630037784576416,-0.051717791706323624,0.6262214779853821,0.4480690360069275,-0.06983748078346252,0.6982799768447876,0.4443890452384949,-0.07806423306465149,0.7522664070129395,0.43656444549560547,-0.08273570984601974,0.4997725784778595,0.5214868187904358,-0.06539195030927658,0.6154945492744446,0.5506553053855896,-0.08366943150758743,0.682392954826355,0.5578615069389343,-0.0927017331123352,0.7327935695648193,0.5563837885856628,-0.09827203303575516,0.4909668266773224,0.5914245843887329,-0.0744791254401207,0.5519558191299438,0.6048124432563782,-0.07487642765045166,0.5274442434310913,0.5949024558067322,-0.06142250448465347,0.4991109371185303,0.5849962830543518,-0.05333909019827843
E,0.337326318025589,0.5788208246231079,5.72953410937771e-07,0.39488303661346436,0.4859413504600525,0.02172296866774559,0.4750441908836365,0.4608037769794464,0.019985593855381012,0.5352197885513306,0.4973572790622711,0.017662379890680313,0.5760511159896851,0.5270712971687317,0.014101743698120117,0.501246452331543,0.40185999870300293,-0.031010154634714127,0.5919563174247742,0.3562818765640259,-0.04030293598771095,0.6472874879837036,0.33506402373313904,-0.04137342423200607,0.6924818158149719,0.3134496212005615,-0.04262671247124672,0.5029080510139465,0.4579399526119232,-0.05213640257716179,0.625485360622406,0.44852685928344727,-0.07045142352581024,0.6977546215057373,0.44406765699386597,-0.07921579480171204,0.7518645524978638,0.43661928176879883,-0.08456333726644516,0.49895206093788147,0.5226607322692871,-0.0670451819896698,0.617114245891571,0.5527483224868774,-0.08747098594903946,0.6856274008750916,0.5587436556816101,-0.09876827150583267,0.7365556955337524,0.5565365552902222,-0.1055789515376091,0.4900641441345215,0.5927430391311646,-0.07685309648513794,0.553044319152832,0.6024429798126221,-0.07923495769500732,0.5274919271469116,0.5913646817207336,-0.06681239604949951,0.49779197573661804,0.581651508808136,-0.05949617922306061
E,0.33882206678390503,0.5761641263961792,5.799047926302592e-07,0.39587369561195374,0.48517391085624695,0.018483305349946022,0.4756790101528168,0.455273300409317,0.016638005152344704,0.5362585186958313,0.48083940148353577,0.014448600821197033,0.5789818167686462,0.5042409300804138,0.011434667743742466,0.5021052360534668,0.40112948417663574,-0.030184127390384674,0.5908086895942688,0.3541802763938904,-0.04102310165762901,0.647001326084137,0.3334210515022278,-0.042916424572467804,0.6919981241226196,0.31216293573379517,-0.04408997297286987,0.5034098625183105,0.45554035902023315,-0.050353311002254486,0.6264302730560303,0.4474942684173584,-0.06966118514537811,0.6993699669837952,0.44303077459335327,-0.07776831090450287,0.7530900835990906,0.4337145686149597,-0.08151575922966003,0.4997585713863373,0.519618809223175,-0.06512564420700073,0.615219235420227,0.5507640838623047,-0.08494678139686584,0.6825437545776367,0.5571889877319336,-0.09398802369832993,0.7328976988792419,0.5529618263244629,-0.0986943319439888,0.49001264572143555,0.590263843536377,-0.0756128653883934,0.5520442724227905,0.6048504114151001,-0.07721974700689316,0.5277251601219177,0.5944768786430359,-0.06359431892633438,0.4985809922218323,0.583265483379364,-0.0548485703766346
E,0.339130163192749,0.5779430270195007,5.642006044581649e-07,0.3957657217979431,0.48500657081604004,0.02240809239447117,0.47564077377319336,0.4578864872455597,0.021750319749116898,0.5351138710975647,0.487162321805954,0.02018878050148487,0.5762642621994019,0.510794997215271,0.017625069245696068,0.5032200813293457,0.4004558324813843,-0.02739781141281128,0.5923124551773071,0.35485976934432983,-0.037029292434453964,0.6475521326065063,0.33352333307266235,-0.03847924992442131,0.6918579339981079,0.31148236989974976,-0.039711225777864456,0.5046144723892212,0.4554445147514343,-0.04893402382731438,0.6265088319778442,0.44689249992370605,-0.0681881308555603,0.6984084844589233,0.4422265589237213,-0.07711868733167648,0.7520760893821716,0.43324652314186096,-0.08173812180757523,0.5006022453308105,0.5200808644294739,-0.06450503319501877,0.6166023015975952,0.5494524836540222,-0.08502784371376038,0.6840758919715881,0.5568250417709351,-0.09478971362113953,0.7353436946868896,0.5544658303260803,-0.09995536506175995,0.4912181794643402,0.5916491746902466,-0.07510800659656525,0.5537607073783875,0.6033630967140198,-0.07665329426527023,0.5287603735923767,0.5923731923103333,-0.0627259612083435,0.4997146725654602,0.5812076330184937,-0.053936414420604706
E,0.3380313813686371,0.576956570148468,5.666607307830418e-07,0.3948161005973816,0.48492708802223206,0.0210194643586874,0.4755933880805969,0.45789510011672974,0.019832270219922066,0.5355926752090454,0.48782700300216675,0.0178389810025692,0.5770359039306641,0.5131046772003174,0.014675711281597614,0.5017482042312622,0.4006456434726715,-0.02814972773194313,0.5922741889953613,0.35528600215911865,-0.03730481490492821,0.6478437185287476,0.3341091275215149,-0.03827696293592453,0.6926936507225037,0.3125581741333008,-0.039338793605566025,0.5041866898536682,0.45548415184020996,-0.04922454059123993,0.6265602707862854,0.446544349193573,-0.06644541770219803,0.6982080936431885,0.44286060333251953,-0.07433856278657913,0.7517729997634888,0.4352855682373047,-0.07871755957603455,0.5003556609153748,0.5195781588554382,-0.06457606703042984,0.6170395612716675,0.5483527779579163,-0.08365795761346817,0.6844016313552856,0.5562424063682556,-0.09360232204198837,0.7354434132575989,0.5542376041412354,-0.09961733967065811,0.4909096658229828,0.5902310609817505,-0.0752238929271698,0.5527410507202148,0.6035688519477844,-0.07703554630279541,0.5279447436332703,0.593247652053833,-0.06425128877162933,0.49932703375816345,0.5820291042327881,-0.05659304931759834
E,0.3402326703071594,0.5743337273597717,5.690200737262785e-07,0.3976479470729828,0.4824862480163574,0.020898880437016487,0.4771656394004822,0.4564514756202698,0.01918732561171055,0.5364757180213928,0.48882919549942017,0.016824079677462578,0.5770841240882874,0.5161290764808655,0.013357873074710369,0.5032342076301575,0.39923346042633057,-0.030739540234208107,0.5924827456474304,0.3536124527454376,-0.04072117060422897,0.6475664377212524,0.33215096592903137,-0.04197857156395912,0.6921133995056152,0.3102310299873352,-0.04318051412701607,0.5043017268180847,0.4543215036392212,-0.05198076367378235,0.626144289970398,0.4444005489349365,-0.07173999398946762,0.6982090473175049,0.4397646188735962,-0.08054549992084503,0.7516012787818909,0.43120330572128296,-0.08524355292320251,0.5004448294639587,0.5193571448326111,-0.06726506352424622,0.6165400147438049,0.5501173138618469,-0.08862350136041641,0.6836403608322144,0.5588468313217163,-0.09876663982868195,0.7341722249984741,0.5573068857192993,-0.10427571833133698,0.49130237102508545,0.5908409953117371,-0.07765299081802368,0.553482174873352,0.6028940081596375,-0.08035421371459961,0.5276491045951843,0.5924142599105835,-0.067121222615242,0.4978809952735901,0.5816847085952759,-0.05891013517975807
E,0.3405659794807434,0.5748676657676697,5.488003580467193e-07,0.3982522785663605,0.4820574223995209,0.022025374695658684,0.4785439670085907,0.4543304145336151,0.020789925009012222,0.5382726788520813,0.4831292927265167,0.018944190815091133,0.579236626625061,0.5067981481552124,0.015941979363560677,0.504264235496521,0.39943182468414307,-0.03027912601828575,0.5932486057281494,0.3548462986946106,-0.03983481600880623,0.6476619243621826,0.3335774540901184,-0.04078790917992592,0.6920141577720642,0.31147611141204834,-0.041863813996315,0.5044363737106323,0.4549335539340973,-0.051787856966257095,0.6261581778526306,0.4450816214084625,-0.07142035663127899,0.6978810429573059,0.4402664601802826,-0.0800449326634407,0.7515093088150024,0.43191832304000854,-0.08470967411994934,0.49981489777565,0.5203477144241333,-0.06716082245111465,0.6178048849105835,0.5499247908592224,-0.08964203298091888,0.6854690313339233,0.557831883430481,-0.10032705962657928,0.73654705286026,0.5565773844718933,-0.10591726750135422,0.4905657172203064,0.5923734307289124,-0.07726100832223892,0.5546478629112244,0.6009039878845215,-0.08116619288921356,0.5281616449356079,0.5888096690177917,-0.06819818913936615,0.4977181851863861,0.5778529644012451,-0.06000203266739845
E,0.3416459262371063,0.573897123336792,5.554989002121147e-07,0.3971790671348572,0.4830932021141052,0.021713918074965477,0.4760569632053375,0.4532740116119385,0.02073126845061779,0.5363395810127258,0.47495755553245544,0.019195450469851494,0.5809975862503052,0.4904910922050476,0.016568271443247795,0.5033047199249268,0.397056519985199,-0.03016776405274868,0.5942326784133911,0.35290443897247314,-0.04009481519460678,0.6495561599731445,0.33173125982284546,-0.040725018829107285,0.6937025189399719,0.3100770115852356,-0.041182201355695724,0.5052400231361389,0.451806902885437,-0.051146265119314194,0.628225564956665,0.44301149249076843,-0.06959575414657593,0.6992269158363342,0.4382059574127197,-0.07746732234954834,0.7523341774940491,0.4292873740196228,-0.08165564388036728,0.5014334321022034,0.5161051750183105,-0.0661035105586052,0.6175334453582764,0.5481366515159607,-0.08515145629644394,0.6835662126541138,0.5545693039894104,-0.09416671097278595,0.7336760759353638,0.5504989624023438,-0.09958008676767349,0.491841197013855,0.5866565108299255,-0.07623577862977982,0.5519226789474487,0.6025396585464478,-0.07756432145833969,0.5289179682731628,0.5921130180358887,-0.06472146511077881,0.5023080706596375,0.5794578194618225,-0.056962449103593826
E,0.3389989733695984,0.5739500522613525,5.646002136927564e-07,0.39722853899002075,0.4814402461051941,0.022418120875954628,0.4778878390789032,0.4546969532966614,0.021815575659275055,0.5385924577713013,0.4865076541900635,0.02062249556183815,0.5811774730682373,0.5107311010360718,0.01824762299656868,0.5027968883514404,0.397402286529541,-0.02945898473262787,0.5931368470191956,0.35297444462776184,-0.038270559161901474,0.648468017578125,0.33131280541419983,-0.03871139883995056,0.6938832402229309,0.3085729777812958,-0.039526499807834625,0.503779411315918,0.4518434703350067,-0.05059565231204033,0.6266258955001831,0.4421200752258301,-0.06873182207345963,0.6984760165214539,0.4379255175590515,-0.07700170576572418,0.752263069152832,0.43025919795036316,-0.08175761997699738,0.4998754560947418,0.516988217830658,-0.06548772007226944,0.618756115436554,0.5497019290924072,-0.08540648967027664,0.6869248151779175,0.5568035840988159,-0.09589601308107376,0.7379266619682312,0.5533040761947632,-0.10220926254987717,0.49123111367225647,0.5877829790115356,-0.07530302554368973,0.554152250289917,0.6034638285636902,-0.07766812294721603,0.5286301970481873,0.5942825675010681,-0.06527625024318695,0.49976521730422974,0.5831153392791748,-0.057912103831768036
E,0.3401525914669037,0.5751312971115112,5.66476046515163e-07,0.3956785798072815,0.48271796107292175,0.019167881458997726,0.47436413168907166,0.44989967346191406,0.0174812413752079,0.5353504419326782,0.47018611431121826,0.015671465545892715,0.578569233417511,0.4868675172328949,0.012863539159297943,0.5019742846488953,0.3967944383621216,-0.03133551776409149,0.5926094055175781,0.3517290949821472,-0.04225733131170273,0.6484283208847046,0.3306586742401123,-0.04375569894909859,0.693040132522583,0.30947011709213257,-0.044476915150880814,0.5043293833732605,0.4528314173221588,-0.051250483840703964,0.6266614198684692,0.4440883994102478,-0.07104556262493134,0.6990036368370056,0.43969446420669556,-0.079142726957798,0.7529876828193665,0.4309805631637573,-0.08301782608032227,0.501307487487793,0.5179583430290222,-0.0655258372426033,0.6147261261940002,0.5490942597389221,-0.08617875725030899,0.6815032958984375,0.5565447211265564,-0.09551682323217392,0.7322173714637756,0.5538172125816345,-0.10041297972202301,0.4917808473110199,0.5888640284538269,-0.07523045688867569,0.552905797958374,0.6031678915023804,-0.07773767411708832,0.5289742946624756,0.5943313241004944,-0.0645965039730072,0.5004656910896301,0.5843971967697144,-0.05612936243414879
E,0.339815616607666,0.574660062789917,5.913423137826612e-07,0.3958994448184967,0.4833182394504547,0.017822273075580597,0.47487908601760864,0.4526943564414978,0.015372692607343197,0.5347890257835388,0.4787880778312683,0.012695025652647018,0.5766817331314087,0.5011085271835327,0.008989738300442696,0.5022602677345276,0.3969195485115051,-0.031063338741660118,0.5918108820915222,0.352188378572464,-0.041782017797231674,0.6481032967567444,0.3305646777153015,-0.04338371008634567,0.6931115984916687,0.30861321091651917,-0.04451996460556984,0.5045691728591919,0.45267918705940247,-0.05113273486495018,0.6271791458129883,0.4469496011734009,-0.07071346044540405,0.6995226144790649,0.44224363565444946,-0.07889285683631897,0.7531294226646423,0.43229636549949646,-0.08293011039495468,0.5013233423233032,0.5176898837089539,-0.06582874059677124,0.6171272397041321,0.5513986945152283,-0.08653154969215393,0.6840171813964844,0.5571873188018799,-0.09592191874980927,0.7337091565132141,0.5516765117645264,-0.10093098878860474,0.49148452281951904,0.5884206295013428,-0.07619509100914001,0.5524535775184631,0.6026808619499207,-0.07948513329029083,0.5279768705368042,0.5934804081916809,-0.06673353165388107,0.4986952543258667,0.5832291841506958,-0.05850670114159584
E,0.34002864360809326,0.5740017294883728,5.770787652181752e-07,0.39682793617248535,0.4822002351284027,0.020607387647032738,0.47517991065979004,0.4515755772590637,0.01896698586642742,0.5348355174064636,0.47532010078430176,0.01672903448343277,0.5768534541130066,0.49544739723205566,0.013563520275056362,0.5028548240661621,0.3980157673358917,-0.030759109184145927,0.5930518507957458,0.3521980047225952,-0.04193665832281113,0.6496279239654541,0.33096128702163696,-0.04377201572060585,0.6946796178817749,0.30988049507141113,-0.04485645890235901,0.5040326714515686,0.45336979627609253,-0.05186307057738304,0.6270410418510437,0.4459296762943268,-0.07189258188009262,0.6994854211807251,0.4405919313430786,-0.08017370104789734,0.7528885006904602,0.4311562478542328,-0.08419375121593475,0.5001643896102905,0.5183932781219482,-0.06720376759767532,0.6170974969863892,0.5500993132591248,-0.08762160688638687,0.6834145784378052,0.5566157698631287,-0.09616858512163162,0.7327576875686646,0.5523435473442078,-0.10054682940244675,0.4902574419975281,0.5895176529884338,-0.07794217020273209,0.554125189781189,0.6036580204963684,-0.0801156610250473,0.5308079123497009,0.5931051969528198,-0.06645871698856354,0.5025720000267029,0.5806907415390015,-0.057663314044475555
E,0.34121066331863403,0.5748127698898315,5.47403828932147e-07,0.396741658449173,0.4814934730529785,0.021131929010152817,0.47551271319389343,0.4495600759983063,0.020304329693317413,0.5364669561386108,0.4693552255630493,0.019191399216651917,0.5801856517791748,0.48471948504447937,0.0169893316924572,0.5029234290122986,0.39678651094436646,-0.03141045942902565,0.5939841270446777,0.3519347012042999,-0.0419711135327816,0.6495939493179321,0.3306612968444824,-0.04305794835090637,0.6939806938171387,0.3091525435447693,-0.04350778087973595,0.5044503211975098,0.4535699784755707,-0.052016861736774445,0.627026379108429,0.4428899586200714,-0.07158080488443375,0.6992765069007874,0.4380265474319458,-0.07957834005355835,0.752907395362854,0.42953479290008545,-0.08362063765525818,0.5008586645126343,0.5195001363754272,-0.06665872782468796,0.6149576902389526,0.5487309098243713,-0.08702516555786133,0.6813618540763855,0.5554903149604797,-0.09630100429058075,0.7314887046813965,0.5527017712593079,-0.10128544270992279,0.4913375675678253,0.590661883354187,-0.07643137872219086,0.553554117679596,0.60186767578125,-0.07832611352205276,0.5307331085205078,0.5915818214416504,-0.06509383767843246,0.5032985210418701,0.5802460312843323,-0.05678999796509743
E,0.3404555916786194,0.575400173664093,5.571878887167259e-07,0.3953499495983124,0.48041385412216187,0.019264983013272285,0.4744564890861511,0.4448849856853485,0.018168723210692406,0.5366923809051514,0.46195873618125916,0.017145443707704544,0.5818691849708557,0.47604677081108093,0.015216461382806301,0.5020217299461365,0.39496034383773804,-0.03179383650422096,0.592447817325592,0.3501031696796417,-0.042454104870557785,0.6483460068702698,0.32911211252212524,-0.044199731200933456,0.6934653520584106,0.3073428273200989,-0.045327864587306976,0.5036519765853882,0.45136651396751404,-0.051509276032447815,0.6268559098243713,0.442937970161438,-0.07144856452941895,0.6991146802902222,0.43729138374328613,-0.08056521415710449,0.7525281310081482,0.4269985556602478,-0.08555828779935837,0.5003571510314941,0.5178083181381226,-0.06531374901533127,0.615979015827179,0.5500560402870178,-0.08586826920509338,0.6823635101318359,0.5557694435119629,-0.09531024098396301,0.7314566373825073,0.5507532954216003,-0.10053408145904541,0.49130457639694214,0.5886088609695435,-0.07451310008764267,0.5551843643188477,0.6023806929588318,-0.07730770856142044,0.5316933393478394,0.5929917097091675,-0.06449387967586517,0.5034507513046265,0.5810843110084534,-0.05639970675110817
E,0.3405861258506775,0.5743880271911621,5.861041927346378e-07,0.39596477150917053,0.4810665547847748,0.017494438216090202,0.47499141097068787,0.4483930170536041,0.015225168317556381,0.5363029837608337,0.4728800058364868,0.013217623345553875,0.5790368318557739,0.4927947223186493,0.010265195742249489,0.5003461837768555,0.39606666564941406,-0.03358271345496178,0.5914638042449951,0.3517720699310303,-0.044254325330257416,0.6476056575775146,0.3301604390144348,-0.045982226729393005,0.6929131746292114,0.30814698338508606,-0.04732575640082359,0.501882791519165,0.4516596794128418,-0.05277727544307709,0.6263992190361023,0.44248098134994507,-0.0717267245054245,0.6992505788803101,0.4375758767127991,-0.08057495951652527,0.7531778812408447,0.42936891317367554,-0.08571194857358932,0.4989449083805084,0.517395555973053,-0.0662272647023201,0.6176784038543701,0.5492659211158752,-0.08626239746809006,0.6848103404045105,0.5546965599060059,-0.09670430421829224,0.73442542552948,0.5506448745727539,-0.10308778285980225,0.4908616840839386,0.5880083441734314,-0.07525084912776947,0.5536509156227112,0.6032229661941528,-0.07908496260643005,0.5289607048034668,0.5936658978462219,-0.06777437031269073,0.5003017783164978,0.583040714263916,-0.06086520105600357
E,0.3420301675796509,0.5762552618980408,5.730105385737261e-07,0.39568716287612915,0.4820669889450073,0.01839543879032135,0.4744904041290283,0.44703859090805054,0.016313990578055382,0.5364224314689636,0.46518754959106445,0.014502828940749168,0.5810731649398804,0.48036953806877136,0.011645847000181675,0.501586377620697,0.39547646045684814,-0.03447910398244858,0.5920566916465759,0.35201495885849,-0.04587267339229584,0.6484377384185791,0.3301973044872284,-0.04803674295544624,0.6935272216796875,0.30762627720832825,-0.04935784637928009,0.502364993095398,0.4509447515010834,-0.053875505924224854,0.6262060403823853,0.4444982707500458,-0.07303714007139206,0.6990230083465576,0.43905603885650635,-0.08128650486469269,0.7527401447296143,0.42885488271713257,-0.08586736023426056,0.49907365441322327,0.5166484117507935,-0.06741789728403091,0.6180009841918945,0.5500734448432922,-0.087899349629879,0.6849982738494873,0.5552466511726379,-0.09740263223648071,0.7342277765274048,0.5500394105911255,-0.1028670072555542,0.4906831979751587,0.5872827172279358,-0.076348677277565,0.5534366965293884,0.6024340391159058,-0.07950536906719208,0.5285521149635315,0.5929526090621948,-0.06692714989185333,0.49884098768234253,0.581689178943634,-0.05905842408537865
E,0.34140777587890625,0.5749321579933167,5.943418273091083e-07,0.3969271779060364,0.4828851819038391,0.015718350186944008,0.47808194160461426,0.4521671235561371,0.012126236222684383,0.5390529632568359,0.4823093116283417,0.008811569772660732,0.5795717239379883,0.5089916586875916,0.004156732931733131,0.5015743374824524,0.3979017734527588,-0.03383483365178108,0.5907551646232605,0.35285481810569763,-0.04442725330591202,0.6461549401283264,0.3315221071243286,-0.047060273587703705,0.6910767555236816,0.30908095836639404,-0.04932480677962303,0.5026200413703918,0.45338642597198486,-0.052553094923496246,0.6250839233398438,0.4479312598705292,-0.06932617723941803,0.6970736980438232,0.44459688663482666,-0.07737021148204803,0.7506029605865479,0.43598783016204834,-0.08244232088327408,0.4990502595901489,0.5177466869354248,-0.06605466455221176,0.6173011064529419,0.5495254397392273,-0.08600138872861862,0.6857277154922485,0.5527850985527039,-0.09834568202495575,0.7364139556884766,0.5459098219871521,-0.106362484395504,0.49146974086761475,0.587306797504425,-0.07519634813070297,0.5527477264404297,0.6020885109901428,-0.07982545346021652,0.5270920991897583,0.592341959476471,-0.06962370872497559,0.4971286654472351,0.5826800465583801,-0.06379584968090057
E,0.34291017055511475,0.5770455002784729,5.817436203869875e-07,0.396442174911499,0.4827585220336914,0.01843341812491417,0.4757707715034485,0.45063668489456177,0.01593148708343506,0.5366782546043396,0.4748101234436035,0.013409783132374287,0.5796560049057007,0.49635687470436096,0.009513992816209793,0.5026406049728394,0.39541321992874146,-0.03360851854085922,0.5920349359512329,0.351859450340271,-0.04428529739379883,0.6478668451309204,0.3300907015800476,-0.046325575560331345,0.692658543586731,0.30738139152526855,-0.04791588708758354,0.5035382509231567,0.4505409896373749,-0.053503479808568954,0.6260312795639038,0.44384101033210754,-0.07139004021883011,0.6978721022605896,0.4391668140888214,-0.07926512509584427,0.7512588500976562,0.4299529492855072,-0.08390289545059204,0.49959665536880493,0.5156539082527161,-0.06767404079437256,0.6180537939071655,0.5477213263511658,-0.08743325620889664,0.6850575804710388,0.5534861087799072,-0.09749624878168106,0.7345558404922485,0.5496550798416138,-0.10371173173189163,0.49077534675598145,0.586432695388794,-0.07726449519395828,0.5526285767555237,0.6004839539527893,-0.08056275546550751,0.5279188752174377,0.5906938910484314,-0.0686328187584877,0.49892789125442505,0.5799593329429626,-0.06143886223435402
E,0.34075742959976196,0.5730485320091248,6.037072353137773e-07,0.3964228928089142,0.4842168092727661,0.013673605397343636,0.4774082601070404,0.45309361815452576,0.009711047634482384,0.5379837155342102,0.4824775755405426,0.006299864500761032,0.5783721208572388,0.5085341930389404,0.0017469751182943583,0.5003935694694519,0.3990108370780945,-0.03455529361963272,0.5904727578163147,0.35358232259750366,-0.04489166662096977,0.6461164951324463,0.3318902254104614,-0.04698871448636055,0.6910319328308105,0.3094483017921448,-0.04905989021062851,0.5017399191856384,0.4539617896080017,-0.05267335847020149,0.6251288652420044,0.44963139295578003,-0.06994544714689255,0.6969339847564697,0.4463578164577484,-0.07820557802915573,0.7504752278327942,0.43793928623199463,-0.08333240449428558,0.4981478154659271,0.5174434185028076,-0.06578214466571808,0.615983784198761,0.5491741895675659,-0.08498493582010269,0.6839379072189331,0.5525426864624023,-0.09646816551685333,0.7347607612609863,0.5463547110557556,-0.10408610105514526,0.4898228943347931,0.5857711434364319,-0.07499385625123978,0.5501812100410461,0.599043071269989,-0.07978718727827072,0.5255380272865295,0.588428258895874,-0.07001696527004242,0.4969478249549866,0.5783095955848694,-0.06443426758050919
E,0.3425859212875366,0.573144793510437,5.870761015103199e-07,0.3983200192451477,0.48163866996765137,0.018018418923020363,0.4777831435203552,0.4517432451248169,0.014740712009370327,0.5376467704772949,0.4788751006126404,0.01142707746475935,0.5783907175064087,0.5036805868148804,0.0069676851853728294,0.5032718181610107,0.39755910634994507,-0.0348670519888401,0.592125654220581,0.35196930170059204,-0.04592234641313553,0.6477438807487488,0.33057522773742676,-0.0477956086397171,0.69266676902771,0.3074408769607544,-0.04908294975757599,0.5030651688575745,0.4522147476673126,-0.05493080988526344,0.6252167224884033,0.44450414180755615,-0.07530555129051208,0.6979246735572815,0.44002801179885864,-0.08336757123470306,0.7515785098075867,0.4297473728656769,-0.08725427836179733,0.4987172782421112,0.5170893669128418,-0.06922470778226852,0.6152490973472595,0.548285722732544,-0.091140016913414,0.6831259727478027,0.5555464029312134,-0.10038898140192032,0.7329675555229187,0.5515193343162537,-0.10481620579957962,0.48975852131843567,0.5876042246818542,-0.07889491319656372,0.5546258091926575,0.596410870552063,-0.08205268532037735,0.5301836729049683,0.5855011343955994,-0.06823921948671341,0.5000426769256592,0.5741816759109497,-0.05930357426404953
E,0.34322047233581543,0.5761938095092773,5.49238279745623e-07,0.3958503007888794,0.48197513818740845,0.02150574140250683,0.4738192856311798,0.44660839438438416,0.020941579714417458,0.5344865322113037,0.4627494215965271,0.020249400287866592,0.5792526006698608,0.47626644372940063,0.0182506050914526,0.5023397207260132,0.39613157510757446,-0.03250949829816818,0.5921950340270996,0.3515228033065796,-0.043197259306907654,0.6484981775283813,0.3303442597389221,-0.044415827840566635,0.6933639645576477,0.30828404426574707,-0.04483857750892639,0.5033593773841858,0.45070526003837585,-0.052992083132267,0.6275877356529236,0.44451838731765747,-0.0718626156449318,0.6998131275177002,0.43910425901412964,-0.07927455008029938,0.7533125281333923,0.42833879590034485,-0.08276789635419846,0.5000622272491455,0.5151347517967224,-0.06727933138608932,0.6184490919113159,0.5478143692016602,-0.08651547133922577,0.6851301193237305,0.5529387593269348,-0.09488914161920547,0.7348064184188843,0.5480676293373108,-0.09943860024213791,0.49131789803504944,0.5845690369606018,-0.07673303782939911,0.5517516732215881,0.5979973077774048,-0.07801974564790726,0.5267239809036255,0.587485134601593,-0.06435055285692215,0.4977380335330963,0.5761119723320007,-0.055645089596509933
E,0.3409121632575989,0.5725967884063721,5.962996283415123e-07,0.39570915699005127,0.4836193919181824,0.014691292308270931,0.4755631387233734,0.4510248303413391,0.011539889499545097,0.5360599160194397,0.4758976995944977,0.008831859566271305,0.5774153470993042,0.4971174895763397,0.004945520777255297,0.4996587038040161,0.39833155274391174,-0.034101102501153946,0.5898776650428772,0.3529423475265503,-0.04501086845993996,0.6463174819946289,0.3312930464744568,-0.047022998332977295,0.691419243812561,0.3097648322582245,-0.04854772984981537,0.5020071864128113,0.45306313037872314,-0.05231136456131935,0.6259368062019348,0.4473418593406677,-0.0692138597369194,0.6982915997505188,0.44306886196136475,-0.07659086585044861,0.7517402768135071,0.43475544452667236,-0.08079329133033752,0.49905329942703247,0.5167317390441895,-0.0654342919588089,0.6170034408569336,0.5476677417755127,-0.08311141282320023,0.6837419271469116,0.5503610968589783,-0.09307892620563507,0.7335465550422668,0.544577419757843,-0.09973511099815369,0.4902614653110504,0.5851281881332397,-0.0747523233294487,0.5481947660446167,0.5991846323013306,-0.07809945195913315,0.5242634415626526,0.5871734619140625,-0.06778441369533539,0.4968147277832031,0.5763479471206665,-0.06172317638993263
E,0.3440267741680145,0.572645366191864,5.852337494616222e-07,0.3978781998157501,0.4793795049190521,0.020284492522478104,0.4764660596847534,0.4496362805366516,0.01820843294262886,0.536320686340332,0.4755648970603943,0.01634306088089943,0.5782197117805481,0.49856144189834595,0.013392847031354904,0.5032731294631958,0.3955392837524414,-0.03562486544251442,0.5925294160842896,0.3497041165828705,-0.04598505049943924,0.6482058167457581,0.3284485340118408,-0.04700168967247009,0.6930935382843018,0.3058851361274719,-0.04759827256202698,0.5026523470878601,0.4508820176124573,-0.05539662763476372,0.6263253092765808,0.4430561661720276,-0.07507382333278656,0.6987727284431458,0.43822550773620605,-0.08266159147024155,0.7519175410270691,0.42881301045417786,-0.08624998480081558,0.49839919805526733,0.5160002112388611,-0.06877157092094421,0.6161405444145203,0.5481506586074829,-0.08902358263731003,0.6843740344047546,0.5529839396476746,-0.0977606475353241,0.7345547676086426,0.548443615436554,-0.10221631824970245,0.4898745119571686,0.5861193537712097,-0.07721332460641861,0.5521493554115295,0.5974768400192261,-0.07820261269807816,0.5270940065383911,0.5858684182167053,-0.06379230320453644,0.49742773175239563,0.574367880821228,-0.054690759629011154
E,0.341793417930603,0.5737562775611877,5.866286301170476e-07,0.39739304780960083,0.4832766056060791,0.0184556245803833,0.476408988237381,0.4536493420600891,0.016791826114058495,0.5366537570953369,0.48535677790641785,0.014864614233374596,0.5783300399780273,0.514275312423706,0.011639123782515526,0.5007460117340088,0.396145761013031,-0.03056385926902294,0.5899078249931335,0.35089820623397827,-0.04069618135690689,0.6460328102111816,0.3293364644050598,-0.04244356229901314,0.6915895938873291,0.30750054121017456,-0.04412730783224106,0.5020997524261475,0.4490116238594055,-0.050727780908346176,0.6251208782196045,0.44173669815063477,-0.06866542994976044,0.697363555431366,0.4376688599586487,-0.07748790085315704,0.7512181401252747,0.4302300214767456,-0.08265183866024017,0.49899157881736755,0.5120669603347778,-0.06536728143692017,0.6165743470191956,0.5453269481658936,-0.0846313014626503,0.6837484836578369,0.550613522529602,-0.09609192609786987,0.7340061664581299,0.5462678670883179,-0.1034381091594696,0.490736186504364,0.5814062356948853,-0.07568065822124481,0.5494527220726013,0.5975489616394043,-0.07997215539216995,0.5236122608184814,0.5880491733551025,-0.07004760205745697,0.4952430725097656,0.5771719217300415,-0.06418722122907639
E,0.3415760397911072,0.5722155570983887,6.111906145633839e-07,0.3961583971977234,0.48462486267089844,0.017382847145199776,0.4742690622806549,0.4521186649799347,0.014823997393250465,0.5340401530265808,0.47588643431663513,0.011941916309297085,0.5754156708717346,0.4983016550540924,0.00801828969269991,0.4999503791332245,0.3978918492794037,-0.03127124533057213,0.5887576341629028,0.3513805866241455,-0.04265809804201126,0.645779550075531,0.3308286666870117,-0.04528671130537987,0.6907972097396851,0.31014975905418396,-0.04697732254862785,0.5004265308380127,0.4495238661766052,-0.051212333142757416,0.6258019208908081,0.4460635781288147,-0.06911104917526245,0.6981895565986633,0.44364720582962036,-0.07623421400785446,0.7510935068130493,0.4359254240989685,-0.07941067218780518,0.49611151218414307,0.5116702914237976,-0.06596952676773071,0.6159217357635498,0.5436805486679077,-0.08358358591794968,0.6835016012191772,0.5480477213859558,-0.09111416339874268,0.7344232797622681,0.5412027835845947,-0.09552078694105148,0.4861929714679718,0.5810765027999878,-0.07685006409883499,0.5496296882629395,0.5993096232414246,-0.07843085378408432,0.5263579487800598,0.5906480550765991,-0.06475371867418289,0.49893438816070557,0.5798177719116211,-0.056010469794273376
E,0.3431786298751831,0.5714563727378845,6.079228000999137e-07,0.3989606499671936,0.48537272214889526,0.01446359883993864,0.4793984889984131,0.45603707432746887,0.010369958356022835,0.5379446148872375,0.4880028963088989,0.005991667043417692,0.5763433575630188,0.5190939903259277,0.00029710488161072135,0.5019701719284058,0.39837145805358887,-0.031032906845211983,0.5884785652160645,0.35355788469314575,-0.042596813291311264,0.6442890167236328,0.3331662714481354,-0.045898180454969406,0.688949704170227,0.3124825060367584,-0.04854346811771393,0.5020558834075928,0.45027750730514526,-0.051041558384895325,0.6232112646102905,0.4453451931476593,-0.06845246255397797,0.695410966873169,0.4433136582374573,-0.07644859701395035,0.7493494749069214,0.4359194040298462,-0.08088833093643188,0.4976541996002197,0.5121216177940369,-0.06662663072347641,0.6143106818199158,0.5447348356246948,-0.08715551346540451,0.6820075511932373,0.550108790397644,-0.09895043820142746,0.7333077192306519,0.544248104095459,-0.10622315108776093,0.4886612296104431,0.5825843214988708,-0.07837355881929398,0.5490768551826477,0.5992856621742249,-0.08470574766397476,0.5235519409179688,0.5912212133407593,-0.07487402111291885,0.49415135383605957,0.5819480419158936,-0.06880694627761841
E,0.3444308042526245,0.5724928975105286,6.15391968494805e-07,0.39911749958992004,0.4845149517059326,0.015595735982060432,0.47851651906967163,0.45411959290504456,0.011465629562735558,0.5373771786689758,0.4827583432197571,0.007312677800655365,0.5771586894989014,0.5105600953102112,0.0019528454868122935,0.5027396082878113,0.3970692753791809,-0.03369017317891121,0.5895952582359314,0.3525412678718567,-0.045420803129673004,0.6454704999923706,0.3315330147743225,-0.048464685678482056,0.6903070211410522,0.3099549412727356,-0.050877731293439865,0.5024399757385254,0.4493393003940582,-0.053488366305828094,0.6235904693603516,0.4442081153392792,-0.07259690016508102,0.6959990859031677,0.44195494055747986,-0.08101453632116318,0.7498421669006348,0.43465864658355713,-0.08554918318986893,0.49813225865364075,0.5118533968925476,-0.06820089370012283,0.6147350668907166,0.5450204014778137,-0.089196115732193,0.6808819770812988,0.5516757369041443,-0.09975094348192215,0.7301979064941406,0.5473484396934509,-0.10593557357788086,0.489385724067688,0.5823715329170227,-0.07882947474718094,0.5508394241333008,0.5993970036506653,-0.08440785109996796,0.5251556634902954,0.5911906957626343,-0.07345779985189438,0.4955737292766571,0.5810728669166565,-0.06651921570301056
E,0.34453707933425903,0.578310489654541,6.096365154917294e-07,0.40022459626197815,0.49253129959106445,0.011089798994362354,0.480116605758667,0.4584273099899292,0.007362619042396545,0.5404047966003418,0.48424023389816284,0.003654610365629196,0.5806174874305725,0.5100906491279602,-0.0006458274438045919,0.5029290914535522,0.4029507040977478,-0.028692547231912613,0.589141309261322,0.35741615295410156,-0.04070333391427994,0.6445162296295166,0.3378664255142212,-0.044825710356235504,0.6888406276702881,0.31878048181533813,-0.047780394554138184,0.5032985806465149,0.4549455940723419,-0.04698893055319786,0.6236459016799927,0.4506550431251526,-0.06422562897205353,0.695185124874115,0.4475645422935486,-0.07298967987298965,0.7491112351417542,0.439380407333374,-0.07765550166368484,0.5000445246696472,0.5163347721099854,-0.06161268427968025,0.6129113435745239,0.5507189035415649,-0.08072362095117569,0.6772509217262268,0.556923508644104,-0.09219460189342499,0.7258051633834839,0.550682008266449,-0.09923713654279709,0.49152684211730957,0.5857990384101868,-0.07325341552495956,0.5509414076805115,0.6098979115486145,-0.0798756554722786,0.5262746810913086,0.604392945766449,-0.07138136029243469,0.4981819689273834,0.5946879386901855,-0.06577298045158386
E,0.3449617624282837,0.5743123888969421,6.153876483949716e-07,0.4008568823337555,0.48942404985427856,0.012727062217891216,0.47929513454437256,0.45612800121307373,0.009482293389737606,0.5388508439064026,0.48125672340393066,0.00609947694465518,0.5789968967437744,0.5057421326637268,0.0017131812637671828,0.5034601092338562,0.40192675590515137,-0.029291557148098946,0.5908708572387695,0.35841667652130127,-0.04086160659790039,0.6463927030563354,0.3377598226070404,-0.044147104024887085,0.6904640197753906,0.3165968954563141,-0.04666466265916824,0.5037155747413635,0.45378363132476807,-0.048312101513147354,0.6244524717330933,0.4502341151237488,-0.06573333591222763,0.6959823369979858,0.4472000002861023,-0.0742584764957428,0.749730110168457,0.43907326459884644,-0.07900170981884003,0.49912530183792114,0.5156016945838928,-0.06327535212039948,0.6136879324913025,0.5507571697235107,-0.08270003646612167,0.677544116973877,0.5564146637916565,-0.09403114020824432,0.7258367538452148,0.5501909255981445,-0.10111875087022781,0.48861628770828247,0.5854187607765198,-0.07490602880716324,0.5485875606536865,0.608212947845459,-0.08187853544950485,0.5244354009628296,0.6007943749427795,-0.07343922555446625,0.4965795874595642,0.5904068946838379,-0.06799859553575516
E,0.3435072898864746,0.5737265348434448,5.929387043579482e-07,0.3987963795661926,0.4892396330833435,0.011583630926907063,0.48028361797332764,0.45911604166030884,0.008297260850667953,0.5391564965248108,0.48873427510261536,0.004869097378104925,0.5779405832290649,0.5176200866699219,0.00027608551317825913,0.5044707655906677,0.39894819259643555,-0.026620421558618546,0.5894352197647095,0.3550860583782196,-0.037650980055332184,0.6446535587310791,0.3339245915412903,-0.041796110570430756,0.6885200142860413,0.3124726712703705,-0.045186787843704224,0.5061331987380981,0.4516240954399109,-0.04538409411907196,0.6233265995979309,0.4441719055175781,-0.061212312430143356,0.693973958492279,0.43972206115722656,-0.0707152783870697,0.7475216388702393,0.4301464259624481,-0.0767832025885582,0.5020390152931213,0.5140862464904785,-0.060436684638261795,0.6130310297012329,0.5464558601379395,-0.07939643412828445,0.6781530380249023,0.5517414212226868,-0.09244237840175629,0.7277117967605591,0.545653760433197,-0.10113421827554703,0.49206289649009705,0.584416389465332,-0.07225267589092255,0.5490885972976685,0.6036593317985535,-0.07939589768648148,0.5251895785331726,0.5970891118049622,-0.0717611312866211,0.4975321292877197,0.5871109962463379,-0.06723353266716003
E,0.34449684619903564,0.5719938278198242,5.949707428953843e-07,0.3994251489639282,0.485832154750824,0.012163559906184673,0.478435754776001,0.45179063081741333,0.008619196712970734,0.5369159579277039,0.47360679507255554,0.0049428134225308895,0.5766977667808533,0.4965570271015167,0.00023855874314904213,0.5032108426094055,0.3988218903541565,-0.029242059215903282,0.5887107849121094,0.35454726219177246,-0.04147228226065636,0.6443837881088257,0.3341221809387207,-0.045617785304784775,0.6882885694503784,0.31372031569480896,-0.048547450453042984,0.5048158168792725,0.45196157693862915,-0.048209499567747116,0.6244316101074219,0.44682976603507996,-0.06545897573232651,0.6957493424415588,0.4423653185367584,-0.07413703203201294,0.7489663362503052,0.4325946271419525,-0.07899690419435501,0.5007182955741882,0.5143566727638245,-0.06322189420461655,0.6140207052230835,0.5463276505470276,-0.08236873149871826,0.6781995296478271,0.5509071350097656,-0.09314576536417007,0.726279616355896,0.5443422794342041,-0.09985756129026413,0.49028390645980835,0.5841262340545654,-0.07500449568033218,0.5492724180221558,0.6026343703269958,-0.08150613307952881,0.5261660814285278,0.5941051840782166,-0.07233280688524246,0.4985184371471405,0.5831621289253235,-0.06633583456277847
E,0.34301209449768066,0.5604940056800842,6.434338502003811e-07,0.39774569869041443,0.4779159724712372,0.00739359762519598,0.4783076047897339,0.44534850120544434,0.0020713522098958492,0.5384160876274109,0.4704520106315613,-0.002460961462929845,0.5801395177841187,0.4948631823062897,-0.00818775687366724,0.5021710395812988,0.38778895139694214,-0.03244363144040108,0.5866411328315735,0.3433840870857239,-0.04490873962640762,0.6425347328186035,0.3225345015525818,-0.04993705451488495,0.6870414018630981,0.30166345834732056,-0.053779952228069305,0.5058342218399048,0.4420620799064636,-0.04904097691178322,0.624178946018219,0.4404597282409668,-0.06473008543252945,0.6950926184654236,0.43540462851524353,-0.0744490846991539,0.7487450242042542,0.4241751432418823,-0.08076304197311401,0.5018612742424011,0.5046800374984741,-0.06190342456102371,0.6134531497955322,0.5403209924697876,-0.07982602715492249,0.6782259941101074,0.5433692932128906,-0.09268609434366226,0.7267483472824097,0.5349482297897339,-0.10189960151910782,0.4908547103404999,0.5732614398002625,-0.07200063019990921,0.5421380996704102,0.5974035263061523,-0.08020945638418198,0.5193973183631897,0.5917044281959534,-0.07391931861639023,0.49382084608078003,0.5822071433067322,-0.07011836767196655
E,0.34287598729133606,0.5638139247894287,6.210005381035444e-07,0.3976325988769531,0.47841399908065796,0.008087319321930408,0.47755739092826843,0.4437160789966583,0.002901777159422636,0.5372214317321777,0.46726512908935547,-0.0015644618542864919,0.5765606760978699,0.48965176939964294,-0.006851511541754007,0.5023577213287354,0.39056476950645447,-0.031784869730472565,0.587263822555542,0.34586840867996216,-0.04420941695570946,0.6435516476631165,0.32535743713378906,-0.048949167132377625,0.688514769077301,0.30431103706359863,-0.05243271589279175,0.5050715208053589,0.4446893632411957,-0.048608921468257904,0.6234613656997681,0.4426490068435669,-0.06604960560798645,0.6950747966766357,0.4377521276473999,-0.07517565041780472,0.7487781047821045,0.42637771368026733,-0.0804094448685646,0.5016075968742371,0.5074380040168762,-0.0617334246635437,0.6139207482337952,0.5438368916511536,-0.08142010122537613,0.6785520315170288,0.5470049381256104,-0.0925336554646492,0.7264403104782104,0.5384072065353394,-0.09944000840187073,0.4913654625415802,0.5765268802642822,-0.07198788225650787,0.5492931604385376,0.5956882834434509,-0.07977435737848282,0.5243937373161316,0.5881398916244507,-0.07094279676675797,0.49558624625205994,0.5779473781585693,-0.06501034647226334
E,0.34465840458869934,0.5640462040901184,6.022868888067023e-07,0.3992795944213867,0.475249320268631,0.011931424960494041,0.47797733545303345,0.43988388776779175,0.007857661694288254,0.5381870269775391,0.4600663483142853,0.004478747025132179,0.5792412161827087,0.4805995225906372,0.0003433951933402568,0.5030703544616699,0.3882991671562195,-0.0332803837954998,0.5889497995376587,0.3436310291290283,-0.046165674924850464,0.6448429822921753,0.32324278354644775,-0.050467755645513535,0.6894695162773132,0.3017740249633789,-0.053182002156972885,0.5035898685455322,0.4428927004337311,-0.05098460242152214,0.6222195625305176,0.4380711019039154,-0.0712243989109993,0.6947916150093079,0.432528555393219,-0.08073483407497406,0.7485607862472534,0.42063480615615845,-0.0856892317533493,0.499557763338089,0.5067781805992126,-0.06411176919937134,0.6113975048065186,0.5406125783920288,-0.08559632301330566,0.677163302898407,0.5454408526420593,-0.09558117389678955,0.7263455986976624,0.5381477475166321,-0.10083261132240295,0.48981547355651855,0.5765308737754822,-0.073626309633255,0.5503903031349182,0.5919334888458252,-0.07930022478103638,0.5263826847076416,0.584254801273346,-0.0676889643073082,0.4977084994316101,0.5733206868171692,-0.059823017567396164
E,0.3443905711174011,0.5641158223152161,5.892887315894768e-07,0.39895009994506836,0.4756108224391937,0.013652446679770947,0.47792303562164307,0.4406326413154602,0.010079392232000828,0.5387613773345947,0.4616145193576813,0.006995180156081915,0.5809725522994995,0.4814731776714325,0.0030368599109351635,0.5032961368560791,0.3881632089614868,-0.03288095444440842,0.5894389152526855,0.3439311385154724,-0.045195795595645905,0.6451853513717651,0.3238607347011566,-0.049220822751522064,0.6902307271957397,0.3029963970184326,-0.05205366387963295,0.5031482577323914,0.44149869680404663,-0.05112811177968979,0.6222143769264221,0.4366861581802368,-0.07084262371063232,0.6945117712020874,0.4326125681400299,-0.080657958984375,0.7486783266067505,0.42301809787750244,-0.08634806424379349,0.4988912343978882,0.5051693916320801,-0.06448269635438919,0.6131852269172668,0.5395327806472778,-0.08579928427934647,0.6787286400794983,0.5456899404525757,-0.09627503901720047,0.7278019785881042,0.5403545498847961,-0.1023062914609909,0.4899314045906067,0.5747168660163879,-0.0739784687757492,0.5509274005889893,0.5907384753227234,-0.0801546722650528,0.5253553986549377,0.5838040709495544,-0.06937122344970703,0.49603042006492615,0.5735483169555664,-0.06235245615243912
E,0.3440069556236267,0.5701300501823425,6.127643814579642e-07,0.39951565861701965,0.48468470573425293,0.009566483087837696,0.4796902537345886,0.4522821605205536,0.004671006463468075,0.5408017635345459,0.48133543133735657,0.0003123406204394996,0.5821625590324402,0.509371817111969,-0.0046896664425730705,0.5027564764022827,0.39567136764526367,-0.03186112269759178,0.5876424312591553,0.35017019510269165,-0.0443633534014225,0.6424892544746399,0.33037975430488586,-0.049348972737789154,0.6873279213905334,0.3109135627746582,-0.05329187959432602,0.502895176410675,0.4477938115596771,-0.049152642488479614,0.6225495934486389,0.44546109437942505,-0.0666235089302063,0.6941370368003845,0.4426823854446411,-0.07668650150299072,0.748166561126709,0.43426769971847534,-0.08297804743051529,0.4995206594467163,0.509173572063446,-0.06265359371900558,0.6119809150695801,0.5458261966705322,-0.08226246386766434,0.677155613899231,0.5524576306343079,-0.09565089643001556,0.7260004281997681,0.5466881990432739,-0.10462553799152374,0.49175330996513367,0.5770027041435242,-0.07313086092472076,0.5468986630439758,0.5998294949531555,-0.08111150562763214,0.5213188529014587,0.5932996869087219,-0.07479742169380188,0.4934954345226288,0.5825753808021545,-0.07110250741243362
E,0.3446011543273926,0.5665053129196167,6.087245765229454e-07,0.3993353843688965,0.48140373826026917,0.012795370072126389,0.4792898893356323,0.4512747824192047,0.00888102501630783,0.5382952690124512,0.4811253547668457,0.00509621761739254,0.5771611928939819,0.5105308294296265,0.00010795304842758924,0.503716766834259,0.39361685514450073,-0.030984144657850266,0.5897905230522156,0.35079365968704224,-0.042507681995630264,0.6456578969955444,0.33027365803718567,-0.04604228585958481,0.6901606321334839,0.30928653478622437,-0.04891907423734665,0.5042970180511475,0.4468747079372406,-0.049910806119441986,0.6238008737564087,0.4440731406211853,-0.06663484126329422,0.6953254342079163,0.4421457052230835,-0.07467328011989594,0.7492472529411316,0.4342711269855499,-0.07944780588150024,0.49969878792762756,0.5092551112174988,-0.06467841565608978,0.6139333248138428,0.541965663433075,-0.08432812988758087,0.6795698404312134,0.5486965775489807,-0.09596185386180878,0.7296794652938843,0.5443177819252014,-0.10342880338430405,0.48969677090644836,0.578833281993866,-0.07587172836065292,0.5470821857452393,0.594575822353363,-0.08268845081329346,0.522351861000061,0.586020827293396,-0.07398024201393127,0.49419161677360535,0.576433539390564,-0.06866854429244995
E,0.34241124987602234,0.5705894231796265,6.144023814158572e-07,0.3969433307647705,0.48600611090660095,0.010853646323084831,0.4782470166683197,0.4538612365722656,0.0065375519916415215,0.5380337238311768,0.48160067200660706,0.002711215289309621,0.5771052837371826,0.5092481970787048,-0.0021290790755301714,0.5016177892684937,0.39712971448898315,-0.03011220134794712,0.5879169702529907,0.35231173038482666,-0.041681092232465744,0.6437105536460876,0.33231016993522644,-0.045801278203725815,0.6883764266967773,0.3111817240715027,-0.04894362762570381,0.5028685927391052,0.4491066038608551,-0.047640711069107056,0.6231353878974915,0.4471132159233093,-0.06370352953672409,0.6944156885147095,0.44597557187080383,-0.07195980846881866,0.7478562593460083,0.4380943775177002,-0.07658350467681885,0.498744398355484,0.5100544095039368,-0.06129659712314606,0.6114737391471863,0.5421950221061707,-0.08094921708106995,0.6789600849151611,0.5475682616233826,-0.09349392354488373,0.7305874228477478,0.5415686964988708,-0.10143788903951645,0.48979276418685913,0.5786351561546326,-0.07155361771583557,0.5470425486564636,0.5984166264533997,-0.07856366783380508,0.5210752487182617,0.5931552052497864,-0.0695962980389595,0.49174630641937256,0.585567057132721,-0.06390037387609482
E,0.34461504220962524,0.5694675445556641,5.989477358525619e-07,0.39976978302001953,0.48125457763671875,0.013360131531953812,0.4798244833946228,0.45176658034324646,0.00903843529522419,0.5387411117553711,0.4816325008869171,0.004946019034832716,0.5776525735855103,0.5104970335960388,-0.00033985081245191395,0.5039608478546143,0.3946675956249237,-0.03234757110476494,0.5897394418716431,0.35165339708328247,-0.043847426772117615,0.6452621817588806,0.3315122723579407,-0.04740879684686661,0.6894920468330383,0.31007248163223267,-0.05017982795834541,0.504040002822876,0.4490290582180023,-0.05120106413960457,0.6226518154144287,0.4448421001434326,-0.06870903074741364,0.6945201754570007,0.44167575240135193,-0.07713143527507782,0.748387336730957,0.43196773529052734,-0.08221082389354706,0.49949705600738525,0.5118668079376221,-0.06559392064809799,0.6127991080284119,0.5440725088119507,-0.08631923794746399,0.6791039705276489,0.5501298904418945,-0.09823940694332123,0.7287614345550537,0.5450653433799744,-0.10553580522537231,0.4903110861778259,0.5811412930488586,-0.07610887289047241,0.549720048904419,0.5925375819206238,-0.08212102204561234,0.525204062461853,0.5838867425918579,-0.07231737673282623,0.496326744556427,0.5746393799781799,-0.06638255715370178
E,0.34543293714523315,0.5681093335151672,5.793681339127943e-07,0.39918333292007446,0.47956424951553345,0.01784360781311989,0.4776385724544525,0.4470958411693573,0.015637844800949097,0.5359804630279541,0.46771880984306335,0.01315502729266882,0.5773161053657532,0.4868306517601013,0.009552417322993279,0.5038601160049438,0.3899990916252136,-0.030345480889081955,0.5899401903152466,0.3460744321346283,-0.041893091052770615,0.6455298066139221,0.3252975046634674,-0.04494073987007141,0.689500093460083,0.30411967635154724,-0.046991005539894104,0.5036431550979614,0.4419768452644348,-0.05053531005978584,0.6242496967315674,0.4366511404514313,-0.06898879259824753,0.6955486536026001,0.43209946155548096,-0.07740084826946259,0.7484596967697144,0.4225933253765106,-0.081932932138443,0.49918651580810547,0.5044747591018677,-0.06555630266666412,0.615139901638031,0.5380004048347473,-0.08528941124677658,0.6805030107498169,0.5441187024116516,-0.09515415877103806,0.7291771769523621,0.5400563478469849,-0.10101066529750824,0.48983684182167053,0.5745102763175964,-0.07635951042175293,0.5490900874137878,0.5916383266448975,-0.08016400784254074,0.524989128112793,0.5826901197433472,-0.06876815855503082,0.4972667396068573,0.5716824531555176,-0.06164567917585373
E,0.34404587745666504,0.5700421333312988,6.471988740486267e-07,0.39922600984573364,0.485967218875885,0.008340772241353989,0.47915077209472656,0.4511779546737671,0.003183642402291298,0.5415988564491272,0.47298723459243774,-0.001368326717056334,0.5849919319152832,0.4967922568321228,-0.006355954799801111,0.5017960071563721,0.39525675773620605,-0.032751694321632385,0.5876524448394775,0.34941208362579346,-0.04602666571736336,0.6434821486473083,0.32943040132522583,-0.05056069418787956,0.6879498958587646,0.31046536564826965,-0.0536026693880558,0.502373218536377,0.4467398226261139,-0.049944084137678146,0.6251287460327148,0.4497050642967224,-0.06723343580961227,0.6962244510650635,0.4469452202320099,-0.0751909464597702,0.7491400241851807,0.4377574026584625,-0.07928752154111862,0.49807262420654297,0.5073718428611755,-0.06366303563117981,0.6110841035842896,0.5481030941009521,-0.08110564947128296,0.6758943796157837,0.5503648519515991,-0.09116799384355545,0.7247128486633301,0.5395777821540833,-0.09785354137420654,0.48784133791923523,0.5748182535171509,-0.07490132749080658,0.5442404747009277,0.6029282808303833,-0.0795942172408104,0.5225979685783386,0.5959225296974182,-0.07057541608810425,0.4974755346775055,0.5839904546737671,-0.06498632580041885
E,0.3450445532798767,0.5688225030899048,5.931743203291262e-07,0.39936214685440063,0.4837373197078705,0.013243851251900196,0.4810742735862732,0.45355114340782166,0.008793464861810207,0.5403481721878052,0.48373478651046753,0.004508112091571093,0.5787463784217834,0.5143815279006958,-0.001095207640901208,0.504318118095398,0.3964359760284424,-0.031897302716970444,0.5894811749458313,0.35253679752349854,-0.04334057867527008,0.6451367735862732,0.3325832188129425,-0.04689057171344757,0.6893169283866882,0.31247609853744507,-0.04989353194832802,0.5037665367126465,0.44849830865859985,-0.05074816197156906,0.6224384903907776,0.44973641633987427,-0.06653083115816116,0.6919252276420593,0.45336344838142395,-0.07339173555374146,0.7435899972915649,0.4497748017311096,-0.07760840654373169,0.49866268038749695,0.5099111199378967,-0.0654359683394432,0.6136164665222168,0.541675329208374,-0.08466295897960663,0.6814185976982117,0.5469163060188293,-0.0960521325469017,0.7331013679504395,0.5407661199569702,-0.10383221507072449,0.48989665508270264,0.5791053175926208,-0.07639489322900772,0.5482949018478394,0.5953538417816162,-0.0819733515381813,0.523702085018158,0.5884192585945129,-0.07231468707323074,0.4949871301651001,0.579247236251831,-0.06690903753042221
E,0.34551292657852173,0.5695139169692993,5.955906203780614e-07,0.399665892124176,0.48348182439804077,0.01391864474862814,0.48148635029792786,0.4543617367744446,0.009929531253874302,0.5410235524177551,0.485106498003006,0.006085518281906843,0.5801635980606079,0.5151344537734985,0.0009240639046765864,0.5047484040260315,0.3957737684249878,-0.030978748574852943,0.5898074507713318,0.3523452877998352,-0.04209572449326515,0.6449884176254272,0.33216750621795654,-0.04540063813328743,0.6891939640045166,0.31089556217193604,-0.04812806099653244,0.5041349530220032,0.4474429488182068,-0.050000328570604324,0.6233125329017639,0.4450427293777466,-0.06621630489826202,0.6939477920532227,0.44419875741004944,-0.07372580468654633,0.7471603155136108,0.4368777573108673,-0.07818158715963364,0.4990535080432892,0.5088050365447998,-0.06466234475374222,0.6144829392433167,0.5417670607566833,-0.08504927903413773,0.681493878364563,0.5475427508354187,-0.09718658775091171,0.7323259115219116,0.5417661666870117,-0.10485940426588058,0.48997271060943604,0.5782519578933716,-0.07536064088344574,0.549149215221405,0.5947349667549133,-0.08172155916690826,0.5229830741882324,0.5878467559814453,-0.07211118191480637,0.4932868182659149,0.578942596912384,-0.06637463718652725
E,0.34513241052627563,0.5673197507858276,5.798420943392557e-07,0.4006592631340027,0.4808619022369385,0.01710101030766964,0.48196595907211304,0.4543081521987915,0.013670490123331547,0.5394982099533081,0.48957329988479614,0.010081267915666103,0.5766924023628235,0.522449791431427,0.004797168076038361,0.5049169659614563,0.3951827585697174,-0.03130364418029785,0.5908643007278442,0.3524114489555359,-0.04207994043827057,0.6458414196968079,0.33228206634521484,-0.045142415910959244,0.6898633241653442,0.31090018153190613,-0.04781907796859741,0.504470705986023,0.44808053970336914,-0.05149199813604355,0.6237425208091736,0.44536256790161133,-0.06739553064107895,0.6936931014060974,0.4447806775569916,-0.0749291181564331,0.7461749315261841,0.43775519728660583,-0.07967597991228104,0.4997502267360687,0.509939432144165,-0.06679099053144455,0.6152778267860413,0.5412161946296692,-0.08733463287353516,0.6836100816726685,0.5470070242881775,-0.10046792775392532,0.7357978820800781,0.5422232151031494,-0.10900646448135376,0.49187907576560974,0.5793955326080322,-0.07755870372056961,0.5488072037696838,0.5924479961395264,-0.08363032341003418,0.5218424797058105,0.5846592783927917,-0.07420124858617783,0.49179747700691223,0.5765107274055481,-0.06885848939418793
E,0.34427565336227417,0.5648555755615234,5.88815339597204e-07,0.40091443061828613,0.4794327914714813,0.015376945957541466,0.48203009366989136,0.4538547098636627,0.01169284526258707,0.5395833253860474,0.48835331201553345,0.007921377196907997,0.5774661898612976,0.5192832946777344,0.0026839047204703093,0.5049344897270203,0.3947180509567261,-0.0306025892496109,0.5905758142471313,0.35163813829421997,-0.04087786749005318,0.645421028137207,0.3314666152000427,-0.043555814772844315,0.6898218393325806,0.31070566177368164,-0.046073511242866516,0.5055926442146301,0.44794970750808716,-0.05007670074701309,0.6244152188301086,0.4428640604019165,-0.06626063585281372,0.6949762105941772,0.4397645592689514,-0.07455789297819138,0.7481999397277832,0.4317682981491089,-0.0798124298453331,0.5012366771697998,0.5103185772895813,-0.06476955860853195,0.6161121129989624,0.5422825217247009,-0.08479177206754684,0.682447075843811,0.548173725605011,-0.09765840321779251,0.7321481704711914,0.5442562103271484,-0.10608045756816864,0.49246475100517273,0.5796639919281006,-0.07531548291444778,0.548639178276062,0.593560516834259,-0.08200982213020325,0.52169269323349,0.5849588513374329,-0.07343696802854538,0.4918532967567444,0.5765063166618347,-0.06847943365573883
E,0.3449685573577881,0.5674641132354736,5.630766395370301e-07,0.4005143344402313,0.48119866847991943,0.01813899539411068,0.47986119985580444,0.4523145258426666,0.015650175511837006,0.5381608605384827,0.4781207740306854,0.012762193568050861,0.5773391723632812,0.5019320845603943,0.008798928000032902,0.5060139894485474,0.3949069678783417,-0.029442060738801956,0.5924383997917175,0.35193005204200745,-0.04076971486210823,0.6473464965820312,0.3318350911140442,-0.0437556616961956,0.6911476254463196,0.3102925419807434,-0.04584770277142525,0.5054135322570801,0.44621893763542175,-0.049753475934267044,0.6245585680007935,0.44118213653564453,-0.06826023757457733,0.6953790783882141,0.4376586377620697,-0.07649969309568405,0.7482193112373352,0.42800599336624146,-0.08077999949455261,0.5012744665145874,0.5082826018333435,-0.06501570343971252,0.6154477000236511,0.5421127080917358,-0.08626197278499603,0.6809693574905396,0.5493069887161255,-0.0973401591181755,0.7297688722610474,0.5450004935264587,-0.10351785272359848,0.4927706718444824,0.5787729620933533,-0.0758490189909935,0.5518597960472107,0.5953032970428467,-0.08058125525712967,0.5255985260009766,0.5873468518257141,-0.06940340250730515,0.4957773685455322,0.5775336027145386,-0.06228775531053543
E,0.344279944896698,0.5648476481437683,5.698921086150222e-07,0.4006434977054596,0.48007577657699585,0.018065253272652626,0.4808710813522339,0.45314425230026245,0.016063790768384933,0.5390163660049438,0.4828096628189087,0.013566091656684875,0.5798079967498779,0.5087087154388428,0.009666572324931622,0.504462718963623,0.39330795407295227,-0.02840016409754753,0.5918310284614563,0.35129138827323914,-0.038613297045230865,0.6470677852630615,0.33149972558021545,-0.04049599915742874,0.6911396980285645,0.3116120398044586,-0.0422462597489357,0.5056285858154297,0.4450455904006958,-0.049134261906147,0.6254019141197205,0.43891602754592896,-0.06623159348964691,0.695948600769043,0.43500855565071106,-0.07477577775716782,0.7492530345916748,0.42684251070022583,-0.07990003377199173,0.5017076134681702,0.5068359375,-0.06479243189096451,0.6175280809402466,0.5395267605781555,-0.08445979654788971,0.6829028129577637,0.5457432866096497,-0.09630090743303299,0.7326025366783142,0.5415933728218079,-0.1040836051106453,0.49252578616142273,0.5763109922409058,-0.07617556303739548,0.548221230506897,0.5943511128425598,-0.0820721685886383,0.521769642829895,0.5871307849884033,-0.07310200482606888,0.49335408210754395,0.5775725841522217,-0.06786614656448364
E,0.3424605131149292,0.5672360062599182,5.796197228846722e-07,0.39952394366264343,0.4829932153224945,0.017534365877509117,0.4798930585384369,0.45690006017684937,0.01500221062451601,0.5366685390472412,0.490924209356308,0.011813927441835403,0.5731751322746277,0.522468626499176,0.007154623046517372,0.5037444829940796,0.3971937894821167,-0.02744933031499386,0.5902615189552307,0.35360485315322876,-0.03767161816358566,0.6450086832046509,0.33299505710601807,-0.04032713919878006,0.6890973448753357,0.311592698097229,-0.042672380805015564,0.5053195357322693,0.44871005415916443,-0.04799036309123039,0.6250439286231995,0.44404006004333496,-0.0642729252576828,0.6956073045730591,0.44143274426460266,-0.07239634543657303,0.7486138939857483,0.4331674873828888,-0.0769834965467453,0.5017696619033813,0.5095692873001099,-0.06373214721679688,0.6161959767341614,0.5422375202178955,-0.08331533521413803,0.6827067136764526,0.5491594076156616,-0.09562864154577255,0.7330936193466187,0.5451075434684753,-0.10337910801172256,0.493013471364975,0.5787120461463928,-0.07528824359178543,0.5489819049835205,0.5962599515914917,-0.08074697852134705,0.5215349793434143,0.5887682437896729,-0.07104232162237167,0.49138399958610535,0.5801156759262085,-0.06511491537094116
E,0.34445327520370483,0.5678180456161499,5.756280643254286e-07,0.39983677864074707,0.48138558864593506,0.015017610043287277,0.47964659333229065,0.4509809911251068,0.011585311964154243,0.5382660627365112,0.47396695613861084,0.008148698136210442,0.5777829885482788,0.49660247564315796,0.0037323415745049715,0.5067479610443115,0.39524543285369873,-0.031013570725917816,0.5920873284339905,0.35194098949432373,-0.043289847671985626,0.6472074389457703,0.33157506585121155,-0.04708757996559143,0.6911200284957886,0.3102279305458069,-0.0497465655207634,0.5065911412239075,0.4470381438732147,-0.050432343035936356,0.624597430229187,0.44090721011161804,-0.06971847265958786,0.6958515048027039,0.4367087185382843,-0.07868433743715286,0.7488803863525391,0.42649558186531067,-0.08345936983823776,0.5022125840187073,0.5092734098434448,-0.06516918540000916,0.6149179935455322,0.5433642864227295,-0.0867798700928688,0.6805759072303772,0.5509000420570374,-0.09775079786777496,0.7294176816940308,0.5464462637901306,-0.10388097912073135,0.49295473098754883,0.5794684886932373,-0.07594230026006699,0.5518233776092529,0.5972813367843628,-0.0815926268696785,0.5266826748847961,0.5895993113517761,-0.07090488821268082,0.4973921477794647,0.5784364342689514,-0.06399670243263245
E,0.34425950050354004,0.5661386847496033,5.593483933807875e-07,0.40027526021003723,0.4799976050853729,0.01894761063158512,0.47893404960632324,0.45101678371429443,0.01740007847547531,0.5367103219032288,0.47625359892845154,0.01541884895414114,0.5769404768943787,0.4983077049255371,0.012317553162574768,0.5053642988204956,0.39482390880584717,-0.029398897662758827,0.5925087332725525,0.35230833292007446,-0.04077254608273506,0.6479146480560303,0.33126917481422424,-0.04315829277038574,0.6918068528175354,0.31002700328826904,-0.04475701227784157,0.5061074495315552,0.4465094208717346,-0.050111252814531326,0.6259105205535889,0.43976882100105286,-0.06935197114944458,0.6970806121826172,0.43580740690231323,-0.07753658294677734,0.7499047517776489,0.42753857374191284,-0.081568144261837,0.5020438432693481,0.5084079504013062,-0.0655820369720459,0.6164822578430176,0.5400034785270691,-0.08586178719997406,0.6816339492797852,0.5470362305641174,-0.09533631801605225,0.7310510873794556,0.5435723066329956,-0.10059650242328644,0.49216794967651367,0.5781043767929077,-0.07675087451934814,0.5503509640693665,0.5948916077613831,-0.08063018321990967,0.5252535939216614,0.5865231156349182,-0.06882324069738388,0.4967988431453705,0.5755919218063354,-0.06124333664774895
E,0.3434368371963501,0.5672776103019714,5.602435635410075e-07,0.39998263120651245,0.480012446641922,0.019036494195461273,0.48003700375556946,0.4535366892814636,0.01771938055753708,0.5376104712486267,0.4847315549850464,0.015683060511946678,0.5768953561782837,0.512377917766571,0.012254241853952408,0.5056047439575195,0.39460399746894836,-0.02634732611477375,0.5920520424842834,0.3519863486289978,-0.03620455786585808,0.6472225785255432,0.33092936873435974,-0.03857363015413284,0.6914434432983398,0.30922165513038635,-0.04071329906582832,0.5068587064743042,0.44647201895713806,-0.04728109389543533,0.6254843473434448,0.4387563467025757,-0.06443753093481064,0.6960508227348328,0.43438953161239624,-0.07305700331926346,0.7489142417907715,0.42568355798721313,-0.07801306992769241,0.5027264356613159,0.5088651776313782,-0.06312554329633713,0.6175282001495361,0.5397148132324219,-0.08313553035259247,0.6831039190292358,0.5462642312049866,-0.09457007050514221,0.7324212789535522,0.5428217053413391,-0.10152487456798553,0.4931456446647644,0.5791651010513306,-0.07456716150045395,0.5514311790466309,0.5934812426567078,-0.07961175590753555,0.5252509117126465,0.5852460265159607,-0.06911306083202362,0.4961371123790741,0.5758711099624634,-0.06260520219802856
E,0.3436344563961029,0.567439079284668,5.613125608761038e-07,0.3999742865562439,0.47976449131965637,0.018132686614990234,0.4803764522075653,0.4527050256729126,0.016200346872210503,0.5383340120315552,0.48297837376594543,0.013662147335708141,0.578249990940094,0.5107401609420776,0.009724162518978119,0.5054976344108582,0.39406201243400574,-0.027596475556492805,0.5917995572090149,0.35152220726013184,-0.03799526020884514,0.6471097469329834,0.33081212639808655,-0.04075140506029129,0.6912627816200256,0.3093639314174652,-0.043065983802080154,0.5067012906074524,0.4465820789337158,-0.048302724957466125,0.6255189776420593,0.4397050440311432,-0.06494977325201035,0.6962558031082153,0.435766339302063,-0.07313776761293411,0.7491153478622437,0.42695680260658264,-0.0779285654425621,0.5025930404663086,0.5091469287872314,-0.06410177797079086,0.6174023151397705,0.5396578311920166,-0.08393929153680801,0.6834686994552612,0.5459724068641663,-0.0954807847738266,0.7330615520477295,0.5420425534248352,-0.10264603048563004,0.49323856830596924,0.5795928239822388,-0.07558675855398178,0.5512217283248901,0.5934309363365173,-0.08061274141073227,0.5256394743919373,0.5849863290786743,-0.07025724649429321,0.49672502279281616,0.5756083726882935,-0.06393210589885712
E,0.3433440923690796,0.5675339102745056,5.651992864841304e-07,0.40005695819854736,0.48089587688446045,0.01973557285964489,0.4802814722061157,0.4554188847541809,0.018431345000863075,0.5378128290176392,0.48834338784217834,0.01623234711587429,0.576311469078064,0.5174527168273926,0.01270186435431242,0.5053381323814392,0.39593902230262756,-0.026261446997523308,0.5914115905761719,0.3523916006088257,-0.036677610129117966,0.6466131806373596,0.331518292427063,-0.03942069038748741,0.6908835172653198,0.3101872205734253,-0.04163949936628342,0.5059906244277954,0.4473201334476471,-0.04746689274907112,0.6252900958061218,0.4399092197418213,-0.06496383994817734,0.6963726878166199,0.4356907606124878,-0.07356764376163483,0.7493945360183716,0.42677372694015503,-0.07830312103033066,0.5021232962608337,0.508952260017395,-0.063574880361557,0.6173515915870667,0.5405680537223816,-0.0838402733206749,0.6836131811141968,0.5476390719413757,-0.09538554400205612,0.733326256275177,0.5438526272773743,-0.10222318768501282,0.4933969974517822,0.5789417028427124,-0.075225330889225,0.5516732335090637,0.5958834886550903,-0.07966013997793198,0.5245438814163208,0.5884013772010803,-0.068724624812603,0.4941658079624176,0.5789152383804321,-0.06192045658826828
E,0.34543919563293457,0.5695206522941589,5.531404667635798e-07,0.3998318612575531,0.4806540012359619,0.018432339653372765,0.4792587161064148,0.45090222358703613,0.016735516488552094,0.5387217998504639,0.47536054253578186,0.014829320833086967,0.5803077816963196,0.4994499683380127,0.011904179118573666,0.5061466097831726,0.3975793123245239,-0.030480479821562767,0.5925130248069763,0.3529471158981323,-0.042080555111169815,0.6479302644729614,0.33221131563186646,-0.04520164057612419,0.6918874979019165,0.30990728735923767,-0.04710153117775917,0.505490243434906,0.44938480854034424,-0.05046279728412628,0.62627112865448,0.4439622461795807,-0.06852057576179504,0.6980100870132446,0.4406835436820984,-0.07604500651359558,0.751194953918457,0.43086886405944824,-0.07952975481748581,0.5015190839767456,0.511449933052063,-0.0652691200375557,0.615963339805603,0.5438767075538635,-0.08474421501159668,0.6833994388580322,0.5509459972381592,-0.09399247914552689,0.7343013882637024,0.5465287566184998,-0.09894755482673645,0.49260759353637695,0.5809723138809204,-0.07581233233213425,0.5532416105270386,0.5989378690719604,-0.07747331261634827,0.5279651880264282,0.5912855863571167,-0.06385061889886856,0.4980457127094269,0.5814551115036011,-0.05513942614197731
E,0.34565263986587524,0.5699079632759094,5.349260163711733e-07,0.3993496000766754,0.4819956421852112,0.020485831424593925,0.4777562618255615,0.4518217444419861,0.01968545652925968,0.5368566513061523,0.47361883521080017,0.018513375893235207,0.5790168046951294,0.49321210384368896,0.016106298193335533,0.5055065751075745,0.3965620696544647,-0.029550159350037575,0.5935332179069519,0.35341015458106995,-0.040465787053108215,0.6485693454742432,0.3328760266304016,-0.04261310398578644,0.6920353174209595,0.3109939396381378,-0.04385831952095032,0.5053497552871704,0.44754210114479065,-0.05004829540848732,0.6261515021324158,0.44199687242507935,-0.06776437163352966,0.6970075368881226,0.43763458728790283,-0.07531152665615082,0.7493691444396973,0.42823508381843567,-0.0791369378566742,0.5009075403213501,0.5085808038711548,-0.06501705199480057,0.6166739463806152,0.5417048931121826,-0.08432447165250778,0.6839178800582886,0.5475744605064392,-0.09426483511924744,0.7349092364311218,0.5433518290519714,-0.1000867709517479,0.4917520582675934,0.577155590057373,-0.07534955441951752,0.5506937503814697,0.5961239337921143,-0.0774221196770668,0.5255454778671265,0.5880785584449768,-0.06494323164224625,0.4966864287853241,0.5772415399551392,-0.05727675184607506
E,0.34472864866256714,0.5704935193061829,5.718342208638205e-07,0.39823585748672485,0.48335760831832886,0.018090737983584404,0.4778018295764923,0.45445677638053894,0.015788856893777847,0.536841869354248,0.4824303388595581,0.013463201001286507,0.5770277380943298,0.5092900395393372,0.009897505864501,0.5044772624969482,0.39976245164871216,-0.03194410726428032,0.5915690064430237,0.354306161403656,-0.042469751089811325,0.6467360258102417,0.333528995513916,-0.04462698474526405,0.6905813217163086,0.3114117383956909,-0.04616917669773102,0.5044036507606506,0.451346218585968,-0.051235705614089966,0.6273013353347778,0.4502042531967163,-0.06746010482311249,0.6978062987327576,0.44967129826545715,-0.07363185286521912,0.7496768832206726,0.4422934949398041,-0.07663755863904953,0.5000914931297302,0.5119180083274841,-0.06525532156229019,0.6170278191566467,0.5453298687934875,-0.08264827728271484,0.6862008571624756,0.5487872958183289,-0.09188147634267807,0.7386854290962219,0.5414831042289734,-0.09778237342834473,0.4915098547935486,0.5790480375289917,-0.07504110038280487,0.550429105758667,0.5982706546783447,-0.07556650042533875,0.5256751775741577,0.589354395866394,-0.062452491372823715,0.49678537249565125,0.5786250829696655,-0.054736167192459106
E,0.34559834003448486,0.5690330266952515,5.522095989363152e-07,0.400733083486557,0.48304784297943115,0.022078221663832664,0.4777314364910126,0.4547375440597534,0.021522169932723045,0.5348197817802429,0.47973567247390747,0.020212313160300255,0.5758919715881348,0.5033200979232788,0.017745397984981537,0.5054442286491394,0.3981812000274658,-0.029229387640953064,0.5931246876716614,0.35334300994873047,-0.039972059428691864,0.64826500415802,0.3321880102157593,-0.041247859597206116,0.6919568777084351,0.3098817765712738,-0.04180094599723816,0.5054720640182495,0.44726628065109253,-0.05065616965293884,0.6264642477035522,0.44037628173828125,-0.06976102292537689,0.6975906491279602,0.4357343912124634,-0.07682868838310242,0.7500821352005005,0.4256868362426758,-0.07951754331588745,0.5013909935951233,0.5071586966514587,-0.06634173542261124,0.614787220954895,0.5422757267951965,-0.0858001783490181,0.6822813153266907,0.5501896739006042,-0.09472618997097015,0.7335413694381714,0.5466662049293518,-0.09928794950246811,0.4916994273662567,0.5757164359092712,-0.0773710384964943,0.5490344166755676,0.5972341895103455,-0.07819481939077377,0.5234472751617432,0.5893329381942749,-0.06448619812726974,0.49394306540489197,0.5781781673431396,-0.05573311075568199
E,0.34598827362060547,0.5691096782684326,5.63880405479722e-07,0.4011702537536621,0.48185160756111145,0.020453713834285736,0.47972115874290466,0.4547771215438843,0.018870776519179344,0.5377869009971619,0.48434391617774963,0.016539311036467552,0.5776145458221436,0.5118302702903748,0.012898938730359077,0.5052656531333923,0.397992879152298,-0.029429256916046143,0.5913808941841125,0.3537636995315552,-0.040383465588092804,0.6460845470428467,0.3333168625831604,-0.04262084513902664,0.6901050806045532,0.31259477138519287,-0.044222641736269,0.505426824092865,0.4487254023551941,-0.050748951733112335,0.6265403628349304,0.4423772692680359,-0.06886764615774155,0.6975359916687012,0.43864384293556213,-0.07649882137775421,0.7504276037216187,0.4308094382286072,-0.08033744990825653,0.5011763572692871,0.5099597573280334,-0.06661926209926605,0.6180663704872131,0.5430135726928711,-0.08637044578790665,0.6846577525138855,0.549545407295227,-0.09613633155822754,0.7352572679519653,0.5458641648292542,-0.10172676295042038,0.4920155704021454,0.57914799451828,-0.07795148342847824,0.5515413284301758,0.59638512134552,-0.08075860142707825,0.525536060333252,0.5877828598022461,-0.06835126131772995,0.4964277744293213,0.5774235129356384,-0.06062592938542366
E,0.3460177779197693,0.5707011222839355,5.509223228727933e-07,0.4011956453323364,0.4824817478656769,0.02488480880856514,0.4794110953807831,0.4574405252933502,0.025289973244071007,0.5368684530258179,0.48884499073028564,0.024449093267321587,0.5771486163139343,0.51708984375,0.022184455767273903,0.5057284235954285,0.3976859748363495,-0.027105197310447693,0.5921534299850464,0.3542582392692566,-0.037061478942632675,0.6470695734024048,0.3327263295650482,-0.038683343678712845,0.6913299560546875,0.31045064330101013,-0.04008883610367775,0.5053625702857971,0.4477165639400482,-0.0498628206551075,0.6256905794143677,0.4390854835510254,-0.06860294938087463,0.696620523929596,0.4343038499355316,-0.07700172811746597,0.749225914478302,0.42592155933380127,-0.08141282945871353,0.5011249780654907,0.5088086128234863,-0.06648818403482437,0.6174034476280212,0.5426728129386902,-0.08663874119520187,0.683867335319519,0.5505867004394531,-0.09689455479383469,0.7339138984680176,0.5482102632522583,-0.10265631228685379,0.49255111813545227,0.5778587460517883,-0.07798266410827637,0.5512779355049133,0.5954635143280029,-0.07997274398803711,0.5241222977638245,0.5873820185661316,-0.06729233264923096,0.49401113390922546,0.577002763748169,-0.05950506031513214
E,0.34594619274139404,0.5702673196792603,5.690950501957559e-07,0.40185269713401794,0.4828835427761078,0.021909866482019424,0.4799599051475525,0.4569138288497925,0.0208288561552763,0.5378026962280273,0.4890654385089874,0.018813787028193474,0.5770615935325623,0.5169602632522583,0.01546450424939394,0.5052958726882935,0.39841195940971375,-0.028859350830316544,0.5920113921165466,0.35490089654922485,-0.03940350562334061,0.6468228697776794,0.3338109850883484,-0.04183246195316315,0.6911402940750122,0.31204983592033386,-0.043754901736974716,0.5041980743408203,0.4485759139060974,-0.05045050382614136,0.6256828308105469,0.4430244266986847,-0.06880772113800049,0.6968845129013062,0.4384080171585083,-0.07735757529735565,0.7495951056480408,0.4298918843269348,-0.0821283683180809,0.499866783618927,0.5099383592605591,-0.06623926758766174,0.6190361380577087,0.5445988774299622,-0.08575279265642166,0.685114324092865,0.5509828925132751,-0.09555822610855103,0.7344717979431152,0.5470026731491089,-0.10129848122596741,0.4914529621601105,0.5787944793701172,-0.07732075452804565,0.5525604486465454,0.5952000617980957,-0.07977806031703949,0.5256960988044739,0.5861374735832214,-0.06726181507110596,0.49562475085258484,0.5753994584083557,-0.05955679342150688
E,0.34502559900283813,0.5672062635421753,5.743475526287511e-07,0.4017970860004425,0.4821341633796692,0.02232946828007698,0.48036497831344604,0.4575690031051636,0.02119721658527851,0.5364938974380493,0.49057772755622864,0.018835073336958885,0.5740445852279663,0.5206747055053711,0.014926747418940067,0.5047290921211243,0.39706122875213623,-0.027253268286585808,0.5912301540374756,0.3536587953567505,-0.037676237523555756,0.6459851861000061,0.3334028124809265,-0.03951864317059517,0.6901161670684814,0.3130922317504883,-0.041142918169498444,0.5047499537467957,0.4464901387691498,-0.049952175468206406,0.6257269382476807,0.439409077167511,-0.06811361759901047,0.6964552402496338,0.43686309456825256,-0.0759243369102478,0.7492824792861938,0.4304450452327728,-0.07983465492725372,0.5002683997154236,0.506991446018219,-0.067145936191082,0.6171519756317139,0.5399979948997498,-0.08757897466421127,0.6843430995941162,0.548101544380188,-0.09834732860326767,0.7357245683670044,0.5459773540496826,-0.10460430383682251,0.4910300374031067,0.5770531892776489,-0.07957357168197632,0.5500019788742065,0.5958573818206787,-0.0832923874258995,0.5233187675476074,0.5879529118537903,-0.07154721766710281,0.49372097849845886,0.5784879922866821,-0.06431517004966736
E,0.34453529119491577,0.5688561201095581,5.761395414083381e-07,0.40060150623321533,0.4834577143192291,0.02203742042183876,0.4792249798774719,0.45763352513313293,0.02123119868338108,0.5359735488891602,0.48924657702445984,0.01920432038605213,0.5751503705978394,0.5177520513534546,0.015746304765343666,0.5045323371887207,0.3972797691822052,-0.02574336528778076,0.5910370349884033,0.35405293107032776,-0.03588149696588516,0.6460197567939758,0.33361637592315674,-0.037807971239089966,0.690233051776886,0.3124810457229614,-0.039523739367723465,0.5049044489860535,0.44661471247673035,-0.04815221205353737,0.6261525750160217,0.44065287709236145,-0.0664660856127739,0.6970967054367065,0.4382097125053406,-0.07472066581249237,0.7502622604370117,0.43129655718803406,-0.07872022688388824,0.500551164150238,0.5071083307266235,-0.06510969251394272,0.6168626546859741,0.5397789478302002,-0.08550725877285004,0.6836082339286804,0.548653244972229,-0.09614779055118561,0.7345232963562012,0.5469489693641663,-0.10212346166372299,0.4911448061466217,0.5772747993469238,-0.07739417999982834,0.5502647161483765,0.5963120460510254,-0.08150789141654968,0.523506224155426,0.5889925360679626,-0.06984958052635193,0.49399760365486145,0.5799805521965027,-0.062367625534534454
E,0.3452332317829132,0.5698875188827515,5.662474791279237e-07,0.40048307180404663,0.4827095568180084,0.023470863699913025,0.47888946533203125,0.45724886655807495,0.023098623380064964,0.5359888076782227,0.4880746304988861,0.021370379254221916,0.5766828060150146,0.51726233959198,0.018160486593842506,0.5054386854171753,0.3967834711074829,-0.026886526495218277,0.5917503833770752,0.3531147837638855,-0.037482257932424545,0.6472647190093994,0.3321295380592346,-0.03960093855857849,0.6914699077606201,0.3112229108810425,-0.04122794046998024,0.5056115388870239,0.4470961093902588,-0.04977017268538475,0.626359224319458,0.4412376880645752,-0.06800138205289841,0.6972774863243103,0.4371435046195984,-0.07615304738283157,0.7499825358390808,0.428369402885437,-0.08027705550193787,0.5014709234237671,0.5079526305198669,-0.06692463904619217,0.6180621981620789,0.5417206883430481,-0.08632420003414154,0.6842987537384033,0.549440860748291,-0.09590109437704086,0.7343665957450867,0.5461130738258362,-0.10135786980390549,0.4920695126056671,0.5773961544036865,-0.0793098583817482,0.5508143305778503,0.5957294702529907,-0.08130201697349548,0.5250401496887207,0.5880916714668274,-0.06841769069433212,0.4959181547164917,0.5782528519630432,-0.060342930257320404
E,0.34423714876174927,0.5694098472595215,5.732924250878568e-07,0.4002934694290161,0.48327183723449707,0.022390957921743393,0.47878676652908325,0.4580841660499573,0.021617554128170013,0.5357187986373901,0.49098560214042664,0.01959882862865925,0.5747228860855103,0.520767092704773,0.016097819432616234,0.504572331905365,0.3967519700527191,-0.02644987590610981,0.5919878482818604,0.3537544906139374,-0.036177635192871094,0.6470945477485657,0.3329004645347595,-0.03781785070896149,0.6912164688110352,0.3119291663169861,-0.039373766630887985,0.5050361752510071,0.4468475878238678,-0.048805221915245056,0.6261043548583984,0.44060608744621277,-0.06646377593278885,0.6967693567276001,0.43622255325317383,-0.07481136918067932,0.7493840456008911,0.42770862579345703,-0.07938667386770248,0.5008150339126587,0.5076903700828552,-0.06551551073789597,0.6188770532608032,0.5412321090698242,-0.08476105332374573,0.6850178241729736,0.5487867593765259,-0.09484830498695374,0.7348902225494385,0.5456442832946777,-0.10092299431562424,0.4915705919265747,0.5771406292915344,-0.07753529399633408,0.5518181324005127,0.5944119095802307,-0.08051957190036774,0.5256973505020142,0.5866119861602783,-0.06853751093149185,0.49662286043167114,0.5763267278671265,-0.061176598072052
E,0.3456818461418152,0.568455696105957,5.715900215363945e-07,0.4019111096858978,0.4830246567726135,0.02290862798690796,0.48009684681892395,0.4576989412307739,0.022545605897903442,0.5370050668716431,0.48871979117393494,0.020716913044452667,0.5776379108428955,0.5170608162879944,0.01741565205156803,0.5061307549476624,0.3962172269821167,-0.025216825306415558,0.5922059416770935,0.35294851660728455,-0.03535003215074539,0.6472989320755005,0.3330000638961792,-0.03700277581810951,0.6912186741828918,0.31304290890693665,-0.038348183035850525,0.5064091682434082,0.44479092955589294,-0.04801406338810921,0.6272488832473755,0.4398873746395111,-0.0657191276550293,0.6977112293243408,0.4362138509750366,-0.07362902164459229,0.750045120716095,0.42790544033050537,-0.0775417685508728,0.5020295977592468,0.5047698020935059,-0.06534091383218765,0.619186520576477,0.5415875911712646,-0.08430086076259613,0.684765636920929,0.5494294762611389,-0.09407735615968704,0.7344682812690735,0.5452406406402588,-0.0999048501253128,0.4920806884765625,0.5741316080093384,-0.07807417213916779,0.5496501326560974,0.5970506072044373,-0.08089230954647064,0.5232252478599548,0.5904241800308228,-0.06906509399414062,0.49428313970565796,0.5797678828239441,-0.0616893507540226
E,0.34699615836143494,0.5702441930770874,5.815579129375692e-07,0.4014332890510559,0.48426496982574463,0.020389286801218987,0.4784436821937561,0.4560515582561493,0.018823375925421715,0.5362342000007629,0.48439303040504456,0.016157861799001694,0.576720654964447,0.5120516419410706,0.012155961245298386,0.5049017071723938,0.397641658782959,-0.02808278053998947,0.5915004014968872,0.3535083532333374,-0.03906062990427017,0.647037148475647,0.33282583951950073,-0.041290413588285446,0.6911118030548096,0.3125004768371582,-0.04281386733055115,0.5055193901062012,0.4468088150024414,-0.04961628466844559,0.6271345019340515,0.442717581987381,-0.06767938286066055,0.6980684399604797,0.43780189752578735,-0.07553417980670929,0.7504463195800781,0.42829006910324097,-0.07941191643476486,0.5015131235122681,0.5070885419845581,-0.06577712297439575,0.6204001903533936,0.5437337160110474,-0.08443547040224075,0.685912549495697,0.5492459535598755,-0.09320183843374252,0.7349960803985596,0.5429543256759644,-0.09834658354520798,0.49176621437072754,0.575985312461853,-0.07766975462436676,0.5517126321792603,0.5979090332984924,-0.08024545013904572,0.5261305570602417,0.5902946591377258,-0.06776989251375198,0.49697214365005493,0.5788607001304626,-0.05986587703227997
E,0.3477051258087158,0.571709156036377,5.881362312720739e-07,0.4008595049381256,0.4839399755001068,0.01922682300209999,0.4787966310977936,0.4551835060119629,0.017567429691553116,0.5374278426170349,0.4843624234199524,0.015117188915610313,0.5782332420349121,0.5134912729263306,0.011295628733932972,0.504752516746521,0.39737480878829956,-0.028465576469898224,0.5907268524169922,0.354103147983551,-0.03915924206376076,0.6463054418563843,0.33294135332107544,-0.041623637080192566,0.6904035806655884,0.3121979534626007,-0.04353673383593559,0.5060431957244873,0.4470716416835785,-0.04923812299966812,0.6272588968276978,0.4441670775413513,-0.06569411605596542,0.6976768374443054,0.43886691331863403,-0.07334919273853302,0.7497414350509644,0.429145485162735,-0.07763446867465973,0.5022815465927124,0.5074717998504639,-0.0647839605808258,0.6210595369338989,0.545569658279419,-0.08237726986408234,0.6862438917160034,0.5498510003089905,-0.09182251989841461,0.7349221706390381,0.5428887605667114,-0.09800548851490021,0.49277734756469727,0.5762322545051575,-0.07619564235210419,0.550571084022522,0.5988280773162842,-0.07910902798175812,0.5244940519332886,0.5904348492622375,-0.06783591955900192,0.49549296498298645,0.5783085227012634,-0.06099262833595276
E,0.3473912477493286,0.5701497793197632,5.973760153210605e-07,0.40008097887039185,0.4829047620296478,0.01914042793214321,0.4777052104473114,0.4529009461402893,0.017595533281564713,0.5363365411758423,0.47952207922935486,0.015352468937635422,0.57718825340271,0.5067527890205383,0.011669279076159,0.5047951340675354,0.3967439532279968,-0.028475385159254074,0.5908584594726562,0.35204601287841797,-0.03957005590200424,0.6471838355064392,0.33184534311294556,-0.04231800138950348,0.6915238499641418,0.31227248907089233,-0.04412286356091499,0.5062355399131775,0.44661712646484375,-0.049109239131212234,0.6286959052085876,0.44537147879600525,-0.06464133411645889,0.6992659568786621,0.44209712743759155,-0.0712180808186531,0.7510451078414917,0.4340584874153137,-0.0745009183883667,0.5023624897003174,0.5071284770965576,-0.06472304463386536,0.6203442215919495,0.5445161461830139,-0.08100522309541702,0.6858957409858704,0.5491499304771423,-0.0898241475224495,0.7350543737411499,0.5431550145149231,-0.09565188735723495,0.49234217405319214,0.5760860443115234,-0.07635892927646637,0.5500640273094177,0.600286602973938,-0.07808393985033035,0.5253215432167053,0.5927131772041321,-0.06628856807947159,0.4974384605884552,0.5821804404258728,-0.05906533822417259
E,0.3480071425437927,0.5709496140480042,6.080788352846866e-07,0.40041160583496094,0.4844626188278198,0.01706758886575699,0.477634996175766,0.4525355398654938,0.014730020426213741,0.5362623333930969,0.47695156931877136,0.012003974989056587,0.5771539807319641,0.5025008320808411,0.007974944077432156,0.5044681429862976,0.39666229486465454,-0.03005516715347767,0.5905864238739014,0.3522453308105469,-0.04181891307234764,0.6467980146408081,0.33210986852645874,-0.044850997626781464,0.690979540348053,0.31285735964775085,-0.04673871397972107,0.5061023831367493,0.4464746117591858,-0.049888335168361664,0.6291415691375732,0.44667303562164307,-0.06598040461540222,0.6997233629226685,0.4435884654521942,-0.072699174284935,0.7516900897026062,0.4355747103691101,-0.07592937350273132,0.5021957755088806,0.5067740082740784,-0.0648777037858963,0.6199583411216736,0.5447831153869629,-0.08119795471429825,0.6851050853729248,0.548235297203064,-0.08988957107067108,0.734319806098938,0.540981113910675,-0.09568601846694946,0.49170923233032227,0.5751714110374451,-0.07618165761232376,0.5491504073143005,0.6011831760406494,-0.07849780470132828,0.5250759124755859,0.593824028968811,-0.06711211800575256,0.4980321526527405,0.5829256176948547,-0.060040004551410675
E,0.3462076783180237,0.5703691244125366,5.886124654352898e-07,0.39981526136398315,0.48450544476509094,0.02042294479906559,0.4771372079849243,0.4555392265319824,0.019421756267547607,0.5353286266326904,0.48420676589012146,0.017474789172410965,0.5756319165229797,0.5128483772277832,0.014158499427139759,0.5040403008460999,0.39808037877082825,-0.027006514370441437,0.5909498333930969,0.35341304540634155,-0.03773093223571777,0.6471226215362549,0.3324165344238281,-0.03998669981956482,0.6913381218910217,0.3116779327392578,-0.04147777706384659,0.505155622959137,0.44694724678993225,-0.048253871500492096,0.6273633241653442,0.4463174343109131,-0.06471293419599533,0.6983126997947693,0.44292208552360535,-0.0716652199625969,0.7503430247306824,0.43454524874687195,-0.0748751237988472,0.5017498135566711,0.5068955421447754,-0.06438096612691879,0.6185452938079834,0.5447695255279541,-0.08169656246900558,0.6843779683113098,0.5501893758773804,-0.09099524468183517,0.7341291904449463,0.5441433191299438,-0.09672902524471283,0.4924798309803009,0.5757716298103333,-0.07633606344461441,0.5485524535179138,0.6003279089927673,-0.07851381599903107,0.5219652056694031,0.5929797887802124,-0.06672997027635574,0.4923647940158844,0.582421600818634,-0.0593041330575943
E,0.346757173538208,0.5677722692489624,5.864952754564001e-07,0.4018847644329071,0.48058199882507324,0.020543033257126808,0.4802128076553345,0.4544312059879303,0.018856218084692955,0.5378420352935791,0.48534536361694336,0.016413355246186256,0.5778812170028687,0.5137876868247986,0.012458574958145618,0.505239725112915,0.39555683732032776,-0.02932159975171089,0.5918283462524414,0.35257261991500854,-0.03908011317253113,0.6467248201370239,0.3321666717529297,-0.04059559851884842,0.6907016634941101,0.31186532974243164,-0.04203701391816139,0.5064848065376282,0.44662660360336304,-0.05053381249308586,0.6274784207344055,0.4421268403530121,-0.06704815477132797,0.6976868510246277,0.43792524933815,-0.07462940365076065,0.7498759031295776,0.42976367473602295,-0.07899247109889984,0.502123236656189,0.50808185338974,-0.06610270589590073,0.6198111176490784,0.5427635908126831,-0.08385392278432846,0.685529351234436,0.5486099720001221,-0.09351866692304611,0.7347999215126038,0.5444419384002686,-0.09989038854837418,0.4923158884048462,0.5774563550949097,-0.07721807062625885,0.5507068037986755,0.5972180366516113,-0.07950965315103531,0.5253268480300903,0.5892038345336914,-0.06779640167951584,0.49696576595306396,0.5787261128425598,-0.06092262640595436
E,0.34769850969314575,0.5684800744056702,5.738456820836291e-07,0.4019744396209717,0.48281896114349365,0.02110368013381958,0.47869744896888733,0.45444440841674805,0.01991088315844536,0.5358622074127197,0.4818786084651947,0.017832012847065926,0.5761083960533142,0.5070222020149231,0.014382442459464073,0.506000280380249,0.3963768482208252,-0.02849133126437664,0.5926006436347961,0.35249650478363037,-0.03945078328251839,0.6477035284042358,0.3329859673976898,-0.04138176515698433,0.6914852857589722,0.31378674507141113,-0.04247595742344856,0.5058713555335999,0.4453635513782501,-0.05005442723631859,0.627042829990387,0.44108232855796814,-0.06892640888690948,0.6978064775466919,0.43680036067962646,-0.07676290720701218,0.7502973079681396,0.428164005279541,-0.08026359975337982,0.5015700459480286,0.5057322382926941,-0.06607214361429214,0.6187525391578674,0.5434789657592773,-0.0858156681060791,0.6840655207633972,0.5501941442489624,-0.09528733044862747,0.7333925366401672,0.5454360246658325,-0.10050784796476364,0.4916173815727234,0.574759304523468,-0.07756464928388596,0.5503675937652588,0.598791241645813,-0.08070678263902664,0.5235629081726074,0.5920177698135376,-0.06841178983449936,0.4936773180961609,0.581166684627533,-0.06043681874871254
E,0.3473365902900696,0.5687346458435059,5.796028403892706e-07,0.4016009271144867,0.4822017550468445,0.020903587341308594,0.4781028628349304,0.4537205398082733,0.020057283341884613,0.5359193086624146,0.4822123348712921,0.018303994089365005,0.5758531093597412,0.5078899264335632,0.015313327312469482,0.5048253536224365,0.397102028131485,-0.027806010097265244,0.5921540856361389,0.35275036096572876,-0.03848736733198166,0.6475478410720825,0.33220186829566956,-0.04012370482087135,0.6914471387863159,0.31244170665740967,-0.04116986319422722,0.5057870149612427,0.44662436842918396,-0.04920301213860512,0.6273590922355652,0.4421815574169159,-0.06753921508789062,0.6984944343566895,0.43697673082351685,-0.07552028447389603,0.7507601380348206,0.42880821228027344,-0.07941579073667526,0.5022156238555908,0.5072351694107056,-0.06513606756925583,0.6192657351493835,0.5450273752212524,-0.08387891948223114,0.6844522356987,0.5512288212776184,-0.09347053617238998,0.7335867881774902,0.5469766855239868,-0.09916497021913528,0.49272409081459045,0.5758016109466553,-0.07669894397258759,0.5494096875190735,0.5988242626190186,-0.07972883433103561,0.5228396058082581,0.5905918478965759,-0.0683983564376831,0.49354246258735657,0.5791448354721069,-0.06124309450387955
E,0.34794557094573975,0.5703482031822205,5.758430461355601e-07,0.40074238181114197,0.4831453263759613,0.01895608939230442,0.47683870792388916,0.4506634473800659,0.017570659518241882,0.5354698300361633,0.473532110452652,0.015883762389421463,0.5776431560516357,0.49686968326568604,0.013161911629140377,0.5043894648551941,0.3977130055427551,-0.030681956559419632,0.5913893580436707,0.3533083200454712,-0.041720855981111526,0.6469564437866211,0.33278346061706543,-0.043484967201948166,0.6908986568450928,0.31224966049194336,-0.04439421743154526,0.5053747296333313,0.4480609595775604,-0.05075491592288017,0.6279104351997375,0.44526466727256775,-0.06881553679704666,0.6992145776748657,0.4400123357772827,-0.07592516392469406,0.7514904737472534,0.4299190640449524,-0.07906641811132431,0.501973032951355,0.5087552666664124,-0.06541156768798828,0.6184068918228149,0.5479789972305298,-0.08310354501008987,0.6839350461959839,0.553270697593689,-0.09131089597940445,0.7331794500350952,0.547463059425354,-0.09606214612722397,0.4922681450843811,0.5767109990119934,-0.07598117738962173,0.549885094165802,0.5996468663215637,-0.07763445377349854,0.5243337154388428,0.5906867980957031,-0.06508743762969971,0.4953532814979553,0.5786696672439575,-0.05707024782896042
E,0.34711331129074097,0.5692675709724426,5.819289867758926e-07,0.40191885828971863,0.4814722537994385,0.019846655428409576,0.479351282119751,0.4527374804019928,0.018482355400919914,0.5378556251525879,0.4813951849937439,0.01638416014611721,0.5784592032432556,0.5083355903625488,0.01307624951004982,0.5052831172943115,0.3965996503829956,-0.028766345232725143,0.5914902687072754,0.35306572914123535,-0.039671480655670166,0.6470076441764832,0.3321881890296936,-0.04217859357595444,0.6912317276000977,0.311892569065094,-0.044149789959192276,0.5064783692359924,0.4477386474609375,-0.04988079145550728,0.6270381808280945,0.44305485486984253,-0.06776619702577591,0.6975630521774292,0.43687373399734497,-0.07629217952489853,0.7497801780700684,0.4271726608276367,-0.08115994185209274,0.5027976036071777,0.509459912776947,-0.06559628993272781,0.6206181049346924,0.5468080639839172,-0.08401443064212799,0.6847357749938965,0.5525686740875244,-0.09339745342731476,0.7328121066093445,0.5473906397819519,-0.09934131801128387,0.49306339025497437,0.5786032676696777,-0.07708707451820374,0.5517021417617798,0.599564790725708,-0.08031291514635086,0.525664746761322,0.5907070636749268,-0.06900963187217712,0.4967917501926422,0.5784314870834351,-0.06208888441324234
E,0.34774112701416016,0.5693066120147705,5.818104114041489e-07,0.40172746777534485,0.4816807210445404,0.01854291558265686,0.4789930582046509,0.45112666487693787,0.01674054190516472,0.5373547673225403,0.4759827256202698,0.014578670263290405,0.5784196853637695,0.49987855553627014,0.0113559290766716,0.5049354434013367,0.39638644456863403,-0.030806057155132294,0.5921023488044739,0.352597713470459,-0.04207165539264679,0.6481214761734009,0.33181560039520264,-0.04437903314828873,0.6924031376838684,0.3113479018211365,-0.045978810638189316,0.5060445070266724,0.44764652848243713,-0.05116109922528267,0.6271858215332031,0.44226163625717163,-0.06999412178993225,0.6981475353240967,0.43610700964927673,-0.07833463698625565,0.7503399848937988,0.4259875416755676,-0.08263951539993286,0.5024248361587524,0.5092793703079224,-0.0660824105143547,0.6193388104438782,0.5448641777038574,-0.08458014577627182,0.6842934489250183,0.5511083006858826,-0.09281771630048752,0.7332943677902222,0.5464630126953125,-0.09773185849189758,0.49249401688575745,0.5782751441001892,-0.07692369818687439,0.5522812604904175,0.5995016098022461,-0.0791817232966423,0.5271270871162415,0.5915096998214722,-0.06648117303848267,0.49841049313545227,0.5798807144165039,-0.05852188169956207
E,0.34876537322998047,0.5703893899917603,5.77979335503187e-07,0.402068555355072,0.48160725831985474,0.019183361902832985,0.47904643416404724,0.4518464505672455,0.017825840041041374,0.5380015969276428,0.4784943163394928,0.0158663559705019,0.5798020958900452,0.5040364265441895,0.012730085290968418,0.5052481293678284,0.39662691950798035,-0.029477683827280998,0.5916580557823181,0.3533419370651245,-0.04034300148487091,0.6473519802093506,0.33275288343429565,-0.04267595335841179,0.6914689540863037,0.3127022385597229,-0.044420596212148666,0.5061575770378113,0.4474943280220032,-0.05019647255539894,0.6277848482131958,0.4430060088634491,-0.06723690032958984,0.6985762119293213,0.4365571439266205,-0.07531065493822098,0.7506316304206848,0.4265875816345215,-0.07993612438440323,0.5022259950637817,0.5089788436889648,-0.06556914746761322,0.621044397354126,0.5463330745697021,-0.08324744552373886,0.6862390637397766,0.5505291223526001,-0.09250672161579132,0.7347337007522583,0.543884813785553,-0.09855461120605469,0.4925869107246399,0.5779707431793213,-0.07679972797632217,0.5511089563369751,0.5991857051849365,-0.08001812547445297,0.525692343711853,0.5897125601768494,-0.06897091120481491,0.49696865677833557,0.5766401886940002,-0.06219916045665741
E,0.3474994897842407,0.5702371001243591,5.832886245116242e-07,0.40232399106025696,0.48211318254470825,0.021374158561229706,0.47954848408699036,0.45428645610809326,0.020642129704356194,0.5379078984260559,0.4842609167098999,0.018754610791802406,0.5787606239318848,0.5120213031768799,0.015637079253792763,0.5054708123207092,0.39611971378326416,-0.026609227061271667,0.5912714600563049,0.35339048504829407,-0.037497542798519135,0.6465128660202026,0.33256083726882935,-0.040093813091516495,0.6906441450119019,0.31237176060676575,-0.04216029867529869,0.5058111548423767,0.4456358850002289,-0.048574816435575485,0.6264192461967468,0.4416677951812744,-0.06651317328214645,0.6971635818481445,0.43630725145339966,-0.07553987205028534,0.7494900822639465,0.4278997480869293,-0.08074847608804703,0.5018594264984131,0.5068723559379578,-0.06511519849300385,0.6197888255119324,0.5452784299850464,-0.08396099507808685,0.6845792531967163,0.551701009273529,-0.09419071674346924,0.7330939769744873,0.5468565225601196,-0.10064813494682312,0.49291130900382996,0.57642662525177,-0.07725656032562256,0.5500694513320923,0.5990331172943115,-0.08109980821609497,0.523617148399353,0.591134786605835,-0.07062100619077682,0.49493783712387085,0.5791612267494202,-0.06419165432453156
E,0.3481541574001312,0.5711604952812195,5.912348228775954e-07,0.40299999713897705,0.4822896718978882,0.021216310560703278,0.47917991876602173,0.45566320419311523,0.019818400964140892,0.536712646484375,0.4898545742034912,0.01731409691274166,0.5752724409103394,0.5201814770698547,0.01356528326869011,0.503995954990387,0.3978099524974823,-0.02790096215903759,0.5912644863128662,0.35394906997680664,-0.03917529061436653,0.6467251777648926,0.3329416513442993,-0.04202995449304581,0.6910449266433716,0.3131498694419861,-0.04428330063819885,0.5045593976974487,0.4486294686794281,-0.049797508865594864,0.6252972483634949,0.44317641854286194,-0.0690523236989975,0.6963677406311035,0.43693792819976807,-0.07885939627885818,0.7489749193191528,0.4283624291419983,-0.08458743244409561,0.5010957717895508,0.5100070238113403,-0.06613777577877045,0.6190670728683472,0.5454198718070984,-0.08665952831506729,0.6837531328201294,0.5514777302742004,-0.09780042618513107,0.7322207689285278,0.54764324426651,-0.1045517697930336,0.4926084280014038,0.5783236026763916,-0.07787693291902542,0.5504783987998962,0.5954806804656982,-0.08290482312440872,0.5233970284461975,0.5866790413856506,-0.07268767058849335,0.49404460191726685,0.5756996870040894,-0.06632648408412933
E,0.34851932525634766,0.5709909200668335,5.896391144233348e-07,0.4031643569469452,0.48247528076171875,0.020800970494747162,0.47942453622817993,0.45542317628860474,0.01925705559551716,0.537289559841156,0.48843392729759216,0.01671448163688183,0.5765163898468018,0.5182129144668579,0.012978695333003998,0.5044953227043152,0.39800918102264404,-0.02838989906013012,0.5912607312202454,0.3538740277290344,-0.039866115897893906,0.646713137626648,0.3327885866165161,-0.042856018990278244,0.6910563707351685,0.3127358555793762,-0.045136693865060806,0.5047582983970642,0.4484719932079315,-0.050078943371772766,0.6254332065582275,0.44298869371414185,-0.06933654844760895,0.6964241862297058,0.4367910325527191,-0.07880550622940063,0.7489042282104492,0.42787688970565796,-0.0842093899846077,0.5010557770729065,0.509684145450592,-0.06626924127340317,0.6194663643836975,0.5455204248428345,-0.08678948879241943,0.6839574575424194,0.5514494776725769,-0.09739837795495987,0.7320415377616882,0.5468829870223999,-0.10368072241544724,0.4922197163105011,0.5781265497207642,-0.07790853828191757,0.5514177083969116,0.5958870649337769,-0.0826997309923172,0.5245147943496704,0.5871793031692505,-0.071923166513443,0.4948258697986603,0.5758601427078247,-0.06511852890253067
E,0.34683993458747864,0.5696122050285339,5.846445105817111e-07,0.4021643102169037,0.482783704996109,0.02302565984427929,0.47985923290252686,0.4579477608203888,0.022449098527431488,0.5368348360061646,0.49212124943733215,0.02047855406999588,0.5757781863212585,0.5221089124679565,0.01704554632306099,0.505598247051239,0.39596080780029297,-0.02627336047589779,0.5917050838470459,0.35313284397125244,-0.03690280392765999,0.646833062171936,0.33196401596069336,-0.03924310579895973,0.6909067630767822,0.3115399479866028,-0.04129572585225105,0.5060051083564758,0.44548559188842773,-0.049165185540914536,0.6261246800422668,0.439922571182251,-0.06769100576639175,0.6961807012557983,0.4343811869621277,-0.07684394717216492,0.7481493949890137,0.42576634883880615,-0.0820624977350235,0.5020267367362976,0.5063398480415344,-0.0663885846734047,0.6201486587524414,0.5439441204071045,-0.08654269576072693,0.6850001811981201,0.5504021048545837,-0.09739616513252258,0.7335494756698608,0.545681893825531,-0.1040106862783432,0.49288204312324524,0.5756885409355164,-0.07884428650140762,0.5497730374336243,0.5969465374946594,-0.08310646563768387,0.5225977897644043,0.5895232558250427,-0.07235421985387802,0.4933953583240509,0.5784019827842712,-0.06574692577123642
E,0.3468584418296814,0.5704935193061829,5.857897349414998e-07,0.4017446041107178,0.4819281995296478,0.021144460886716843,0.47935858368873596,0.4549388289451599,0.02031451277434826,0.5373392701148987,0.48570868372917175,0.018362363800406456,0.5781888961791992,0.5139589309692383,0.015325160697102547,0.5045506954193115,0.3971431851387024,-0.026986487209796906,0.591056227684021,0.352560818195343,-0.03837018087506294,0.6474121809005737,0.3317932188510895,-0.04130646586418152,0.6918813586235046,0.3124522566795349,-0.04333467781543732,0.5057024955749512,0.44768744707107544,-0.04872240871191025,0.6265997290611267,0.4423384964466095,-0.06706172972917557,0.6977220773696899,0.43604761362075806,-0.07601182162761688,0.7497460246086121,0.42650657892227173,-0.08087759464979172,0.502572774887085,0.5090097188949585,-0.06508129835128784,0.6196434497833252,0.5452291965484619,-0.08382204174995422,0.6843742728233337,0.5504873394966125,-0.09356042742729187,0.7327548861503601,0.5447790026664734,-0.09951680153608322,0.49362248182296753,0.5777869820594788,-0.07710915058851242,0.5507441759109497,0.5985824465751648,-0.07983393222093582,0.5243890285491943,0.5901460647583008,-0.0682080015540123,0.4951099157333374,0.5782938003540039,-0.060982801020145416
E,0.34638088941574097,0.569702684879303,5.931235591560835e-07,0.40080565214157104,0.4808458089828491,0.020344356074929237,0.4788902997970581,0.45461177825927734,0.019012674689292908,0.5367854833602905,0.4860057234764099,0.016809294000267982,0.5774049758911133,0.5142713785171509,0.013521414250135422,0.5042105913162231,0.396026611328125,-0.02878904528915882,0.5902593731880188,0.3527502119541168,-0.04002152010798454,0.6467108130455017,0.3316454291343689,-0.04307020455598831,0.6913996934890747,0.3120235204696655,-0.045542653650045395,0.5060552954673767,0.4474026560783386,-0.05007855221629143,0.6264482140541077,0.4407682418823242,-0.0685051679611206,0.6973759531974792,0.4338970184326172,-0.07814968377351761,0.7492277026176453,0.4245187044143677,-0.08397382497787476,0.5027870535850525,0.509023129940033,-0.06575795263051987,0.6209475994110107,0.5443191528320312,-0.08384857326745987,0.6852709650993347,0.550162136554718,-0.09287270158529282,0.733100414276123,0.5455266833305359,-0.09882040321826935,0.49387791752815247,0.5778815746307373,-0.0772198736667633,0.5510348081588745,0.5979612469673157,-0.07967860251665115,0.5246256589889526,0.589934229850769,-0.06791368126869202,0.4953947961330414,0.5782946944236755,-0.06083735451102257
E,0.3470027446746826,0.5692952275276184,5.764222805737518e-07,0.40073877573013306,0.48116612434387207,0.020381486043334007,0.47745901346206665,0.45217663049697876,0.01918315328657627,0.5349941253662109,0.47949355840682983,0.01706324703991413,0.5755285620689392,0.5067614912986755,0.01374553982168436,0.5051479935646057,0.3958999812602997,-0.02861682139337063,0.5906966924667358,0.3527066111564636,-0.04031924903392792,0.6467331051826477,0.3318299651145935,-0.043381012976169586,0.6909217834472656,0.31184709072113037,-0.04549920931458473,0.5065580606460571,0.4465824067592621,-0.04997236654162407,0.6262130737304688,0.4423709809780121,-0.06844086945056915,0.6968901753425598,0.43744778633117676,-0.07659502327442169,0.7487446069717407,0.42823413014411926,-0.08071798086166382,0.5030796527862549,0.5075522065162659,-0.06599704176187515,0.6191335320472717,0.5430203080177307,-0.08476553112268448,0.6840387582778931,0.5507451295852661,-0.09341144561767578,0.7329775094985962,0.54738849401474,-0.09843283891677856,0.4934409260749817,0.5768669247627258,-0.07778741419315338,0.550036609172821,0.5978211760520935,-0.08044995367527008,0.52390056848526,0.5904257893562317,-0.06813004612922668,0.49451979994773865,0.5801345109939575,-0.060216594487428665
E,0.34683459997177124,0.569739580154419,5.852488698110392e-07,0.40033572912216187,0.4826608896255493,0.01949560083448887,0.4767395853996277,0.4530171751976013,0.018203962594270706,0.5343276262283325,0.4802529811859131,0.01612347550690174,0.5741909742355347,0.507434606552124,0.012932147830724716,0.5049723982810974,0.39621520042419434,-0.02803320437669754,0.5904787182807922,0.35204237699508667,-0.03942891210317612,0.6463428735733032,0.3315519690513611,-0.04233800247311592,0.6905293464660645,0.3119508922100067,-0.04440503194928169,0.5063316822052002,0.4462399184703827,-0.04896994307637215,0.6262045502662659,0.44143572449684143,-0.06795571744441986,0.6968916654586792,0.4362969398498535,-0.07655058801174164,0.7486662268638611,0.42745092511177063,-0.08085564523935318,0.5026322603225708,0.5071761608123779,-0.06464691460132599,0.6194252967834473,0.5436663031578064,-0.08371733874082565,0.6840110421180725,0.5509184002876282,-0.09247469156980515,0.7324323654174805,0.547324538230896,-0.09745366126298904,0.49247801303863525,0.576409101486206,-0.07619532197713852,0.5506196022033691,0.5979945063591003,-0.07951170206069946,0.5244786143302917,0.5908300876617432,-0.06742388010025024,0.4950452148914337,0.5804648995399475,-0.05952920392155647
E,0.34722211956977844,0.5699204206466675,5.819979378429707e-07,0.40142732858657837,0.482536256313324,0.019289975985884666,0.47956427931785583,0.45409151911735535,0.017770355567336082,0.5378583669662476,0.4820497930049896,0.015564012341201305,0.5789180397987366,0.5084761381149292,0.012350614182651043,0.5056487917900085,0.3956797420978546,-0.028835676610469818,0.5911558866500854,0.35246849060058594,-0.040389128029346466,0.6469437479972839,0.33155354857444763,-0.04348259046673775,0.6913008093833923,0.3115330934524536,-0.045877762138843536,0.506452739238739,0.445364773273468,-0.0498657152056694,0.6262596249580383,0.4401359558105469,-0.06841988116502762,0.6967307329177856,0.43516427278518677,-0.07726303488016129,0.7486629486083984,0.42636674642562866,-0.08222244679927826,0.5027672052383423,0.5063990950584412,-0.06565496325492859,0.6192227602005005,0.5424262285232544,-0.08449332416057587,0.6839230060577393,0.550244152545929,-0.09358766674995422,0.7325767278671265,0.5468757152557373,-0.09924407303333282,0.4936944246292114,0.5758090019226074,-0.07734207063913345,0.5504843592643738,0.5965091586112976,-0.0806463435292244,0.5242229104042053,0.5891215205192566,-0.0691772848367691,0.49524515867233276,0.577965259552002,-0.062072109431028366
E,0.3473096489906311,0.5692987442016602,5.913902896281797e-07,0.40322399139404297,0.4827706217765808,0.020961051806807518,0.48099589347839355,0.45635607838630676,0.019801532849669456,0.5379682183265686,0.4898884892463684,0.017593204975128174,0.5774380564689636,0.5191062092781067,0.01432664692401886,0.5055521726608276,0.39613717794418335,-0.0268024243414402,0.5916275382041931,0.352529913187027,-0.03756212443113327,0.6470074653625488,0.33204180002212524,-0.03998102247714996,0.6913281679153442,0.3123863935470581,-0.04203987494111061,0.5056940317153931,0.4452205300331116,-0.04864190146327019,0.6253071427345276,0.44073379039764404,-0.06819631159305573,0.6961663961410522,0.4357271194458008,-0.07802426069974899,0.7485992908477783,0.4268438220024109,-0.08346563577651978,0.5020340085029602,0.5055704116821289,-0.06500943005084991,0.618751049041748,0.5435940027236938,-0.08560860902070999,0.6839748620986938,0.5505405068397522,-0.0966489240527153,0.7329105734825134,0.5457708239555359,-0.10321421176195145,0.49349334836006165,0.5739929676055908,-0.07686911523342133,0.5496454834938049,0.5956018567085266,-0.08163916319608688,0.5220137238502502,0.5882474184036255,-0.07122006267309189,0.49212881922721863,0.5770720839500427,-0.06467768549919128
E,0.34902793169021606,0.5719038248062134,5.816380621581629e-07,0.4032927453517914,0.48189467191696167,0.02060798741877079,0.47992855310440063,0.45360249280929565,0.01967344433069229,0.5379732847213745,0.4853195250034332,0.01815970242023468,0.5779456496238708,0.5137092471122742,0.015696367248892784,0.5058779120445251,0.3970467448234558,-0.029094627127051353,0.5920808911323547,0.3525225520133972,-0.04014655202627182,0.6473861932754517,0.33200645446777344,-0.04289279505610466,0.6916595697402954,0.3120039105415344,-0.04499075189232826,0.504999577999115,0.44812676310539246,-0.05011516809463501,0.6259557604789734,0.4422614574432373,-0.06998422741889954,0.6972009539604187,0.43620485067367554,-0.07988937199115753,0.7495118379592896,0.4267027974128723,-0.08546397089958191,0.5013666152954102,0.5100147128105164,-0.06549892574548721,0.6195000410079956,0.5477091073989868,-0.08614339679479599,0.6844913959503174,0.5528665781021118,-0.09715026617050171,0.7326328754425049,0.5475484132766724,-0.1035303920507431,0.4933956265449524,0.5779414772987366,-0.07627828419208527,0.5517935752868652,0.5947031378746033,-0.0807078629732132,0.5245887041091919,0.5844233632087708,-0.07020679861307144,0.495176762342453,0.5723298192024231,-0.0635657012462616
E,0.3463450074195862,0.5687772631645203,5.809260983369313e-07,0.4016733169555664,0.4825327396392822,0.020170902833342552,0.4780774712562561,0.45446836948394775,0.019663941115140915,0.5366446375846863,0.48540663719177246,0.018414732068777084,0.5774261355400085,0.5134586691856384,0.016138002276420593,0.5051315426826477,0.3980920612812042,-0.027519986033439636,0.591292142868042,0.35391297936439514,-0.03872948884963989,0.6467040181159973,0.33270442485809326,-0.041532084345817566,0.691004753112793,0.3125576972961426,-0.043653786182403564,0.5055881142616272,0.4478486478328705,-0.04845740646123886,0.6267052292823792,0.44283899664878845,-0.06671394407749176,0.6976577043533325,0.436530202627182,-0.07577326148748398,0.7497414350509644,0.4277559816837311,-0.0809108093380928,0.5021032691001892,0.5088780522346497,-0.06412027031183243,0.6201699376106262,0.5484891533851624,-0.08246362209320068,0.6840552091598511,0.5533959269523621,-0.09306798130273819,0.7319786548614502,0.5477811098098755,-0.09988052397966385,0.49276334047317505,0.5768305063247681,-0.07557732611894608,0.5476540327072144,0.5994461178779602,-0.07935216277837753,0.5204926133155823,0.5885583162307739,-0.06982017308473587,0.4916971027851105,0.5749435424804688,-0.06406109780073166
E,0.3483811020851135,0.5672624707221985,5.753693130827742e-07,0.40340277552604675,0.48079439997673035,0.023051436990499496,0.4811646044254303,0.4555180072784424,0.022261349484324455,0.537823498249054,0.48589888215065,0.020617637783288956,0.577761709690094,0.513038158416748,0.01772039383649826,0.5061143636703491,0.3955281376838684,-0.029430007562041283,0.5936930179595947,0.3517746925354004,-0.03884725272655487,0.6485016942024231,0.33070236444473267,-0.03904646262526512,0.6922730207443237,0.30967625975608826,-0.0394652895629406,0.5073061585426331,0.4454352557659149,-0.05137509107589722,0.6274170279502869,0.43587708473205566,-0.07048893719911575,0.6973803043365479,0.43007975816726685,-0.07830940186977386,0.7488953471183777,0.4212195575237274,-0.08207187801599503,0.5032048225402832,0.5063023567199707,-0.06709973514080048,0.618008017539978,0.5407139658927917,-0.08669392764568329,0.6841813325881958,0.5479507446289062,-0.09576982259750366,0.7342852354049683,0.5448935627937317,-0.10095196217298508,0.4936012625694275,0.5755217671394348,-0.07788865268230438,0.5499299764633179,0.5959658026695251,-0.07938548177480698,0.5235982537269592,0.5880088210105896,-0.06622613966464996,0.4945729970932007,0.5765788555145264,-0.05821915715932846
E,0.34648168087005615,0.570470929145813,5.867989898433734e-07,0.4019600749015808,0.48368915915489197,0.022334324195981026,0.48006486892700195,0.45864149928092957,0.022058214992284775,0.5380319952964783,0.492526113986969,0.020646393299102783,0.5787699222564697,0.5230240225791931,0.018276171758770943,0.5058916211128235,0.3966299295425415,-0.025495829060673714,0.5918920040130615,0.3535771667957306,-0.035810962319374084,0.6469364166259766,0.33301597833633423,-0.03819773718714714,0.691230297088623,0.31298568844795227,-0.04026995971798897,0.5056117177009583,0.4460671842098236,-0.04749658703804016,0.6264020204544067,0.44138678908348083,-0.06646614521741867,0.6976572871208191,0.43601351976394653,-0.07637475430965424,0.7503612041473389,0.4273964762687683,-0.08201570808887482,0.5017144083976746,0.5064008831977844,-0.06387147307395935,0.6190285086631775,0.5453816056251526,-0.08372132480144501,0.6841279864311218,0.551775336265564,-0.09492494910955429,0.7327178716659546,0.5466272830963135,-0.10172608494758606,0.49329909682273865,0.5740160942077637,-0.07560677081346512,0.5484237670898438,0.5963729023933411,-0.07931073755025864,0.5205643177032471,0.5883588790893555,-0.06883598864078522,0.49114638566970825,0.576371967792511,-0.06241808831691742
E,0.3471776247024536,0.5723872780799866,5.791675334876345e-07,0.4008474349975586,0.483529269695282,0.01938859559595585,0.48001378774642944,0.45606717467308044,0.01808808743953705,0.538847029209137,0.48630014061927795,0.016223855316638947,0.5803521871566772,0.5134698152542114,0.013282468542456627,0.5052300691604614,0.39505651593208313,-0.028699863702058792,0.5918338894844055,0.3519529104232788,-0.039161812514066696,0.6473938226699829,0.331651896238327,-0.04180511087179184,0.6916818022727966,0.3120785057544708,-0.04406861588358879,0.5051657557487488,0.4459250271320343,-0.04951495677232742,0.625874400138855,0.43982553482055664,-0.0667957067489624,0.6967089176177979,0.43385007977485657,-0.07629799842834473,0.7491443753242493,0.42468053102493286,-0.08238479495048523,0.5016958713531494,0.5078659653663635,-0.06494689732789993,0.6197941899299622,0.5450119376182556,-0.08345089107751846,0.684751033782959,0.5510684847831726,-0.09446302801370621,0.7328744530677795,0.5468192100524902,-0.10191775113344193,0.49399787187576294,0.5768832564353943,-0.07609514892101288,0.5508506298065186,0.5962816476821899,-0.07987332344055176,0.5243997573852539,0.5879244208335876,-0.07001712918281555,0.49567779898643494,0.5763713717460632,-0.06439857929944992
E,0.34582608938217163,0.5686577558517456,5.781686809314124e-07,0.400945246219635,0.4819914698600769,0.018755918368697166,0.4785006046295166,0.4538727402687073,0.017887400463223457,0.5369565486907959,0.48556986451148987,0.016540875658392906,0.5768046379089355,0.5140303373336792,0.014165117405354977,0.5039210915565491,0.3984939157962799,-0.027928249910473824,0.5912061929702759,0.354117751121521,-0.03839986026287079,0.646384596824646,0.33408123254776,-0.040589600801467896,0.6904552578926086,0.3147091865539551,-0.042240921407938004,0.5044283866882324,0.44970518350601196,-0.04812125116586685,0.6262487769126892,0.44582968950271606,-0.0648975595831871,0.6974323987960815,0.4400791823863983,-0.07296229898929596,0.7502204179763794,0.430658757686615,-0.07745760679244995,0.5013951063156128,0.5110440254211426,-0.06332454085350037,0.6178722381591797,0.5490903854370117,-0.08129379153251648,0.6827251315116882,0.5533142685890198,-0.09265755116939545,0.7317042350769043,0.5472319722175598,-0.10001803189516068,0.4929446280002594,0.5785192847251892,-0.07442833483219147,0.5469957590103149,0.599715530872345,-0.07827151566743851,0.5201735496520996,0.5885071754455566,-0.06927531212568283,0.491625040769577,0.5757217407226562,-0.06395650655031204
E,0.3474337160587311,0.5697083473205566,5.617845317829051e-07,0.40115004777908325,0.48196491599082947,0.02225976437330246,0.4800953269004822,0.4549262225627899,0.02204986661672592,0.5380368828773499,0.4833354651927948,0.02081066556274891,0.5789343118667603,0.5099090933799744,0.018237706273794174,0.5055246949195862,0.3949938416481018,-0.02695237100124359,0.5927872657775879,0.3527827262878418,-0.03686700016260147,0.6480323076248169,0.3317893147468567,-0.03808242082595825,0.6920976638793945,0.31058448553085327,-0.03920513764023781,0.5062466859817505,0.4445316195487976,-0.04906601458787918,0.6259601712226868,0.4357774555683136,-0.06671105325222015,0.6963378190994263,0.43087902665138245,-0.07443597912788391,0.7482932806015015,0.42192313075065613,-0.07847253233194351,0.502181351184845,0.5052715539932251,-0.06561776250600815,0.6165881752967834,0.5392337441444397,-0.08478333801031113,0.6822081804275513,0.5474563241004944,-0.09469081461429596,0.7317718863487244,0.5440128445625305,-0.10066675394773483,0.4929143488407135,0.5746351480484009,-0.07748648524284363,0.5489096641540527,0.5945371985435486,-0.07989262789487839,0.5228756666183472,0.5870391130447388,-0.06808557361364365,0.4939934313297272,0.5752814412117004,-0.06099879369139671
E,0.3479664921760559,0.5696595311164856,5.864436047886556e-07,0.40364769101142883,0.48458415269851685,0.01999865286052227,0.4818284809589386,0.45817527174949646,0.01880580373108387,0.5411826968193054,0.4906151294708252,0.016552474349737167,0.583503246307373,0.5194689631462097,0.01355171762406826,0.5049357414245605,0.39715099334716797,-0.02650175802409649,0.5917086601257324,0.3526657521724701,-0.03751661255955696,0.6467450857162476,0.33285075426101685,-0.039855048060417175,0.6906527280807495,0.31444674730300903,-0.04178432747721672,0.5042524337768555,0.4455402195453644,-0.04809974879026413,0.625183641910553,0.4417544901371002,-0.06721100956201553,0.69647216796875,0.43684452772140503,-0.0766194760799408,0.7492208480834961,0.42857128381729126,-0.08175713568925858,0.500720202922821,0.5053459405899048,-0.06465116888284683,0.6179523468017578,0.5453150868415833,-0.08445633202791214,0.6822073459625244,0.5521686673164368,-0.0957019254565239,0.7309000492095947,0.5469034314155579,-0.10270677506923676,0.49255427718162537,0.5732292532920837,-0.07700455188751221,0.5471965074539185,0.5978718996047974,-0.08193210512399673,0.5205153226852417,0.5885820388793945,-0.07314413040876389,0.49258649349212646,0.5748410224914551,-0.06787020713090897
E,0.3478444814682007,0.5717335939407349,5.922842660766037e-07,0.4029536545276642,0.4859236180782318,0.01896526850759983,0.4806806445121765,0.4577615261077881,0.017558809369802475,0.5396938323974609,0.49009162187576294,0.015200567431747913,0.5801434516906738,0.5198907256126404,0.011949755251407623,0.5054035782814026,0.39961037039756775,-0.026092953979969025,0.5915045738220215,0.3554843068122864,-0.03705228120088577,0.6461963057518005,0.33573177456855774,-0.039685312658548355,0.6898927092552185,0.31686660647392273,-0.041789643466472626,0.5045451521873474,0.4474934935569763,-0.04713417962193489,0.6255174279212952,0.4460429549217224,-0.06574989855289459,0.6965944170951843,0.4410574734210968,-0.07535406947135925,0.7493443489074707,0.432129830121994,-0.08077593892812729,0.5006033182144165,0.5072908401489258,-0.06325995922088623,0.6174660325050354,0.548673152923584,-0.08274081349372864,0.681774914264679,0.5552611351013184,-0.09425123780965805,0.7302740216255188,0.5498141050338745,-0.10145065188407898,0.49203523993492126,0.575324296951294,-0.07529529929161072,0.5481566190719604,0.5991750955581665,-0.08027049154043198,0.5216956734657288,0.590323805809021,-0.07140035182237625,0.4933694005012512,0.576992392539978,-0.06602281332015991
E,0.3469688594341278,0.5693187713623047,5.962832005934615e-07,0.4016958475112915,0.48326972126960754,0.01754811219871044,0.4791284203529358,0.4546048939228058,0.01615377701818943,0.537693440914154,0.4849584400653839,0.014264860190451145,0.576950192451477,0.5125148296356201,0.01115023996680975,0.5050370693206787,0.39867278933525085,-0.02742059901356697,0.5921183824539185,0.3549042344093323,-0.037076182663440704,0.6470090746879578,0.33521318435668945,-0.03843783214688301,0.6906864643096924,0.3160287141799927,-0.039637062698602676,0.5058528780937195,0.4488743841648102,-0.04748445749282837,0.6264342665672302,0.44532451033592224,-0.06409982591867447,0.6970680952072144,0.4394338130950928,-0.07201187312602997,0.7496682405471802,0.4302752614021301,-0.07637358456850052,0.5020444989204407,0.5093030333518982,-0.06272321194410324,0.6186525821685791,0.5502163767814636,-0.08111324161291122,0.6836058497428894,0.5539201498031616,-0.09299089759588242,0.7323244214057922,0.5474405288696289,-0.10068994015455246,0.4922090768814087,0.5765703320503235,-0.07394989579916,0.5469843149185181,0.5995404720306396,-0.07888749986886978,0.5203062295913696,0.588230311870575,-0.07057180255651474,0.49126550555229187,0.574910044670105,-0.06567703932523727
E,0.34519684314727783,0.581235408782959,5.701586474060605e-07,0.3993617296218872,0.4962313771247864,0.01044565811753273,0.48027825355529785,0.4632512927055359,0.007046226412057877,0.5388840436935425,0.4951336979866028,0.002978241303935647,0.5776118636131287,0.5277778506278992,-0.0020727114751935005,0.49974673986434937,0.40445104241371155,-0.02292175404727459,0.5818792581558228,0.35958755016326904,-0.035992082208395004,0.6364350318908691,0.3389414846897125,-0.04270072653889656,0.6812366843223572,0.3188830614089966,-0.048080526292324066,0.5022799372673035,0.45304930210113525,-0.042239200323820114,0.6177306175231934,0.44370368123054504,-0.05803639814257622,0.6891759037971497,0.4396013915538788,-0.06868806481361389,0.7439595460891724,0.43224024772644043,-0.07590436935424805,0.5005504488945007,0.5121283531188965,-0.05884164571762085,0.6119827628135681,0.5417708158493042,-0.08035311847925186,0.6781682968139648,0.5476385354995728,-0.09666746109724045,0.7285414338111877,0.542436420917511,-0.10760949552059174,0.4942030608654022,0.5806748270988464,-0.07243403047323227,0.5482760071754456,0.6016284227371216,-0.08419793099164963,0.5199691653251648,0.5998258590698242,-0.07980011403560638,0.4896833896636963,0.5943465232849121,-0.07728404551744461
E,0.33738911151885986,0.6287086606025696,6.395670766323747e-07,0.3829801678657532,0.5521936416625977,0.014805490151047707,0.45517516136169434,0.4924936890602112,0.009176009334623814,0.5183330178260803,0.47805944085121155,-0.005160661414265633,0.5675228834152222,0.49469780921936035,-0.017402593046426773,0.469975084066391,0.42124125361442566,-0.002074477495625615,0.5418775677680969,0.35997527837753296,-0.025189856067299843,0.5945004224777222,0.3291836380958557,-0.03916344419121742,0.6374716758728027,0.3137684166431427,-0.04691259190440178,0.4797564446926117,0.4471993148326874,-0.025931501761078835,0.5840862989425659,0.42133891582489014,-0.048656683415174484,0.6532068848609924,0.4177264869213104,-0.06036309525370598,0.7046903371810913,0.4229191839694977,-0.06682293117046356,0.4809991419315338,0.49248990416526794,-0.049162521958351135,0.5891858339309692,0.5351332426071167,-0.07387290149927139,0.572261393070221,0.5858076810836792,-0.06771551072597504,0.5433825254440308,0.6128038167953491,-0.05657482519745827,0.48067331314086914,0.5562106966972351,-0.07190482318401337,0.5679079294204712,0.6016368865966797,-0.08522209525108337,0.574730396270752,0.6362548470497131,-0.07660311460494995,0.569373607635498,0.6559306383132935,-0.06601845473051071
E,0.34292882680892944,0.6295914649963379,8.577907237850013e-07,0.3880894184112549,0.5597518086433411,0.016447383910417557,0.45642873644828796,0.49969086050987244,0.01033453643321991,0.5160530805587769,0.48694270849227905,-0.004170234315097332,0.5591124296188354,0.49682700634002686,-0.01731758378446102,0.47089439630508423,0.42094120383262634,-0.006103373598307371,0.5439786314964294,0.35677266120910645,-0.02914608083665371,0.5972610712051392,0.3246835470199585,-0.04172677919268608,0.639293909072876,0.3084995150566101,-0.048203032463788986,0.47804588079452515,0.44220227003097534,-0.030360005795955658,0.5859326124191284,0.4148528277873993,-0.053682539612054825,0.6551752090454102,0.4157715439796448,-0.0632597804069519,0.7054604291915894,0.42751938104629517,-0.06688309460878372,0.4798372983932495,0.4868742823600769,-0.053451500833034515,0.5851255059242249,0.5267128944396973,-0.07716628164052963,0.5689476728439331,0.5758816003799438,-0.07023791968822479,0.5440565943717957,0.6012957692146301,-0.05879456549882889,0.4803629219532013,0.5515183210372925,-0.07585325837135315,0.5657443404197693,0.6027738451957703,-0.08896205574274063,0.5695316791534424,0.6396825313568115,-0.0798601433634758,0.564358115196228,0.6601639986038208,-0.06856682151556015
E,0.3453105092048645,0.7078253030776978,6.148513307380199e-07,0.4168785810470581,0.6555198431015015,0.041579876095056534,0.47383010387420654,0.605070948600769,0.041277434676885605,0.5213733911514282,0.5924915075302124,0.027216289192438126,0.5672938823699951,0.6075064539909363,0.009454168379306793,0.4535152316093445,0.5039129257202148,0.017924822866916656,0.5382807850837708,0.4625685214996338,0.002216921653598547,0.5974352955818176,0.44971004128456116,-0.01083883922547102,0.6472265124320984,0.442531943321228,-0.022045990452170372,0.4437033534049988,0.5032745599746704,-0.02286328375339508,0.5457812547683716,0.4507524371147156,-0.03715693950653076,0.6151377558708191,0.44008776545524597,-0.048919763416051865,0.6672154068946838,0.44331133365631104,-0.06053372099995613,0.43189045786857605,0.5237853527069092,-0.061690010130405426,0.5314092040061951,0.47898757457733154,-0.07791020721197128,0.592410147190094,0.4770089387893677,-0.09047773480415344,0.6342328786849976,0.48569783568382263,-0.10329903662204742,0.4274630546569824,0.5630254745483398,-0.09703747183084488,0.5065971612930298,0.5742207765579224,-0.11148152500391006,0.5514233708381653,0.6097244024276733,-0.11659354716539383,0.5794262886047363,0.6478311419487,-0.12302057445049286
E,0.34970471262931824,0.7010554075241089,8.654025691612333e-07,0.41676244139671326,0.6551466584205627,0.01858382299542427,0.4747384786605835,0.6076813340187073,0.010232758708298206,0.5216205716133118,0.5922693014144897,-0.006278689019382,0.5676026344299316,0.5901874899864197,-0.025234222412109375,0.43940722942352295,0.4988919794559479,-0.009497429244220257,0.5308179259300232,0.4640099108219147,-0.03591227903962135,0.5957167148590088,0.4493033289909363,-0.055110711604356766,0.6472195982933044,0.4456499516963959,-0.06842335313558578,0.42874661087989807,0.4983436167240143,-0.039335623383522034,0.5309839844703674,0.444821298122406,-0.06311807781457901,0.6026597023010254,0.43166667222976685,-0.07983995974063873,0.6599016189575195,0.4336596727371216,-0.0923851877450943,0.42137154936790466,0.5225826501846313,-0.06795282661914825,0.5214099884033203,0.47352564334869385,-0.0950869470834732,0.5874201059341431,0.4734784960746765,-0.11062174290418625,0.638055682182312,0.4805790185928345,-0.12242770940065384,0.42240050435066223,0.5686926245689392,-0.09421820193529129,0.5017655491828918,0.5811174511909485,-0.11689204722642899,0.5440093278884888,0.6170704364776611,-0.12227143347263336,0.5719388723373413,0.6552104949951172,-0.12615910172462463
